-kernel name = _Z6vecAddPdS_S_i
-kernel id = 1
-grid dim = (98,1,1)
-block dim = (1024,1,1)
-shmem = 0
-nregs = 12
-binary version = 80
-cuda stream id = 0
-shmem base_addr = 0x00007f3389000000
-local mem base_addr = 0x00007f3387000000
-nvbit version = 1.7.4
-accelsim tracer version = 5
-enable lineinfo = 0

#traces format = PC mask dest_num [reg_dests] opcode src_num [reg_srcs] mem_width [adrrescompress?] [mem_addresses] immediate

46 0 0 7 0050 00000000 0 EXIT 0 0 0 
46 0 0 2 0050 00000000 0 EXIT 0 0 0 
18 0 0 17 0050 00000000 0 EXIT 0 0 0 
46 0 0 14 0050 00000000 0 EXIT 0 0 0 
2 0 0 2 0050 00000000 0 EXIT 0 0 0 
46 0 0 11 0050 00000000 0 EXIT 0 0 0 
86 0 0 30 0050 00000000 0 EXIT 0 0 0 
46 0 0 9 0050 00000000 0 EXIT 0 0 0 
2 0 0 11 0050 00000000 0 EXIT 0 0 0 
86 0 0 29 0050 00000000 0 EXIT 0 0 0 
46 0 0 4 0050 00000000 0 EXIT 0 0 0 
57 0 0 17 0050 00000000 0 EXIT 0 0 0 
2 0 0 12 0050 00000000 0 EXIT 0 0 0 
45 0 0 16 0050 00000000 0 EXIT 0 0 0 
18 0 0 24 0050 00000000 0 EXIT 0 0 0 
19 0 0 30 0050 00000000 0 EXIT 0 0 0 
27 0 0 11 0050 00000000 0 EXIT 0 0 0 
45 0 0 7 0050 00000000 0 EXIT 0 0 0 
55 0 0 4 0050 00000000 0 EXIT 0 0 0 
82 0 0 12 0050 00000000 0 EXIT 0 0 0 
27 0 0 1 0050 00000000 0 EXIT 0 0 0 
85 0 0 12 0050 00000000 0 EXIT 0 0 0 
27 0 0 5 0050 00000000 0 EXIT 0 0 0 
86 0 0 26 0050 00000000 0 EXIT 0 0 0 
19 0 0 24 0050 00000000 0 EXIT 0 0 0 
45 0 0 5 0050 00000000 0 EXIT 0 0 0 
31 0 0 28 0050 00000000 0 EXIT 0 0 0 
54 0 0 14 0050 00000000 0 EXIT 0 0 0 
55 0 0 10 0050 00000000 0 EXIT 0 0 0 
59 0 0 18 0050 00000000 0 EXIT 0 0 0 
57 0 0 20 0050 00000000 0 EXIT 0 0 0 
55 0 0 15 0050 00000000 0 EXIT 0 0 0 
18 0 0 27 0050 00000000 0 EXIT 0 0 0 
59 0 0 29 0050 00000000 0 EXIT 0 0 0 
57 0 0 25 0050 00000000 0 EXIT 0 0 0 
27 0 0 3 0050 00000000 0 EXIT 0 0 0 
30 0 0 8 0050 00000000 0 EXIT 0 0 0 
72 0 0 5 0050 00000000 0 EXIT 0 0 0 
73 0 0 17 0050 00000000 0 EXIT 0 0 0 
59 0 0 14 0050 00000000 0 EXIT 0 0 0 
82 0 0 18 0050 00000000 0 EXIT 0 0 0 
56 0 0 9 0050 00000000 0 EXIT 0 0 0 
85 0 0 15 0050 00000000 0 EXIT 0 0 0 
19 0 0 29 0050 00000000 0 EXIT 0 0 0 
18 0 0 26 0050 00000000 0 EXIT 0 0 0 
56 0 0 2 0050 00000000 0 EXIT 0 0 0 
73 0 0 10 0050 00000000 0 EXIT 0 0 0 
31 0 0 22 0050 00000000 0 EXIT 0 0 0 
2 0 0 5 0050 00000000 0 EXIT 0 0 0 
72 0 0 18 0050 00000000 0 EXIT 0 0 0 
57 0 0 31 0050 00000000 0 EXIT 0 0 0 
59 0 0 10 0050 00000000 0 EXIT 0 0 0 
54 0 0 17 0050 00000000 0 EXIT 0 0 0 
28 0 0 12 0050 00000000 0 EXIT 0 0 0 
45 0 0 13 0050 00000000 0 EXIT 0 0 0 
59 0 0 15 0050 00000000 0 EXIT 0 0 0 
86 0 0 25 0050 00000000 0 EXIT 0 0 0 
56 0 0 11 0050 00000000 0 EXIT 0 0 0 
53 0 0 28 0050 00000000 0 EXIT 0 0 0 
83 0 0 16 0050 00000000 0 EXIT 0 0 0 
82 0 0 7 0050 00000000 0 EXIT 0 0 0 
85 0 0 10 0050 00000000 0 EXIT 0 0 0 
56 0 0 0 0050 00000000 0 EXIT 0 0 0 
18 0 0 20 0050 00000000 0 EXIT 0 0 0 
59 0 0 25 0050 00000000 0 EXIT 0 0 0 
57 0 0 21 0050 00000000 0 EXIT 0 0 0 
72 0 0 9 0050 00000000 0 EXIT 0 0 0 
2 0 0 19 0050 00000000 0 EXIT 0 0 0 
19 0 0 26 0050 00000000 0 EXIT 0 0 0 
85 0 0 17 0050 00000000 0 EXIT 0 0 0 
28 0 0 29 0050 00000000 0 EXIT 0 0 0 
86 0 0 31 0050 00000000 0 EXIT 0 0 0 
19 0 0 27 0050 00000000 0 EXIT 0 0 0 
73 0 0 15 0050 00000000 0 EXIT 0 0 0 
28 0 0 30 0050 00000000 0 EXIT 0 0 0 
46 0 0 0 0050 00000000 0 EXIT 0 0 0 
59 0 0 21 0050 00000000 0 EXIT 0 0 0 
25 0 0 25 0050 00000000 0 EXIT 0 0 0 
56 0 0 5 0050 00000000 0 EXIT 0 0 0 
82 0 0 21 0050 00000000 0 EXIT 0 0 0 
55 0 0 5 0050 00000000 0 EXIT 0 0 0 
53 0 0 23 0050 00000000 0 EXIT 0 0 0 
72 0 0 16 0050 00000000 0 EXIT 0 0 0 
59 0 0 8 0050 00000000 0 EXIT 0 0 0 
18 0 0 23 0050 00000000 0 EXIT 0 0 0 
56 0 0 7 0050 00000000 0 EXIT 0 0 0 
57 0 0 26 0050 00000000 0 EXIT 0 0 0 
27 0 0 0 0050 00000000 0 EXIT 0 0 0 
54 0 0 23 0050 00000000 0 EXIT 0 0 0 
72 0 0 27 0050 00000000 0 EXIT 0 0 0 
53 0 0 5 0050 00000000 0 EXIT 0 0 0 
31 0 0 27 0050 00000000 0 EXIT 0 0 0 
2 0 0 4 0050 00000000 0 EXIT 0 0 0 
56 0 0 3 0050 00000000 0 EXIT 0 0 0 
25 0 0 22 0050 00000000 0 EXIT 0 0 0 
59 0 0 6 0050 00000000 0 EXIT 0 0 0 
42 0 0 2 0050 00000000 0 EXIT 0 0 0 
86 0 0 22 0050 00000000 0 EXIT 0 0 0 
49 0 0 27 0050 00000000 0 EXIT 0 0 0 
72 0 0 10 0050 00000000 0 EXIT 0 0 0 
83 0 0 26 0050 00000000 0 EXIT 0 0 0 
85 0 0 8 0050 00000000 0 EXIT 0 0 0 
80 0 0 12 0050 00000000 0 EXIT 0 0 0 
50 0 0 26 0050 00000000 0 EXIT 0 0 0 
19 0 0 28 0050 00000000 0 EXIT 0 0 0 
82 0 0 14 0050 00000000 0 EXIT 0 0 0 
72 0 0 25 0050 00000000 0 EXIT 0 0 0 
73 0 0 11 0050 00000000 0 EXIT 0 0 0 
31 0 0 24 0050 00000000 0 EXIT 0 0 0 
46 0 0 3 0050 00000000 0 EXIT 0 0 0 
28 0 0 24 0050 00000000 0 EXIT 0 0 0 
57 0 0 28 0050 00000000 0 EXIT 0 0 0 
27 0 0 2 0050 00000000 0 EXIT 0 0 0 
18 0 0 22 0050 00000000 0 EXIT 0 0 0 
28 0 0 25 0050 00000000 0 EXIT 0 0 0 
25 0 0 20 0050 00000000 0 EXIT 0 0 0 
55 0 0 14 0050 00000000 0 EXIT 0 0 0 
2 0 0 0 0050 00000000 0 EXIT 0 0 0 
80 0 0 19 0050 00000000 0 EXIT 0 0 0 
85 0 0 13 0050 00000000 0 EXIT 0 0 0 
51 0 0 22 0050 00000000 0 EXIT 0 0 0 
49 0 0 8 0050 00000000 0 EXIT 0 0 0 
59 0 0 4 0050 00000000 0 EXIT 0 0 0 
86 0 0 21 0050 00000000 0 EXIT 0 0 0 
72 0 0 12 0050 00000000 0 EXIT 0 0 0 
73 0 0 13 0050 00000000 0 EXIT 0 0 0 
43 0 0 25 0050 00000000 0 EXIT 0 0 0 
42 0 0 27 0050 00000000 0 EXIT 0 0 0 
59 0 0 11 0050 00000000 0 EXIT 0 0 0 
82 0 0 4 0050 00000000 0 EXIT 0 0 0 
80 0 0 18 0050 00000000 0 EXIT 0 0 0 
57 0 0 27 0050 00000000 0 EXIT 0 0 0 
19 0 0 25 0050 00000000 0 EXIT 0 0 0 
50 0 0 17 0050 00000000 0 EXIT 0 0 0 
72 0 0 23 0050 00000000 0 EXIT 0 0 0 
54 0 0 20 0050 00000000 0 EXIT 0 0 0 
31 0 0 14 0050 00000000 0 EXIT 0 0 0 
25 0 0 23 0050 00000000 0 EXIT 0 0 0 
28 0 0 15 0050 00000000 0 EXIT 0 0 0 
46 0 0 1 0050 00000000 0 EXIT 0 0 0 
59 0 0 17 0050 00000000 0 EXIT 0 0 0 
85 0 0 11 0050 00000000 0 EXIT 0 0 0 
80 0 0 25 0050 00000000 0 EXIT 0 0 0 
49 0 0 9 0050 00000000 0 EXIT 0 0 0 
83 0 0 29 0050 00000000 0 EXIT 0 0 0 
18 0 0 9 0050 00000000 0 EXIT 0 0 0 
72 0 0 14 0050 00000000 0 EXIT 0 0 0 
73 0 0 8 0050 00000000 0 EXIT 0 0 0 
55 0 0 11 0050 00000000 0 EXIT 0 0 0 
2 0 0 30 0050 00000000 0 EXIT 0 0 0 
28 0 0 20 0050 00000000 0 EXIT 0 0 0 
57 0 0 5 0050 00000000 0 EXIT 0 0 0 
19 0 0 23 0050 00000000 0 EXIT 0 0 0 
86 0 0 27 0050 00000000 0 EXIT 0 0 0 
51 0 0 23 0050 00000000 0 EXIT 0 0 0 
25 0 0 21 0050 00000000 0 EXIT 0 0 0 
72 0 0 8 0050 00000000 0 EXIT 0 0 0 
42 0 0 16 0050 00000000 0 EXIT 0 0 0 
31 0 0 26 0050 00000000 0 EXIT 0 0 0 
82 0 0 17 0050 00000000 0 EXIT 0 0 0 
43 0 0 11 0050 00000000 0 EXIT 0 0 0 
85 0 0 9 0050 00000000 0 EXIT 0 0 0 
80 0 0 4 0050 00000000 0 EXIT 0 0 0 
50 0 0 6 0050 00000000 0 EXIT 0 0 0 
59 0 0 13 0050 00000000 0 EXIT 0 0 0 
54 0 0 6 0050 00000000 0 EXIT 0 0 0 
48 0 0 23 0050 00000000 0 EXIT 0 0 0 
73 0 0 12 0050 00000000 0 EXIT 0 0 0 
72 0 0 19 0050 00000000 0 EXIT 0 0 0 
49 0 0 6 0050 00000000 0 EXIT 0 0 0 
83 0 0 31 0050 00000000 0 EXIT 0 0 0 
18 0 0 18 0050 00000000 0 EXIT 0 0 0 
80 0 0 15 0050 00000000 0 EXIT 0 0 0 
57 0 0 24 0050 00000000 0 EXIT 0 0 0 
55 0 0 9 0050 00000000 0 EXIT 0 0 0 
58 0 0 28 0050 00000000 0 EXIT 0 0 0 
72 0 0 6 0050 00000000 0 EXIT 0 0 0 
25 0 0 16 0050 00000000 0 EXIT 0 0 0 
19 0 0 22 0050 00000000 0 EXIT 0 0 0 
86 0 0 18 0050 00000000 0 EXIT 0 0 0 
51 0 0 12 0050 00000000 0 EXIT 0 0 0 
85 0 0 7 0050 00000000 0 EXIT 0 0 0 
80 0 0 22 0050 00000000 0 EXIT 0 0 0 
42 0 0 17 0050 00000000 0 EXIT 0 0 0 
82 0 0 10 0050 00000000 0 EXIT 0 0 0 
47 0 0 0 0050 00000000 0 EXIT 0 0 0 
73 0 0 6 0050 00000000 0 EXIT 0 0 0 
43 0 0 18 0050 00000000 0 EXIT 0 0 0 
50 0 0 13 0050 00000000 0 EXIT 0 0 0 
28 0 0 31 0050 00000000 0 EXIT 0 0 0 
54 0 0 5 0050 00000000 0 EXIT 0 0 0 
31 0 0 29 0050 00000000 0 EXIT 0 0 0 
57 0 0 30 0050 00000000 0 EXIT 0 0 0 
48 0 0 28 0050 00000000 0 EXIT 0 0 0 
49 0 0 17 0050 00000000 0 EXIT 0 0 0 
80 0 0 0 0050 00000000 0 EXIT 0 0 0 
18 0 0 19 0050 00000000 0 EXIT 0 0 0 
59 0 0 9 0050 00000000 0 EXIT 0 0 0 
25 0 0 19 0050 00000000 0 EXIT 0 0 0 
72 0 0 15 0050 00000000 0 EXIT 0 0 0 
58 0 0 24 0050 00000000 0 EXIT 0 0 0 
83 0 0 25 0050 00000000 0 EXIT 0 0 0 
85 0 0 3 0050 00000000 0 EXIT 0 0 0 
80 0 0 21 0050 00000000 0 EXIT 0 0 0 
86 0 0 23 0050 00000000 0 EXIT 0 0 0 
19 0 0 19 0050 00000000 0 EXIT 0 0 0 
73 0 0 9 0050 00000000 0 EXIT 0 0 0 
51 0 0 31 0050 00000000 0 EXIT 0 0 0 
42 0 0 26 0050 00000000 0 EXIT 0 0 0 
84 0 0 20 0050 00000000 0 EXIT 0 0 0 
82 0 0 13 0050 00000000 0 EXIT 0 0 0 
47 0 0 13 0050 00000000 0 EXIT 0 0 0 
57 0 0 23 0050 00000000 0 EXIT 0 0 0 
43 0 0 17 0050 00000000 0 EXIT 0 0 0 
50 0 0 4 0050 00000000 0 EXIT 0 0 0 
72 0 0 11 0050 00000000 0 EXIT 0 0 0 
54 0 0 12 0050 00000000 0 EXIT 0 0 0 
31 0 0 16 0050 00000000 0 EXIT 0 0 0 
25 0 0 30 0050 00000000 0 EXIT 0 0 0 
48 0 0 21 0050 00000000 0 EXIT 0 0 0 
49 0 0 22 0050 00000000 0 EXIT 0 0 0 
80 0 0 7 0050 00000000 0 EXIT 0 0 0 
18 0 0 16 0050 00000000 0 EXIT 0 0 0 
59 0 0 2 0050 00000000 0 EXIT 0 0 0 
85 0 0 4 0050 00000000 0 EXIT 0 0 0 
11 0 0 11 0050 00000000 0 EXIT 0 0 0 
58 0 0 30 0050 00000000 0 EXIT 0 0 0 
28 0 0 21 0050 00000000 0 EXIT 0 0 0 
73 0 0 7 0050 00000000 0 EXIT 0 0 0 
83 0 0 21 0050 00000000 0 EXIT 0 0 0 
86 0 0 9 0050 00000000 0 EXIT 0 0 0 
72 0 0 1 0050 00000000 0 EXIT 0 0 0 
57 0 0 22 0050 00000000 0 EXIT 0 0 0 
51 0 0 25 0050 00000000 0 EXIT 0 0 0 
42 0 0 23 0050 00000000 0 EXIT 0 0 0 
19 0 0 18 0050 00000000 0 EXIT 0 0 0 
82 0 0 8 0050 00000000 0 EXIT 0 0 0 
44 0 0 31 0050 00000000 0 EXIT 0 0 0 
43 0 0 8 0050 00000000 0 EXIT 0 0 0 
45 0 0 17 0050 00000000 0 EXIT 0 0 0 
50 0 0 2 0050 00000000 0 EXIT 0 0 0 
47 0 0 23 0050 00000000 0 EXIT 0 0 0 
18 0 0 12 0050 00000000 0 EXIT 0 0 0 
48 0 0 2 0050 00000000 0 EXIT 0 0 0 
25 0 0 12 0050 00000000 0 EXIT 0 0 0 
80 0 0 13 0050 00000000 0 EXIT 0 0 0 
49 0 0 4 0050 00000000 0 EXIT 0 0 0 
31 0 0 25 0050 00000000 0 EXIT 0 0 0 
54 0 0 27 0050 00000000 0 EXIT 0 0 0 
11 0 0 22 0050 00000000 0 EXIT 0 0 0 
85 0 0 5 0050 00000000 0 EXIT 0 0 0 
28 0 0 26 0050 00000000 0 EXIT 0 0 0 
59 0 0 7 0050 00000000 0 EXIT 0 0 0 
66 0 0 12 0050 00000000 0 EXIT 0 0 0 
39 0 0 26 0050 00000000 0 EXIT 0 0 0 
40 0 0 31 0050 00000000 0 EXIT 0 0 0 
72 0 0 7 0050 00000000 0 EXIT 0 0 0 
58 0 0 26 0050 00000000 0 EXIT 0 0 0 
83 0 0 22 0050 00000000 0 EXIT 0 0 0 
51 0 0 29 0050 00000000 0 EXIT 0 0 0 
73 0 0 30 0050 00000000 0 EXIT 0 0 0 
86 0 0 14 0050 00000000 0 EXIT 0 0 0 
44 0 0 25 0050 00000000 0 EXIT 0 0 0 
19 0 0 14 0050 00000000 0 EXIT 0 0 0 
42 0 0 19 0050 00000000 0 EXIT 0 0 0 
43 0 0 22 0050 00000000 0 EXIT 0 0 0 
48 0 0 11 0050 00000000 0 EXIT 0 0 0 
57 0 0 19 0050 00000000 0 EXIT 0 0 0 
80 0 0 9 0050 00000000 0 EXIT 0 0 0 
47 0 0 12 0050 00000000 0 EXIT 0 0 0 
46 0 0 18 0050 00000000 0 EXIT 0 0 0 
50 0 0 11 0050 00000000 0 EXIT 0 0 0 
8 0 0 29 0050 00000000 0 EXIT 0 0 0 
45 0 0 14 0050 00000000 0 EXIT 0 0 0 
28 0 0 28 0050 00000000 0 EXIT 0 0 0 
49 0 0 25 0050 00000000 0 EXIT 0 0 0 
31 0 0 20 0050 00000000 0 EXIT 0 0 0 
82 0 0 9 0050 00000000 0 EXIT 0 0 0 
25 0 0 15 0050 00000000 0 EXIT 0 0 0 
33 0 0 22 0050 00000000 0 EXIT 0 0 0 
11 0 0 24 0050 00000000 0 EXIT 0 0 0 
72 0 0 3 0050 00000000 0 EXIT 0 0 0 
59 0 0 0 0050 00000000 0 EXIT 0 0 0 
44 0 0 17 0050 00000000 0 EXIT 0 0 0 
66 0 0 15 0050 00000000 0 EXIT 0 0 0 
83 0 0 27 0050 00000000 0 EXIT 0 0 0 
51 0 0 6 0050 00000000 0 EXIT 0 0 0 
18 0 0 14 0050 00000000 0 EXIT 0 0 0 
80 0 0 20 0050 00000000 0 EXIT 0 0 0 
19 0 0 17 0050 00000000 0 EXIT 0 0 0 
85 0 0 6 0050 00000000 0 EXIT 0 0 0 
43 0 0 7 0050 00000000 0 EXIT 0 0 0 
28 0 0 27 0050 00000000 0 EXIT 0 0 0 
34 0 0 21 0050 00000000 0 EXIT 0 0 0 
47 0 0 25 0050 00000000 0 EXIT 0 0 0 
54 0 0 7 0050 00000000 0 EXIT 0 0 0 
73 0 0 4 0050 00000000 0 EXIT 0 0 0 
72 0 0 4 0050 00000000 0 EXIT 0 0 0 
42 0 0 8 0050 00000000 0 EXIT 0 0 0 
49 0 0 23 0050 00000000 0 EXIT 0 0 0 
58 0 0 20 0050 00000000 0 EXIT 0 0 0 
48 0 0 20 0050 00000000 0 EXIT 0 0 0 
31 0 0 10 0050 00000000 0 EXIT 0 0 0 
57 0 0 18 0050 00000000 0 EXIT 0 0 0 
50 0 0 0 0050 00000000 0 EXIT 0 0 0 
33 0 0 13 0050 00000000 0 EXIT 0 0 0 
44 0 0 8 0050 00000000 0 EXIT 0 0 0 
8 0 0 30 0050 00000000 0 EXIT 0 0 0 
86 0 0 28 0050 00000000 0 EXIT 0 0 0 
25 0 0 17 0050 00000000 0 EXIT 0 0 0 
78 0 0 8 0050 00000000 0 EXIT 0 0 0 
59 0 0 30 0050 00000000 0 EXIT 0 0 0 
11 0 0 9 0050 00000000 0 EXIT 0 0 0 
80 0 0 11 0050 00000000 0 EXIT 0 0 0 
83 0 0 28 0050 00000000 0 EXIT 0 0 0 
39 0 0 15 0050 00000000 0 EXIT 0 0 0 
77 0 0 19 0050 00000000 0 EXIT 0 0 0 
28 0 0 22 0050 00000000 0 EXIT 0 0 0 
19 0 0 20 0050 00000000 0 EXIT 0 0 0 
46 0 0 25 0050 00000000 0 EXIT 0 0 0 
45 0 0 3 0050 00000000 0 EXIT 0 0 0 
51 0 0 27 0050 00000000 0 EXIT 0 0 0 
72 0 0 0 0050 00000000 0 EXIT 0 0 0 
41 0 0 12 0050 00000000 0 EXIT 0 0 0 
66 0 0 5 0050 00000000 0 EXIT 0 0 0 
82 0 0 0 0050 00000000 0 EXIT 0 0 0 
47 0 0 18 0050 00000000 0 EXIT 0 0 0 
43 0 0 21 0050 00000000 0 EXIT 0 0 0 
44 0 0 28 0050 00000000 0 EXIT 0 0 0 
85 0 0 1 0050 00000000 0 EXIT 0 0 0 
9 0 0 8 0050 00000000 0 EXIT 0 0 0 
34 0 0 29 0050 00000000 0 EXIT 0 0 0 
92 0 0 16 0050 00000000 0 EXIT 0 0 0 
31 0 0 21 0050 00000000 0 EXIT 0 0 0 
18 0 0 5 0050 00000000 0 EXIT 0 0 0 
73 0 0 5 0050 00000000 0 EXIT 0 0 0 
5 0 0 13 0050 00000000 0 EXIT 0 0 0 
80 0 0 14 0050 00000000 0 EXIT 0 0 0 
59 0 0 1 0050 00000000 0 EXIT 0 0 0 
35 0 0 27 0050 00000000 0 EXIT 0 0 0 
42 0 0 5 0050 00000000 0 EXIT 0 0 0 
54 0 0 4 0050 00000000 0 EXIT 0 0 0 
52 0 0 27 0050 00000000 0 EXIT 0 0 0 
48 0 0 29 0050 00000000 0 EXIT 0 0 0 
83 0 0 23 0050 00000000 0 EXIT 0 0 0 
53 0 0 29 0050 00000000 0 EXIT 0 0 0 
49 0 0 28 0050 00000000 0 EXIT 0 0 0 
50 0 0 7 0050 00000000 0 EXIT 0 0 0 
28 0 0 23 0050 00000000 0 EXIT 0 0 0 
58 0 0 29 0050 00000000 0 EXIT 0 0 0 
57 0 0 16 0050 00000000 0 EXIT 0 0 0 
33 0 0 31 0050 00000000 0 EXIT 0 0 0 
19 0 0 13 0050 00000000 0 EXIT 0 0 0 
78 0 0 12 0050 00000000 0 EXIT 0 0 0 
0 0 0 29 0050 00000000 0 EXIT 0 0 0 
8 0 0 11 0050 00000000 0 EXIT 0 0 0 
47 0 0 14 0050 00000000 0 EXIT 0 0 0 
86 0 0 15 0050 00000000 0 EXIT 0 0 0 
39 0 0 25 0050 00000000 0 EXIT 0 0 0 
72 0 0 2 0050 00000000 0 EXIT 0 0 0 
25 0 0 8 0050 00000000 0 EXIT 0 0 0 
77 0 0 21 0050 00000000 0 EXIT 0 0 0 
94 0 0 12 0050 00000000 0 EXIT 0 0 0 
31 0 0 23 0050 00000000 0 EXIT 0 0 0 
51 0 0 20 0050 00000000 0 EXIT 0 0 0 
44 0 0 6 0050 00000000 0 EXIT 0 0 0 
46 0 0 24 0050 00000000 0 EXIT 0 0 0 
45 0 0 6 0050 00000000 0 EXIT 0 0 0 
41 0 0 5 0050 00000000 0 EXIT 0 0 0 
55 0 0 20 0050 00000000 0 EXIT 0 0 0 
43 0 0 4 0050 00000000 0 EXIT 0 0 0 
66 0 0 11 0050 00000000 0 EXIT 0 0 0 
82 0 0 5 0050 00000000 0 EXIT 0 0 0 
85 0 0 2 0050 00000000 0 EXIT 0 0 0 
80 0 0 10 0050 00000000 0 EXIT 0 0 0 
59 0 0 5 0050 00000000 0 EXIT 0 0 0 
9 0 0 19 0050 00000000 0 EXIT 0 0 0 
34 0 0 30 0050 00000000 0 EXIT 0 0 0 
18 0 0 10 0050 00000000 0 EXIT 0 0 0 
52 0 0 28 0050 00000000 0 EXIT 0 0 0 
73 0 0 3 0050 00000000 0 EXIT 0 0 0 
5 0 0 10 0050 00000000 0 EXIT 0 0 0 
83 0 0 15 0050 00000000 0 EXIT 0 0 0 
28 0 0 8 0050 00000000 0 EXIT 0 0 0 
42 0 0 18 0050 00000000 0 EXIT 0 0 0 
54 0 0 13 0050 00000000 0 EXIT 0 0 0 
19 0 0 15 0050 00000000 0 EXIT 0 0 0 
35 0 0 29 0050 00000000 0 EXIT 0 0 0 
53 0 0 30 0050 00000000 0 EXIT 0 0 0 
69 0 0 26 0050 00000000 0 EXIT 0 0 0 
50 0 0 5 0050 00000000 0 EXIT 0 0 0 
0 0 0 27 0050 00000000 0 EXIT 0 0 0 
48 0 0 25 0050 00000000 0 EXIT 0 0 0 
47 0 0 19 0050 00000000 0 EXIT 0 0 0 
58 0 0 27 0050 00000000 0 EXIT 0 0 0 
57 0 0 12 0050 00000000 0 EXIT 0 0 0 
49 0 0 14 0050 00000000 0 EXIT 0 0 0 
44 0 0 19 0050 00000000 0 EXIT 0 0 0 
78 0 0 23 0050 00000000 0 EXIT 0 0 0 
86 0 0 24 0050 00000000 0 EXIT 0 0 0 
25 0 0 18 0050 00000000 0 EXIT 0 0 0 
31 0 0 12 0050 00000000 0 EXIT 0 0 0 
11 0 0 17 0050 00000000 0 EXIT 0 0 0 
80 0 0 31 0050 00000000 0 EXIT 0 0 0 
33 0 0 20 0050 00000000 0 EXIT 0 0 0 
6 0 0 20 0050 00000000 0 EXIT 0 0 0 
46 0 0 19 0050 00000000 0 EXIT 0 0 0 
8 0 0 25 0050 00000000 0 EXIT 0 0 0 
55 0 0 30 0050 00000000 0 EXIT 0 0 0 
45 0 0 28 0050 00000000 0 EXIT 0 0 0 
77 0 0 22 0050 00000000 0 EXIT 0 0 0 
14 0 0 26 0050 00000000 0 EXIT 0 0 0 
52 0 0 29 0050 00000000 0 EXIT 0 0 0 
88 0 0 28 0050 00000000 0 EXIT 0 0 0 
59 0 0 3 0050 00000000 0 EXIT 0 0 0 
82 0 0 1 0050 00000000 0 EXIT 0 0 0 
29 0 0 10 0050 00000000 0 EXIT 0 0 0 
41 0 0 20 0050 00000000 0 EXIT 0 0 0 
51 0 0 13 0050 00000000 0 EXIT 0 0 0 
28 0 0 18 0050 00000000 0 EXIT 0 0 0 
40 0 0 27 0050 00000000 0 EXIT 0 0 0 
94 0 0 6 0050 00000000 0 EXIT 0 0 0 
18 0 0 15 0050 00000000 0 EXIT 0 0 0 
73 0 0 2 0050 00000000 0 EXIT 0 0 0 
83 0 0 18 0050 00000000 0 EXIT 0 0 0 
43 0 0 30 0050 00000000 0 EXIT 0 0 0 
0 0 0 30 0050 00000000 0 EXIT 0 0 0 
9 0 0 6 0050 00000000 0 EXIT 0 0 0 
66 0 0 1 0050 00000000 0 EXIT 0 0 0 
54 0 0 10 0050 00000000 0 EXIT 0 0 0 
19 0 0 16 0050 00000000 0 EXIT 0 0 0 
53 0 0 31 0050 00000000 0 EXIT 0 0 0 
5 0 0 0 0050 00000000 0 EXIT 0 0 0 
34 0 0 31 0050 00000000 0 EXIT 0 0 0 
16 0 0 9 0050 00000000 0 EXIT 0 0 0 
47 0 0 28 0050 00000000 0 EXIT 0 0 0 
58 0 0 16 0050 00000000 0 EXIT 0 0 0 
57 0 0 14 0050 00000000 0 EXIT 0 0 0 
37 0 0 31 0050 00000000 0 EXIT 0 0 0 
23 0 0 0 0050 00000000 0 EXIT 0 0 0 
44 0 0 9 0050 00000000 0 EXIT 0 0 0 
42 0 0 0 0050 00000000 0 EXIT 0 0 0 
86 0 0 3 0050 00000000 0 EXIT 0 0 0 
25 0 0 13 0050 00000000 0 EXIT 0 0 0 
31 0 0 19 0050 00000000 0 EXIT 0 0 0 
80 0 0 5 0050 00000000 0 EXIT 0 0 0 
13 0 0 6 0050 00000000 0 EXIT 0 0 0 
50 0 0 30 0050 00000000 0 EXIT 0 0 0 
46 0 0 26 0050 00000000 0 EXIT 0 0 0 
48 0 0 6 0050 00000000 0 EXIT 0 0 0 
55 0 0 23 0050 00000000 0 EXIT 0 0 0 
63 0 0 9 0050 00000000 0 EXIT 0 0 0 
45 0 0 31 0050 00000000 0 EXIT 0 0 0 
49 0 0 5 0050 00000000 0 EXIT 0 0 0 
78 0 0 14 0050 00000000 0 EXIT 0 0 0 
52 0 0 18 0050 00000000 0 EXIT 0 0 0 
3 0 0 23 0050 00000000 0 EXIT 0 0 0 
82 0 0 2 0050 00000000 0 EXIT 0 0 0 
29 0 0 1 0050 00000000 0 EXIT 0 0 0 
33 0 0 27 0050 00000000 0 EXIT 0 0 0 
11 0 0 16 0050 00000000 0 EXIT 0 0 0 
28 0 0 13 0050 00000000 0 EXIT 0 0 0 
6 0 0 23 0050 00000000 0 EXIT 0 0 0 
18 0 0 8 0050 00000000 0 EXIT 0 0 0 
73 0 0 0 0050 00000000 0 EXIT 0 0 0 
83 0 0 24 0050 00000000 0 EXIT 0 0 0 
0 0 0 25 0050 00000000 0 EXIT 0 0 0 
77 0 0 18 0050 00000000 0 EXIT 0 0 0 
14 0 0 23 0050 00000000 0 EXIT 0 0 0 
54 0 0 3 0050 00000000 0 EXIT 0 0 0 
19 0 0 10 0050 00000000 0 EXIT 0 0 0 
51 0 0 30 0050 00000000 0 EXIT 0 0 0 
53 0 0 26 0050 00000000 0 EXIT 0 0 0 
41 0 0 7 0050 00000000 0 EXIT 0 0 0 
94 0 0 17 0050 00000000 0 EXIT 0 0 0 
44 0 0 18 0050 00000000 0 EXIT 0 0 0 
47 0 0 17 0050 00000000 0 EXIT 0 0 0 
58 0 0 23 0050 00000000 0 EXIT 0 0 0 
57 0 0 13 0050 00000000 0 EXIT 0 0 0 
9 0 0 1 0050 00000000 0 EXIT 0 0 0 
43 0 0 28 0050 00000000 0 EXIT 0 0 0 
80 0 0 3 0050 00000000 0 EXIT 0 0 0 
66 0 0 14 0050 00000000 0 EXIT 0 0 0 
86 0 0 10 0050 00000000 0 EXIT 0 0 0 
25 0 0 11 0050 00000000 0 EXIT 0 0 0 
31 0 0 11 0050 00000000 0 EXIT 0 0 0 
52 0 0 19 0050 00000000 0 EXIT 0 0 0 
92 0 0 14 0050 00000000 0 EXIT 0 0 0 
55 0 0 21 0050 00000000 0 EXIT 0 0 0 
16 0 0 25 0050 00000000 0 EXIT 0 0 0 
12 0 0 8 0050 00000000 0 EXIT 0 0 0 
3 0 0 27 0050 00000000 0 EXIT 0 0 0 
35 0 0 17 0050 00000000 0 EXIT 0 0 0 
28 0 0 14 0050 00000000 0 EXIT 0 0 0 
48 0 0 7 0050 00000000 0 EXIT 0 0 0 
83 0 0 14 0050 00000000 0 EXIT 0 0 0 
0 0 0 26 0050 00000000 0 EXIT 0 0 0 
20 0 0 8 0050 00000000 0 EXIT 0 0 0 
19 0 0 9 0050 00000000 0 EXIT 0 0 0 
11 0 0 18 0050 00000000 0 EXIT 0 0 0 
5 0 0 11 0050 00000000 0 EXIT 0 0 0 
34 0 0 25 0050 00000000 0 EXIT 0 0 0 
46 0 0 21 0050 00000000 0 EXIT 0 0 0 
44 0 0 20 0050 00000000 0 EXIT 0 0 0 
8 0 0 28 0050 00000000 0 EXIT 0 0 0 
47 0 0 26 0050 00000000 0 EXIT 0 0 0 
45 0 0 12 0050 00000000 0 EXIT 0 0 0 
37 0 0 18 0050 00000000 0 EXIT 0 0 0 
42 0 0 10 0050 00000000 0 EXIT 0 0 0 
80 0 0 8 0050 00000000 0 EXIT 0 0 0 
82 0 0 3 0050 00000000 0 EXIT 0 0 0 
29 0 0 4 0050 00000000 0 EXIT 0 0 0 
69 0 0 29 0050 00000000 0 EXIT 0 0 0 
31 0 0 1 0050 00000000 0 EXIT 0 0 0 
51 0 0 15 0050 00000000 0 EXIT 0 0 0 
52 0 0 25 0050 00000000 0 EXIT 0 0 0 
50 0 0 28 0050 00000000 0 EXIT 0 0 0 
18 0 0 29 0050 00000000 0 EXIT 0 0 0 
73 0 0 1 0050 00000000 0 EXIT 0 0 0 
55 0 0 16 0050 00000000 0 EXIT 0 0 0 
43 0 0 15 0050 00000000 0 EXIT 0 0 0 
49 0 0 30 0050 00000000 0 EXIT 0 0 0 
78 0 0 19 0050 00000000 0 EXIT 0 0 0 
54 0 0 1 0050 00000000 0 EXIT 0 0 0 
16 0 0 31 0050 00000000 0 EXIT 0 0 0 
3 0 0 30 0050 00000000 0 EXIT 0 0 0 
53 0 0 12 0050 00000000 0 EXIT 0 0 0 
33 0 0 16 0050 00000000 0 EXIT 0 0 0 
6 0 0 22 0050 00000000 0 EXIT 0 0 0 
28 0 0 19 0050 00000000 0 EXIT 0 0 0 
58 0 0 15 0050 00000000 0 EXIT 0 0 0 
57 0 0 15 0050 00000000 0 EXIT 0 0 0 
77 0 0 14 0050 00000000 0 EXIT 0 0 0 
83 0 0 10 0050 00000000 0 EXIT 0 0 0 
0 0 0 19 0050 00000000 0 EXIT 0 0 0 
14 0 0 24 0050 00000000 0 EXIT 0 0 0 
86 0 0 20 0050 00000000 0 EXIT 0 0 0 
25 0 0 7 0050 00000000 0 EXIT 0 0 0 
12 0 0 4 0050 00000000 0 EXIT 0 0 0 
19 0 0 5 0050 00000000 0 EXIT 0 0 0 
35 0 0 24 0050 00000000 0 EXIT 0 0 0 
41 0 0 9 0050 00000000 0 EXIT 0 0 0 
94 0 0 4 0050 00000000 0 EXIT 0 0 0 
46 0 0 20 0050 00000000 0 EXIT 0 0 0 
44 0 0 3 0050 00000000 0 EXIT 0 0 0 
48 0 0 16 0050 00000000 0 EXIT 0 0 0 
47 0 0 31 0050 00000000 0 EXIT 0 0 0 
45 0 0 30 0050 00000000 0 EXIT 0 0 0 
9 0 0 0 0050 00000000 0 EXIT 0 0 0 
66 0 0 9 0050 00000000 0 EXIT 0 0 0 
80 0 0 6 0050 00000000 0 EXIT 0 0 0 
82 0 0 29 0050 00000000 0 EXIT 0 0 0 
29 0 0 30 0050 00000000 0 EXIT 0 0 0 
5 0 0 16 0050 00000000 0 EXIT 0 0 0 
31 0 0 4 0050 00000000 0 EXIT 0 0 0 
11 0 0 19 0050 00000000 0 EXIT 0 0 0 
52 0 0 24 0050 00000000 0 EXIT 0 0 0 
34 0 0 26 0050 00000000 0 EXIT 0 0 0 
18 0 0 6 0050 00000000 0 EXIT 0 0 0 
17 0 0 30 0050 00000000 0 EXIT 0 0 0 
8 0 0 24 0050 00000000 0 EXIT 0 0 0 
55 0 0 26 0050 00000000 0 EXIT 0 0 0 
39 0 0 23 0050 00000000 0 EXIT 0 0 0 
37 0 0 25 0050 00000000 0 EXIT 0 0 0 
42 0 0 11 0050 00000000 0 EXIT 0 0 0 
54 0 0 18 0050 00000000 0 EXIT 0 0 0 
16 0 0 28 0050 00000000 0 EXIT 0 0 0 
3 0 0 29 0050 00000000 0 EXIT 0 0 0 
53 0 0 15 0050 00000000 0 EXIT 0 0 0 
69 0 0 20 0050 00000000 0 EXIT 0 0 0 
50 0 0 23 0050 00000000 0 EXIT 0 0 0 
51 0 0 21 0050 00000000 0 EXIT 0 0 0 
28 0 0 0 0050 00000000 0 EXIT 0 0 0 
58 0 0 22 0050 00000000 0 EXIT 0 0 0 
57 0 0 8 0050 00000000 0 EXIT 0 0 0 
49 0 0 24 0050 00000000 0 EXIT 0 0 0 
83 0 0 20 0050 00000000 0 EXIT 0 0 0 
43 0 0 13 0050 00000000 0 EXIT 0 0 0 
0 0 0 28 0050 00000000 0 EXIT 0 0 0 
78 0 0 15 0050 00000000 0 EXIT 0 0 0 
86 0 0 16 0050 00000000 0 EXIT 0 0 0 
25 0 0 14 0050 00000000 0 EXIT 0 0 0 
19 0 0 12 0050 00000000 0 EXIT 0 0 0 
33 0 0 17 0050 00000000 0 EXIT 0 0 0 
6 0 0 21 0050 00000000 0 EXIT 0 0 0 
46 0 0 10 0050 00000000 0 EXIT 0 0 0 
44 0 0 29 0050 00000000 0 EXIT 0 0 0 
47 0 0 16 0050 00000000 0 EXIT 0 0 0 
80 0 0 2 0050 00000000 0 EXIT 0 0 0 
31 0 0 9 0050 00000000 0 EXIT 0 0 0 
52 0 0 6 0050 00000000 0 EXIT 0 0 0 
48 0 0 5 0050 00000000 0 EXIT 0 0 0 
55 0 0 7 0050 00000000 0 EXIT 0 0 0 
16 0 0 21 0050 00000000 0 EXIT 0 0 0 
76 0 0 25 0050 00000000 0 EXIT 0 0 0 
3 0 0 19 0050 00000000 0 EXIT 0 0 0 
28 0 0 11 0050 00000000 0 EXIT 0 0 0 
45 0 0 29 0050 00000000 0 EXIT 0 0 0 
77 0 0 10 0050 00000000 0 EXIT 0 0 0 
14 0 0 22 0050 00000000 0 EXIT 0 0 0 
8 0 0 31 0050 00000000 0 EXIT 0 0 0 
83 0 0 17 0050 00000000 0 EXIT 0 0 0 
39 0 0 17 0050 00000000 0 EXIT 0 0 0 
26 0 0 29 0050 00000000 0 EXIT 0 0 0 
29 0 0 7 0050 00000000 0 EXIT 0 0 0 
41 0 0 2 0050 00000000 0 EXIT 0 0 0 
0 0 0 15 0050 00000000 0 EXIT 0 0 0 
19 0 0 11 0050 00000000 0 EXIT 0 0 0 
94 0 0 13 0050 00000000 0 EXIT 0 0 0 
18 0 0 11 0050 00000000 0 EXIT 0 0 0 
17 0 0 27 0050 00000000 0 EXIT 0 0 0 
51 0 0 8 0050 00000000 0 EXIT 0 0 0 
44 0 0 10 0050 00000000 0 EXIT 0 0 0 
9 0 0 2 0050 00000000 0 EXIT 0 0 0 
66 0 0 10 0050 00000000 0 EXIT 0 0 0 
54 0 0 29 0050 00000000 0 EXIT 0 0 0 
47 0 0 1 0050 00000000 0 EXIT 0 0 0 
43 0 0 14 0050 00000000 0 EXIT 0 0 0 
80 0 0 1 0050 00000000 0 EXIT 0 0 0 
53 0 0 22 0050 00000000 0 EXIT 0 0 0 
5 0 0 5 0050 00000000 0 EXIT 0 0 0 
34 0 0 27 0050 00000000 0 EXIT 0 0 0 
31 0 0 30 0050 00000000 0 EXIT 0 0 0 
58 0 0 18 0050 00000000 0 EXIT 0 0 0 
57 0 0 10 0050 00000000 0 EXIT 0 0 0 
37 0 0 16 0050 00000000 0 EXIT 0 0 0 
52 0 0 23 0050 00000000 0 EXIT 0 0 0 
92 0 0 6 0050 00000000 0 EXIT 0 0 0 
55 0 0 29 0050 00000000 0 EXIT 0 0 0 
42 0 0 29 0050 00000000 0 EXIT 0 0 0 
86 0 0 12 0050 00000000 0 EXIT 0 0 0 
81 0 0 9 0050 00000000 0 EXIT 0 0 0 
16 0 0 24 0050 00000000 0 EXIT 0 0 0 
69 0 0 25 0050 00000000 0 EXIT 0 0 0 
50 0 0 20 0050 00000000 0 EXIT 0 0 0 
46 0 0 31 0050 00000000 0 EXIT 0 0 0 
3 0 0 26 0050 00000000 0 EXIT 0 0 0 
35 0 0 25 0050 00000000 0 EXIT 0 0 0 
28 0 0 4 0050 00000000 0 EXIT 0 0 0 
45 0 0 27 0050 00000000 0 EXIT 0 0 0 
49 0 0 29 0050 00000000 0 EXIT 0 0 0 
78 0 0 9 0050 00000000 0 EXIT 0 0 0 
48 0 0 22 0050 00000000 0 EXIT 0 0 0 
83 0 0 19 0050 00000000 0 EXIT 0 0 0 
26 0 0 28 0050 00000000 0 EXIT 0 0 0 
29 0 0 24 0050 00000000 0 EXIT 0 0 0 
33 0 0 23 0050 00000000 0 EXIT 0 0 0 
0 0 0 11 0050 00000000 0 EXIT 0 0 0 
19 0 0 8 0050 00000000 0 EXIT 0 0 0 
6 0 0 24 0050 00000000 0 EXIT 0 0 0 
18 0 0 4 0050 00000000 0 EXIT 0 0 0 
17 0 0 23 0050 00000000 0 EXIT 0 0 0 
44 0 0 16 0050 00000000 0 EXIT 0 0 0 
77 0 0 4 0050 00000000 0 EXIT 0 0 0 
14 0 0 15 0050 00000000 0 EXIT 0 0 0 
54 0 0 24 0050 00000000 0 EXIT 0 0 0 
47 0 0 30 0050 00000000 0 EXIT 0 0 0 
39 0 0 14 0050 00000000 0 EXIT 0 0 0 
24 0 0 29 0050 00000000 0 EXIT 0 0 0 
53 0 0 25 0050 00000000 0 EXIT 0 0 0 
41 0 0 10 0050 00000000 0 EXIT 0 0 0 
94 0 0 7 0050 00000000 0 EXIT 0 0 0 
31 0 0 3 0050 00000000 0 EXIT 0 0 0 
51 0 0 0 0050 00000000 0 EXIT 0 0 0 
58 0 0 25 0050 00000000 0 EXIT 0 0 0 
57 0 0 4 0050 00000000 0 EXIT 0 0 0 
65 0 0 29 0050 00000000 0 EXIT 0 0 0 
52 0 0 1 0050 00000000 0 EXIT 0 0 0 
55 0 0 28 0050 00000000 0 EXIT 0 0 0 
66 0 0 6 0050 00000000 0 EXIT 0 0 0 
86 0 0 6 0050 00000000 0 EXIT 0 0 0 
25 0 0 9 0050 00000000 0 EXIT 0 0 0 
43 0 0 20 0050 00000000 0 EXIT 0 0 0 
16 0 0 30 0050 00000000 0 EXIT 0 0 0 
3 0 0 24 0050 00000000 0 EXIT 0 0 0 
28 0 0 10 0050 00000000 0 EXIT 0 0 0 
83 0 0 13 0050 00000000 0 EXIT 0 0 0 
79 0 0 20 0050 00000000 0 EXIT 0 0 0 
0 0 0 22 0050 00000000 0 EXIT 0 0 0 
12 0 0 7 0050 00000000 0 EXIT 0 0 0 
19 0 0 6 0050 00000000 0 EXIT 0 0 0 
35 0 0 23 0050 00000000 0 EXIT 0 0 0 
44 0 0 27 0050 00000000 0 EXIT 0 0 0 
48 0 0 19 0050 00000000 0 EXIT 0 0 0 
47 0 0 11 0050 00000000 0 EXIT 0 0 0 
5 0 0 7 0050 00000000 0 EXIT 0 0 0 
34 0 0 24 0050 00000000 0 EXIT 0 0 0 
46 0 0 13 0050 00000000 0 EXIT 0 0 0 
80 0 0 17 0050 00000000 0 EXIT 0 0 0 
31 0 0 8 0050 00000000 0 EXIT 0 0 0 
45 0 0 26 0050 00000000 0 EXIT 0 0 0 
37 0 0 23 0050 00000000 0 EXIT 0 0 0 
42 0 0 22 0050 00000000 0 EXIT 0 0 0 
11 0 0 8 0050 00000000 0 EXIT 0 0 0 
52 0 0 8 0050 00000000 0 EXIT 0 0 0 
26 0 0 30 0050 00000000 0 EXIT 0 0 0 
29 0 0 20 0050 00000000 0 EXIT 0 0 0 
69 0 0 16 0050 00000000 0 EXIT 0 0 0 
3 0 0 25 0050 00000000 0 EXIT 0 0 0 
39 0 0 8 0050 00000000 0 EXIT 0 0 0 
16 0 0 17 0050 00000000 0 EXIT 0 0 0 
50 0 0 16 0050 00000000 0 EXIT 0 0 0 
18 0 0 13 0050 00000000 0 EXIT 0 0 0 
17 0 0 26 0050 00000000 0 EXIT 0 0 0 
88 0 0 17 0050 00000000 0 EXIT 0 0 0 
83 0 0 9 0050 00000000 0 EXIT 0 0 0 
51 0 0 5 0050 00000000 0 EXIT 0 0 0 
49 0 0 26 0050 00000000 0 EXIT 0 0 0 
78 0 0 4 0050 00000000 0 EXIT 0 0 0 
54 0 0 19 0050 00000000 0 EXIT 0 0 0 
28 0 0 9 0050 00000000 0 EXIT 0 0 0 
19 0 0 2 0050 00000000 0 EXIT 0 0 0 
53 0 0 8 0050 00000000 0 EXIT 0 0 0 
33 0 0 18 0050 00000000 0 EXIT 0 0 0 
6 0 0 27 0050 00000000 0 EXIT 0 0 0 
43 0 0 31 0050 00000000 0 EXIT 0 0 0 
0 0 0 24 0050 00000000 0 EXIT 0 0 0 
58 0 0 21 0050 00000000 0 EXIT 0 0 0 
57 0 0 0 0050 00000000 0 EXIT 0 0 0 
77 0 0 17 0050 00000000 0 EXIT 0 0 0 
47 0 0 24 0050 00000000 0 EXIT 0 0 0 
71 0 0 2 0050 00000000 0 EXIT 0 0 0 
44 0 0 21 0050 00000000 0 EXIT 0 0 0 
14 0 0 16 0050 00000000 0 EXIT 0 0 0 
86 0 0 19 0050 00000000 0 EXIT 0 0 0 
25 0 0 10 0050 00000000 0 EXIT 0 0 0 
31 0 0 6 0050 00000000 0 EXIT 0 0 0 
79 0 0 27 0050 00000000 0 EXIT 0 0 0 
41 0 0 6 0050 00000000 0 EXIT 0 0 0 
94 0 0 9 0050 00000000 0 EXIT 0 0 0 
46 0 0 16 0050 00000000 0 EXIT 0 0 0 
24 0 0 24 0050 00000000 0 EXIT 0 0 0 
3 0 0 20 0050 00000000 0 EXIT 0 0 0 
45 0 0 8 0050 00000000 0 EXIT 0 0 0 
65 0 0 28 0050 00000000 0 EXIT 0 0 0 
66 0 0 3 0050 00000000 0 EXIT 0 0 0 
35 0 0 30 0050 00000000 0 EXIT 0 0 0 
52 0 0 2 0050 00000000 0 EXIT 0 0 0 
48 0 0 12 0050 00000000 0 EXIT 0 0 0 
26 0 0 31 0050 00000000 0 EXIT 0 0 0 
29 0 0 6 0050 00000000 0 EXIT 0 0 0 
5 0 0 6 0050 00000000 0 EXIT 0 0 0 
83 0 0 12 0050 00000000 0 EXIT 0 0 0 
16 0 0 23 0050 00000000 0 EXIT 0 0 0 
34 0 0 17 0050 00000000 0 EXIT 0 0 0 
18 0 0 2 0050 00000000 0 EXIT 0 0 0 
17 0 0 28 0050 00000000 0 EXIT 0 0 0 
76 0 0 21 0050 00000000 0 EXIT 0 0 0 
19 0 0 7 0050 00000000 0 EXIT 0 0 0 
11 0 0 6 0050 00000000 0 EXIT 0 0 0 
37 0 0 8 0050 00000000 0 EXIT 0 0 0 
42 0 0 15 0050 00000000 0 EXIT 0 0 0 
54 0 0 30 0050 00000000 0 EXIT 0 0 0 
28 0 0 1 0050 00000000 0 EXIT 0 0 0 
47 0 0 6 0050 00000000 0 EXIT 0 0 0 
53 0 0 11 0050 00000000 0 EXIT 0 0 0 
69 0 0 21 0050 00000000 0 EXIT 0 0 0 
50 0 0 22 0050 00000000 0 EXIT 0 0 0 
39 0 0 13 0050 00000000 0 EXIT 0 0 0 
0 0 0 21 0050 00000000 0 EXIT 0 0 0 
58 0 0 17 0050 00000000 0 EXIT 0 0 0 
57 0 0 11 0050 00000000 0 EXIT 0 0 0 
49 0 0 20 0050 00000000 0 EXIT 0 0 0 
31 0 0 5 0050 00000000 0 EXIT 0 0 0 
51 0 0 26 0050 00000000 0 EXIT 0 0 0 
44 0 0 30 0050 00000000 0 EXIT 0 0 0 
40 0 0 17 0050 00000000 0 EXIT 0 0 0 
3 0 0 21 0050 00000000 0 EXIT 0 0 0 
43 0 0 9 0050 00000000 0 EXIT 0 0 0 
24 0 0 26 0050 00000000 0 EXIT 0 0 0 
83 0 0 6 0050 00000000 0 EXIT 0 0 0 
52 0 0 31 0050 00000000 0 EXIT 0 0 0 
19 0 0 4 0050 00000000 0 EXIT 0 0 0 
79 0 0 25 0050 00000000 0 EXIT 0 0 0 
16 0 0 20 0050 00000000 0 EXIT 0 0 0 
47 0 0 21 0050 00000000 0 EXIT 0 0 0 
78 0 0 10 0050 00000000 0 EXIT 0 0 0 
86 0 0 2 0050 00000000 0 EXIT 0 0 0 
25 0 0 4 0050 00000000 0 EXIT 0 0 0 
35 0 0 28 0050 00000000 0 EXIT 0 0 0 
28 0 0 3 0050 00000000 0 EXIT 0 0 0 
48 0 0 13 0050 00000000 0 EXIT 0 0 0 
33 0 0 14 0050 00000000 0 EXIT 0 0 0 
6 0 0 13 0050 00000000 0 EXIT 0 0 0 
46 0 0 29 0050 00000000 0 EXIT 0 0 0 
31 0 0 0 0050 00000000 0 EXIT 0 0 0 
0 0 0 18 0050 00000000 0 EXIT 0 0 0 
45 0 0 1 0050 00000000 0 EXIT 0 0 0 
77 0 0 15 0050 00000000 0 EXIT 0 0 0 
70 0 0 29 0050 00000000 0 EXIT 0 0 0 
76 0 0 22 0050 00000000 0 EXIT 0 0 0 
3 0 0 15 0050 00000000 0 EXIT 0 0 0 
11 0 0 13 0050 00000000 0 EXIT 0 0 0 
26 0 0 26 0050 00000000 0 EXIT 0 0 0 
29 0 0 29 0050 00000000 0 EXIT 0 0 0 
41 0 0 8 0050 00000000 0 EXIT 0 0 0 
44 0 0 12 0050 00000000 0 EXIT 0 0 0 
8 0 0 22 0050 00000000 0 EXIT 0 0 0 
83 0 0 8 0050 00000000 0 EXIT 0 0 0 
94 0 0 0 0050 00000000 0 EXIT 0 0 0 
18 0 0 7 0050 00000000 0 EXIT 0 0 0 
17 0 0 5 0050 00000000 0 EXIT 0 0 0 
39 0 0 28 0050 00000000 0 EXIT 0 0 0 
24 0 0 31 0050 00000000 0 EXIT 0 0 0 
65 0 0 31 0050 00000000 0 EXIT 0 0 0 
66 0 0 8 0050 00000000 0 EXIT 0 0 0 
54 0 0 25 0050 00000000 0 EXIT 0 0 0 
19 0 0 1 0050 00000000 0 EXIT 0 0 0 
51 0 0 11 0050 00000000 0 EXIT 0 0 0 
52 0 0 16 0050 00000000 0 EXIT 0 0 0 
53 0 0 18 0050 00000000 0 EXIT 0 0 0 
5 0 0 4 0050 00000000 0 EXIT 0 0 0 
34 0 0 23 0050 00000000 0 EXIT 0 0 0 
47 0 0 7 0050 00000000 0 EXIT 0 0 0 
43 0 0 6 0050 00000000 0 EXIT 0 0 0 
58 0 0 12 0050 00000000 0 EXIT 0 0 0 
57 0 0 9 0050 00000000 0 EXIT 0 0 0 
37 0 0 19 0050 00000000 0 EXIT 0 0 0 
16 0 0 26 0050 00000000 0 EXIT 0 0 0 
55 0 0 27 0050 00000000 0 EXIT 0 0 0 
42 0 0 13 0050 00000000 0 EXIT 0 0 0 
86 0 0 11 0050 00000000 0 EXIT 0 0 0 
25 0 0 5 0050 00000000 0 EXIT 0 0 0 
15 0 0 30 0050 00000000 0 EXIT 0 0 0 
28 0 0 5 0050 00000000 0 EXIT 0 0 0 
69 0 0 17 0050 00000000 0 EXIT 0 0 0 
50 0 0 19 0050 00000000 0 EXIT 0 0 0 
46 0 0 27 0050 00000000 0 EXIT 0 0 0 
31 0 0 2 0050 00000000 0 EXIT 0 0 0 
79 0 0 23 0050 00000000 0 EXIT 0 0 0 
0 0 0 20 0050 00000000 0 EXIT 0 0 0 
45 0 0 23 0050 00000000 0 EXIT 0 0 0 
49 0 0 21 0050 00000000 0 EXIT 0 0 0 
78 0 0 11 0050 00000000 0 EXIT 0 0 0 
68 0 0 16 0050 00000000 0 EXIT 0 0 0 
3 0 0 17 0050 00000000 0 EXIT 0 0 0 
35 0 0 21 0050 00000000 0 EXIT 0 0 0 
26 0 0 24 0050 00000000 0 EXIT 0 0 0 
29 0 0 31 0050 00000000 0 EXIT 0 0 0 
33 0 0 19 0050 00000000 0 EXIT 0 0 0 
44 0 0 13 0050 00000000 0 EXIT 0 0 0 
48 0 0 15 0050 00000000 0 EXIT 0 0 0 
83 0 0 0 0050 00000000 0 EXIT 0 0 0 
6 0 0 31 0050 00000000 0 EXIT 0 0 0 
18 0 0 0 0050 00000000 0 EXIT 0 0 0 
17 0 0 4 0050 00000000 0 EXIT 0 0 0 
24 0 0 25 0050 00000000 0 EXIT 0 0 0 
77 0 0 13 0050 00000000 0 EXIT 0 0 0 
14 0 0 21 0050 00000000 0 EXIT 0 0 0 
54 0 0 0 0050 00000000 0 EXIT 0 0 0 
19 0 0 3 0050 00000000 0 EXIT 0 0 0 
52 0 0 17 0050 00000000 0 EXIT 0 0 0 
53 0 0 20 0050 00000000 0 EXIT 0 0 0 
41 0 0 1 0050 00000000 0 EXIT 0 0 0 
94 0 0 5 0050 00000000 0 EXIT 0 0 0 
8 0 0 20 0050 00000000 0 EXIT 0 0 0 
47 0 0 3 0050 00000000 0 EXIT 0 0 0 
16 0 0 19 0050 00000000 0 EXIT 0 0 0 
31 0 0 7 0050 00000000 0 EXIT 0 0 0 
51 0 0 28 0050 00000000 0 EXIT 0 0 0 
28 0 0 6 0050 00000000 0 EXIT 0 0 0 
55 0 0 13 0050 00000000 0 EXIT 0 0 0 
43 0 0 23 0050 00000000 0 EXIT 0 0 0 
0 0 0 7 0050 00000000 0 EXIT 0 0 0 
3 0 0 16 0050 00000000 0 EXIT 0 0 0 
15 0 0 21 0050 00000000 0 EXIT 0 0 0 
44 0 0 23 0050 00000000 0 EXIT 0 0 0 
58 0 0 13 0050 00000000 0 EXIT 0 0 0 
57 0 0 7 0050 00000000 0 EXIT 0 0 0 
9 0 0 3 0050 00000000 0 EXIT 0 0 0 
83 0 0 11 0050 00000000 0 EXIT 0 0 0 
24 0 0 27 0050 00000000 0 EXIT 0 0 0 
66 0 0 13 0050 00000000 0 EXIT 0 0 0 
86 0 0 8 0050 00000000 0 EXIT 0 0 0 
25 0 0 6 0050 00000000 0 EXIT 0 0 0 
68 0 0 29 0050 00000000 0 EXIT 0 0 0 
19 0 0 0 0050 00000000 0 EXIT 0 0 0 
35 0 0 19 0050 00000000 0 EXIT 0 0 0 
61 0 0 28 0050 00000000 0 EXIT 0 0 0 
34 0 0 20 0050 00000000 0 EXIT 0 0 0 
46 0 0 6 0050 00000000 0 EXIT 0 0 0 
52 0 0 15 0050 00000000 0 EXIT 0 0 0 
48 0 0 4 0050 00000000 0 EXIT 0 0 0 
47 0 0 2 0050 00000000 0 EXIT 0 0 0 
45 0 0 20 0050 00000000 0 EXIT 0 0 0 
37 0 0 29 0050 00000000 0 EXIT 0 0 0 
42 0 0 6 0050 00000000 0 EXIT 0 0 0 
16 0 0 16 0050 00000000 0 EXIT 0 0 0 
26 0 0 23 0050 00000000 0 EXIT 0 0 0 
29 0 0 25 0050 00000000 0 EXIT 0 0 0 
69 0 0 22 0050 00000000 0 EXIT 0 0 0 
31 0 0 18 0050 00000000 0 EXIT 0 0 0 
11 0 0 5 0050 00000000 0 EXIT 0 0 0 
28 0 0 7 0050 00000000 0 EXIT 0 0 0 
50 0 0 27 0050 00000000 0 EXIT 0 0 0 
18 0 0 1 0050 00000000 0 EXIT 0 0 0 
17 0 0 29 0050 00000000 0 EXIT 0 0 0 
55 0 0 2 0050 00000000 0 EXIT 0 0 0 
39 0 0 10 0050 00000000 0 EXIT 0 0 0 
49 0 0 15 0050 00000000 0 EXIT 0 0 0 
78 0 0 3 0050 00000000 0 EXIT 0 0 0 
54 0 0 26 0050 00000000 0 EXIT 0 0 0 
0 0 0 17 0050 00000000 0 EXIT 0 0 0 
3 0 0 11 0050 00000000 0 EXIT 0 0 0 
53 0 0 17 0050 00000000 0 EXIT 0 0 0 
33 0 0 12 0050 00000000 0 EXIT 0 0 0 
6 0 0 18 0050 00000000 0 EXIT 0 0 0 
51 0 0 19 0050 00000000 0 EXIT 0 0 0 
44 0 0 22 0050 00000000 0 EXIT 0 0 0 
58 0 0 31 0050 00000000 0 EXIT 0 0 0 
57 0 0 6 0050 00000000 0 EXIT 0 0 0 
77 0 0 0 0050 00000000 0 EXIT 0 0 0 
83 0 0 30 0050 00000000 0 EXIT 0 0 0 
43 0 0 12 0050 00000000 0 EXIT 0 0 0 
24 0 0 28 0050 00000000 0 EXIT 0 0 0 
14 0 0 11 0050 00000000 0 EXIT 0 0 0 
86 0 0 13 0050 00000000 0 EXIT 0 0 0 
25 0 0 3 0050 00000000 0 EXIT 0 0 0 
75 0 0 25 0050 00000000 0 EXIT 0 0 0 
41 0 0 3 0050 00000000 0 EXIT 0 0 0 
94 0 0 2 0050 00000000 0 EXIT 0 0 0 
46 0 0 12 0050 00000000 0 EXIT 0 0 0 
52 0 0 30 0050 00000000 0 EXIT 0 0 0 
47 0 0 20 0050 00000000 0 EXIT 0 0 0 
45 0 0 22 0050 00000000 0 EXIT 0 0 0 
65 0 0 24 0050 00000000 0 EXIT 0 0 0 
66 0 0 4 0050 00000000 0 EXIT 0 0 0 
16 0 0 22 0050 00000000 0 EXIT 0 0 0 
26 0 0 25 0050 00000000 0 EXIT 0 0 0 
29 0 0 21 0050 00000000 0 EXIT 0 0 0 
5 0 0 2 0050 00000000 0 EXIT 0 0 0 
34 0 0 22 0050 00000000 0 EXIT 0 0 0 
74 0 0 31 0050 00000000 0 EXIT 0 0 0 
17 0 0 3 0050 00000000 0 EXIT 0 0 0 
37 0 0 14 0050 00000000 0 EXIT 0 0 0 
42 0 0 12 0050 00000000 0 EXIT 0 0 0 
54 0 0 15 0050 00000000 0 EXIT 0 0 0 
53 0 0 16 0050 00000000 0 EXIT 0 0 0 
69 0 0 13 0050 00000000 0 EXIT 0 0 0 
50 0 0 21 0050 00000000 0 EXIT 0 0 0 
58 0 0 8 0050 00000000 0 EXIT 0 0 0 
57 0 0 3 0050 00000000 0 EXIT 0 0 0 
49 0 0 18 0050 00000000 0 EXIT 0 0 0 
78 0 0 5 0050 00000000 0 EXIT 0 0 0 
86 0 0 4 0050 00000000 0 EXIT 0 0 0 
25 0 0 1 0050 00000000 0 EXIT 0 0 0 
33 0 0 30 0050 00000000 0 EXIT 0 0 0 
6 0 0 12 0050 00000000 0 EXIT 0 0 0 
46 0 0 23 0050 00000000 0 EXIT 0 0 0 
45 0 0 9 0050 00000000 0 EXIT 0 0 0 
77 0 0 11 0050 00000000 0 EXIT 0 0 0 
14 0 0 29 0050 00000000 0 EXIT 0 0 0 
26 0 0 17 0050 00000000 0 EXIT 0 0 0 
29 0 0 11 0050 00000000 0 EXIT 0 0 0 
41 0 0 4 0050 00000000 0 EXIT 0 0 0 
94 0 0 1 0050 00000000 0 EXIT 0 0 0 
18 0 0 3 0050 00000000 0 EXIT 0 0 0 
17 0 0 6 0050 00000000 0 EXIT 0 0 0 
65 0 0 25 0050 00000000 0 EXIT 0 0 0 
66 0 0 2 0050 00000000 0 EXIT 0 0 0 
54 0 0 9 0050 00000000 0 EXIT 0 0 0 
53 0 0 3 0050 00000000 0 EXIT 0 0 0 
61 0 0 20 0050 00000000 0 EXIT 0 0 0 
34 0 0 13 0050 00000000 0 EXIT 0 0 0 
58 0 0 19 0050 00000000 0 EXIT 0 0 0 
57 0 0 1 0050 00000000 0 EXIT 0 0 0 
37 0 0 12 0050 00000000 0 EXIT 0 0 0 
42 0 0 7 0050 00000000 0 EXIT 0 0 0 
86 0 0 5 0050 00000000 0 EXIT 0 0 0 
25 0 0 0 0050 00000000 0 EXIT 0 0 0 
69 0 0 18 0050 00000000 0 EXIT 0 0 0 
50 0 0 18 0050 00000000 0 EXIT 0 0 0 
46 0 0 30 0050 00000000 0 EXIT 0 0 0 
45 0 0 18 0050 00000000 0 EXIT 0 0 0 
49 0 0 16 0050 00000000 0 EXIT 0 0 0 
78 0 0 0 0050 00000000 0 EXIT 0 0 0 
26 0 0 20 0050 00000000 0 EXIT 0 0 0 
29 0 0 16 0050 00000000 0 EXIT 0 0 0 
33 0 0 4 0050 00000000 0 EXIT 0 0 0 
6 0 0 10 0050 00000000 0 EXIT 0 0 0 
74 0 0 28 0050 00000000 0 EXIT 0 0 0 
17 0 0 24 0050 00000000 0 EXIT 0 0 0 
77 0 0 9 0050 00000000 0 EXIT 0 0 0 
14 0 0 20 0050 00000000 0 EXIT 0 0 0 
54 0 0 28 0050 00000000 0 EXIT 0 0 0 
53 0 0 14 0050 00000000 0 EXIT 0 0 0 
41 0 0 0 0050 00000000 0 EXIT 0 0 0 
94 0 0 3 0050 00000000 0 EXIT 0 0 0 
58 0 0 14 0050 00000000 0 EXIT 0 0 0 
57 0 0 2 0050 00000000 0 EXIT 0 0 0 
65 0 0 30 0050 00000000 0 EXIT 0 0 0 
66 0 0 0 0050 00000000 0 EXIT 0 0 0 
86 0 0 0 0050 00000000 0 EXIT 0 0 0 
25 0 0 2 0050 00000000 0 EXIT 0 0 0 
5 0 0 3 0050 00000000 0 EXIT 0 0 0 
34 0 0 18 0050 00000000 0 EXIT 0 0 0 
46 0 0 17 0050 00000000 0 EXIT 0 0 0 
45 0 0 19 0050 00000000 0 EXIT 0 0 0 
37 0 0 15 0050 00000000 0 EXIT 0 0 0 
42 0 0 9 0050 00000000 0 EXIT 0 0 0 
82 0 0 11 0050 00000000 0 EXIT 0 0 0 
29 0 0 26 0050 00000000 0 EXIT 0 0 0 
69 0 0 27 0050 00000000 0 EXIT 0 0 0 
50 0 0 8 0050 00000000 0 EXIT 0 0 0 
74 0 0 21 0050 00000000 0 EXIT 0 0 0 
17 0 0 22 0050 00000000 0 EXIT 0 0 0 
49 0 0 10 0050 00000000 0 EXIT 0 0 0 
78 0 0 6 0050 00000000 0 EXIT 0 0 0 
54 0 0 22 0050 00000000 0 EXIT 0 0 0 
53 0 0 27 0050 00000000 0 EXIT 0 0 0 
33 0 0 9 0050 00000000 0 EXIT 0 0 0 
6 0 0 9 0050 00000000 0 EXIT 0 0 0 
58 0 0 10 0050 00000000 0 EXIT 0 0 0 
1 0 0 8 0050 00000000 0 EXIT 0 0 0 
77 0 0 6 0050 00000000 0 EXIT 0 0 0 
14 0 0 7 0050 00000000 0 EXIT 0 0 0 
86 0 0 7 0050 00000000 0 EXIT 0 0 0 
81 0 0 26 0050 00000000 0 EXIT 0 0 0 
41 0 0 13 0050 00000000 0 EXIT 0 0 0 
94 0 0 16 0050 00000000 0 EXIT 0 0 0 
46 0 0 15 0050 00000000 0 EXIT 0 0 0 
87 0 0 28 0050 00000000 0 EXIT 0 0 0 
84 0 0 31 0050 00000000 0 EXIT 0 0 0 
48 0 0 18 0050 00000000 0 EXIT 0 0 0 
45 0 0 0 0050 00000000 0 EXIT 0 0 0 
65 0 0 26 0050 00000000 0 EXIT 0 0 0 
66 0 0 29 0050 00000000 0 EXIT 0 0 0 
63 0 0 10 0050 00000000 0 EXIT 0 0 0 
55 0 0 24 0050 00000000 0 EXIT 0 0 0 
0 0 0 16 0050 00000000 0 EXIT 0 0 0 
26 0 0 16 0050 00000000 0 EXIT 0 0 0 
29 0 0 12 0050 00000000 0 EXIT 0 0 0 
61 0 0 27 0050 00000000 0 EXIT 0 0 0 
3 0 0 22 0050 00000000 0 EXIT 0 0 0 
34 0 0 16 0050 00000000 0 EXIT 0 0 0 
74 0 0 24 0050 00000000 0 EXIT 0 0 0 
44 0 0 4 0050 00000000 0 EXIT 0 0 0 
39 0 0 9 0050 00000000 0 EXIT 0 0 0 
83 0 0 5 0050 00000000 0 EXIT 0 0 0 
24 0 0 21 0050 00000000 0 EXIT 0 0 0 
51 0 0 18 0050 00000000 0 EXIT 0 0 0 
75 0 0 27 0050 00000000 0 EXIT 0 0 0 
52 0 0 21 0050 00000000 0 EXIT 0 0 0 
43 0 0 10 0050 00000000 0 EXIT 0 0 0 
47 0 0 9 0050 00000000 0 EXIT 0 0 0 
72 0 0 22 0050 00000000 0 EXIT 0 0 0 
17 0 0 19 0050 00000000 0 EXIT 0 0 0 
37 0 0 21 0050 00000000 0 EXIT 0 0 0 
42 0 0 30 0050 00000000 0 EXIT 0 0 0 
15 0 0 27 0050 00000000 0 EXIT 0 0 0 
87 0 0 30 0050 00000000 0 EXIT 0 0 0 
84 0 0 4 0050 00000000 0 EXIT 0 0 0 
54 0 0 11 0050 00000000 0 EXIT 0 0 0 
53 0 0 24 0050 00000000 0 EXIT 0 0 0 
69 0 0 10 0050 00000000 0 EXIT 0 0 0 
55 0 0 19 0050 00000000 0 EXIT 0 0 0 
50 0 0 31 0050 00000000 0 EXIT 0 0 0 
58 0 0 9 0050 00000000 0 EXIT 0 0 0 
57 0 0 29 0050 00000000 0 EXIT 0 0 0 
0 0 0 14 0050 00000000 0 EXIT 0 0 0 
68 0 0 25 0050 00000000 0 EXIT 0 0 0 
49 0 0 11 0050 00000000 0 EXIT 0 0 0 
78 0 0 13 0050 00000000 0 EXIT 0 0 0 
86 0 0 1 0050 00000000 0 EXIT 0 0 0 
3 0 0 12 0050 00000000 0 EXIT 0 0 0 
44 0 0 11 0050 00000000 0 EXIT 0 0 0 
48 0 0 1 0050 00000000 0 EXIT 0 0 0 
81 0 0 29 0050 00000000 0 EXIT 0 0 0 
33 0 0 10 0050 00000000 0 EXIT 0 0 0 
6 0 0 1 0050 00000000 0 EXIT 0 0 0 
63 0 0 3 0050 00000000 0 EXIT 0 0 0 
83 0 0 2 0050 00000000 0 EXIT 0 0 0 
24 0 0 22 0050 00000000 0 EXIT 0 0 0 
46 0 0 8 0050 00000000 0 EXIT 0 0 0 
45 0 0 25 0050 00000000 0 EXIT 0 0 0 
77 0 0 7 0050 00000000 0 EXIT 0 0 0 
76 0 0 27 0050 00000000 0 EXIT 0 0 0 
75 0 0 28 0050 00000000 0 EXIT 0 0 0 
14 0 0 14 0050 00000000 0 EXIT 0 0 0 
26 0 0 13 0050 00000000 0 EXIT 0 0 0 
29 0 0 27 0050 00000000 0 EXIT 0 0 0 
52 0 0 12 0050 00000000 0 EXIT 0 0 0 
8 0 0 27 0050 00000000 0 EXIT 0 0 0 
97 0 0 5 0050 00000000 0 EXIT 0 0 0 
38 0 0 12 0050 00000000 0 EXIT 0 0 0 
74 0 0 27 0050 00000000 0 EXIT 0 0 0 
47 0 0 8 0050 00000000 0 EXIT 0 0 0 
16 0 0 18 0050 00000000 0 EXIT 0 0 0 
88 0 0 24 0050 00000000 0 EXIT 0 0 0 
17 0 0 20 0050 00000000 0 EXIT 0 0 0 
65 0 0 20 0050 00000000 0 EXIT 0 0 0 
66 0 0 7 0050 00000000 0 EXIT 0 0 0 
51 0 0 10 0050 00000000 0 EXIT 0 0 0 
87 0 0 31 0050 00000000 0 EXIT 0 0 0 
84 0 0 25 0050 00000000 0 EXIT 0 0 0 
54 0 0 21 0050 00000000 0 EXIT 0 0 0 
53 0 0 13 0050 00000000 0 EXIT 0 0 0 
61 0 0 12 0050 00000000 0 EXIT 0 0 0 
43 0 0 5 0050 00000000 0 EXIT 0 0 0 
55 0 0 18 0050 00000000 0 EXIT 0 0 0 
34 0 0 19 0050 00000000 0 EXIT 0 0 0 
58 0 0 11 0050 00000000 0 EXIT 0 0 0 
1 0 0 27 0050 00000000 0 EXIT 0 0 0 
56 0 0 16 0050 00000000 0 EXIT 0 0 0 
37 0 0 17 0050 00000000 0 EXIT 0 0 0 
42 0 0 1 0050 00000000 0 EXIT 0 0 0 
30 0 0 18 0050 00000000 0 EXIT 0 0 0 
3 0 0 13 0050 00000000 0 EXIT 0 0 0 
44 0 0 5 0050 00000000 0 EXIT 0 0 0 
81 0 0 22 0050 00000000 0 EXIT 0 0 0 
69 0 0 23 0050 00000000 0 EXIT 0 0 0 
50 0 0 14 0050 00000000 0 EXIT 0 0 0 
79 0 0 19 0050 00000000 0 EXIT 0 0 0 
83 0 0 4 0050 00000000 0 EXIT 0 0 0 
24 0 0 20 0050 00000000 0 EXIT 0 0 0 
45 0 0 10 0050 00000000 0 EXIT 0 0 0 
49 0 0 7 0050 00000000 0 EXIT 0 0 0 
75 0 0 21 0050 00000000 0 EXIT 0 0 0 
78 0 0 7 0050 00000000 0 EXIT 0 0 0 
26 0 0 12 0050 00000000 0 EXIT 0 0 0 
29 0 0 22 0050 00000000 0 EXIT 0 0 0 
52 0 0 11 0050 00000000 0 EXIT 0 0 0 
48 0 0 14 0050 00000000 0 EXIT 0 0 0 
33 0 0 5 0050 00000000 0 EXIT 0 0 0 
6 0 0 15 0050 00000000 0 EXIT 0 0 0 
74 0 0 25 0050 00000000 0 EXIT 0 0 0 
47 0 0 29 0050 00000000 0 EXIT 0 0 0 
16 0 0 15 0050 00000000 0 EXIT 0 0 0 
17 0 0 25 0050 00000000 0 EXIT 0 0 0 
77 0 0 2 0050 00000000 0 EXIT 0 0 0 
14 0 0 12 0050 00000000 0 EXIT 0 0 0 
87 0 0 27 0050 00000000 0 EXIT 0 0 0 
84 0 0 27 0050 00000000 0 EXIT 0 0 0 
39 0 0 18 0050 00000000 0 EXIT 0 0 0 
55 0 0 0 0050 00000000 0 EXIT 0 0 0 
0 0 0 12 0050 00000000 0 EXIT 0 0 0 
88 0 0 9 0050 00000000 0 EXIT 0 0 0 
51 0 0 17 0050 00000000 0 EXIT 0 0 0 
3 0 0 18 0050 00000000 0 EXIT 0 0 0 
44 0 0 2 0050 00000000 0 EXIT 0 0 0 
43 0 0 0 0050 00000000 0 EXIT 0 0 0 
83 0 0 7 0050 00000000 0 EXIT 0 0 0 
24 0 0 18 0050 00000000 0 EXIT 0 0 0 
15 0 0 22 0050 00000000 0 EXIT 0 0 0 
75 0 0 13 0050 00000000 0 EXIT 0 0 0 
54 0 0 2 0050 00000000 0 EXIT 0 0 0 
53 0 0 19 0050 00000000 0 EXIT 0 0 0 
97 0 0 26 0050 ffffffff 0 EXIT 0 0 0 
52 0 0 26 0050 00000000 0 EXIT 0 0 0 
38 0 0 16 0050 00000000 0 EXIT 0 0 0 
58 0 0 5 0050 00000000 0 EXIT 0 0 0 
1 0 0 30 0050 00000000 0 EXIT 0 0 0 
47 0 0 10 0050 00000000 0 EXIT 0 0 0 
16 0 0 12 0050 00000000 0 EXIT 0 0 0 
68 0 0 22 0050 00000000 0 EXIT 0 0 0 
65 0 0 21 0050 00000000 0 EXIT 0 0 0 
10 0 0 13 0050 00000000 0 EXIT 0 0 0 
30 0 0 23 0050 00000000 0 EXIT 0 0 0 
35 0 0 13 0050 00000000 0 EXIT 0 0 0 
87 0 0 24 0050 00000000 0 EXIT 0 0 0 
84 0 0 23 0050 00000000 0 EXIT 0 0 0 
81 0 0 25 0050 00000000 0 EXIT 0 0 0 
61 0 0 29 0050 00000000 0 EXIT 0 0 0 
34 0 0 9 0050 00000000 0 EXIT 0 0 0 
48 0 0 3 0050 00000000 0 EXIT 0 0 0 
55 0 0 1 0050 00000000 0 EXIT 0 0 0 
46 0 0 22 0050 00000000 0 EXIT 0 0 0 
45 0 0 15 0050 00000000 0 EXIT 0 0 0 
37 0 0 13 0050 00000000 0 EXIT 0 0 0 
0 0 0 31 0050 00000000 0 EXIT 0 0 0 
11 0 0 1 0050 00000000 0 EXIT 0 0 0 
42 0 0 4 0050 00000000 0 EXIT 0 0 0 
26 0 0 22 0050 00000000 0 EXIT 0 0 0 
29 0 0 17 0050 00000000 0 EXIT 0 0 0 
3 0 0 9 0050 00000000 0 EXIT 0 0 0 
44 0 0 15 0050 00000000 0 EXIT 0 0 0 
8 0 0 8 0050 00000000 0 EXIT 0 0 0 
69 0 0 5 0050 00000000 0 EXIT 0 0 0 
50 0 0 25 0050 00000000 0 EXIT 0 0 0 
74 0 0 23 0050 00000000 0 EXIT 0 0 0 
83 0 0 1 0050 00000000 0 EXIT 0 0 0 
24 0 0 13 0050 00000000 0 EXIT 0 0 0 
17 0 0 21 0050 00000000 0 EXIT 0 0 0 
49 0 0 13 0050 00000000 0 EXIT 0 0 0 
78 0 0 30 0050 00000000 0 EXIT 0 0 0 
51 0 0 7 0050 00000000 0 EXIT 0 0 0 
75 0 0 24 0050 00000000 0 EXIT 0 0 0 
54 0 0 8 0050 00000000 0 EXIT 0 0 0 
53 0 0 6 0050 00000000 0 EXIT 0 0 0 
33 0 0 15 0050 00000000 0 EXIT 0 0 0 
52 0 0 13 0050 00000000 0 EXIT 0 0 0 
40 0 0 8 0050 00000000 0 EXIT 0 0 0 
43 0 0 1 0050 00000000 0 EXIT 0 0 0 
6 0 0 11 0050 00000000 0 EXIT 0 0 0 
58 0 0 4 0050 00000000 0 EXIT 0 0 0 
1 0 0 28 0050 00000000 0 EXIT 0 0 0 
47 0 0 5 0050 00000000 0 EXIT 0 0 0 
16 0 0 13 0050 00000000 0 EXIT 0 0 0 
77 0 0 5 0050 00000000 0 EXIT 0 0 0 
14 0 0 9 0050 00000000 0 EXIT 0 0 0 
30 0 0 16 0050 00000000 0 EXIT 0 0 0 
15 0 0 17 0050 00000000 0 EXIT 0 0 0 
87 0 0 29 0050 00000000 0 EXIT 0 0 0 
84 0 0 29 0050 00000000 0 EXIT 0 0 0 
81 0 0 31 0050 00000000 0 EXIT 0 0 0 
97 0 0 22 0050 ffffffff 0 EXIT 0 0 0 
38 0 0 15 0050 00000000 0 EXIT 0 0 0 
36 0 0 9 0050 00000000 0 EXIT 0 0 0 
55 0 0 6 0050 00000000 0 EXIT 0 0 0 
46 0 0 28 0050 00000000 0 EXIT 0 0 0 
45 0 0 21 0050 00000000 0 EXIT 0 0 0 
65 0 0 14 0050 00000000 0 EXIT 0 0 0 
0 0 0 23 0050 00000000 0 EXIT 0 0 0 
10 0 0 25 0050 00000000 0 EXIT 0 0 0 
26 0 0 19 0050 00000000 0 EXIT 0 0 0 
29 0 0 23 0050 00000000 0 EXIT 0 0 0 
3 0 0 31 0050 00000000 0 EXIT 0 0 0 
44 0 0 1 0050 00000000 0 EXIT 0 0 0 
48 0 0 0 0050 00000000 0 EXIT 0 0 0 
61 0 0 23 0050 00000000 0 EXIT 0 0 0 
34 0 0 15 0050 00000000 0 EXIT 0 0 0 
74 0 0 30 0050 00000000 0 EXIT 0 0 0 
7 0 0 29 0050 00000000 0 EXIT 0 0 0 
83 0 0 3 0050 00000000 0 EXIT 0 0 0 
24 0 0 23 0050 00000000 0 EXIT 0 0 0 
17 0 0 18 0050 00000000 0 EXIT 0 0 0 
37 0 0 6 0050 00000000 0 EXIT 0 0 0 
42 0 0 3 0050 00000000 0 EXIT 0 0 0 
75 0 0 30 0050 00000000 0 EXIT 0 0 0 
54 0 0 31 0050 00000000 0 EXIT 0 0 0 
53 0 0 21 0050 00000000 0 EXIT 0 0 0 
69 0 0 19 0050 00000000 0 EXIT 0 0 0 
52 0 0 20 0050 00000000 0 EXIT 0 0 0 
39 0 0 11 0050 00000000 0 EXIT 0 0 0 
47 0 0 15 0050 00000000 0 EXIT 0 0 0 
16 0 0 5 0050 00000000 0 EXIT 0 0 0 
51 0 0 2 0050 00000000 0 EXIT 0 0 0 
87 0 0 23 0050 00000000 0 EXIT 0 0 0 
84 0 0 16 0050 00000000 0 EXIT 0 0 0 
43 0 0 3 0050 00000000 0 EXIT 0 0 0 
55 0 0 12 0050 00000000 0 EXIT 0 0 0 
0 0 0 10 0050 00000000 0 EXIT 0 0 0 
3 0 0 14 0050 00000000 0 EXIT 0 0 0 
44 0 0 0 0050 00000000 0 EXIT 0 0 0 
50 0 0 24 0050 00000000 0 EXIT 0 0 0 
58 0 0 7 0050 00000000 0 EXIT 0 0 0 
1 0 0 26 0050 00000000 0 EXIT 0 0 0 
36 0 0 24 0050 00000000 0 EXIT 0 0 0 
27 0 0 31 0050 00000000 0 EXIT 0 0 0 
49 0 0 12 0050 00000000 0 EXIT 0 0 0 
78 0 0 1 0050 00000000 0 EXIT 0 0 0 
30 0 0 27 0050 00000000 0 EXIT 0 0 0 
24 0 0 16 0050 00000000 0 EXIT 0 0 0 
68 0 0 17 0050 00000000 0 EXIT 0 0 0 
81 0 0 21 0050 00000000 0 EXIT 0 0 0 
33 0 0 11 0050 00000000 0 EXIT 0 0 0 
75 0 0 26 0050 00000000 0 EXIT 0 0 0 
52 0 0 7 0050 00000000 0 EXIT 0 0 0 
48 0 0 9 0050 00000000 0 EXIT 0 0 0 
6 0 0 8 0050 00000000 0 EXIT 0 0 0 
45 0 0 4 0050 00000000 0 EXIT 0 0 0 
26 0 0 18 0050 00000000 0 EXIT 0 0 0 
7 0 0 24 0050 00000000 0 EXIT 0 0 0 
47 0 0 4 0050 00000000 0 EXIT 0 0 0 
16 0 0 14 0050 00000000 0 EXIT 0 0 0 
77 0 0 3 0050 00000000 0 EXIT 0 0 0 
14 0 0 31 0050 00000000 0 EXIT 0 0 0 
29 0 0 8 0050 00000000 0 EXIT 0 0 0 
76 0 0 18 0050 00000000 0 EXIT 0 0 0 
87 0 0 25 0050 00000000 0 EXIT 0 0 0 
74 0 0 26 0050 00000000 0 EXIT 0 0 0 
97 0 0 18 0050 00000000 0 EXIT 0 0 0 
38 0 0 28 0050 00000000 0 EXIT 0 0 0 
84 0 0 12 0050 00000000 0 EXIT 0 0 0 
39 0 0 5 0050 00000000 0 EXIT 0 0 0 
17 0 0 16 0050 00000000 0 EXIT 0 0 0 
54 0 0 16 0050 00000000 0 EXIT 0 0 0 
65 0 0 27 0050 00000000 0 EXIT 0 0 0 
55 0 0 3 0050 00000000 0 EXIT 0 0 0 
0 0 0 8 0050 00000000 0 EXIT 0 0 0 
10 0 0 28 0050 00000000 0 EXIT 0 0 0 
53 0 0 4 0050 00000000 0 EXIT 0 0 0 
58 0 0 6 0050 00000000 0 EXIT 0 0 0 
51 0 0 24 0050 00000000 0 EXIT 0 0 0 
3 0 0 8 0050 00000000 0 EXIT 0 0 0 
44 0 0 14 0050 00000000 0 EXIT 0 0 0 
61 0 0 30 0050 00000000 0 EXIT 0 0 0 
34 0 0 6 0050 00000000 0 EXIT 0 0 0 
1 0 0 24 0050 00000000 0 EXIT 0 0 0 
43 0 0 2 0050 00000000 0 EXIT 0 0 0 
27 0 0 28 0050 00000000 0 EXIT 0 0 0 
30 0 0 25 0050 00000000 0 EXIT 0 0 0 
37 0 0 10 0050 00000000 0 EXIT 0 0 0 
42 0 0 28 0050 00000000 0 EXIT 0 0 0 
24 0 0 19 0050 00000000 0 EXIT 0 0 0 
81 0 0 27 0050 00000000 0 EXIT 0 0 0 
46 0 0 5 0050 00000000 0 EXIT 0 0 0 
69 0 0 28 0050 00000000 0 EXIT 0 0 0 
75 0 0 20 0050 00000000 0 EXIT 0 0 0 
52 0 0 4 0050 00000000 0 EXIT 0 0 0 
50 0 0 9 0050 00000000 0 EXIT 0 0 0 
45 0 0 2 0050 00000000 0 EXIT 0 0 0 
26 0 0 27 0050 00000000 0 EXIT 0 0 0 
47 0 0 27 0050 00000000 0 EXIT 0 0 0 
16 0 0 8 0050 00000000 0 EXIT 0 0 0 
49 0 0 1 0050 00000000 0 EXIT 0 0 0 
78 0 0 2 0050 00000000 0 EXIT 0 0 0 
29 0 0 9 0050 00000000 0 EXIT 0 0 0 
35 0 0 16 0050 00000000 0 EXIT 0 0 0 
87 0 0 21 0050 00000000 0 EXIT 0 0 0 
74 0 0 19 0050 00000000 0 EXIT 0 0 0 
33 0 0 1 0050 00000000 0 EXIT 0 0 0 
84 0 0 21 0050 00000000 0 EXIT 0 0 0 
48 0 0 30 0050 00000000 0 EXIT 0 0 0 
7 0 0 31 0050 00000000 0 EXIT 0 0 0 
6 0 0 7 0050 00000000 0 EXIT 0 0 0 
17 0 0 15 0050 00000000 0 EXIT 0 0 0 
58 0 0 1 0050 00000000 0 EXIT 0 0 0 
77 0 0 1 0050 00000000 0 EXIT 0 0 0 
14 0 0 17 0050 00000000 0 EXIT 0 0 0 
53 0 0 7 0050 00000000 0 EXIT 0 0 0 
30 0 0 28 0050 00000000 0 EXIT 0 0 0 
97 0 0 14 0050 00000000 0 EXIT 0 0 0 
38 0 0 13 0050 00000000 0 EXIT 0 0 0 
1 0 0 23 0050 00000000 0 EXIT 0 0 0 
26 0 0 21 0050 00000000 0 EXIT 0 0 0 
65 0 0 9 0050 00000000 0 EXIT 0 0 0 
10 0 0 19 0050 00000000 0 EXIT 0 0 0 
81 0 0 18 0050 00000000 0 EXIT 0 0 0 
74 0 0 20 0050 00000000 0 EXIT 0 0 0 
61 0 0 24 0050 00000000 0 EXIT 0 0 0 
34 0 0 12 0050 00000000 0 EXIT 0 0 0 
58 0 0 0 0050 00000000 0 EXIT 0 0 0 
29 0 0 19 0050 00000000 0 EXIT 0 0 0 
37 0 0 7 0050 00000000 0 EXIT 0 0 0 
42 0 0 21 0050 00000000 0 EXIT 0 0 0 
30 0 0 21 0050 00000000 0 EXIT 0 0 0 
17 0 0 14 0050 00000000 0 EXIT 0 0 0 
69 0 0 15 0050 00000000 0 EXIT 0 0 0 
50 0 0 15 0050 00000000 0 EXIT 0 0 0 
26 0 0 8 0050 00000000 0 EXIT 0 0 0 
53 0 0 10 0050 00000000 0 EXIT 0 0 0 
49 0 0 3 0050 00000000 0 EXIT 0 0 0 
22 0 0 29 0050 00000000 0 EXIT 0 0 0 
74 0 0 22 0050 00000000 0 EXIT 0 0 0 
1 0 0 29 0050 00000000 0 EXIT 0 0 0 
33 0 0 7 0050 00000000 0 EXIT 0 0 0 
6 0 0 6 0050 00000000 0 EXIT 0 0 0 
58 0 0 3 0050 00000000 0 EXIT 0 0 0 
81 0 0 23 0050 00000000 0 EXIT 0 0 0 
77 0 0 28 0050 00000000 0 EXIT 0 0 0 
14 0 0 10 0050 00000000 0 EXIT 0 0 0 
30 0 0 3 0050 00000000 0 EXIT 0 0 0 
45 0 0 11 0050 00000000 0 EXIT 0 0 0 
97 0 0 28 0050 ffffffff 0 EXIT 0 0 0 
38 0 0 27 0050 00000000 0 EXIT 0 0 0 
26 0 0 14 0050 00000000 0 EXIT 0 0 0 
29 0 0 2 0050 00000000 0 EXIT 0 0 0 
65 0 0 16 0050 00000000 0 EXIT 0 0 0 
10 0 0 31 0050 00000000 0 EXIT 0 0 0 
74 0 0 18 0050 00000000 0 EXIT 0 0 0 
17 0 0 8 0050 00000000 0 EXIT 0 0 0 
61 0 0 26 0050 00000000 0 EXIT 0 0 0 
34 0 0 14 0050 00000000 0 EXIT 0 0 0 
58 0 0 2 0050 00000000 0 EXIT 0 0 0 
53 0 0 9 0050 00000000 0 EXIT 0 0 0 
37 0 0 5 0050 00000000 0 EXIT 0 0 0 
42 0 0 20 0050 00000000 0 EXIT 0 0 0 
30 0 0 9 0050 00000000 0 EXIT 0 0 0 
1 0 0 19 0050 00000000 0 EXIT 0 0 0 
69 0 0 12 0050 00000000 0 EXIT 0 0 0 
50 0 0 10 0050 00000000 0 EXIT 0 0 0 
26 0 0 15 0050 00000000 0 EXIT 0 0 0 
81 0 0 28 0050 00000000 0 EXIT 0 0 0 
49 0 0 2 0050 00000000 0 EXIT 0 0 0 
22 0 0 30 0050 00000000 0 EXIT 0 0 0 
74 0 0 17 0050 00000000 0 EXIT 0 0 0 
45 0 0 24 0050 00000000 0 EXIT 0 0 0 
33 0 0 8 0050 00000000 0 EXIT 0 0 0 
6 0 0 2 0050 00000000 0 EXIT 0 0 0 
2 0 0 26 0050 00000000 0 EXIT 0 0 0 
29 0 0 28 0050 00000000 0 EXIT 0 0 0 
21 0 0 31 0050 00000000 0 EXIT 0 0 0 
14 0 0 6 0050 00000000 0 EXIT 0 0 0 
30 0 0 15 0050 00000000 0 EXIT 0 0 0 
0 0 0 13 0050 00000000 0 EXIT 0 0 0 
76 0 0 19 0050 00000000 0 EXIT 0 0 0 
17 0 0 17 0050 00000000 0 EXIT 0 0 0 
97 0 0 29 0050 ffffffff 0 EXIT 0 0 0 
38 0 0 10 0050 00000000 0 EXIT 0 0 0 
3 0 0 7 0050 00000000 0 EXIT 0 0 0 
44 0 0 7 0050 00000000 0 EXIT 0 0 0 
8 0 0 14 0050 00000000 0 EXIT 0 0 0 
26 0 0 0 0050 00000000 0 EXIT 0 0 0 
53 0 0 0 0050 00000000 0 EXIT 0 0 0 
65 0 0 2 0050 00000000 0 EXIT 0 0 0 
27 0 0 24 0050 00000000 0 EXIT 0 0 0 
24 0 0 17 0050 00000000 0 EXIT 0 0 0 
10 0 0 21 0050 00000000 0 EXIT 0 0 0 
74 0 0 16 0050 00000000 0 EXIT 0 0 0 
1 0 0 22 0050 00000000 0 EXIT 0 0 0 
32 0 0 26 0050 00000000 0 EXIT 0 0 0 
51 0 0 9 0050 00000000 0 EXIT 0 0 0 
75 0 0 11 0050 00000000 0 EXIT 0 0 0 
61 0 0 13 0050 00000000 0 EXIT 0 0 0 
34 0 0 8 0050 00000000 0 EXIT 0 0 0 
2 0 0 29 0050 00000000 0 EXIT 0 0 0 
52 0 0 3 0050 00000000 0 EXIT 0 0 0 
43 0 0 16 0050 00000000 0 EXIT 0 0 0 
81 0 0 2 0050 00000000 0 EXIT 0 0 0 
37 0 0 4 0050 00000000 0 EXIT 0 0 0 
42 0 0 14 0050 00000000 0 EXIT 0 0 0 
47 0 0 22 0050 00000000 0 EXIT 0 0 0 
16 0 0 11 0050 00000000 0 EXIT 0 0 0 
30 0 0 30 0050 00000000 0 EXIT 0 0 0 
69 0 0 6 0050 00000000 0 EXIT 0 0 0 
15 0 0 24 0050 00000000 0 EXIT 0 0 0 
87 0 0 26 0050 00000000 0 EXIT 0 0 0 
84 0 0 17 0050 00000000 0 EXIT 0 0 0 
50 0 0 12 0050 00000000 0 EXIT 0 0 0 
26 0 0 11 0050 00000000 0 EXIT 0 0 0 
29 0 0 18 0050 00000000 0 EXIT 0 0 0 
36 0 0 31 0050 00000000 0 EXIT 0 0 0 
55 0 0 8 0050 00000000 0 EXIT 0 0 0 
49 0 0 31 0050 00000000 0 EXIT 0 0 0 
22 0 0 26 0050 00000000 0 EXIT 0 0 0 
74 0 0 13 0050 00000000 0 EXIT 0 0 0 
0 0 0 6 0050 00000000 0 EXIT 0 0 0 
68 0 0 13 0050 00000000 0 EXIT 0 0 0 
17 0 0 10 0050 00000000 0 EXIT 0 0 0 
33 0 0 6 0050 00000000 0 EXIT 0 0 0 
6 0 0 3 0050 00000000 0 EXIT 0 0 0 
3 0 0 4 0050 00000000 0 EXIT 0 0 0 
44 0 0 24 0050 00000000 0 EXIT 0 0 0 
48 0 0 31 0050 00000000 0 EXIT 0 0 0 
2 0 0 31 0050 00000000 0 EXIT 0 0 0 
53 0 0 1 0050 00000000 0 EXIT 0 0 0 
21 0 0 27 0050 00000000 0 EXIT 0 0 0 
27 0 0 27 0050 00000000 0 EXIT 0 0 0 
24 0 0 9 0050 00000000 0 EXIT 0 0 0 
14 0 0 8 0050 00000000 0 EXIT 0 0 0 
30 0 0 26 0050 00000000 0 EXIT 0 0 0 
97 0 0 30 0050 ffffffff 0 EXIT 0 0 0 
75 0 0 19 0050 00000000 0 EXIT 0 0 0 
1 0 0 25 0050 00000000 0 EXIT 0 0 0 
38 0 0 23 0050 00000000 0 EXIT 0 0 0 
26 0 0 9 0050 00000000 0 EXIT 0 0 0 
52 0 0 9 0050 00000000 0 EXIT 0 0 0 
8 0 0 15 0050 00000000 0 EXIT 0 0 0 
39 0 0 7 0050 00000000 0 EXIT 0 0 0 
65 0 0 23 0050 00000000 0 EXIT 0 0 0 
81 0 0 24 0050 00000000 0 EXIT 0 0 0 
10 0 0 30 0050 00000000 0 EXIT 0 0 0 
74 0 0 9 0050 00000000 0 EXIT 0 0 0 
61 0 0 25 0050 00000000 0 EXIT 0 0 0 
29 0 0 14 0050 00000000 0 EXIT 0 0 0 
34 0 0 5 0050 00000000 0 EXIT 0 0 0 
2 0 0 25 0050 00000000 0 EXIT 0 0 0 
37 0 0 11 0050 00000000 0 EXIT 0 0 0 
17 0 0 11 0050 00000000 0 EXIT 0 0 0 
42 0 0 31 0050 00000000 0 EXIT 0 0 0 
30 0 0 24 0050 00000000 0 EXIT 0 0 0 
53 0 0 2 0050 00000000 0 EXIT 0 0 0 
69 0 0 11 0050 00000000 0 EXIT 0 0 0 
50 0 0 1 0050 00000000 0 EXIT 0 0 0 
26 0 0 10 0050 00000000 0 EXIT 0 0 0 
1 0 0 15 0050 00000000 0 EXIT 0 0 0 
49 0 0 19 0050 00000000 0 EXIT 0 0 0 
22 0 0 28 0050 00000000 0 EXIT 0 0 0 
74 0 0 12 0050 00000000 0 EXIT 0 0 0 
81 0 0 19 0050 00000000 0 EXIT 0 0 0 
33 0 0 0 0050 00000000 0 EXIT 0 0 0 
6 0 0 4 0050 00000000 0 EXIT 0 0 0 
2 0 0 21 0050 00000000 0 EXIT 0 0 0 
29 0 0 15 0050 00000000 0 EXIT 0 0 0 
21 0 0 24 0050 00000000 0 EXIT 0 0 0 
14 0 0 0 0050 00000000 0 EXIT 0 0 0 
86 0 0 17 0050 00000000 0 EXIT 0 0 0 
17 0 0 12 0050 00000000 0 EXIT 0 0 0 
97 0 0 25 0050 ffffffff 0 EXIT 0 0 0 
38 0 0 24 0050 00000000 0 EXIT 0 0 0 
26 0 0 6 0050 00000000 0 EXIT 0 0 0 
65 0 0 19 0050 00000000 0 EXIT 0 0 0 
10 0 0 24 0050 00000000 0 EXIT 0 0 0 
74 0 0 11 0050 00000000 0 EXIT 0 0 0 
1 0 0 20 0050 00000000 0 EXIT 0 0 0 
61 0 0 11 0050 00000000 0 EXIT 0 0 0 
34 0 0 1 0050 00000000 0 EXIT 0 0 0 
2 0 0 28 0050 00000000 0 EXIT 0 0 0 
81 0 0 15 0050 00000000 0 EXIT 0 0 0 
37 0 0 9 0050 00000000 0 EXIT 0 0 0 
42 0 0 25 0050 00000000 0 EXIT 0 0 0 
30 0 0 7 0050 00000000 0 EXIT 0 0 0 
29 0 0 0 0050 00000000 0 EXIT 0 0 0 
69 0 0 7 0050 00000000 0 EXIT 0 0 0 
50 0 0 29 0050 00000000 0 EXIT 0 0 0 
26 0 0 5 0050 00000000 0 EXIT 0 0 0 
17 0 0 7 0050 00000000 0 EXIT 0 0 0 
49 0 0 0 0050 00000000 0 EXIT 0 0 0 
22 0 0 24 0050 00000000 0 EXIT 0 0 0 
74 0 0 10 0050 00000000 0 EXIT 0 0 0 
1 0 0 21 0050 00000000 0 EXIT 0 0 0 
33 0 0 2 0050 00000000 0 EXIT 0 0 0 
6 0 0 0 0050 00000000 0 EXIT 0 0 0 
2 0 0 27 0050 00000000 0 EXIT 0 0 0 
81 0 0 17 0050 00000000 0 EXIT 0 0 0 
21 0 0 29 0050 00000000 0 EXIT 0 0 0 
14 0 0 5 0050 00000000 0 EXIT 0 0 0 
30 0 0 20 0050 00000000 0 EXIT 0 0 0 
29 0 0 13 0050 00000000 0 EXIT 0 0 0 
97 0 0 21 0050 ffffffff 0 EXIT 0 0 0 
38 0 0 30 0050 00000000 0 EXIT 0 0 0 
26 0 0 7 0050 00000000 0 EXIT 0 0 0 
17 0 0 2 0050 00000000 0 EXIT 0 0 0 
65 0 0 17 0050 00000000 0 EXIT 0 0 0 
10 0 0 27 0050 00000000 0 EXIT 0 0 0 
74 0 0 8 0050 00000000 0 EXIT 0 0 0 
1 0 0 18 0050 00000000 0 EXIT 0 0 0 
61 0 0 16 0050 00000000 0 EXIT 0 0 0 
34 0 0 11 0050 00000000 0 EXIT 0 0 0 
2 0 0 17 0050 00000000 0 EXIT 0 0 0 
81 0 0 20 0050 00000000 0 EXIT 0 0 0 
37 0 0 0 0050 00000000 0 EXIT 0 0 0 
42 0 0 24 0050 00000000 0 EXIT 0 0 0 
30 0 0 22 0050 00000000 0 EXIT 0 0 0 
29 0 0 3 0050 00000000 0 EXIT 0 0 0 
69 0 0 8 0050 00000000 0 EXIT 0 0 0 
50 0 0 3 0050 00000000 0 EXIT 0 0 0 
26 0 0 4 0050 00000000 0 EXIT 0 0 0 
17 0 0 31 0050 00000000 0 EXIT 0 0 0 
22 0 0 25 0050 00000000 0 EXIT 0 0 0 
74 0 0 5 0050 00000000 0 EXIT 0 0 0 
1 0 0 17 0050 00000000 0 EXIT 0 0 0 
33 0 0 3 0050 00000000 0 EXIT 0 0 0 
62 0 0 25 0050 00000000 0 EXIT 0 0 0 
2 0 0 24 0050 00000000 0 EXIT 0 0 0 
81 0 0 11 0050 00000000 0 EXIT 0 0 0 
21 0 0 30 0050 00000000 0 EXIT 0 0 0 
16 0 0 1 0050 00000000 0 EXIT 0 0 0 
32 0 0 15 0050 00000000 0 EXIT 0 0 0 
51 0 0 3 0050 00000000 0 EXIT 0 0 0 
14 0 0 19 0050 00000000 0 EXIT 0 0 0 
30 0 0 17 0050 00000000 0 EXIT 0 0 0 
85 0 0 31 0050 00000000 0 EXIT 0 0 0 
87 0 0 20 0050 00000000 0 EXIT 0 0 0 
84 0 0 19 0050 00000000 0 EXIT 0 0 0 
97 0 0 23 0050 ffffffff 0 EXIT 0 0 0 
38 0 0 29 0050 00000000 0 EXIT 0 0 0 
26 0 0 2 0050 00000000 0 EXIT 0 0 0 
43 0 0 27 0050 00000000 0 EXIT 0 0 0 
55 0 0 25 0050 00000000 0 EXIT 0 0 0 
0 0 0 9 0050 00000000 0 EXIT 0 0 0 
17 0 0 0 0050 00000000 0 EXIT 0 0 0 
65 0 0 22 0050 00000000 0 EXIT 0 0 0 
10 0 0 18 0050 00000000 0 EXIT 0 0 0 
15 0 0 18 0050 00000000 0 EXIT 0 0 0 
3 0 0 5 0050 00000000 0 EXIT 0 0 0 
74 0 0 0 0050 00000000 0 EXIT 0 0 0 
1 0 0 16 0050 00000000 0 EXIT 0 0 0 
61 0 0 21 0050 00000000 0 EXIT 0 0 0 
44 0 0 26 0050 00000000 0 EXIT 0 0 0 
34 0 0 10 0050 00000000 0 EXIT 0 0 0 
2 0 0 22 0050 00000000 0 EXIT 0 0 0 
81 0 0 16 0050 00000000 0 EXIT 0 0 0 
27 0 0 29 0050 00000000 0 EXIT 0 0 0 
24 0 0 15 0050 00000000 0 EXIT 0 0 0 
37 0 0 2 0050 00000000 0 EXIT 0 0 0 
35 0 0 11 0050 00000000 0 EXIT 0 0 0 
75 0 0 16 0050 00000000 0 EXIT 0 0 0 
52 0 0 22 0050 00000000 0 EXIT 0 0 0 
30 0 0 19 0050 00000000 0 EXIT 0 0 0 
29 0 0 5 0050 00000000 0 EXIT 0 0 0 
22 0 0 17 0050 00000000 0 EXIT 0 0 0 
48 0 0 24 0050 00000000 0 EXIT 0 0 0 
87 0 0 17 0050 00000000 0 EXIT 0 0 0 
69 0 0 4 0050 00000000 0 EXIT 0 0 0 
26 0 0 1 0050 00000000 0 EXIT 0 0 0 
17 0 0 13 0050 00000000 0 EXIT 0 0 0 
16 0 0 7 0050 00000000 0 EXIT 0 0 0 
76 0 0 15 0050 00000000 0 EXIT 0 0 0 
62 0 0 28 0050 00000000 0 EXIT 0 0 0 
89 0 0 12 0050 00000000 0 EXIT 0 0 0 
74 0 0 1 0050 00000000 0 EXIT 0 0 0 
1 0 0 14 0050 00000000 0 EXIT 0 0 0 
14 0 0 2 0050 00000000 0 EXIT 0 0 0 
21 0 0 25 0050 00000000 0 EXIT 0 0 0 
2 0 0 23 0050 00000000 0 EXIT 0 0 0 
81 0 0 14 0050 00000000 0 EXIT 0 0 0 
38 0 0 26 0050 00000000 0 EXIT 0 0 0 
97 0 0 24 0050 ffffffff 0 EXIT 0 0 0 
85 0 0 26 0050 00000000 0 EXIT 0 0 0 
10 0 0 17 0050 00000000 0 EXIT 0 0 0 
30 0 0 13 0050 00000000 0 EXIT 0 0 0 
65 0 0 12 0050 00000000 0 EXIT 0 0 0 
17 0 0 1 0050 00000000 0 EXIT 0 0 0 
34 0 0 4 0050 00000000 0 EXIT 0 0 0 
26 0 0 3 0050 00000000 0 EXIT 0 0 0 
61 0 0 3 0050 00000000 0 EXIT 0 0 0 
1 0 0 11 0050 00000000 0 EXIT 0 0 0 
22 0 0 27 0050 00000000 0 EXIT 0 0 0 
74 0 0 7 0050 00000000 0 EXIT 0 0 0 
37 0 0 3 0050 00000000 0 EXIT 0 0 0 
81 0 0 12 0050 00000000 0 EXIT 0 0 0 
62 0 0 31 0050 00000000 0 EXIT 0 0 0 
2 0 0 18 0050 00000000 0 EXIT 0 0 0 
69 0 0 14 0050 00000000 0 EXIT 0 0 0 
85 0 0 27 0050 00000000 0 EXIT 0 0 0 
14 0 0 4 0050 00000000 0 EXIT 0 0 0 
30 0 0 14 0050 00000000 0 EXIT 0 0 0 
89 0 0 24 0050 00000000 0 EXIT 0 0 0 
73 0 0 26 0050 00000000 0 EXIT 0 0 0 
38 0 0 19 0050 00000000 0 EXIT 0 0 0 
82 0 0 28 0050 00000000 0 EXIT 0 0 0 
21 0 0 20 0050 00000000 0 EXIT 0 0 0 
1 0 0 12 0050 00000000 0 EXIT 0 0 0 
10 0 0 12 0050 00000000 0 EXIT 0 0 0 
74 0 0 14 0050 00000000 0 EXIT 0 0 0 
97 0 0 2 0050 00000000 0 EXIT 0 0 0 
81 0 0 10 0050 00000000 0 EXIT 0 0 0 
2 0 0 20 0050 00000000 0 EXIT 0 0 0 
34 0 0 7 0050 00000000 0 EXIT 0 0 0 
65 0 0 15 0050 00000000 0 EXIT 0 0 0 
30 0 0 5 0050 00000000 0 EXIT 0 0 0 
85 0 0 28 0050 00000000 0 EXIT 0 0 0 
22 0 0 23 0050 00000000 0 EXIT 0 0 0 
61 0 0 31 0050 00000000 0 EXIT 0 0 0 
82 0 0 31 0050 00000000 0 EXIT 0 0 0 
17 0 0 9 0050 00000000 0 EXIT 0 0 0 
62 0 0 24 0050 00000000 0 EXIT 0 0 0 
37 0 0 28 0050 00000000 0 EXIT 0 0 0 
74 0 0 29 0050 00000000 0 EXIT 0 0 0 
1 0 0 13 0050 00000000 0 EXIT 0 0 0 
14 0 0 1 0050 00000000 0 EXIT 0 0 0 
69 0 0 9 0050 00000000 0 EXIT 0 0 0 
81 0 0 8 0050 00000000 0 EXIT 0 0 0 
38 0 0 25 0050 00000000 0 EXIT 0 0 0 
30 0 0 11 0050 00000000 0 EXIT 0 0 0 
89 0 0 20 0050 00000000 0 EXIT 0 0 0 
85 0 0 29 0050 00000000 0 EXIT 0 0 0 
82 0 0 27 0050 00000000 0 EXIT 0 0 0 
10 0 0 26 0050 00000000 0 EXIT 0 0 0 
21 0 0 26 0050 00000000 0 EXIT 0 0 0 
73 0 0 28 0050 00000000 0 EXIT 0 0 0 
74 0 0 6 0050 00000000 0 EXIT 0 0 0 
34 0 0 2 0050 00000000 0 EXIT 0 0 0 
97 0 0 27 0050 ffffffff 0 EXIT 0 0 0 
1 0 0 7 0050 00000000 0 EXIT 0 0 0 
22 0 0 22 0050 00000000 0 EXIT 0 0 0 
2 0 0 15 0050 00000000 0 EXIT 0 0 0 
65 0 0 8 0050 00000000 0 EXIT 0 0 0 
81 0 0 13 0050 00000000 0 EXIT 0 0 0 
62 0 0 27 0050 00000000 0 EXIT 0 0 0 
82 0 0 23 0050 00000000 0 EXIT 0 0 0 
61 0 0 22 0050 00000000 0 EXIT 0 0 0 
85 0 0 24 0050 00000000 0 EXIT 0 0 0 
14 0 0 3 0050 00000000 0 EXIT 0 0 0 
74 0 0 4 0050 00000000 0 EXIT 0 0 0 
93 0 0 13 0050 00000000 0 EXIT 0 0 0 
73 0 0 18 0050 00000000 0 EXIT 0 0 0 
38 0 0 11 0050 00000000 0 EXIT 0 0 0 
84 0 0 1 0050 00000000 0 EXIT 0 0 0 
39 0 0 1 0050 00000000 0 EXIT 0 0 0 
2 0 0 14 0050 00000000 0 EXIT 0 0 0 
69 0 0 2 0050 00000000 0 EXIT 0 0 0 
1 0 0 4 0050 00000000 0 EXIT 0 0 0 
3 0 0 0 0050 00000000 0 EXIT 0 0 0 
0 0 0 5 0050 00000000 0 EXIT 0 0 0 
10 0 0 23 0050 00000000 0 EXIT 0 0 0 
30 0 0 4 0050 00000000 0 EXIT 0 0 0 
89 0 0 31 0050 00000000 0 EXIT 0 0 0 
81 0 0 7 0050 00000000 0 EXIT 0 0 0 
34 0 0 3 0050 00000000 0 EXIT 0 0 0 
82 0 0 19 0050 00000000 0 EXIT 0 0 0 
21 0 0 19 0050 00000000 0 EXIT 0 0 0 
85 0 0 22 0050 00000000 0 EXIT 0 0 0 
22 0 0 18 0050 00000000 0 EXIT 0 0 0 
74 0 0 3 0050 00000000 0 EXIT 0 0 0 
97 0 0 19 0050 00000000 0 EXIT 0 0 0 
73 0 0 31 0050 00000000 0 EXIT 0 0 0 
62 0 0 21 0050 00000000 0 EXIT 0 0 0 
2 0 0 16 0050 00000000 0 EXIT 0 0 0 
65 0 0 11 0050 00000000 0 EXIT 0 0 0 
1 0 0 10 0050 00000000 0 EXIT 0 0 0 
70 0 0 25 0050 00000000 0 EXIT 0 0 0 
30 0 0 6 0050 00000000 0 EXIT 0 0 0 
61 0 0 17 0050 00000000 0 EXIT 0 0 0 
81 0 0 5 0050 00000000 0 EXIT 0 0 0 
38 0 0 21 0050 00000000 0 EXIT 0 0 0 
82 0 0 30 0050 00000000 0 EXIT 0 0 0 
37 0 0 1 0050 00000000 0 EXIT 0 0 0 
85 0 0 25 0050 00000000 0 EXIT 0 0 0 
10 0 0 20 0050 00000000 0 EXIT 0 0 0 
74 0 0 15 0050 00000000 0 EXIT 0 0 0 
69 0 0 3 0050 00000000 0 EXIT 0 0 0 
73 0 0 24 0050 00000000 0 EXIT 0 0 0 
34 0 0 0 0050 00000000 0 EXIT 0 0 0 
2 0 0 9 0050 00000000 0 EXIT 0 0 0 
89 0 0 19 0050 00000000 0 EXIT 0 0 0 
1 0 0 2 0050 00000000 0 EXIT 0 0 0 
22 0 0 19 0050 00000000 0 EXIT 0 0 0 
21 0 0 16 0050 00000000 0 EXIT 0 0 0 
81 0 0 6 0050 00000000 0 EXIT 0 0 0 
62 0 0 20 0050 00000000 0 EXIT 0 0 0 
82 0 0 26 0050 00000000 0 EXIT 0 0 0 
97 0 0 20 0050 00000000 0 EXIT 0 0 0 
85 0 0 20 0050 00000000 0 EXIT 0 0 0 
70 0 0 13 0050 00000000 0 EXIT 0 0 0 
18 0 0 28 0050 00000000 0 EXIT 0 0 0 
65 0 0 13 0050 00000000 0 EXIT 0 0 0 
73 0 0 27 0050 00000000 0 EXIT 0 0 0 
38 0 0 20 0050 00000000 0 EXIT 0 0 0 
2 0 0 13 0050 00000000 0 EXIT 0 0 0 
61 0 0 18 0050 00000000 0 EXIT 0 0 0 
1 0 0 5 0050 00000000 0 EXIT 0 0 0 
10 0 0 5 0050 00000000 0 EXIT 0 0 0 
30 0 0 31 0050 00000000 0 EXIT 0 0 0 
93 0 0 26 0050 00000000 0 EXIT 0 0 0 
81 0 0 4 0050 00000000 0 EXIT 0 0 0 
90 0 0 28 0050 00000000 0 EXIT 0 0 0 
82 0 0 24 0050 00000000 0 EXIT 0 0 0 
85 0 0 18 0050 00000000 0 EXIT 0 0 0 
22 0 0 13 0050 00000000 0 EXIT 0 0 0 
18 0 0 25 0050 00000000 0 EXIT 0 0 0 
89 0 0 26 0050 00000000 0 EXIT 0 0 0 
73 0 0 14 0050 00000000 0 EXIT 0 0 0 
62 0 0 30 0050 00000000 0 EXIT 0 0 0 
2 0 0 7 0050 00000000 0 EXIT 0 0 0 
32 0 0 20 0050 00000000 0 EXIT 0 0 0 
51 0 0 1 0050 00000000 0 EXIT 0 0 0 
27 0 0 30 0050 00000000 0 EXIT 0 0 0 
21 0 0 21 0050 00000000 0 EXIT 0 0 0 
1 0 0 3 0050 00000000 0 EXIT 0 0 0 
70 0 0 28 0050 00000000 0 EXIT 0 0 0 
24 0 0 12 0050 00000000 0 EXIT 0 0 0 
43 0 0 29 0050 00000000 0 EXIT 0 0 0 
30 0 0 0 0050 00000000 0 EXIT 0 0 0 
97 0 0 16 0050 00000000 0 EXIT 0 0 0 
81 0 0 3 0050 00000000 0 EXIT 0 0 0 
75 0 0 22 0050 00000000 0 EXIT 0 0 0 
52 0 0 14 0050 00000000 0 EXIT 0 0 0 
38 0 0 22 0050 00000000 0 EXIT 0 0 0 
82 0 0 20 0050 00000000 0 EXIT 0 0 0 
15 0 0 23 0050 00000000 0 EXIT 0 0 0 
87 0 0 16 0050 00000000 0 EXIT 0 0 0 
16 0 0 10 0050 00000000 0 EXIT 0 0 0 
65 0 0 18 0050 00000000 0 EXIT 0 0 0 
85 0 0 23 0050 00000000 0 EXIT 0 0 0 
10 0 0 22 0050 00000000 0 EXIT 0 0 0 
55 0 0 22 0050 00000000 0 EXIT 0 0 0 
2 0 0 10 0050 00000000 0 EXIT 0 0 0 
61 0 0 19 0050 00000000 0 EXIT 0 0 0 
73 0 0 23 0050 00000000 0 EXIT 0 0 0 
84 0 0 8 0050 00000000 0 EXIT 0 0 0 
90 0 0 29 0050 00000000 0 EXIT 0 0 0 
30 0 0 29 0050 00000000 0 EXIT 0 0 0 
93 0 0 22 0050 00000000 0 EXIT 0 0 0 
3 0 0 3 0050 00000000 0 EXIT 0 0 0 
0 0 0 3 0050 00000000 0 EXIT 0 0 0 
48 0 0 17 0050 00000000 0 EXIT 0 0 0 
22 0 0 20 0050 00000000 0 EXIT 0 0 0 
82 0 0 22 0050 00000000 0 EXIT 0 0 0 
27 0 0 25 0050 00000000 0 EXIT 0 0 0 
24 0 0 14 0050 00000000 0 EXIT 0 0 0 
69 0 0 1 0050 00000000 0 EXIT 0 0 0 
81 0 0 1 0050 00000000 0 EXIT 0 0 0 
62 0 0 16 0050 00000000 0 EXIT 0 0 0 
76 0 0 7 0050 00000000 0 EXIT 0 0 0 
75 0 0 14 0050 00000000 0 EXIT 0 0 0 
74 0 0 2 0050 00000000 0 EXIT 0 0 0 
89 0 0 27 0050 00000000 0 EXIT 0 0 0 
85 0 0 16 0050 00000000 0 EXIT 0 0 0 
52 0 0 10 0050 00000000 0 EXIT 0 0 0 
8 0 0 6 0050 00000000 0 EXIT 0 0 0 
39 0 0 2 0050 00000000 0 EXIT 0 0 0 
70 0 0 21 0050 00000000 0 EXIT 0 0 0 
2 0 0 8 0050 00000000 0 EXIT 0 0 0 
21 0 0 15 0050 00000000 0 EXIT 0 0 0 
87 0 0 22 0050 00000000 0 EXIT 0 0 0 
16 0 0 27 0050 00000000 0 EXIT 0 0 0 
32 0 0 30 0050 00000000 0 EXIT 0 0 0 
73 0 0 22 0050 00000000 0 EXIT 0 0 0 
38 0 0 8 0050 00000000 0 EXIT 0 0 0 
30 0 0 12 0050 00000000 0 EXIT 0 0 0 
51 0 0 16 0050 00000000 0 EXIT 0 0 0 
55 0 0 31 0050 00000000 0 EXIT 0 0 0 
84 0 0 15 0050 00000000 0 EXIT 0 0 0 
97 0 0 15 0050 00000000 0 EXIT 0 0 0 
1 0 0 6 0050 00000000 0 EXIT 0 0 0 
10 0 0 15 0050 00000000 0 EXIT 0 0 0 
43 0 0 26 0050 00000000 0 EXIT 0 0 0 
3 0 0 10 0050 00000000 0 EXIT 0 0 0 
82 0 0 16 0050 00000000 0 EXIT 0 0 0 
65 0 0 7 0050 00000000 0 EXIT 0 0 0 
81 0 0 0 0050 00000000 0 EXIT 0 0 0 
0 0 0 2 0050 00000000 0 EXIT 0 0 0 
90 0 0 30 0050 00000000 0 EXIT 0 0 0 
18 0 0 31 0050 00000000 0 EXIT 0 0 0 
61 0 0 8 0050 00000000 0 EXIT 0 0 0 
27 0 0 21 0050 00000000 0 EXIT 0 0 0 
24 0 0 8 0050 00000000 0 EXIT 0 0 0 
36 0 0 16 0050 00000000 0 EXIT 0 0 0 
22 0 0 16 0050 00000000 0 EXIT 0 0 0 
2 0 0 1 0050 00000000 0 EXIT 0 0 0 
79 0 0 14 0050 00000000 0 EXIT 0 0 0 
75 0 0 1 0050 00000000 0 EXIT 0 0 0 
52 0 0 0 0050 00000000 0 EXIT 0 0 0 
93 0 0 29 0050 00000000 0 EXIT 0 0 0 
73 0 0 16 0050 00000000 0 EXIT 0 0 0 
87 0 0 19 0050 00000000 0 EXIT 0 0 0 
62 0 0 26 0050 00000000 0 EXIT 0 0 0 
82 0 0 25 0050 00000000 0 EXIT 0 0 0 
13 0 0 3 0050 00000000 0 EXIT 0 0 0 
16 0 0 4 0050 00000000 0 EXIT 0 0 0 
48 0 0 26 0050 00000000 0 EXIT 0 0 0 
1 0 0 9 0050 00000000 0 EXIT 0 0 0 
70 0 0 27 0050 00000000 0 EXIT 0 0 0 
18 0 0 30 0050 00000000 0 EXIT 0 0 0 
55 0 0 17 0050 00000000 0 EXIT 0 0 0 
84 0 0 30 0050 00000000 0 EXIT 0 0 0 
76 0 0 8 0050 00000000 0 EXIT 0 0 0 
89 0 0 16 0050 00000000 0 EXIT 0 0 0 
81 0 0 30 0050 00000000 0 EXIT 0 0 0 
38 0 0 7 0050 00000000 0 EXIT 0 0 0 
3 0 0 6 0050 00000000 0 EXIT 0 0 0 
0 0 0 4 0050 00000000 0 EXIT 0 0 0 
2 0 0 6 0050 00000000 0 EXIT 0 0 0 
21 0 0 12 0050 00000000 0 EXIT 0 0 0 
85 0 0 0 0050 00000000 0 EXIT 0 0 0 
27 0 0 26 0050 00000000 0 EXIT 0 0 0 
10 0 0 8 0050 00000000 0 EXIT 0 0 0 
30 0 0 2 0050 00000000 0 EXIT 0 0 0 
97 0 0 17 0050 00000000 0 EXIT 0 0 0 
24 0 0 30 0050 00000000 0 EXIT 0 0 0 
32 0 0 17 0050 00000000 0 EXIT 0 0 0 
51 0 0 14 0050 00000000 0 EXIT 0 0 0 
73 0 0 29 0050 00000000 0 EXIT 0 0 0 
90 0 0 21 0050 00000000 0 EXIT 0 0 0 
82 0 0 6 0050 00000000 0 EXIT 0 0 0 
75 0 0 31 0050 00000000 0 EXIT 0 0 0 
52 0 0 5 0050 00000000 0 EXIT 0 0 0 
43 0 0 19 0050 00000000 0 EXIT 0 0 0 
87 0 0 18 0050 00000000 0 EXIT 0 0 0 
16 0 0 29 0050 00000000 0 EXIT 0 0 0 
65 0 0 4 0050 00000000 0 EXIT 0 0 0 
22 0 0 15 0050 00000000 0 EXIT 0 0 0 
18 0 0 21 0050 00000000 0 EXIT 0 0 0 
61 0 0 14 0050 00000000 0 EXIT 0 0 0 
25 0 0 24 0050 00000000 0 EXIT 0 0 0 
62 0 0 29 0050 00000000 0 EXIT 0 0 0 
2 0 0 3 0050 00000000 0 EXIT 0 0 0 
93 0 0 25 0050 00000000 0 EXIT 0 0 0 
85 0 0 21 0050 00000000 0 EXIT 0 0 0 
70 0 0 30 0050 00000000 0 EXIT 0 0 0 
30 0 0 1 0050 00000000 0 EXIT 0 0 0 
69 0 0 31 0050 00000000 0 EXIT 0 0 0 
73 0 0 25 0050 00000000 0 EXIT 0 0 0 
38 0 0 17 0050 00000000 0 EXIT 0 0 0 
89 0 0 0 0050 00000000 0 EXIT 0 0 0 
1 0 0 0 0050 00000000 0 EXIT 0 0 0 
30 0 0 10 0050 00000000 0 EXIT 0 0 0 
10 0 0 14 0050 00000000 0 EXIT 0 0 0 
21 0 0 17 0050 00000000 0 EXIT 0 0 0 
25 0 0 28 0050 00000000 0 EXIT 0 0 0 
82 0 0 15 0050 00000000 0 EXIT 0 0 0 
90 0 0 31 0050 00000000 0 EXIT 0 0 0 
97 0 0 31 0050 ffffffff 0 EXIT 0 0 0 
85 0 0 14 0050 00000000 0 EXIT 0 0 0 
22 0 0 14 0050 00000000 0 EXIT 0 0 0 
65 0 0 5 0050 00000000 0 EXIT 0 0 0 
73 0 0 20 0050 00000000 0 EXIT 0 0 0 
62 0 0 22 0050 00000000 0 EXIT 0 0 0 
61 0 0 10 0050 00000000 0 EXIT 0 0 0 
25 0 0 29 0050 00000000 0 EXIT 0 0 0 
70 0 0 23 0050 00000000 0 EXIT 0 0 0 
93 0 0 21 0050 00000000 0 EXIT 0 0 0 
85 0 0 19 0050 00000000 0 EXIT 0 0 0 
38 0 0 14 0050 00000000 0 EXIT 0 0 0 
13 0 0 31 0050 00000000 0 EXIT 0 0 0 
73 0 0 21 0050 00000000 0 EXIT 0 0 0 
10 0 0 10 0050 00000000 0 EXIT 0 0 0 
89 0 0 29 0050 00000000 0 EXIT 0 0 0 
1 0 0 31 0050 00000000 0 EXIT 0 0 0 
15 0 0 16 0050 00000000 0 EXIT 0 0 0 
84 0 0 13 0050 00000000 0 EXIT 0 0 0 
90 0 0 27 0050 00000000 0 EXIT 0 0 0 
21 0 0 18 0050 00000000 0 EXIT 0 0 0 
3 0 0 1 0050 00000000 0 EXIT 0 0 0 
36 0 0 30 0050 00000000 0 EXIT 0 0 0 
25 0 0 26 0050 00000000 0 EXIT 0 0 0 
22 0 0 11 0050 00000000 0 EXIT 0 0 0 
0 0 0 0 0050 00000000 0 EXIT 0 0 0 
27 0 0 18 0050 00000000 0 EXIT 0 0 0 
97 0 0 13 0050 00000000 0 EXIT 0 0 0 
85 0 0 30 0050 00000000 0 EXIT 0 0 0 
62 0 0 23 0050 00000000 0 EXIT 0 0 0 
35 0 0 12 0050 00000000 0 EXIT 0 0 0 
24 0 0 11 0050 00000000 0 EXIT 0 0 0 
75 0 0 8 0050 00000000 0 EXIT 0 0 0 
65 0 0 0 0050 00000000 0 EXIT 0 0 0 
48 0 0 27 0050 00000000 0 EXIT 0 0 0 
7 0 0 27 0050 00000000 0 EXIT 0 0 0 
16 0 0 0 0050 00000000 0 EXIT 0 0 0 
70 0 0 26 0050 00000000 0 EXIT 0 0 0 
1 0 0 1 0050 00000000 0 EXIT 0 0 0 
87 0 0 13 0050 00000000 0 EXIT 0 0 0 
61 0 0 15 0050 00000000 0 EXIT 0 0 0 
38 0 0 3 0050 00000000 0 EXIT 0 0 0 
84 0 0 26 0050 00000000 0 EXIT 0 0 0 
3 0 0 2 0050 00000000 0 EXIT 0 0 0 
25 0 0 31 0050 00000000 0 EXIT 0 0 0 
93 0 0 27 0050 00000000 0 EXIT 0 0 0 
10 0 0 11 0050 00000000 0 EXIT 0 0 0 
8 0 0 0 0050 00000000 0 EXIT 0 0 0 
0 0 0 1 0050 00000000 0 EXIT 0 0 0 
13 0 0 27 0050 00000000 0 EXIT 0 0 0 
32 0 0 31 0050 00000000 0 EXIT 0 0 0 
27 0 0 23 0050 00000000 0 EXIT 0 0 0 
51 0 0 4 0050 00000000 0 EXIT 0 0 0 
90 0 0 26 0050 00000000 0 EXIT 0 0 0 
73 0 0 19 0050 00000000 0 EXIT 0 0 0 
24 0 0 10 0050 00000000 0 EXIT 0 0 0 
75 0 0 10 0050 00000000 0 EXIT 0 0 0 
89 0 0 22 0050 00000000 0 EXIT 0 0 0 
22 0 0 12 0050 00000000 0 EXIT 0 0 0 
43 0 0 24 0050 00000000 0 EXIT 0 0 0 
16 0 0 3 0050 00000000 0 EXIT 0 0 0 
21 0 0 8 0050 00000000 0 EXIT 0 0 0 
25 0 0 27 0050 00000000 0 EXIT 0 0 0 
87 0 0 10 0050 00000000 0 EXIT 0 0 0 
15 0 0 19 0050 00000000 0 EXIT 0 0 0 
84 0 0 22 0050 00000000 0 EXIT 0 0 0 
62 0 0 17 0050 00000000 0 EXIT 0 0 0 
97 0 0 12 0050 00000000 0 EXIT 0 0 0 
36 0 0 12 0050 00000000 0 EXIT 0 0 0 
3 0 0 28 0050 00000000 0 EXIT 0 0 0 
70 0 0 19 0050 00000000 0 EXIT 0 0 0 
79 0 0 15 0050 00000000 0 EXIT 0 0 0 
56 0 0 25 0050 00000000 0 EXIT 0 0 0 
27 0 0 17 0050 00000000 0 EXIT 0 0 0 
35 0 0 26 0050 00000000 0 EXIT 0 0 0 
24 0 0 5 0050 00000000 0 EXIT 0 0 0 
65 0 0 10 0050 00000000 0 EXIT 0 0 0 
38 0 0 9 0050 00000000 0 EXIT 0 0 0 
48 0 0 8 0050 00000000 0 EXIT 0 0 0 
75 0 0 23 0050 00000000 0 EXIT 0 0 0 
7 0 0 23 0050 00000000 0 EXIT 0 0 0 
61 0 0 4 0050 00000000 0 EXIT 0 0 0 
72 0 0 28 0050 00000000 0 EXIT 0 0 0 
76 0 0 10 0050 00000000 0 EXIT 0 0 0 
87 0 0 14 0050 00000000 0 EXIT 0 0 0 
10 0 0 16 0050 00000000 0 EXIT 0 0 0 
67 0 0 14 0050 00000000 0 EXIT 0 0 0 
84 0 0 18 0050 00000000 0 EXIT 0 0 0 
8 0 0 7 0050 00000000 0 EXIT 0 0 0 
93 0 0 28 0050 00000000 0 EXIT 0 0 0 
59 0 0 31 0050 00000000 0 EXIT 0 0 0 
56 0 0 30 0050 00000000 0 EXIT 0 0 0 
32 0 0 22 0050 00000000 0 EXIT 0 0 0 
27 0 0 14 0050 00000000 0 EXIT 0 0 0 
90 0 0 14 0050 00000000 0 EXIT 0 0 0 
13 0 0 26 0050 00000000 0 EXIT 0 0 0 
22 0 0 10 0050 00000000 0 EXIT 0 0 0 
89 0 0 18 0050 00000000 0 EXIT 0 0 0 
62 0 0 19 0050 00000000 0 EXIT 0 0 0 
21 0 0 22 0050 00000000 0 EXIT 0 0 0 
70 0 0 22 0050 00000000 0 EXIT 0 0 0 
97 0 0 10 0050 00000000 0 EXIT 0 0 0 
38 0 0 18 0050 00000000 0 EXIT 0 0 0 
65 0 0 1 0050 00000000 0 EXIT 0 0 0 
10 0 0 29 0050 00000000 0 EXIT 0 0 0 
61 0 0 9 0050 00000000 0 EXIT 0 0 0 
90 0 0 24 0050 00000000 0 EXIT 0 0 0 
93 0 0 23 0050 00000000 0 EXIT 0 0 0 
22 0 0 3 0050 00000000 0 EXIT 0 0 0 
13 0 0 24 0050 00000000 0 EXIT 0 0 0 
62 0 0 8 0050 00000000 0 EXIT 0 0 0 
89 0 0 25 0050 00000000 0 EXIT 0 0 0 
70 0 0 15 0050 00000000 0 EXIT 0 0 0 
21 0 0 23 0050 00000000 0 EXIT 0 0 0 
38 0 0 4 0050 00000000 0 EXIT 0 0 0 
97 0 0 9 0050 00000000 0 EXIT 0 0 0 
10 0 0 4 0050 00000000 0 EXIT 0 0 0 
65 0 0 6 0050 00000000 0 EXIT 0 0 0 
90 0 0 25 0050 00000000 0 EXIT 0 0 0 
61 0 0 0 0050 00000000 0 EXIT 0 0 0 
22 0 0 9 0050 00000000 0 EXIT 0 0 0 
93 0 0 10 0050 00000000 0 EXIT 0 0 0 
62 0 0 18 0050 00000000 0 EXIT 0 0 0 
13 0 0 29 0050 00000000 0 EXIT 0 0 0 
70 0 0 18 0050 00000000 0 EXIT 0 0 0 
89 0 0 30 0050 00000000 0 EXIT 0 0 0 
38 0 0 31 0050 00000000 0 EXIT 0 0 0 
21 0 0 13 0050 00000000 0 EXIT 0 0 0 
10 0 0 1 0050 00000000 0 EXIT 0 0 0 
97 0 0 11 0050 00000000 0 EXIT 0 0 0 
90 0 0 2 0050 00000000 0 EXIT 0 0 0 
65 0 0 3 0050 00000000 0 EXIT 0 0 0 
22 0 0 5 0050 00000000 0 EXIT 0 0 0 
61 0 0 7 0050 00000000 0 EXIT 0 0 0 
62 0 0 11 0050 00000000 0 EXIT 0 0 0 
93 0 0 24 0050 00000000 0 EXIT 0 0 0 
70 0 0 17 0050 00000000 0 EXIT 0 0 0 
13 0 0 22 0050 00000000 0 EXIT 0 0 0 
38 0 0 6 0050 00000000 0 EXIT 0 0 0 
89 0 0 13 0050 00000000 0 EXIT 0 0 0 
10 0 0 6 0050 00000000 0 EXIT 0 0 0 
21 0 0 9 0050 00000000 0 EXIT 0 0 0 
90 0 0 16 0050 00000000 0 EXIT 0 0 0 
97 0 0 6 0050 00000000 0 EXIT 0 0 0 
22 0 0 1 0050 00000000 0 EXIT 0 0 0 
9 0 0 28 0050 00000000 0 EXIT 0 0 0 
62 0 0 14 0050 00000000 0 EXIT 0 0 0 
61 0 0 6 0050 00000000 0 EXIT 0 0 0 
24 0 0 4 0050 00000000 0 EXIT 0 0 0 
75 0 0 29 0050 00000000 0 EXIT 0 0 0 
70 0 0 14 0050 00000000 0 EXIT 0 0 0 
93 0 0 18 0050 00000000 0 EXIT 0 0 0 
38 0 0 0 0050 00000000 0 EXIT 0 0 0 
13 0 0 23 0050 00000000 0 EXIT 0 0 0 
10 0 0 2 0050 00000000 0 EXIT 0 0 0 
89 0 0 21 0050 00000000 0 EXIT 0 0 0 
90 0 0 23 0050 00000000 0 EXIT 0 0 0 
21 0 0 7 0050 00000000 0 EXIT 0 0 0 
22 0 0 6 0050 00000000 0 EXIT 0 0 0 
97 0 0 8 0050 00000000 0 EXIT 0 0 0 
62 0 0 13 0050 00000000 0 EXIT 0 0 0 
9 0 0 31 0050 00000000 0 EXIT 0 0 0 
70 0 0 9 0050 00000000 0 EXIT 0 0 0 
61 0 0 1 0050 00000000 0 EXIT 0 0 0 
38 0 0 5 0050 00000000 0 EXIT 0 0 0 
93 0 0 31 0050 00000000 0 EXIT 0 0 0 
10 0 0 9 0050 00000000 0 EXIT 0 0 0 
13 0 0 25 0050 00000000 0 EXIT 0 0 0 
90 0 0 12 0050 00000000 0 EXIT 0 0 0 
89 0 0 14 0050 00000000 0 EXIT 0 0 0 
22 0 0 8 0050 00000000 0 EXIT 0 0 0 
21 0 0 4 0050 00000000 0 EXIT 0 0 0 
62 0 0 9 0050 00000000 0 EXIT 0 0 0 
97 0 0 4 0050 00000000 0 EXIT 0 0 0 
70 0 0 24 0050 00000000 0 EXIT 0 0 0 
9 0 0 26 0050 00000000 0 EXIT 0 0 0 
94 0 0 11 0050 00000000 0 EXIT 0 0 0 
61 0 0 5 0050 00000000 0 EXIT 0 0 0 
10 0 0 0 0050 00000000 0 EXIT 0 0 0 
93 0 0 16 0050 00000000 0 EXIT 0 0 0 
90 0 0 9 0050 00000000 0 EXIT 0 0 0 
13 0 0 20 0050 00000000 0 EXIT 0 0 0 
22 0 0 7 0050 00000000 0 EXIT 0 0 0 
89 0 0 23 0050 00000000 0 EXIT 0 0 0 
62 0 0 12 0050 00000000 0 EXIT 0 0 0 
21 0 0 3 0050 00000000 0 EXIT 0 0 0 
70 0 0 16 0050 00000000 0 EXIT 0 0 0 
97 0 0 7 0050 00000000 0 EXIT 0 0 0 
38 0 0 1 0050 00000000 0 EXIT 0 0 0 
9 0 0 27 0050 00000000 0 EXIT 0 0 0 
10 0 0 7 0050 00000000 0 EXIT 0 0 0 
5 0 0 1 0050 00000000 0 EXIT 0 0 0 
90 0 0 19 0050 00000000 0 EXIT 0 0 0 
93 0 0 14 0050 00000000 0 EXIT 0 0 0 
22 0 0 4 0050 00000000 0 EXIT 0 0 0 
13 0 0 18 0050 00000000 0 EXIT 0 0 0 
62 0 0 1 0050 00000000 0 EXIT 0 0 0 
89 0 0 8 0050 00000000 0 EXIT 0 0 0 
70 0 0 12 0050 00000000 0 EXIT 0 0 0 
21 0 0 14 0050 00000000 0 EXIT 0 0 0 
94 0 0 28 0050 00000000 0 EXIT 0 0 0 
97 0 0 3 0050 00000000 0 EXIT 0 0 0 
10 0 0 3 0050 00000000 0 EXIT 0 0 0 
9 0 0 22 0050 00000000 0 EXIT 0 0 0 
90 0 0 15 0050 00000000 0 EXIT 0 0 0 
61 0 0 2 0050 00000000 0 EXIT 0 0 0 
22 0 0 2 0050 00000000 0 EXIT 0 0 0 
93 0 0 20 0050 00000000 0 EXIT 0 0 0 
62 0 0 15 0050 00000000 0 EXIT 0 0 0 
13 0 0 16 0050 00000000 0 EXIT 0 0 0 
70 0 0 11 0050 00000000 0 EXIT 0 0 0 
89 0 0 4 0050 00000000 0 EXIT 0 0 0 
94 0 0 24 0050 00000000 0 EXIT 0 0 0 
21 0 0 11 0050 00000000 0 EXIT 0 0 0 
66 0 0 28 0050 00000000 0 EXIT 0 0 0 
97 0 0 0 0050 00000000 0 EXIT 0 0 0 
90 0 0 11 0050 00000000 0 EXIT 0 0 0 
9 0 0 29 0050 00000000 0 EXIT 0 0 0 
22 0 0 31 0050 00000000 0 EXIT 0 0 0 
5 0 0 29 0050 00000000 0 EXIT 0 0 0 
93 0 0 19 0050 00000000 0 EXIT 0 0 0 
62 0 0 5 0050 00000000 0 EXIT 0 0 0 
13 0 0 17 0050 00000000 0 EXIT 0 0 0 
70 0 0 8 0050 00000000 0 EXIT 0 0 0 
16 0 0 2 0050 00000000 0 EXIT 0 0 0 
87 0 0 12 0050 00000000 0 EXIT 0 0 0 
89 0 0 10 0050 00000000 0 EXIT 0 0 0 
94 0 0 27 0050 00000000 0 EXIT 0 0 0 
21 0 0 28 0050 00000000 0 EXIT 0 0 0 
15 0 0 9 0050 00000000 0 EXIT 0 0 0 
66 0 0 30 0050 00000000 0 EXIT 0 0 0 
97 0 0 1 0050 00000000 0 EXIT 0 0 0 
90 0 0 22 0050 00000000 0 EXIT 0 0 0 
9 0 0 30 0050 00000000 0 EXIT 0 0 0 
22 0 0 21 0050 00000000 0 EXIT 0 0 0 
5 0 0 28 0050 00000000 0 EXIT 0 0 0 
62 0 0 4 0050 00000000 0 EXIT 0 0 0 
93 0 0 17 0050 00000000 0 EXIT 0 0 0 
70 0 0 7 0050 00000000 0 EXIT 0 0 0 
13 0 0 21 0050 00000000 0 EXIT 0 0 0 
38 0 0 2 0050 00000000 0 EXIT 0 0 0 
89 0 0 15 0050 00000000 0 EXIT 0 0 0 
66 0 0 24 0050 00000000 0 EXIT 0 0 0 
21 0 0 10 0050 00000000 0 EXIT 0 0 0 
90 0 0 18 0050 00000000 0 EXIT 0 0 0 
41 0 0 27 0050 00000000 0 EXIT 0 0 0 
9 0 0 24 0050 00000000 0 EXIT 0 0 0 
22 0 0 0 0050 00000000 0 EXIT 0 0 0 
62 0 0 0 0050 00000000 0 EXIT 0 0 0 
5 0 0 17 0050 00000000 0 EXIT 0 0 0 
70 0 0 10 0050 00000000 0 EXIT 0 0 0 
94 0 0 30 0050 00000000 0 EXIT 0 0 0 
93 0 0 9 0050 00000000 0 EXIT 0 0 0 
13 0 0 14 0050 00000000 0 EXIT 0 0 0 
66 0 0 20 0050 00000000 0 EXIT 0 0 0 
89 0 0 17 0050 00000000 0 EXIT 0 0 0 
90 0 0 13 0050 00000000 0 EXIT 0 0 0 
21 0 0 0 0050 00000000 0 EXIT 0 0 0 
78 0 0 29 0050 00000000 0 EXIT 0 0 0 
41 0 0 18 0050 00000000 0 EXIT 0 0 0 
62 0 0 10 0050 00000000 0 EXIT 0 0 0 
70 0 0 4 0050 00000000 0 EXIT 0 0 0 
9 0 0 21 0050 00000000 0 EXIT 0 0 0 
94 0 0 26 0050 00000000 0 EXIT 0 0 0 
5 0 0 12 0050 00000000 0 EXIT 0 0 0 
66 0 0 31 0050 00000000 0 EXIT 0 0 0 
93 0 0 15 0050 00000000 0 EXIT 0 0 0 
90 0 0 10 0050 00000000 0 EXIT 0 0 0 
13 0 0 19 0050 00000000 0 EXIT 0 0 0 
78 0 0 25 0050 00000000 0 EXIT 0 0 0 
89 0 0 6 0050 00000000 0 EXIT 0 0 0 
21 0 0 6 0050 00000000 0 EXIT 0 0 0 
6 0 0 30 0050 00000000 0 EXIT 0 0 0 
41 0 0 15 0050 00000000 0 EXIT 0 0 0 
70 0 0 20 0050 00000000 0 EXIT 0 0 0 
94 0 0 22 0050 00000000 0 EXIT 0 0 0 
9 0 0 20 0050 00000000 0 EXIT 0 0 0 
66 0 0 26 0050 00000000 0 EXIT 0 0 0 
5 0 0 25 0050 00000000 0 EXIT 0 0 0 
93 0 0 12 0050 00000000 0 EXIT 0 0 0 
90 0 0 4 0050 00000000 0 EXIT 0 0 0 
13 0 0 10 0050 00000000 0 EXIT 0 0 0 
78 0 0 21 0050 00000000 0 EXIT 0 0 0 
89 0 0 11 0050 00000000 0 EXIT 0 0 0 
62 0 0 6 0050 00000000 0 EXIT 0 0 0 
21 0 0 2 0050 00000000 0 EXIT 0 0 0 
70 0 0 5 0050 00000000 0 EXIT 0 0 0 
41 0 0 17 0050 00000000 0 EXIT 0 0 0 
94 0 0 23 0050 00000000 0 EXIT 0 0 0 
9 0 0 17 0050 00000000 0 EXIT 0 0 0 
36 0 0 23 0050 00000000 0 EXIT 0 0 0 
59 0 0 28 0050 00000000 0 EXIT 0 0 0 
66 0 0 16 0050 00000000 0 EXIT 0 0 0 
90 0 0 0 0050 00000000 0 EXIT 0 0 0 
78 0 0 31 0050 00000000 0 EXIT 0 0 0 
84 0 0 11 0050 00000000 0 EXIT 0 0 0 
68 0 0 23 0050 00000000 0 EXIT 0 0 0 
27 0 0 20 0050 00000000 0 EXIT 0 0 0 
5 0 0 31 0050 00000000 0 EXIT 0 0 0 
93 0 0 7 0050 00000000 0 EXIT 0 0 0 
56 0 0 26 0050 00000000 0 EXIT 0 0 0 
75 0 0 12 0050 00000000 0 EXIT 0 0 0 
6 0 0 5 0050 00000000 0 EXIT 0 0 0 
13 0 0 28 0050 00000000 0 EXIT 0 0 0 
48 0 0 10 0050 00000000 0 EXIT 0 0 0 
7 0 0 22 0050 00000000 0 EXIT 0 0 0 
24 0 0 7 0050 00000000 0 EXIT 0 0 0 
89 0 0 9 0050 00000000 0 EXIT 0 0 0 
87 0 0 15 0050 00000000 0 EXIT 0 0 0 
21 0 0 5 0050 00000000 0 EXIT 0 0 0 
41 0 0 31 0050 00000000 0 EXIT 0 0 0 
70 0 0 3 0050 00000000 0 EXIT 0 0 0 
72 0 0 30 0050 00000000 0 EXIT 0 0 0 
59 0 0 24 0050 00000000 0 EXIT 0 0 0 
8 0 0 5 0050 00000000 0 EXIT 0 0 0 
9 0 0 18 0050 00000000 0 EXIT 0 0 0 
5 0 0 18 0050 00000000 0 EXIT 0 0 0 
84 0 0 9 0050 00000000 0 EXIT 0 0 0 
27 0 0 19 0050 00000000 0 EXIT 0 0 0 
15 0 0 5 0050 00000000 0 EXIT 0 0 0 
56 0 0 31 0050 00000000 0 EXIT 0 0 0 
93 0 0 8 0050 00000000 0 EXIT 0 0 0 
13 0 0 15 0050 00000000 0 EXIT 0 0 0 
94 0 0 19 0050 00000000 0 EXIT 0 0 0 
75 0 0 17 0050 00000000 0 EXIT 0 0 0 
66 0 0 27 0050 00000000 0 EXIT 0 0 0 
89 0 0 28 0050 00000000 0 EXIT 0 0 0 
90 0 0 7 0050 00000000 0 EXIT 0 0 0 
24 0 0 1 0050 00000000 0 EXIT 0 0 0 
87 0 0 9 0050 00000000 0 EXIT 0 0 0 
21 0 0 1 0050 00000000 0 EXIT 0 0 0 
35 0 0 3 0050 00000000 0 EXIT 0 0 0 
72 0 0 26 0050 00000000 0 EXIT 0 0 0 
59 0 0 20 0050 00000000 0 EXIT 0 0 0 
78 0 0 28 0050 00000000 0 EXIT 0 0 0 
84 0 0 2 0050 00000000 0 EXIT 0 0 0 
41 0 0 29 0050 00000000 0 EXIT 0 0 0 
6 0 0 17 0050 00000000 0 EXIT 0 0 0 
27 0 0 16 0050 00000000 0 EXIT 0 0 0 
68 0 0 19 0050 00000000 0 EXIT 0 0 0 
70 0 0 6 0050 00000000 0 EXIT 0 0 0 
94 0 0 29 0050 00000000 0 EXIT 0 0 0 
66 0 0 22 0050 00000000 0 EXIT 0 0 0 
9 0 0 23 0050 00000000 0 EXIT 0 0 0 
90 0 0 5 0050 00000000 0 EXIT 0 0 0 
5 0 0 20 0050 00000000 0 EXIT 0 0 0 
78 0 0 17 0050 00000000 0 EXIT 0 0 0 
93 0 0 4 0050 00000000 0 EXIT 0 0 0 
62 0 0 7 0050 00000000 0 EXIT 0 0 0 
13 0 0 2 0050 00000000 0 EXIT 0 0 0 
70 0 0 31 0050 00000000 0 EXIT 0 0 0 
89 0 0 7 0050 00000000 0 EXIT 0 0 0 
77 0 0 24 0050 00000000 0 EXIT 0 0 0 
94 0 0 31 0050 00000000 0 EXIT 0 0 0 
41 0 0 30 0050 00000000 0 EXIT 0 0 0 
66 0 0 25 0050 00000000 0 EXIT 0 0 0 
9 0 0 16 0050 00000000 0 EXIT 0 0 0 
90 0 0 20 0050 00000000 0 EXIT 0 0 0 
5 0 0 30 0050 00000000 0 EXIT 0 0 0 
78 0 0 24 0050 00000000 0 EXIT 0 0 0 
93 0 0 5 0050 00000000 0 EXIT 0 0 0 
62 0 0 3 0050 00000000 0 EXIT 0 0 0 
13 0 0 12 0050 00000000 0 EXIT 0 0 0 
70 0 0 0 0050 00000000 0 EXIT 0 0 0 
89 0 0 2 0050 00000000 0 EXIT 0 0 0 
77 0 0 31 0050 00000000 0 EXIT 0 0 0 
94 0 0 18 0050 00000000 0 EXIT 0 0 0 
41 0 0 16 0050 00000000 0 EXIT 0 0 0 
66 0 0 23 0050 00000000 0 EXIT 0 0 0 
9 0 0 13 0050 00000000 0 EXIT 0 0 0 
90 0 0 17 0050 00000000 0 EXIT 0 0 0 
5 0 0 15 0050 00000000 0 EXIT 0 0 0 
78 0 0 26 0050 00000000 0 EXIT 0 0 0 
62 0 0 2 0050 00000000 0 EXIT 0 0 0 
93 0 0 1 0050 00000000 0 EXIT 0 0 0 
70 0 0 1 0050 00000000 0 EXIT 0 0 0 
13 0 0 13 0050 00000000 0 EXIT 0 0 0 
94 0 0 20 0050 00000000 0 EXIT 0 0 0 
66 0 0 21 0050 00000000 0 EXIT 0 0 0 
89 0 0 5 0050 00000000 0 EXIT 0 0 0 
90 0 0 8 0050 00000000 0 EXIT 0 0 0 
77 0 0 30 0050 00000000 0 EXIT 0 0 0 
6 0 0 29 0050 00000000 0 EXIT 0 0 0 
41 0 0 22 0050 00000000 0 EXIT 0 0 0 
9 0 0 15 0050 00000000 0 EXIT 0 0 0 
70 0 0 2 0050 00000000 0 EXIT 0 0 0 
5 0 0 21 0050 00000000 0 EXIT 0 0 0 
94 0 0 25 0050 00000000 0 EXIT 0 0 0 
93 0 0 11 0050 00000000 0 EXIT 0 0 0 
66 0 0 17 0050 00000000 0 EXIT 0 0 0 
13 0 0 7 0050 00000000 0 EXIT 0 0 0 
90 0 0 3 0050 00000000 0 EXIT 0 0 0 
89 0 0 3 0050 00000000 0 EXIT 0 0 0 
78 0 0 27 0050 00000000 0 EXIT 0 0 0 
77 0 0 20 0050 00000000 0 EXIT 0 0 0 
6 0 0 26 0050 00000000 0 EXIT 0 0 0 
41 0 0 28 0050 00000000 0 EXIT 0 0 0 
14 0 0 13 0050 00000000 0 EXIT 0 0 0 
56 0 0 28 0050 00000000 0 EXIT 0 0 0 
75 0 0 4 0050 00000000 0 EXIT 0 0 0 
95 0 0 28 0050 00000000 0 EXIT 0 0 0 
94 0 0 8 0050 00000000 0 EXIT 0 0 0 
76 0 0 11 0050 00000000 0 EXIT 0 0 0 
24 0 0 0 0050 00000000 0 EXIT 0 0 0 
87 0 0 8 0050 00000000 0 EXIT 0 0 0 
9 0 0 9 0050 00000000 0 EXIT 0 0 0 
8 0 0 2 0050 00000000 0 EXIT 0 0 0 
16 0 0 6 0050 00000000 0 EXIT 0 0 0 
5 0 0 24 0050 00000000 0 EXIT 0 0 0 
59 0 0 27 0050 00000000 0 EXIT 0 0 0 
32 0 0 29 0050 00000000 0 EXIT 0 0 0 
93 0 0 6 0050 00000000 0 EXIT 0 0 0 
90 0 0 6 0050 00000000 0 EXIT 0 0 0 
84 0 0 7 0050 00000000 0 EXIT 0 0 0 
27 0 0 10 0050 00000000 0 EXIT 0 0 0 
35 0 0 10 0050 00000000 0 EXIT 0 0 0 
13 0 0 9 0050 00000000 0 EXIT 0 0 0 
40 0 0 0 0050 00000000 0 EXIT 0 0 0 
78 0 0 22 0050 00000000 0 EXIT 0 0 0 
89 0 0 1 0050 00000000 0 EXIT 0 0 0 
56 0 0 27 0050 00000000 0 EXIT 0 0 0 
75 0 0 9 0050 00000000 0 EXIT 0 0 0 
7 0 0 18 0050 00000000 0 EXIT 0 0 0 
6 0 0 14 0050 00000000 0 EXIT 0 0 0 
14 0 0 30 0050 00000000 0 EXIT 0 0 0 
24 0 0 3 0050 00000000 0 EXIT 0 0 0 
87 0 0 4 0050 00000000 0 EXIT 0 0 0 
77 0 0 16 0050 00000000 0 EXIT 0 0 0 
94 0 0 21 0050 00000000 0 EXIT 0 0 0 
67 0 0 23 0050 00000000 0 EXIT 0 0 0 
41 0 0 23 0050 00000000 0 EXIT 0 0 0 
66 0 0 18 0050 00000000 0 EXIT 0 0 0 
9 0 0 14 0050 00000000 0 EXIT 0 0 0 
5 0 0 26 0050 00000000 0 EXIT 0 0 0 
78 0 0 20 0050 00000000 0 EXIT 0 0 0 
6 0 0 25 0050 00000000 0 EXIT 0 0 0 
93 0 0 30 0050 00000000 0 EXIT 0 0 0 
13 0 0 11 0050 00000000 0 EXIT 0 0 0 
94 0 0 15 0050 00000000 0 EXIT 0 0 0 
33 0 0 28 0050 00000000 0 EXIT 0 0 0 
66 0 0 19 0050 00000000 0 EXIT 0 0 0 
77 0 0 12 0050 00000000 0 EXIT 0 0 0 
90 0 0 1 0050 00000000 0 EXIT 0 0 0 
41 0 0 24 0050 00000000 0 EXIT 0 0 0 
9 0 0 11 0050 00000000 0 EXIT 0 0 0 
6 0 0 19 0050 00000000 0 EXIT 0 0 0 
5 0 0 27 0050 00000000 0 EXIT 0 0 0 
14 0 0 25 0050 00000000 0 EXIT 0 0 0 
94 0 0 14 0050 00000000 0 EXIT 0 0 0 
93 0 0 2 0050 00000000 0 EXIT 0 0 0 
13 0 0 30 0050 00000000 0 EXIT 0 0 0 
34 0 0 28 0050 00000000 0 EXIT 0 0 0 
33 0 0 29 0050 00000000 0 EXIT 0 0 0 
78 0 0 18 0050 00000000 0 EXIT 0 0 0 
77 0 0 29 0050 00000000 0 EXIT 0 0 0 
6 0 0 28 0050 00000000 0 EXIT 0 0 0 
41 0 0 21 0050 00000000 0 EXIT 0 0 0 
14 0 0 18 0050 00000000 0 EXIT 0 0 0 
9 0 0 25 0050 00000000 0 EXIT 0 0 0 
94 0 0 10 0050 00000000 0 EXIT 0 0 0 
5 0 0 22 0050 00000000 0 EXIT 0 0 0 
78 0 0 16 0050 00000000 0 EXIT 0 0 0 
93 0 0 0 0050 00000000 0 EXIT 0 0 0 
6 0 0 16 0050 00000000 0 EXIT 0 0 0 
13 0 0 8 0050 00000000 0 EXIT 0 0 0 
33 0 0 24 0050 00000000 0 EXIT 0 0 0 
77 0 0 25 0050 00000000 0 EXIT 0 0 0 
14 0 0 27 0050 00000000 0 EXIT 0 0 0 
41 0 0 19 0050 00000000 0 EXIT 0 0 0 
14 0 0 28 0050 00000000 0 EXIT 0 0 0 
36 0 0 25 0050 00000000 0 EXIT 0 0 0 
72 0 0 24 0050 00000000 0 EXIT 0 0 0 
9 0 0 12 0050 00000000 0 EXIT 0 0 0 
5 0 0 9 0050 00000000 0 EXIT 0 0 0 
27 0 0 12 0050 00000000 0 EXIT 0 0 0 
68 0 0 15 0050 00000000 0 EXIT 0 0 0 
84 0 0 0 0050 00000000 0 EXIT 0 0 0 
15 0 0 15 0050 00000000 0 EXIT 0 0 0 
75 0 0 0 0050 00000000 0 EXIT 0 0 0 
93 0 0 3 0050 00000000 0 EXIT 0 0 0 
56 0 0 22 0050 00000000 0 EXIT 0 0 0 
87 0 0 11 0050 00000000 0 EXIT 0 0 0 
8 0 0 1 0050 00000000 0 EXIT 0 0 0 
24 0 0 6 0050 00000000 0 EXIT 0 0 0 
33 0 0 25 0050 00000000 0 EXIT 0 0 0 
35 0 0 1 0050 00000000 0 EXIT 0 0 0 
59 0 0 26 0050 00000000 0 EXIT 0 0 0 
32 0 0 27 0050 00000000 0 EXIT 0 0 0 
72 0 0 31 0050 00000000 0 EXIT 0 0 0 
7 0 0 12 0050 00000000 0 EXIT 0 0 0 
9 0 0 10 0050 00000000 0 EXIT 0 0 0 
5 0 0 8 0050 00000000 0 EXIT 0 0 0 
13 0 0 4 0050 00000000 0 EXIT 0 0 0 
33 0 0 26 0050 00000000 0 EXIT 0 0 0 
77 0 0 26 0050 00000000 0 EXIT 0 0 0 
41 0 0 11 0050 00000000 0 EXIT 0 0 0 
9 0 0 7 0050 00000000 0 EXIT 0 0 0 
5 0 0 19 0050 00000000 0 EXIT 0 0 0 
37 0 0 22 0050 00000000 0 EXIT 0 0 0 
13 0 0 5 0050 00000000 0 EXIT 0 0 0 
33 0 0 21 0050 00000000 0 EXIT 0 0 0 
77 0 0 8 0050 00000000 0 EXIT 0 0 0 
41 0 0 25 0050 00000000 0 EXIT 0 0 0 
37 0 0 20 0050 00000000 0 EXIT 0 0 0 
77 0 0 27 0050 00000000 0 EXIT 0 0 0 
41 0 0 26 0050 00000000 0 EXIT 0 0 0 
9 0 0 5 0050 00000000 0 EXIT 0 0 0 
5 0 0 23 0050 00000000 0 EXIT 0 0 0 
37 0 0 27 0050 00000000 0 EXIT 0 0 0 
13 0 0 0 0050 00000000 0 EXIT 0 0 0 
77 0 0 23 0050 00000000 0 EXIT 0 0 0 
41 0 0 14 0050 00000000 0 EXIT 0 0 0 
9 0 0 4 0050 00000000 0 EXIT 0 0 0 
5 0 0 14 0050 00000000 0 EXIT 0 0 0 
37 0 0 30 0050 00000000 0 EXIT 0 0 0 
13 0 0 1 0050 00000000 0 EXIT 0 0 0 
37 0 0 24 0050 00000000 0 EXIT 0 0 0 
69 0 0 24 0050 00000000 0 EXIT 0 0 0 
37 0 0 26 0050 00000000 0 EXIT 0 0 0 
69 0 0 30 0050 00000000 0 EXIT 0 0 0 
84 0 0 3 0050 00000000 0 EXIT 0 0 0 
75 0 0 5 0050 00000000 0 EXIT 0 0 0 
56 0 0 24 0050 00000000 0 EXIT 0 0 0 
87 0 0 7 0050 00000000 0 EXIT 0 0 0 
36 0 0 26 0050 00000000 0 EXIT 0 0 0 
24 0 0 2 0050 00000000 0 EXIT 0 0 0 
15 0 0 10 0050 00000000 0 EXIT 0 0 0 
59 0 0 12 0050 00000000 0 EXIT 0 0 0 
72 0 0 29 0050 00000000 0 EXIT 0 0 0 
27 0 0 13 0050 00000000 0 EXIT 0 0 0 
84 0 0 24 0050 00000000 0 EXIT 0 0 0 
75 0 0 15 0050 00000000 0 EXIT 0 0 0 
56 0 0 21 0050 00000000 0 EXIT 0 0 0 
7 0 0 4 0050 00000000 0 EXIT 0 0 0 
87 0 0 1 0050 00000000 0 EXIT 0 0 0 
32 0 0 18 0050 00000000 0 EXIT 0 0 0 
80 0 0 27 0050 00000000 0 EXIT 0 0 0 
59 0 0 23 0050 00000000 0 EXIT 0 0 0 
95 0 0 27 0050 00000000 0 EXIT 0 0 0 
84 0 0 14 0050 00000000 0 EXIT 0 0 0 
75 0 0 7 0050 00000000 0 EXIT 0 0 0 
15 0 0 7 0050 00000000 0 EXIT 0 0 0 
56 0 0 23 0050 00000000 0 EXIT 0 0 0 
87 0 0 5 0050 00000000 0 EXIT 0 0 0 
80 0 0 28 0050 00000000 0 EXIT 0 0 0 
59 0 0 19 0050 00000000 0 EXIT 0 0 0 
68 0 0 18 0050 00000000 0 EXIT 0 0 0 
72 0 0 20 0050 00000000 0 EXIT 0 0 0 
27 0 0 15 0050 00000000 0 EXIT 0 0 0 
84 0 0 10 0050 00000000 0 EXIT 0 0 0 
75 0 0 6 0050 00000000 0 EXIT 0 0 0 
56 0 0 4 0050 00000000 0 EXIT 0 0 0 
87 0 0 0 0050 00000000 0 EXIT 0 0 0 
32 0 0 24 0050 00000000 0 EXIT 0 0 0 
80 0 0 23 0050 00000000 0 EXIT 0 0 0 
27 0 0 6 0050 00000000 0 EXIT 0 0 0 
72 0 0 21 0050 00000000 0 EXIT 0 0 0 
75 0 0 2 0050 00000000 0 EXIT 0 0 0 
84 0 0 5 0050 00000000 0 EXIT 0 0 0 
87 0 0 3 0050 00000000 0 EXIT 0 0 0 
56 0 0 13 0050 00000000 0 EXIT 0 0 0 
59 0 0 22 0050 00000000 0 EXIT 0 0 0 
80 0 0 24 0050 00000000 0 EXIT 0 0 0 
27 0 0 8 0050 00000000 0 EXIT 0 0 0 
72 0 0 13 0050 00000000 0 EXIT 0 0 0 
75 0 0 3 0050 00000000 0 EXIT 0 0 0 
84 0 0 6 0050 00000000 0 EXIT 0 0 0 
32 0 0 23 0050 00000000 0 EXIT 0 0 0 
15 0 0 1 0050 00000000 0 EXIT 0 0 0 
87 0 0 6 0050 00000000 0 EXIT 0 0 0 
56 0 0 18 0050 00000000 0 EXIT 0 0 0 
59 0 0 16 0050 00000000 0 EXIT 0 0 0 
80 0 0 16 0050 00000000 0 EXIT 0 0 0 
4 0 0 21 0050 00000000 0 EXIT 0 0 0 
35 0 0 0 0050 00000000 0 EXIT 0 0 0 
27 0 0 4 0050 00000000 0 EXIT 0 0 0 
36 0 0 19 0050 00000000 0 EXIT 0 0 0 
7 0 0 15 0050 00000000 0 EXIT 0 0 0 
19 0 0 21 0050 00000000 0 EXIT 0 0 0 
84 0 0 28 0050 00000000 0 EXIT 0 0 0 
68 0 0 10 0050 00000000 0 EXIT 0 0 0 
87 0 0 2 0050 00000000 0 EXIT 0 0 0 
56 0 0 14 0050 00000000 0 EXIT 0 0 0 
27 0 0 7 0050 00000000 0 EXIT 0 0 0 
80 0 0 30 0050 00000000 0 EXIT 0 0 0 
75 0 0 18 0050 00000000 0 EXIT 0 0 0 
72 0 0 17 0050 00000000 0 EXIT 0 0 0 
23 0 0 29 0050 00000000 0 EXIT 0 0 0 
28 0 0 16 0050 00000000 0 EXIT 0 0 0 
27 0 0 9 0050 00000000 0 EXIT 0 0 0 
56 0 0 12 0050 00000000 0 EXIT 0 0 0 
4 0 0 24 0050 00000000 0 EXIT 0 0 0 
19 0 0 31 0050 00000000 0 EXIT 0 0 0 
7 0 0 17 0050 00000000 0 EXIT 0 0 0 
80 0 0 26 0050 00000000 0 EXIT 0 0 0 
31 0 0 31 0050 00000000 0 EXIT 0 0 0 
68 0 0 4 0050 00000000 0 EXIT 0 0 0 
28 0 0 2 0050 00000000 0 EXIT 0 0 0 
27 0 0 22 0050 00000000 0 EXIT 0 0 0 
56 0 0 17 0050 00000000 0 EXIT 0 0 0 
31 0 0 17 0050 00000000 0 EXIT 0 0 0 
15 0 0 4 0050 00000000 0 EXIT 0 0 0 
80 0 0 29 0050 00000000 0 EXIT 0 0 0 
23 0 0 27 0050 00000000 0 EXIT 0 0 0 
31 0 0 13 0050 00000000 0 EXIT 0 0 0 
28 0 0 17 0050 00000000 0 EXIT 0 0 0 
31 0 0 15 0050 00000000 0 EXIT 0 0 0 
96 0 0 18 0050 00000000 0 EXIT 0 0 0 
56 0 0 1 0050 00000000 0 EXIT 0 0 0 
56 0 0 8 0050 00000000 0 EXIT 0 0 0 
56 0 0 20 0050 00000000 0 EXIT 0 0 0 
95 0 0 16 0050 00000000 0 EXIT 0 0 0 
56 0 0 29 0050 00000000 0 EXIT 0 0 0 
15 0 0 6 0050 00000000 0 EXIT 0 0 0 
56 0 0 6 0050 00000000 0 EXIT 0 0 0 
56 0 0 19 0050 00000000 0 EXIT 0 0 0 
32 0 0 13 0050 00000000 0 EXIT 0 0 0 
7 0 0 11 0050 00000000 0 EXIT 0 0 0 
56 0 0 10 0050 00000000 0 EXIT 0 0 0 
96 0 0 22 0050 00000000 0 EXIT 0 0 0 
67 0 0 30 0050 00000000 0 EXIT 0 0 0 
4 0 0 27 0050 00000000 0 EXIT 0 0 0 
56 0 0 15 0050 00000000 0 EXIT 0 0 0 
95 0 0 26 0050 00000000 0 EXIT 0 0 0 
36 0 0 14 0050 00000000 0 EXIT 0 0 0 
15 0 0 3 0050 00000000 0 EXIT 0 0 0 
23 0 0 23 0050 00000000 0 EXIT 0 0 0 
20 0 0 26 0050 00000000 0 EXIT 0 0 0 
32 0 0 16 0050 00000000 0 EXIT 0 0 0 
96 0 0 14 0050 00000000 0 EXIT 0 0 0 
4 0 0 26 0050 00000000 0 EXIT 0 0 0 
15 0 0 2 0050 00000000 0 EXIT 0 0 0 
36 0 0 8 0050 00000000 0 EXIT 0 0 0 
23 0 0 25 0050 00000000 0 EXIT 0 0 0 
7 0 0 10 0050 00000000 0 EXIT 0 0 0 
64 0 0 24 0050 00000000 0 EXIT 0 0 0 
67 0 0 9 0050 00000000 0 EXIT 0 0 0 
4 0 0 23 0050 00000000 0 EXIT 0 0 0 
23 0 0 31 0050 00000000 0 EXIT 0 0 0 
36 0 0 17 0050 00000000 0 EXIT 0 0 0 
68 0 0 9 0050 00000000 0 EXIT 0 0 0 
7 0 0 7 0050 00000000 0 EXIT 0 0 0 
20 0 0 22 0050 00000000 0 EXIT 0 0 0 
95 0 0 22 0050 00000000 0 EXIT 0 0 0 
15 0 0 29 0050 00000000 0 EXIT 0 0 0 
96 0 0 31 0050 00000000 0 EXIT 0 0 0 
23 0 0 28 0050 00000000 0 EXIT 0 0 0 
68 0 0 7 0050 00000000 0 EXIT 0 0 0 
67 0 0 8 0050 00000000 0 EXIT 0 0 0 
15 0 0 11 0050 00000000 0 EXIT 0 0 0 
4 0 0 19 0050 00000000 0 EXIT 0 0 0 
36 0 0 13 0050 00000000 0 EXIT 0 0 0 
67 0 0 11 0050 00000000 0 EXIT 0 0 0 
68 0 0 0 0050 00000000 0 EXIT 0 0 0 
71 0 0 25 0050 00000000 0 EXIT 0 0 0 
23 0 0 21 0050 00000000 0 EXIT 0 0 0 
32 0 0 12 0050 00000000 0 EXIT 0 0 0 
36 0 0 10 0050 00000000 0 EXIT 0 0 0 
95 0 0 14 0050 00000000 0 EXIT 0 0 0 
23 0 0 30 0050 00000000 0 EXIT 0 0 0 
64 0 0 20 0050 00000000 0 EXIT 0 0 0 
32 0 0 5 0050 00000000 0 EXIT 0 0 0 
71 0 0 24 0050 00000000 0 EXIT 0 0 0 
7 0 0 3 0050 00000000 0 EXIT 0 0 0 
96 0 0 16 0050 00000000 0 EXIT 0 0 0 
71 0 0 27 0050 00000000 0 EXIT 0 0 0 
23 0 0 22 0050 00000000 0 EXIT 0 0 0 
68 0 0 3 0050 00000000 0 EXIT 0 0 0 
20 0 0 27 0050 00000000 0 EXIT 0 0 0 
7 0 0 5 0050 00000000 0 EXIT 0 0 0 
32 0 0 8 0050 00000000 0 EXIT 0 0 0 
95 0 0 11 0050 00000000 0 EXIT 0 0 0 
71 0 0 8 0050 00000000 0 EXIT 0 0 0 
4 0 0 13 0050 00000000 0 EXIT 0 0 0 
23 0 0 15 0050 00000000 0 EXIT 0 0 0 
7 0 0 6 0050 00000000 0 EXIT 0 0 0 
96 0 0 29 0050 00000000 0 EXIT 0 0 0 
11 0 0 31 0050 00000000 0 EXIT 0 0 0 
32 0 0 1 0050 00000000 0 EXIT 0 0 0 
23 0 0 17 0050 00000000 0 EXIT 0 0 0 
96 0 0 25 0050 00000000 0 EXIT 0 0 0 
7 0 0 1 0050 00000000 0 EXIT 0 0 0 
36 0 0 6 0050 00000000 0 EXIT 0 0 0 
11 0 0 15 0050 00000000 0 EXIT 0 0 0 
95 0 0 9 0050 00000000 0 EXIT 0 0 0 
23 0 0 18 0050 00000000 0 EXIT 0 0 0 
96 0 0 21 0050 00000000 0 EXIT 0 0 0 
4 0 0 15 0050 00000000 0 EXIT 0 0 0 
36 0 0 0 0050 00000000 0 EXIT 0 0 0 
23 0 0 16 0050 00000000 0 EXIT 0 0 0 
63 0 0 29 0050 00000000 0 EXIT 0 0 0 
96 0 0 17 0050 00000000 0 EXIT 0 0 0 
4 0 0 7 0050 00000000 0 EXIT 0 0 0 
36 0 0 11 0050 00000000 0 EXIT 0 0 0 
63 0 0 26 0050 00000000 0 EXIT 0 0 0 
32 0 0 7 0050 00000000 0 EXIT 0 0 0 
11 0 0 12 0050 00000000 0 EXIT 0 0 0 
96 0 0 13 0050 00000000 0 EXIT 0 0 0 
4 0 0 29 0050 00000000 0 EXIT 0 0 0 
36 0 0 1 0050 00000000 0 EXIT 0 0 0 
23 0 0 14 0050 00000000 0 EXIT 0 0 0 
12 0 0 12 0050 00000000 0 EXIT 0 0 0 
63 0 0 31 0050 00000000 0 EXIT 0 0 0 
11 0 0 25 0050 00000000 0 EXIT 0 0 0 
23 0 0 13 0050 00000000 0 EXIT 0 0 0 
4 0 0 8 0050 00000000 0 EXIT 0 0 0 
63 0 0 0 0050 00000000 0 EXIT 0 0 0 
11 0 0 30 0050 00000000 0 EXIT 0 0 0 
20 0 0 19 0050 00000000 0 EXIT 0 0 0 
63 0 0 5 0050 00000000 0 EXIT 0 0 0 
35 0 0 2 0050 00000000 0 EXIT 0 0 0 
4 0 0 30 0050 00000000 0 EXIT 0 0 0 
79 0 0 4 0050 00000000 0 EXIT 0 0 0 
8 0 0 12 0050 00000000 0 EXIT 0 0 0 
20 0 0 1 0050 00000000 0 EXIT 0 0 0 
12 0 0 17 0050 00000000 0 EXIT 0 0 0 
4 0 0 25 0050 00000000 0 EXIT 0 0 0 
76 0 0 23 0050 00000000 0 EXIT 0 0 0 
23 0 0 19 0050 00000000 0 EXIT 0 0 0 
64 0 0 26 0050 00000000 0 EXIT 0 0 0 
68 0 0 28 0050 00000000 0 EXIT 0 0 0 
7 0 0 20 0050 00000000 0 EXIT 0 0 0 
23 0 0 20 0050 00000000 0 EXIT 0 0 0 
11 0 0 10 0050 00000000 0 EXIT 0 0 0 
68 0 0 26 0050 00000000 0 EXIT 0 0 0 
63 0 0 18 0050 00000000 0 EXIT 0 0 0 
36 0 0 2 0050 00000000 0 EXIT 0 0 0 
40 0 0 25 0050 00000000 0 EXIT 0 0 0 
11 0 0 29 0050 00000000 0 EXIT 0 0 0 
63 0 0 27 0050 00000000 0 EXIT 0 0 0 
79 0 0 16 0050 00000000 0 EXIT 0 0 0 
11 0 0 3 0050 00000000 0 EXIT 0 0 0 
7 0 0 21 0050 00000000 0 EXIT 0 0 0 
36 0 0 20 0050 00000000 0 EXIT 0 0 0 
96 0 0 19 0050 00000000 0 EXIT 0 0 0 
76 0 0 24 0050 00000000 0 EXIT 0 0 0 
63 0 0 6 0050 00000000 0 EXIT 0 0 0 
91 0 0 13 0050 00000000 0 EXIT 0 0 0 
15 0 0 12 0050 00000000 0 EXIT 0 0 0 
23 0 0 24 0050 00000000 0 EXIT 0 0 0 
8 0 0 4 0050 00000000 0 EXIT 0 0 0 
95 0 0 24 0050 00000000 0 EXIT 0 0 0 
67 0 0 19 0050 00000000 0 EXIT 0 0 0 
68 0 0 20 0050 00000000 0 EXIT 0 0 0 
63 0 0 2 0050 00000000 0 EXIT 0 0 0 
91 0 0 31 0050 00000000 0 EXIT 0 0 0 
60 0 0 24 0050 00000000 0 EXIT 0 0 0 
96 0 0 11 0050 00000000 0 EXIT 0 0 0 
20 0 0 25 0050 00000000 0 EXIT 0 0 0 
15 0 0 8 0050 00000000 0 EXIT 0 0 0 
95 0 0 10 0050 00000000 0 EXIT 0 0 0 
96 0 0 4 0050 00000000 0 EXIT 0 0 0 
68 0 0 14 0050 00000000 0 EXIT 0 0 0 
39 0 0 27 0050 00000000 0 EXIT 0 0 0 
96 0 0 7 0050 00000000 0 EXIT 0 0 0 
20 0 0 23 0050 00000000 0 EXIT 0 0 0 
68 0 0 6 0050 00000000 0 EXIT 0 0 0 
92 0 0 2 0050 00000000 0 EXIT 0 0 0 
32 0 0 19 0050 00000000 0 EXIT 0 0 0 
4 0 0 4 0050 00000000 0 EXIT 0 0 0 
79 0 0 13 0050 00000000 0 EXIT 0 0 0 
68 0 0 24 0050 00000000 0 EXIT 0 0 0 
35 0 0 14 0050 00000000 0 EXIT 0 0 0 
71 0 0 29 0050 00000000 0 EXIT 0 0 0 
60 0 0 20 0050 00000000 0 EXIT 0 0 0 
23 0 0 4 0050 00000000 0 EXIT 0 0 0 
8 0 0 21 0050 00000000 0 EXIT 0 0 0 
39 0 0 19 0050 00000000 0 EXIT 0 0 0 
11 0 0 0 0050 00000000 0 EXIT 0 0 0 
20 0 0 16 0050 00000000 0 EXIT 0 0 0 
15 0 0 0 0050 00000000 0 EXIT 0 0 0 
4 0 0 0 0050 00000000 0 EXIT 0 0 0 
23 0 0 26 0050 00000000 0 EXIT 0 0 0 
64 0 0 27 0050 00000000 0 EXIT 0 0 0 
40 0 0 7 0050 00000000 0 EXIT 0 0 0 
7 0 0 28 0050 00000000 0 EXIT 0 0 0 
36 0 0 21 0050 00000000 0 EXIT 0 0 0 
15 0 0 25 0050 00000000 0 EXIT 0 0 0 
60 0 0 12 0050 00000000 0 EXIT 0 0 0 
23 0 0 5 0050 00000000 0 EXIT 0 0 0 
36 0 0 4 0050 00000000 0 EXIT 0 0 0 
88 0 0 3 0050 00000000 0 EXIT 0 0 0 
67 0 0 25 0050 00000000 0 EXIT 0 0 0 
68 0 0 11 0050 00000000 0 EXIT 0 0 0 
32 0 0 25 0050 00000000 0 EXIT 0 0 0 
71 0 0 21 0050 00000000 0 EXIT 0 0 0 
79 0 0 21 0050 00000000 0 EXIT 0 0 0 
76 0 0 26 0050 00000000 0 EXIT 0 0 0 
63 0 0 8 0050 00000000 0 EXIT 0 0 0 
4 0 0 20 0050 00000000 0 EXIT 0 0 0 
79 0 0 30 0050 00000000 0 EXIT 0 0 0 
95 0 0 4 0050 00000000 0 EXIT 0 0 0 
20 0 0 6 0050 00000000 0 EXIT 0 0 0 
79 0 0 12 0050 00000000 0 EXIT 0 0 0 
64 0 0 28 0050 00000000 0 EXIT 0 0 0 
39 0 0 24 0050 00000000 0 EXIT 0 0 0 
40 0 0 30 0050 00000000 0 EXIT 0 0 0 
76 0 0 31 0050 00000000 0 EXIT 0 0 0 
36 0 0 3 0050 00000000 0 EXIT 0 0 0 
8 0 0 10 0050 00000000 0 EXIT 0 0 0 
40 0 0 12 0050 00000000 0 EXIT 0 0 0 
76 0 0 28 0050 00000000 0 EXIT 0 0 0 
68 0 0 12 0050 00000000 0 EXIT 0 0 0 
91 0 0 18 0050 00000000 0 EXIT 0 0 0 
71 0 0 1 0050 00000000 0 EXIT 0 0 0 
79 0 0 22 0050 00000000 0 EXIT 0 0 0 
67 0 0 1 0050 00000000 0 EXIT 0 0 0 
76 0 0 14 0050 00000000 0 EXIT 0 0 0 
71 0 0 11 0050 00000000 0 EXIT 0 0 0 
79 0 0 17 0050 00000000 0 EXIT 0 0 0 
69 0 0 0 0050 00000000 0 EXIT 0 0 0 
95 0 0 18 0050 00000000 0 EXIT 0 0 0 
40 0 0 1 0050 00000000 0 EXIT 0 0 0 
11 0 0 7 0050 00000000 0 EXIT 0 0 0 
91 0 0 16 0050 00000000 0 EXIT 0 0 0 
32 0 0 28 0050 00000000 0 EXIT 0 0 0 
60 0 0 27 0050 00000000 0 EXIT 0 0 0 
8 0 0 9 0050 00000000 0 EXIT 0 0 0 
95 0 0 15 0050 00000000 0 EXIT 0 0 0 
64 0 0 22 0050 00000000 0 EXIT 0 0 0 
40 0 0 28 0050 00000000 0 EXIT 0 0 0 
67 0 0 13 0050 00000000 0 EXIT 0 0 0 
76 0 0 17 0050 00000000 0 EXIT 0 0 0 
91 0 0 12 0050 00000000 0 EXIT 0 0 0 
71 0 0 17 0050 00000000 0 EXIT 0 0 0 
79 0 0 5 0050 00000000 0 EXIT 0 0 0 
40 0 0 20 0050 00000000 0 EXIT 0 0 0 
76 0 0 12 0050 00000000 0 EXIT 0 0 0 
68 0 0 1 0050 00000000 0 EXIT 0 0 0 
7 0 0 16 0050 00000000 0 EXIT 0 0 0 
32 0 0 0 0050 00000000 0 EXIT 0 0 0 
60 0 0 16 0050 00000000 0 EXIT 0 0 0 
79 0 0 1 0050 00000000 0 EXIT 0 0 0 
39 0 0 12 0050 00000000 0 EXIT 0 0 0 
12 0 0 0 0050 00000000 0 EXIT 0 0 0 
11 0 0 4 0050 00000000 0 EXIT 0 0 0 
36 0 0 29 0050 00000000 0 EXIT 0 0 0 
91 0 0 8 0050 00000000 0 EXIT 0 0 0 
60 0 0 13 0050 00000000 0 EXIT 0 0 0 
8 0 0 13 0050 00000000 0 EXIT 0 0 0 
40 0 0 4 0050 00000000 0 EXIT 0 0 0 
68 0 0 27 0050 00000000 0 EXIT 0 0 0 
32 0 0 6 0050 00000000 0 EXIT 0 0 0 
15 0 0 13 0050 00000000 0 EXIT 0 0 0 
4 0 0 16 0050 00000000 0 EXIT 0 0 0 
96 0 0 30 0050 00000000 0 EXIT 0 0 0 
11 0 0 27 0050 00000000 0 EXIT 0 0 0 
63 0 0 28 0050 00000000 0 EXIT 0 0 0 
88 0 0 13 0050 00000000 0 EXIT 0 0 0 
11 0 0 23 0050 00000000 0 EXIT 0 0 0 
96 0 0 5 0050 00000000 0 EXIT 0 0 0 
76 0 0 9 0050 00000000 0 EXIT 0 0 0 
91 0 0 30 0050 00000000 0 EXIT 0 0 0 
23 0 0 6 0050 00000000 0 EXIT 0 0 0 
95 0 0 23 0050 00000000 0 EXIT 0 0 0 
96 0 0 24 0050 00000000 0 EXIT 0 0 0 
91 0 0 20 0050 00000000 0 EXIT 0 0 0 
76 0 0 5 0050 00000000 0 EXIT 0 0 0 
12 0 0 20 0050 00000000 0 EXIT 0 0 0 
23 0 0 10 0050 00000000 0 EXIT 0 0 0 
92 0 0 27 0050 00000000 0 EXIT 0 0 0 
67 0 0 15 0050 00000000 0 EXIT 0 0 0 
88 0 0 15 0050 00000000 0 EXIT 0 0 0 
63 0 0 25 0050 00000000 0 EXIT 0 0 0 
71 0 0 3 0050 00000000 0 EXIT 0 0 0 
79 0 0 29 0050 00000000 0 EXIT 0 0 0 
12 0 0 2 0050 00000000 0 EXIT 0 0 0 
20 0 0 12 0050 00000000 0 EXIT 0 0 0 
39 0 0 20 0050 00000000 0 EXIT 0 0 0 
68 0 0 5 0050 00000000 0 EXIT 0 0 0 
11 0 0 21 0050 00000000 0 EXIT 0 0 0 
91 0 0 17 0050 00000000 0 EXIT 0 0 0 
4 0 0 17 0050 00000000 0 EXIT 0 0 0 
64 0 0 21 0050 00000000 0 EXIT 0 0 0 
76 0 0 16 0050 00000000 0 EXIT 0 0 0 
67 0 0 17 0050 00000000 0 EXIT 0 0 0 
71 0 0 30 0050 00000000 0 EXIT 0 0 0 
96 0 0 12 0050 00000000 0 EXIT 0 0 0 
67 0 0 4 0050 00000000 0 EXIT 0 0 0 
91 0 0 19 0050 00000000 0 EXIT 0 0 0 
71 0 0 28 0050 00000000 0 EXIT 0 0 0 
88 0 0 29 0050 00000000 0 EXIT 0 0 0 
23 0 0 2 0050 00000000 0 EXIT 0 0 0 
60 0 0 26 0050 00000000 0 EXIT 0 0 0 
71 0 0 26 0050 00000000 0 EXIT 0 0 0 
88 0 0 27 0050 00000000 0 EXIT 0 0 0 
7 0 0 19 0050 00000000 0 EXIT 0 0 0 
71 0 0 16 0050 00000000 0 EXIT 0 0 0 
12 0 0 10 0050 00000000 0 EXIT 0 0 0 
79 0 0 18 0050 00000000 0 EXIT 0 0 0 
67 0 0 29 0050 00000000 0 EXIT 0 0 0 
71 0 0 22 0050 00000000 0 EXIT 0 0 0 
36 0 0 5 0050 00000000 0 EXIT 0 0 0 
4 0 0 31 0050 00000000 0 EXIT 0 0 0 
96 0 0 15 0050 00000000 0 EXIT 0 0 0 
23 0 0 1 0050 00000000 0 EXIT 0 0 0 
7 0 0 26 0050 00000000 0 EXIT 0 0 0 
79 0 0 24 0050 00000000 0 EXIT 0 0 0 
40 0 0 19 0050 00000000 0 EXIT 0 0 0 
67 0 0 27 0050 00000000 0 EXIT 0 0 0 
4 0 0 22 0050 00000000 0 EXIT 0 0 0 
23 0 0 12 0050 00000000 0 EXIT 0 0 0 
23 0 0 9 0050 00000000 0 EXIT 0 0 0 
39 0 0 3 0050 00000000 0 EXIT 0 0 0 
76 0 0 4 0050 00000000 0 EXIT 0 0 0 
71 0 0 7 0050 00000000 0 EXIT 0 0 0 
4 0 0 6 0050 00000000 0 EXIT 0 0 0 
40 0 0 5 0050 00000000 0 EXIT 0 0 0 
35 0 0 4 0050 00000000 0 EXIT 0 0 0 
68 0 0 30 0050 00000000 0 EXIT 0 0 0 
64 0 0 14 0050 00000000 0 EXIT 0 0 0 
35 0 0 5 0050 00000000 0 EXIT 0 0 0 
96 0 0 6 0050 00000000 0 EXIT 0 0 0 
23 0 0 8 0050 00000000 0 EXIT 0 0 0 
95 0 0 30 0050 00000000 0 EXIT 0 0 0 
36 0 0 18 0050 00000000 0 EXIT 0 0 0 
7 0 0 14 0050 00000000 0 EXIT 0 0 0 
71 0 0 20 0050 00000000 0 EXIT 0 0 0 
79 0 0 9 0050 00000000 0 EXIT 0 0 0 
39 0 0 22 0050 00000000 0 EXIT 0 0 0 
68 0 0 8 0050 00000000 0 EXIT 0 0 0 
63 0 0 14 0050 00000000 0 EXIT 0 0 0 
35 0 0 31 0050 00000000 0 EXIT 0 0 0 
95 0 0 12 0050 00000000 0 EXIT 0 0 0 
20 0 0 20 0050 00000000 0 EXIT 0 0 0 
67 0 0 24 0050 00000000 0 EXIT 0 0 0 
95 0 0 13 0050 00000000 0 EXIT 0 0 0 
67 0 0 5 0050 00000000 0 EXIT 0 0 0 
20 0 0 18 0050 00000000 0 EXIT 0 0 0 
63 0 0 13 0050 00000000 0 EXIT 0 0 0 
12 0 0 19 0050 00000000 0 EXIT 0 0 0 
32 0 0 4 0050 00000000 0 EXIT 0 0 0 
23 0 0 11 0050 00000000 0 EXIT 0 0 0 
67 0 0 18 0050 00000000 0 EXIT 0 0 0 
12 0 0 24 0050 00000000 0 EXIT 0 0 0 
4 0 0 5 0050 00000000 0 EXIT 0 0 0 
11 0 0 28 0050 00000000 0 EXIT 0 0 0 
7 0 0 25 0050 00000000 0 EXIT 0 0 0 
12 0 0 5 0050 00000000 0 EXIT 0 0 0 
71 0 0 10 0050 00000000 0 EXIT 0 0 0 
39 0 0 21 0050 00000000 0 EXIT 0 0 0 
4 0 0 14 0050 00000000 0 EXIT 0 0 0 
79 0 0 31 0050 00000000 0 EXIT 0 0 0 
4 0 0 28 0050 00000000 0 EXIT 0 0 0 
76 0 0 20 0050 00000000 0 EXIT 0 0 0 
68 0 0 2 0050 00000000 0 EXIT 0 0 0 
36 0 0 15 0050 00000000 0 EXIT 0 0 0 
60 0 0 28 0050 00000000 0 EXIT 0 0 0 
63 0 0 30 0050 00000000 0 EXIT 0 0 0 
39 0 0 6 0050 00000000 0 EXIT 0 0 0 
60 0 0 15 0050 00000000 0 EXIT 0 0 0 
88 0 0 2 0050 00000000 0 EXIT 0 0 0 
11 0 0 26 0050 00000000 0 EXIT 0 0 0 
76 0 0 29 0050 00000000 0 EXIT 0 0 0 
91 0 0 25 0050 00000000 0 EXIT 0 0 0 
60 0 0 2 0050 00000000 0 EXIT 0 0 0 
40 0 0 2 0050 00000000 0 EXIT 0 0 0 
60 0 0 8 0050 00000000 0 EXIT 0 0 0 
40 0 0 3 0050 00000000 0 EXIT 0 0 0 
79 0 0 26 0050 00000000 0 EXIT 0 0 0 
64 0 0 29 0050 00000000 0 EXIT 0 0 0 
92 0 0 4 0050 00000000 0 EXIT 0 0 0 
39 0 0 4 0050 00000000 0 EXIT 0 0 0 
91 0 0 26 0050 00000000 0 EXIT 0 0 0 
63 0 0 22 0050 00000000 0 EXIT 0 0 0 
12 0 0 26 0050 00000000 0 EXIT 0 0 0 
8 0 0 16 0050 00000000 0 EXIT 0 0 0 
91 0 0 27 0050 00000000 0 EXIT 0 0 0 
60 0 0 4 0050 00000000 0 EXIT 0 0 0 
12 0 0 23 0050 00000000 0 EXIT 0 0 0 
64 0 0 25 0050 00000000 0 EXIT 0 0 0 
92 0 0 0 0050 00000000 0 EXIT 0 0 0 
95 0 0 31 0050 00000000 0 EXIT 0 0 0 
91 0 0 23 0050 00000000 0 EXIT 0 0 0 
79 0 0 28 0050 00000000 0 EXIT 0 0 0 
12 0 0 25 0050 00000000 0 EXIT 0 0 0 
76 0 0 30 0050 00000000 0 EXIT 0 0 0 
92 0 0 1 0050 00000000 0 EXIT 0 0 0 
71 0 0 12 0050 00000000 0 EXIT 0 0 0 
92 0 0 3 0050 00000000 0 EXIT 0 0 0 
60 0 0 0 0050 00000000 0 EXIT 0 0 0 
63 0 0 24 0050 00000000 0 EXIT 0 0 0 
60 0 0 6 0050 00000000 0 EXIT 0 0 0 
63 0 0 23 0050 00000000 0 EXIT 0 0 0 
12 0 0 27 0050 00000000 0 EXIT 0 0 0 
92 0 0 21 0050 00000000 0 EXIT 0 0 0 
12 0 0 22 0050 00000000 0 EXIT 0 0 0 
95 0 0 20 0050 00000000 0 EXIT 0 0 0 
60 0 0 1 0050 00000000 0 EXIT 0 0 0 
63 0 0 21 0050 00000000 0 EXIT 0 0 0 
36 0 0 28 0050 00000000 0 EXIT 0 0 0 
95 0 0 25 0050 00000000 0 EXIT 0 0 0 
71 0 0 5 0050 00000000 0 EXIT 0 0 0 
63 0 0 15 0050 00000000 0 EXIT 0 0 0 
12 0 0 28 0050 00000000 0 EXIT 0 0 0 
88 0 0 20 0050 00000000 0 EXIT 0 0 0 
63 0 0 20 0050 00000000 0 EXIT 0 0 0 
63 0 0 17 0050 00000000 0 EXIT 0 0 0 
12 0 0 18 0050 00000000 0 EXIT 0 0 0 
11 0 0 20 0050 00000000 0 EXIT 0 0 0 
71 0 0 0 0050 00000000 0 EXIT 0 0 0 
96 0 0 28 0050 00000000 0 EXIT 0 0 0 
12 0 0 15 0050 00000000 0 EXIT 0 0 0 
64 0 0 10 0050 00000000 0 EXIT 0 0 0 
32 0 0 21 0050 00000000 0 EXIT 0 0 0 
71 0 0 6 0050 00000000 0 EXIT 0 0 0 
76 0 0 0 0050 00000000 0 EXIT 0 0 0 
32 0 0 14 0050 00000000 0 EXIT 0 0 0 
91 0 0 15 0050 00000000 0 EXIT 0 0 0 
11 0 0 14 0050 00000000 0 EXIT 0 0 0 
64 0 0 31 0050 00000000 0 EXIT 0 0 0 
76 0 0 13 0050 00000000 0 EXIT 0 0 0 
12 0 0 16 0050 00000000 0 EXIT 0 0 0 
95 0 0 19 0050 00000000 0 EXIT 0 0 0 
63 0 0 12 0050 00000000 0 EXIT 0 0 0 
79 0 0 11 0050 00000000 0 EXIT 0 0 0 
64 0 0 23 0050 00000000 0 EXIT 0 0 0 
32 0 0 11 0050 00000000 0 EXIT 0 0 0 
91 0 0 9 0050 00000000 0 EXIT 0 0 0 
15 0 0 28 0050 00000000 0 EXIT 0 0 0 
12 0 0 14 0050 00000000 0 EXIT 0 0 0 
91 0 0 14 0050 00000000 0 EXIT 0 0 0 
15 0 0 31 0050 00000000 0 EXIT 0 0 0 
96 0 0 9 0050 00000000 0 EXIT 0 0 0 
64 0 0 13 0050 00000000 0 EXIT 0 0 0 
36 0 0 22 0050 00000000 0 EXIT 0 0 0 
91 0 0 5 0050 00000000 0 EXIT 0 0 0 
79 0 0 10 0050 00000000 0 EXIT 0 0 0 
64 0 0 9 0050 00000000 0 EXIT 0 0 0 
95 0 0 0 0050 00000000 0 EXIT 0 0 0 
32 0 0 10 0050 00000000 0 EXIT 0 0 0 
96 0 0 20 0050 00000000 0 EXIT 0 0 0 
64 0 0 19 0050 00000000 0 EXIT 0 0 0 
32 0 0 9 0050 00000000 0 EXIT 0 0 0 
91 0 0 4 0050 00000000 0 EXIT 0 0 0 
79 0 0 8 0050 00000000 0 EXIT 0 0 0 
95 0 0 17 0050 00000000 0 EXIT 0 0 0 
91 0 0 0 0050 00000000 0 EXIT 0 0 0 
63 0 0 1 0050 00000000 0 EXIT 0 0 0 
12 0 0 31 0050 00000000 0 EXIT 0 0 0 
95 0 0 7 0050 00000000 0 EXIT 0 0 0 
36 0 0 27 0050 00000000 0 EXIT 0 0 0 
12 0 0 6 0050 00000000 0 EXIT 0 0 0 
95 0 0 6 0050 00000000 0 EXIT 0 0 0 
91 0 0 7 0050 00000000 0 EXIT 0 0 0 
63 0 0 4 0050 00000000 0 EXIT 0 0 0 
79 0 0 2 0050 00000000 0 EXIT 0 0 0 
96 0 0 3 0050 00000000 0 EXIT 0 0 0 
12 0 0 3 0050 00000000 0 EXIT 0 0 0 
67 0 0 26 0050 00000000 0 EXIT 0 0 0 
96 0 0 8 0050 00000000 0 EXIT 0 0 0 
12 0 0 9 0050 00000000 0 EXIT 0 0 0 
79 0 0 7 0050 00000000 0 EXIT 0 0 0 
4 0 0 10 0050 00000000 0 EXIT 0 0 0 
96 0 0 1 0050 00000000 0 EXIT 0 0 0 
7 0 0 2 0050 00000000 0 EXIT 0 0 0 
11 0 0 2 0050 00000000 0 EXIT 0 0 0 
95 0 0 8 0050 00000000 0 EXIT 0 0 0 
32 0 0 3 0050 00000000 0 EXIT 0 0 0 
15 0 0 20 0050 00000000 0 EXIT 0 0 0 
96 0 0 10 0050 00000000 0 EXIT 0 0 0 
67 0 0 28 0050 00000000 0 EXIT 0 0 0 
76 0 0 3 0050 00000000 0 EXIT 0 0 0 
35 0 0 22 0050 00000000 0 EXIT 0 0 0 
96 0 0 27 0050 00000000 0 EXIT 0 0 0 
79 0 0 0 0050 00000000 0 EXIT 0 0 0 
7 0 0 30 0050 00000000 0 EXIT 0 0 0 
79 0 0 3 0050 00000000 0 EXIT 0 0 0 
67 0 0 22 0050 00000000 0 EXIT 0 0 0 
20 0 0 28 0050 00000000 0 EXIT 0 0 0 
32 0 0 2 0050 00000000 0 EXIT 0 0 0 
4 0 0 11 0050 00000000 0 EXIT 0 0 0 
96 0 0 2 0050 00000000 0 EXIT 0 0 0 
20 0 0 29 0050 00000000 0 EXIT 0 0 0 
96 0 0 23 0050 00000000 0 EXIT 0 0 0 
20 0 0 30 0050 00000000 0 EXIT 0 0 0 
88 0 0 16 0050 00000000 0 EXIT 0 0 0 
39 0 0 30 0050 00000000 0 EXIT 0 0 0 
88 0 0 25 0050 00000000 0 EXIT 0 0 0 
4 0 0 9 0050 00000000 0 EXIT 0 0 0 
15 0 0 14 0050 00000000 0 EXIT 0 0 0 
96 0 0 0 0050 00000000 0 EXIT 0 0 0 
67 0 0 2 0050 00000000 0 EXIT 0 0 0 
39 0 0 16 0050 00000000 0 EXIT 0 0 0 
67 0 0 20 0050 00000000 0 EXIT 0 0 0 
35 0 0 20 0050 00000000 0 EXIT 0 0 0 
88 0 0 31 0050 00000000 0 EXIT 0 0 0 
39 0 0 29 0050 00000000 0 EXIT 0 0 0 
36 0 0 7 0050 00000000 0 EXIT 0 0 0 
4 0 0 3 0050 00000000 0 EXIT 0 0 0 
7 0 0 13 0050 00000000 0 EXIT 0 0 0 
88 0 0 26 0050 00000000 0 EXIT 0 0 0 
35 0 0 9 0050 00000000 0 EXIT 0 0 0 
4 0 0 2 0050 00000000 0 EXIT 0 0 0 
8 0 0 26 0050 00000000 0 EXIT 0 0 0 
20 0 0 14 0050 00000000 0 EXIT 0 0 0 
40 0 0 21 0050 00000000 0 EXIT 0 0 0 
8 0 0 23 0050 00000000 0 EXIT 0 0 0 
20 0 0 21 0050 00000000 0 EXIT 0 0 0 
35 0 0 15 0050 00000000 0 EXIT 0 0 0 
88 0 0 18 0050 00000000 0 EXIT 0 0 0 
4 0 0 1 0050 00000000 0 EXIT 0 0 0 
40 0 0 18 0050 00000000 0 EXIT 0 0 0 
67 0 0 10 0050 00000000 0 EXIT 0 0 0 
7 0 0 9 0050 00000000 0 EXIT 0 0 0 
40 0 0 24 0050 00000000 0 EXIT 0 0 0 
88 0 0 22 0050 00000000 0 EXIT 0 0 0 
67 0 0 16 0050 00000000 0 EXIT 0 0 0 
60 0 0 29 0050 00000000 0 EXIT 0 0 0 
8 0 0 18 0050 00000000 0 EXIT 0 0 0 
20 0 0 17 0050 00000000 0 EXIT 0 0 0 
92 0 0 24 0050 00000000 0 EXIT 0 0 0 
60 0 0 25 0050 00000000 0 EXIT 0 0 0 
40 0 0 23 0050 00000000 0 EXIT 0 0 0 
39 0 0 31 0050 00000000 0 EXIT 0 0 0 
7 0 0 8 0050 00000000 0 EXIT 0 0 0 
8 0 0 17 0050 00000000 0 EXIT 0 0 0 
20 0 0 10 0050 00000000 0 EXIT 0 0 0 
60 0 0 21 0050 00000000 0 EXIT 0 0 0 
63 0 0 7 0050 00000000 0 EXIT 0 0 0 
40 0 0 9 0050 00000000 0 EXIT 0 0 0 
12 0 0 29 0050 00000000 0 EXIT 0 0 0 
71 0 0 15 0050 00000000 0 EXIT 0 0 0 
92 0 0 29 0050 00000000 0 EXIT 0 0 0 
88 0 0 1 0050 00000000 0 EXIT 0 0 0 
12 0 0 30 0050 00000000 0 EXIT 0 0 0 
60 0 0 17 0050 00000000 0 EXIT 0 0 0 
35 0 0 8 0050 00000000 0 EXIT 0 0 0 
63 0 0 19 0050 00000000 0 EXIT 0 0 0 
88 0 0 10 0050 00000000 0 EXIT 0 0 0 
4 0 0 12 0050 00000000 0 EXIT 0 0 0 
40 0 0 16 0050 00000000 0 EXIT 0 0 0 
95 0 0 21 0050 00000000 0 EXIT 0 0 0 
12 0 0 11 0050 00000000 0 EXIT 0 0 0 
8 0 0 19 0050 00000000 0 EXIT 0 0 0 
79 0 0 6 0050 00000000 0 EXIT 0 0 0 
64 0 0 16 0050 00000000 0 EXIT 0 0 0 
91 0 0 11 0050 00000000 0 EXIT 0 0 0 
64 0 0 15 0050 00000000 0 EXIT 0 0 0 
20 0 0 0 0050 00000000 0 EXIT 0 0 0 
71 0 0 9 0050 00000000 0 EXIT 0 0 0 
67 0 0 3 0050 00000000 0 EXIT 0 0 0 
71 0 0 13 0050 00000000 0 EXIT 0 0 0 
60 0 0 18 0050 00000000 0 EXIT 0 0 0 
92 0 0 15 0050 00000000 0 EXIT 0 0 0 
71 0 0 4 0050 00000000 0 EXIT 0 0 0 
64 0 0 1 0050 00000000 0 EXIT 0 0 0 
88 0 0 30 0050 00000000 0 EXIT 0 0 0 
40 0 0 22 0050 00000000 0 EXIT 0 0 0 
12 0 0 21 0050 00000000 0 EXIT 0 0 0 
71 0 0 31 0050 00000000 0 EXIT 0 0 0 
20 0 0 15 0050 00000000 0 EXIT 0 0 0 
64 0 0 18 0050 00000000 0 EXIT 0 0 0 
60 0 0 14 0050 00000000 0 EXIT 0 0 0 
67 0 0 31 0050 00000000 0 EXIT 0 0 0 
60 0 0 5 0050 00000000 0 EXIT 0 0 0 
40 0 0 14 0050 00000000 0 EXIT 0 0 0 
35 0 0 18 0050 00000000 0 EXIT 0 0 0 
64 0 0 17 0050 00000000 0 EXIT 0 0 0 
88 0 0 21 0050 00000000 0 EXIT 0 0 0 
67 0 0 12 0050 00000000 0 EXIT 0 0 0 
60 0 0 10 0050 00000000 0 EXIT 0 0 0 
60 0 0 31 0050 00000000 0 EXIT 0 0 0 
40 0 0 26 0050 00000000 0 EXIT 0 0 0 
76 0 0 1 0050 00000000 0 EXIT 0 0 0 
4 0 0 18 0050 00000000 0 EXIT 0 0 0 
91 0 0 3 0050 00000000 0 EXIT 0 0 0 
63 0 0 11 0050 00000000 0 EXIT 0 0 0 
71 0 0 14 0050 00000000 0 EXIT 0 0 0 
71 0 0 23 0050 00000000 0 EXIT 0 0 0 
63 0 0 16 0050 00000000 0 EXIT 0 0 0 
92 0 0 7 0050 00000000 0 EXIT 0 0 0 
76 0 0 2 0050 00000000 0 EXIT 0 0 0 
60 0 0 30 0050 00000000 0 EXIT 0 0 0 
76 0 0 6 0050 00000000 0 EXIT 0 0 0 
7 0 0 0 0050 00000000 0 EXIT 0 0 0 
91 0 0 21 0050 00000000 0 EXIT 0 0 0 
12 0 0 1 0050 00000000 0 EXIT 0 0 0 
88 0 0 5 0050 00000000 0 EXIT 0 0 0 
95 0 0 5 0050 00000000 0 EXIT 0 0 0 
40 0 0 29 0050 00000000 0 EXIT 0 0 0 
68 0 0 31 0050 00000000 0 EXIT 0 0 0 
71 0 0 19 0050 00000000 0 EXIT 0 0 0 
67 0 0 0 0050 00000000 0 EXIT 0 0 0 
67 0 0 21 0050 00000000 0 EXIT 0 0 0 
91 0 0 22 0050 00000000 0 EXIT 0 0 0 
88 0 0 23 0050 00000000 0 EXIT 0 0 0 
95 0 0 29 0050 00000000 0 EXIT 0 0 0 
40 0 0 15 0050 00000000 0 EXIT 0 0 0 
88 0 0 8 0050 00000000 0 EXIT 0 0 0 
39 0 0 0 0050 00000000 0 EXIT 0 0 0 
20 0 0 2 0050 00000000 0 EXIT 0 0 0 
12 0 0 13 0050 00000000 0 EXIT 0 0 0 
92 0 0 25 0050 00000000 0 EXIT 0 0 0 
91 0 0 1 0050 00000000 0 EXIT 0 0 0 
92 0 0 10 0050 00000000 0 EXIT 0 0 0 
91 0 0 2 0050 00000000 0 EXIT 0 0 0 
88 0 0 19 0050 00000000 0 EXIT 0 0 0 
40 0 0 11 0050 00000000 0 EXIT 0 0 0 
92 0 0 28 0050 00000000 0 EXIT 0 0 0 
88 0 0 14 0050 00000000 0 EXIT 0 0 0 
91 0 0 10 0050 00000000 0 EXIT 0 0 0 
23 0 0 7 0050 00000000 0 EXIT 0 0 0 
64 0 0 7 0050 00000000 0 EXIT 0 0 0 
20 0 0 9 0050 00000000 0 EXIT 0 0 0 
67 0 0 6 0050 00000000 0 EXIT 0 0 0 
20 0 0 31 0050 00000000 0 EXIT 0 0 0 
92 0 0 8 0050 00000000 0 EXIT 0 0 0 
60 0 0 3 0050 00000000 0 EXIT 0 0 0 
60 0 0 19 0050 00000000 0 EXIT 0 0 0 
88 0 0 7 0050 00000000 0 EXIT 0 0 0 
92 0 0 11 0050 00000000 0 EXIT 0 0 0 
64 0 0 2 0050 00000000 0 EXIT 0 0 0 
88 0 0 11 0050 00000000 0 EXIT 0 0 0 
92 0 0 22 0050 00000000 0 EXIT 0 0 0 
15 0 0 26 0050 00000000 0 EXIT 0 0 0 
88 0 0 4 0050 00000000 0 EXIT 0 0 0 
20 0 0 24 0050 00000000 0 EXIT 0 0 0 
68 0 0 21 0050 00000000 0 EXIT 0 0 0 
20 0 0 3 0050 00000000 0 EXIT 0 0 0 
23 0 0 3 0050 00000000 0 EXIT 0 0 0 
71 0 0 18 0050 00000000 0 EXIT 0 0 0 
35 0 0 6 0050 00000000 0 EXIT 0 0 0 
64 0 0 3 0050 00000000 0 EXIT 0 0 0 
88 0 0 0 0050 00000000 0 EXIT 0 0 0 
91 0 0 24 0050 00000000 0 EXIT 0 0 0 
91 0 0 28 0050 00000000 0 EXIT 0 0 0 
60 0 0 11 0050 00000000 0 EXIT 0 0 0 
20 0 0 13 0050 00000000 0 EXIT 0 0 0 
92 0 0 19 0050 00000000 0 EXIT 0 0 0 
20 0 0 4 0050 00000000 0 EXIT 0 0 0 
60 0 0 7 0050 00000000 0 EXIT 0 0 0 
92 0 0 18 0050 00000000 0 EXIT 0 0 0 
20 0 0 5 0050 00000000 0 EXIT 0 0 0 
20 0 0 11 0050 00000000 0 EXIT 0 0 0 
92 0 0 31 0050 00000000 0 EXIT 0 0 0 
95 0 0 2 0050 00000000 0 EXIT 0 0 0 
40 0 0 13 0050 00000000 0 EXIT 0 0 0 
64 0 0 0 0050 00000000 0 EXIT 0 0 0 
64 0 0 4 0050 00000000 0 EXIT 0 0 0 
92 0 0 23 0050 00000000 0 EXIT 0 0 0 
30 0 0 8 00a0 ffffffff 1 R4 LDG.E.64 1 R4 8 1 0x7f3354cffe00 8 0 
18 0 0 8 00a0 ffffffff 1 R4 LDG.E.64 1 R4 8 1 0x7f3354ce7e00 8 0 
30 0 0 1 00a0 ffffffff 1 R4 LDG.E.64 1 R4 8 1 0x7f3354cff700 8 0 
2 0 0 16 00a0 ffffffff 1 R4 LDG.E.64 1 R4 8 1 0x7f3354cc8600 8 0 
18 0 0 13 00a0 ffffffff 1 R4 LDG.E.64 1 R4 8 1 0x7f3354ce8300 8 0 
2 0 0 21 00a0 ffffffff 1 R4 LDG.E.64 1 R4 8 1 0x7f3354cc8b00 8 0 
45 0 0 15 00a0 ffffffff 1 R4 LDG.E.64 1 R4 8 1 0x7f3354d1e500 8 0 
30 0 0 4 00a0 ffffffff 1 R4 LDG.E.64 1 R4 8 1 0x7f3354cffa00 8 0 
57 0 0 28 00a0 ffffffff 1 R4 LDG.E.64 1 R4 8 1 0x7f3354d37200 8 0 
18 0 0 15 00a0 ffffffff 1 R4 LDG.E.64 1 R4 8 1 0x7f3354ce8500 8 0 
29 0 0 13 00a0 ffffffff 1 R4 LDG.E.64 1 R4 8 1 0x7f3354cfe300 8 0 
46 0 0 24 00a0 ffffffff 1 R4 LDG.E.64 1 R4 8 1 0x7f3354d20e00 8 0 
47 0 0 22 00a0 ffffffff 1 R4 LDG.E.64 1 R4 8 1 0x7f3354d22c00 8 0 
57 0 0 27 00a0 ffffffff 1 R4 LDG.E.64 1 R4 8 1 0x7f3354d37100 8 0 
3 0 0 12 00a0 ffffffff 1 R4 LDG.E.64 1 R4 8 1 0x7f3354cca200 8 0 
19 0 0 25 00a0 ffffffff 1 R4 LDG.E.64 1 R4 8 1 0x7f3354ceaf00 8 0 
30 0 0 5 00a0 ffffffff 1 R4 LDG.E.64 1 R4 8 1 0x7f3354cffb00 8 0 
28 0 0 15 00a0 ffffffff 1 R4 LDG.E.64 1 R4 8 1 0x7f3354cfc500 8 0 
45 0 0 20 00a0 ffffffff 1 R4 LDG.E.64 1 R4 8 1 0x7f3354d1ea00 8 0 
19 0 0 20 00a0 ffffffff 1 R4 LDG.E.64 1 R4 8 1 0x7f3354ceaa00 8 0 
46 0 0 21 00a0 ffffffff 1 R4 LDG.E.64 1 R4 8 1 0x7f3354d20b00 8 0 
52 0 0 29 00a0 ffffffff 1 R4 LDG.E.64 1 R4 8 1 0x7f3354d2d300 8 0 
17 0 0 1 00a0 ffffffff 1 R4 LDG.E.64 1 R4 8 1 0x7f3354ce5700 8 0 
31 0 0 1 00a0 ffffffff 1 R4 LDG.E.64 1 R4 8 1 0x7f3354d01700 8 0 
2 0 0 30 00a0 ffffffff 1 R4 LDG.E.64 1 R4 8 1 0x7f3354cc9400 8 0 
44 0 0 30 00a0 ffffffff 1 R4 LDG.E.64 1 R4 8 1 0x7f3354d1d400 8 0 
45 0 0 18 00a0 ffffffff 1 R4 LDG.E.64 1 R4 8 1 0x7f3354d1e800 8 0 
3 0 0 21 00a0 ffffffff 1 R4 LDG.E.64 1 R4 8 1 0x7f3354ccab00 8 0 
18 0 0 14 00a0 ffffffff 1 R4 LDG.E.64 1 R4 8 1 0x7f3354ce8400 8 0 
24 0 0 3 00a0 ffffffff 1 R4 LDG.E.64 1 R4 8 1 0x7f3354cf3900 8 0 
17 0 0 2 00a0 ffffffff 1 R4 LDG.E.64 1 R4 8 1 0x7f3354ce5800 8 0 
47 0 0 3 00a0 ffffffff 1 R4 LDG.E.64 1 R4 8 1 0x7f3354d21900 8 0 
2 0 0 31 00a0 ffffffff 1 R4 LDG.E.64 1 R4 8 1 0x7f3354cc9500 8 0 
28 0 0 4 00a0 ffffffff 1 R4 LDG.E.64 1 R4 8 1 0x7f3354cfba00 8 0 
57 0 0 26 00a0 ffffffff 1 R4 LDG.E.64 1 R4 8 1 0x7f3354d37000 8 0 
31 0 0 19 00a0 ffffffff 1 R4 LDG.E.64 1 R4 8 1 0x7f3354d02900 8 0 
54 0 0 1 00a0 ffffffff 1 R4 LDG.E.64 1 R4 8 1 0x7f3354d2f700 8 0 
44 0 0 23 00a0 ffffffff 1 R4 LDG.E.64 1 R4 8 1 0x7f3354d1cd00 8 0 
17 0 0 0 00a0 ffffffff 1 R4 LDG.E.64 1 R4 8 1 0x7f3354ce5600 8 0 
3 0 0 26 00a0 ffffffff 1 R4 LDG.E.64 1 R4 8 1 0x7f3354ccb000 8 0 
18 0 0 11 00a0 ffffffff 1 R4 LDG.E.64 1 R4 8 1 0x7f3354ce8100 8 0 
29 0 0 2 00a0 ffffffff 1 R4 LDG.E.64 1 R4 8 1 0x7f3354cfd800 8 0 
28 0 0 14 00a0 ffffffff 1 R4 LDG.E.64 1 R4 8 1 0x7f3354cfc400 8 0 
30 0 0 20 00a0 ffffffff 1 R4 LDG.E.64 1 R4 8 1 0x7f3354d00a00 8 0 
19 0 0 31 00a0 ffffffff 1 R4 LDG.E.64 1 R4 8 1 0x7f3354ceb500 8 0 
45 0 0 16 00a0 ffffffff 1 R4 LDG.E.64 1 R4 8 1 0x7f3354d1e600 8 0 
24 0 0 14 00a0 ffffffff 1 R4 LDG.E.64 1 R4 8 1 0x7f3354cf4400 8 0 
54 0 0 3 00a0 ffffffff 1 R4 LDG.E.64 1 R4 8 1 0x7f3354d2f900 8 0 
47 0 0 12 00a0 ffffffff 1 R4 LDG.E.64 1 R4 8 1 0x7f3354d22200 8 0 
53 0 0 16 00a0 ffffffff 1 R4 LDG.E.64 1 R4 8 1 0x7f3354d2e600 8 0 
28 0 0 11 00a0 ffffffff 1 R4 LDG.E.64 1 R4 8 1 0x7f3354cfc100 8 0 
30 0 0 14 00a0 ffffffff 1 R4 LDG.E.64 1 R4 8 1 0x7f3354d00400 8 0 
31 0 0 4 00a0 ffffffff 1 R4 LDG.E.64 1 R4 8 1 0x7f3354d01a00 8 0 
1 0 0 2 00a0 ffffffff 1 R4 LDG.E.64 1 R4 8 1 0x7f3354cc5800 8 0 
24 0 0 0 00a0 ffffffff 1 R4 LDG.E.64 1 R4 8 1 0x7f3354cf3600 8 0 
82 0 0 6 00a0 ffffffff 1 R4 LDG.E.64 1 R4 8 1 0x7f3354d67c00 8 0 
19 0 0 24 00a0 ffffffff 1 R4 LDG.E.64 1 R4 8 1 0x7f3354ceae00 8 0 
17 0 0 7 00a0 ffffffff 1 R4 LDG.E.64 1 R4 8 1 0x7f3354ce5d00 8 0 
24 0 0 1 00a0 ffffffff 1 R4 LDG.E.64 1 R4 8 1 0x7f3354cf3700 8 0 
82 0 0 17 00a0 ffffffff 1 R4 LDG.E.64 1 R4 8 1 0x7f3354d68700 8 0 
47 0 0 27 00a0 ffffffff 1 R4 LDG.E.64 1 R4 8 1 0x7f3354d23100 8 0 
29 0 0 11 00a0 ffffffff 1 R4 LDG.E.64 1 R4 8 1 0x7f3354cfe100 8 0 
44 0 0 1 00a0 ffffffff 1 R4 LDG.E.64 1 R4 8 1 0x7f3354d1b700 8 0 
2 0 0 14 00a0 ffffffff 1 R4 LDG.E.64 1 R4 8 1 0x7f3354cc8400 8 0 
19 0 0 29 00a0 ffffffff 1 R4 LDG.E.64 1 R4 8 1 0x7f3354ceb300 8 0 
81 0 0 9 00a0 ffffffff 1 R4 LDG.E.64 1 R4 8 1 0x7f3354d65f00 8 0 
24 0 0 28 00a0 ffffffff 1 R4 LDG.E.64 1 R4 8 1 0x7f3354cf5200 8 0 
18 0 0 10 00a0 ffffffff 1 R4 LDG.E.64 1 R4 8 1 0x7f3354ce8000 8 0 
27 0 0 13 00a0 ffffffff 1 R4 LDG.E.64 1 R4 8 1 0x7f3354cfa300 8 0 
45 0 0 1 00a0 ffffffff 1 R4 LDG.E.64 1 R4 8 1 0x7f3354d1d700 8 0 
44 0 0 12 00a0 ffffffff 1 R4 LDG.E.64 1 R4 8 1 0x7f3354d1c200 8 0 
30 0 0 15 00a0 ffffffff 1 R4 LDG.E.64 1 R4 8 1 0x7f3354d00500 8 0 
3 0 0 19 00a0 ffffffff 1 R4 LDG.E.64 1 R4 8 1 0x7f3354cca900 8 0 
53 0 0 17 00a0 ffffffff 1 R4 LDG.E.64 1 R4 8 1 0x7f3354d2e700 8 0 
28 0 0 9 00a0 ffffffff 1 R4 LDG.E.64 1 R4 8 1 0x7f3354cfbf00 8 0 
54 0 0 7 00a0 ffffffff 1 R4 LDG.E.64 1 R4 8 1 0x7f3354d2fd00 8 0 
31 0 0 13 00a0 ffffffff 1 R4 LDG.E.64 1 R4 8 1 0x7f3354d02300 8 0 
1 0 0 0 00a0 ffffffff 1 R4 LDG.E.64 1 R4 8 1 0x7f3354cc5600 8 0 
28 0 0 0 00a0 ffffffff 1 R4 LDG.E.64 1 R4 8 1 0x7f3354cfb600 8 0 
46 0 0 26 00a0 ffffffff 1 R4 LDG.E.64 1 R4 8 1 0x7f3354d21000 8 0 
19 0 0 30 00a0 ffffffff 1 R4 LDG.E.64 1 R4 8 1 0x7f3354ceb400 8 0 
17 0 0 30 00a0 ffffffff 1 R4 LDG.E.64 1 R4 8 1 0x7f3354ce7400 8 0 
52 0 0 24 00a0 ffffffff 1 R4 LDG.E.64 1 R4 8 1 0x7f3354d2ce00 8 0 
82 0 0 12 00a0 ffffffff 1 R4 LDG.E.64 1 R4 8 1 0x7f3354d68200 8 0 
3 0 0 8 00a0 ffffffff 1 R4 LDG.E.64 1 R4 8 1 0x7f3354cc9e00 8 0 
29 0 0 8 00a0 ffffffff 1 R4 LDG.E.64 1 R4 8 1 0x7f3354cfde00 8 0 
44 0 0 11 00a0 ffffffff 1 R4 LDG.E.64 1 R4 8 1 0x7f3354d1c100 8 0 
2 0 0 27 00a0 ffffffff 1 R4 LDG.E.64 1 R4 8 1 0x7f3354cc9100 8 0 
31 0 0 26 00a0 ffffffff 1 R4 LDG.E.64 1 R4 8 1 0x7f3354d03000 8 0 
42 0 0 24 00a0 ffffffff 1 R4 LDG.E.64 1 R4 8 1 0x7f3354d18e00 8 0 
53 0 0 30 00a0 ffffffff 1 R4 LDG.E.64 1 R4 8 1 0x7f3354d2f400 8 0 
52 0 0 31 00a0 ffffffff 1 R4 LDG.E.64 1 R4 8 1 0x7f3354d2d500 8 0 
18 0 0 7 00a0 ffffffff 1 R4 LDG.E.64 1 R4 8 1 0x7f3354ce7d00 8 0 
49 0 0 7 00a0 ffffffff 1 R4 LDG.E.64 1 R4 8 1 0x7f3354d25d00 8 0 
27 0 0 28 00a0 ffffffff 1 R4 LDG.E.64 1 R4 8 1 0x7f3354cfb200 8 0 
80 0 0 30 00a0 ffffffff 1 R4 LDG.E.64 1 R4 8 1 0x7f3354d65400 8 0 
50 0 0 11 00a0 ffffffff 1 R4 LDG.E.64 1 R4 8 1 0x7f3354d28100 8 0 
19 0 0 27 00a0 ffffffff 1 R4 LDG.E.64 1 R4 8 1 0x7f3354ceb100 8 0 
73 0 0 31 00a0 ffffffff 1 R4 LDG.E.64 1 R4 8 1 0x7f3354d57500 8 0 
44 0 0 0 00a0 ffffffff 1 R4 LDG.E.64 1 R4 8 1 0x7f3354d1b600 8 0 
30 0 0 10 00a0 ffffffff 1 R4 LDG.E.64 1 R4 8 1 0x7f3354d00000 8 0 
31 0 0 31 00a0 ffffffff 1 R4 LDG.E.64 1 R4 8 1 0x7f3354d03500 8 0 
81 0 0 2 00a0 ffffffff 1 R4 LDG.E.64 1 R4 8 1 0x7f3354d65800 8 0 
28 0 0 10 00a0 ffffffff 1 R4 LDG.E.64 1 R4 8 1 0x7f3354cfc000 8 0 
54 0 0 10 00a0 ffffffff 1 R4 LDG.E.64 1 R4 8 1 0x7f3354d30000 8 0 
3 0 0 17 00a0 ffffffff 1 R4 LDG.E.64 1 R4 8 1 0x7f3354cca700 8 0 
57 0 0 22 00a0 ffffffff 1 R4 LDG.E.64 1 R4 8 1 0x7f3354d36c00 8 0 
48 0 0 28 00a0 ffffffff 1 R4 LDG.E.64 1 R4 8 1 0x7f3354d25200 8 0 
46 0 0 20 00a0 ffffffff 1 R4 LDG.E.64 1 R4 8 1 0x7f3354d20a00 8 0 
28 0 0 13 00a0 ffffffff 1 R4 LDG.E.64 1 R4 8 1 0x7f3354cfc300 8 0 
45 0 0 11 00a0 ffffffff 1 R4 LDG.E.64 1 R4 8 1 0x7f3354d1e100 8 0 
27 0 0 26 00a0 ffffffff 1 R4 LDG.E.64 1 R4 8 1 0x7f3354cfb000 8 0 
82 0 0 30 00a0 ffffffff 1 R4 LDG.E.64 1 R4 8 1 0x7f3354d69400 8 0 
24 0 0 5 00a0 ffffffff 1 R4 LDG.E.64 1 R4 8 1 0x7f3354cf3b00 8 0 
29 0 0 4 00a0 ffffffff 1 R4 LDG.E.64 1 R4 8 1 0x7f3354cfda00 8 0 
75 0 0 3 00a0 ffffffff 1 R4 LDG.E.64 1 R4 8 1 0x7f3354d59900 8 0 
2 0 0 26 00a0 ffffffff 1 R4 LDG.E.64 1 R4 8 1 0x7f3354cc9000 8 0 
44 0 0 22 00a0 ffffffff 1 R4 LDG.E.64 1 R4 8 1 0x7f3354d1cc00 8 0 
49 0 0 25 00a0 ffffffff 1 R4 LDG.E.64 1 R4 8 1 0x7f3354d26f00 8 0 
3 0 0 14 00a0 ffffffff 1 R4 LDG.E.64 1 R4 8 1 0x7f3354cca400 8 0 
53 0 0 20 00a0 ffffffff 1 R4 LDG.E.64 1 R4 8 1 0x7f3354d2ea00 8 0 
44 0 0 21 00a0 ffffffff 1 R4 LDG.E.64 1 R4 8 1 0x7f3354d1cb00 8 0 
18 0 0 5 00a0 ffffffff 1 R4 LDG.E.64 1 R4 8 1 0x7f3354ce7b00 8 0 
42 0 0 27 00a0 ffffffff 1 R4 LDG.E.64 1 R4 8 1 0x7f3354d19100 8 0 
31 0 0 22 00a0 ffffffff 1 R4 LDG.E.64 1 R4 8 1 0x7f3354d02c00 8 0 
17 0 0 11 00a0 ffffffff 1 R4 LDG.E.64 1 R4 8 1 0x7f3354ce6100 8 0 
52 0 0 21 00a0 ffffffff 1 R4 LDG.E.64 1 R4 8 1 0x7f3354d2cb00 8 0 
30 0 0 11 00a0 ffffffff 1 R4 LDG.E.64 1 R4 8 1 0x7f3354d00100 8 0 
19 0 0 26 00a0 ffffffff 1 R4 LDG.E.64 1 R4 8 1 0x7f3354ceb000 8 0 
50 0 0 30 00a0 ffffffff 1 R4 LDG.E.64 1 R4 8 1 0x7f3354d29400 8 0 
52 0 0 14 00a0 ffffffff 1 R4 LDG.E.64 1 R4 8 1 0x7f3354d2c400 8 0 
81 0 0 11 00a0 ffffffff 1 R4 LDG.E.64 1 R4 8 1 0x7f3354d66100 8 0 
27 0 0 31 00a0 ffffffff 1 R4 LDG.E.64 1 R4 8 1 0x7f3354cfb500 8 0 
54 0 0 4 00a0 ffffffff 1 R4 LDG.E.64 1 R4 8 1 0x7f3354d2fa00 8 0 
24 0 0 2 00a0 ffffffff 1 R4 LDG.E.64 1 R4 8 1 0x7f3354cf3800 8 0 
49 0 0 12 00a0 ffffffff 1 R4 LDG.E.64 1 R4 8 1 0x7f3354d26200 8 0 
31 0 0 7 00a0 ffffffff 1 R4 LDG.E.64 1 R4 8 1 0x7f3354d01d00 8 0 
57 0 0 31 00a0 ffffffff 1 R4 LDG.E.64 1 R4 8 1 0x7f3354d37500 8 0 
28 0 0 28 00a0 ffffffff 1 R4 LDG.E.64 1 R4 8 1 0x7f3354cfd200 8 0 
46 0 0 13 00a0 ffffffff 1 R4 LDG.E.64 1 R4 8 1 0x7f3354d20300 8 0 
48 0 0 31 00a0 ffffffff 1 R4 LDG.E.64 1 R4 8 1 0x7f3354d25500 8 0 
45 0 0 9 00a0 ffffffff 1 R4 LDG.E.64 1 R4 8 1 0x7f3354d1df00 8 0 
3 0 0 5 00a0 ffffffff 1 R4 LDG.E.64 1 R4 8 1 0x7f3354cc9b00 8 0 
82 0 0 7 00a0 ffffffff 1 R4 LDG.E.64 1 R4 8 1 0x7f3354d67d00 8 0 
28 0 0 5 00a0 ffffffff 1 R4 LDG.E.64 1 R4 8 1 0x7f3354cfbb00 8 0 
29 0 0 5 00a0 ffffffff 1 R4 LDG.E.64 1 R4 8 1 0x7f3354cfdb00 8 0 
27 0 0 9 00a0 ffffffff 1 R4 LDG.E.64 1 R4 8 1 0x7f3354cf9f00 8 0 
41 0 0 30 00a0 ffffffff 1 R4 LDG.E.64 1 R4 8 1 0x7f3354d17400 8 0 
52 0 0 15 00a0 ffffffff 1 R4 LDG.E.64 1 R4 8 1 0x7f3354d2c500 8 0 
2 0 0 15 00a0 ffffffff 1 R4 LDG.E.64 1 R4 8 1 0x7f3354cc8500 8 0 
3 0 0 11 00a0 ffffffff 1 R4 LDG.E.64 1 R4 8 1 0x7f3354cca100 8 0 
53 0 0 27 00a0 ffffffff 1 R4 LDG.E.64 1 R4 8 1 0x7f3354d2f100 8 0 
28 0 0 6 00a0 ffffffff 1 R4 LDG.E.64 1 R4 8 1 0x7f3354cfbc00 8 0 
42 0 0 26 00a0 ffffffff 1 R4 LDG.E.64 1 R4 8 1 0x7f3354d19000 8 0 
27 0 0 22 00a0 ffffffff 1 R4 LDG.E.64 1 R4 8 1 0x7f3354cfac00 8 0 
18 0 0 20 00a0 ffffffff 1 R4 LDG.E.64 1 R4 8 1 0x7f3354ce8a00 8 0 
44 0 0 4 00a0 ffffffff 1 R4 LDG.E.64 1 R4 8 1 0x7f3354d1ba00 8 0 
17 0 0 3 00a0 ffffffff 1 R4 LDG.E.64 1 R4 8 1 0x7f3354ce5900 8 0 
50 0 0 4 00a0 ffffffff 1 R4 LDG.E.64 1 R4 8 1 0x7f3354d27a00 8 0 
75 0 0 0 00a0 ffffffff 1 R4 LDG.E.64 1 R4 8 1 0x7f3354d59600 8 0 
80 0 0 26 00a0 ffffffff 1 R4 LDG.E.64 1 R4 8 1 0x7f3354d65000 8 0 
49 0 0 2 00a0 ffffffff 1 R4 LDG.E.64 1 R4 8 1 0x7f3354d25800 8 0 
31 0 0 14 00a0 ffffffff 1 R4 LDG.E.64 1 R4 8 1 0x7f3354d02400 8 0 
30 0 0 7 00a0 ffffffff 1 R4 LDG.E.64 1 R4 8 1 0x7f3354cffd00 8 0 
80 0 0 29 00a0 ffffffff 1 R4 LDG.E.64 1 R4 8 1 0x7f3354d65300 8 0 
81 0 0 16 00a0 ffffffff 1 R4 LDG.E.64 1 R4 8 1 0x7f3354d66600 8 0 
3 0 0 22 00a0 ffffffff 1 R4 LDG.E.64 1 R4 8 1 0x7f3354ccac00 8 0 
54 0 0 24 00a0 ffffffff 1 R4 LDG.E.64 1 R4 8 1 0x7f3354d30e00 8 0 
80 0 0 25 00a0 ffffffff 1 R4 LDG.E.64 1 R4 8 1 0x7f3354d64f00 8 0 
57 0 0 29 00a0 ffffffff 1 R4 LDG.E.64 1 R4 8 1 0x7f3354d37300 8 0 
46 0 0 31 00a0 ffffffff 1 R4 LDG.E.64 1 R4 8 1 0x7f3354d21500 8 0 
43 0 0 5 00a0 ffffffff 1 R4 LDG.E.64 1 R4 8 1 0x7f3354d19b00 8 0 
47 0 0 13 00a0 ffffffff 1 R4 LDG.E.64 1 R4 8 1 0x7f3354d22300 8 0 
48 0 0 13 00a0 ffffffff 1 R4 LDG.E.64 1 R4 8 1 0x7f3354d24300 8 0 
41 0 0 29 00a0 ffffffff 1 R4 LDG.E.64 1 R4 8 1 0x7f3354d17300 8 0 
45 0 0 10 00a0 ffffffff 1 R4 LDG.E.64 1 R4 8 1 0x7f3354d1e000 8 0 
28 0 0 1 00a0 ffffffff 1 R4 LDG.E.64 1 R4 8 1 0x7f3354cfb700 8 0 
82 0 0 13 00a0 ffffffff 1 R4 LDG.E.64 1 R4 8 1 0x7f3354d68300 8 0 
51 0 0 17 00a0 ffffffff 1 R4 LDG.E.64 1 R4 8 1 0x7f3354d2a700 8 0 
42 0 0 23 00a0 ffffffff 1 R4 LDG.E.64 1 R4 8 1 0x7f3354d18d00 8 0 
55 0 0 27 00a0 ffffffff 1 R4 LDG.E.64 1 R4 8 1 0x7f3354d33100 8 0 
29 0 0 7 00a0 ffffffff 1 R4 LDG.E.64 1 R4 8 1 0x7f3354cfdd00 8 0 
52 0 0 30 00a0 ffffffff 1 R4 LDG.E.64 1 R4 8 1 0x7f3354d2d400 8 0 
2 0 0 8 00a0 ffffffff 1 R4 LDG.E.64 1 R4 8 1 0x7f3354cc7e00 8 0 
50 0 0 26 00a0 ffffffff 1 R4 LDG.E.64 1 R4 8 1 0x7f3354d29000 8 0 
27 0 0 23 00a0 ffffffff 1 R4 LDG.E.64 1 R4 8 1 0x7f3354cfad00 8 0 
72 0 0 29 00a0 ffffffff 1 R4 LDG.E.64 1 R4 8 1 0x7f3354d55300 8 0 
49 0 0 3 00a0 ffffffff 1 R4 LDG.E.64 1 R4 8 1 0x7f3354d25900 8 0 
19 0 0 21 00a0 ffffffff 1 R4 LDG.E.64 1 R4 8 1 0x7f3354ceab00 8 0 
53 0 0 19 00a0 ffffffff 1 R4 LDG.E.64 1 R4 8 1 0x7f3354d2e900 8 0 
44 0 0 14 00a0 ffffffff 1 R4 LDG.E.64 1 R4 8 1 0x7f3354d1c400 8 0 
18 0 0 6 00a0 ffffffff 1 R4 LDG.E.64 1 R4 8 1 0x7f3354ce7c00 8 0 
31 0 0 10 00a0 ffffffff 1 R4 LDG.E.64 1 R4 8 1 0x7f3354d02000 8 0 
73 0 0 29 00a0 ffffffff 1 R4 LDG.E.64 1 R4 8 1 0x7f3354d57300 8 0 
30 0 0 6 00a0 ffffffff 1 R4 LDG.E.64 1 R4 8 1 0x7f3354cffc00 8 0 
80 0 0 17 00a0 ffffffff 1 R4 LDG.E.64 1 R4 8 1 0x7f3354d64700 8 0 
48 0 0 24 00a0 ffffffff 1 R4 LDG.E.64 1 R4 8 1 0x7f3354d24e00 8 0 
81 0 0 7 00a0 ffffffff 1 R4 LDG.E.64 1 R4 8 1 0x7f3354d65d00 8 0 
59 0 0 14 00a0 ffffffff 1 R4 LDG.E.64 1 R4 8 1 0x7f3354d3a400 8 0 
41 0 0 31 00a0 ffffffff 1 R4 LDG.E.64 1 R4 8 1 0x7f3354d17500 8 0 
0 0 0 22 00a0 ffffffff 1 R4 LDG.E.64 1 R4 8 1 0x7f3354cc4c00 8 0 
54 0 0 29 00a0 ffffffff 1 R4 LDG.E.64 1 R4 8 1 0x7f3354d31300 8 0 
43 0 0 12 00a0 ffffffff 1 R4 LDG.E.64 1 R4 8 1 0x7f3354d1a200 8 0 
1 0 0 5 00a0 ffffffff 1 R4 LDG.E.64 1 R4 8 1 0x7f3354cc5b00 8 0 
47 0 0 18 00a0 ffffffff 1 R4 LDG.E.64 1 R4 8 1 0x7f3354d22800 8 0 
42 0 0 17 00a0 ffffffff 1 R4 LDG.E.64 1 R4 8 1 0x7f3354d18700 8 0 
28 0 0 3 00a0 ffffffff 1 R4 LDG.E.64 1 R4 8 1 0x7f3354cfb900 8 0 
46 0 0 18 00a0 ffffffff 1 R4 LDG.E.64 1 R4 8 1 0x7f3354d20800 8 0 
51 0 0 6 00a0 ffffffff 1 R4 LDG.E.64 1 R4 8 1 0x7f3354d29c00 8 0 
45 0 0 5 00a0 ffffffff 1 R4 LDG.E.64 1 R4 8 1 0x7f3354d1db00 8 0 
50 0 0 13 00a0 ffffffff 1 R4 LDG.E.64 1 R4 8 1 0x7f3354d28300 8 0 
55 0 0 28 00a0 ffffffff 1 R4 LDG.E.64 1 R4 8 1 0x7f3354d33200 8 0 
52 0 0 20 00a0 ffffffff 1 R4 LDG.E.64 1 R4 8 1 0x7f3354d2ca00 8 0 
49 0 0 5 00a0 ffffffff 1 R4 LDG.E.64 1 R4 8 1 0x7f3354d25b00 8 0 
27 0 0 24 00a0 ffffffff 1 R4 LDG.E.64 1 R4 8 1 0x7f3354cfae00 8 0 
82 0 0 10 00a0 ffffffff 1 R4 LDG.E.64 1 R4 8 1 0x7f3354d68000 8 0 
72 0 0 28 00a0 ffffffff 1 R4 LDG.E.64 1 R4 8 1 0x7f3354d55200 8 0 
29 0 0 0 00a0 ffffffff 1 R4 LDG.E.64 1 R4 8 1 0x7f3354cfd600 8 0 
48 0 0 2 00a0 ffffffff 1 R4 LDG.E.64 1 R4 8 1 0x7f3354d23800 8 0 
2 0 0 22 00a0 ffffffff 1 R4 LDG.E.64 1 R4 8 1 0x7f3354cc8c00 8 0 
19 0 0 18 00a0 ffffffff 1 R4 LDG.E.64 1 R4 8 1 0x7f3354cea800 8 0 
53 0 0 14 00a0 ffffffff 1 R4 LDG.E.64 1 R4 8 1 0x7f3354d2e400 8 0 
44 0 0 15 00a0 ffffffff 1 R4 LDG.E.64 1 R4 8 1 0x7f3354d1c500 8 0 
18 0 0 1 00a0 ffffffff 1 R4 LDG.E.64 1 R4 8 1 0x7f3354ce7700 8 0 
31 0 0 5 00a0 ffffffff 1 R4 LDG.E.64 1 R4 8 1 0x7f3354d01b00 8 0 
97 0 0 0 00a0 ffffffff 1 R4 LDG.E.64 1 R4 8 1 0x7f3354d85600 8 0 
80 0 0 28 00a0 ffffffff 1 R4 LDG.E.64 1 R4 8 1 0x7f3354d65200 8 0 
73 0 0 23 00a0 ffffffff 1 R4 LDG.E.64 1 R4 8 1 0x7f3354d56d00 8 0 
30 0 0 0 00a0 ffffffff 1 R4 LDG.E.64 1 R4 8 1 0x7f3354cff600 8 0 
3 0 0 18 00a0 ffffffff 1 R4 LDG.E.64 1 R4 8 1 0x7f3354cca800 8 0 
42 0 0 18 00a0 ffffffff 1 R4 LDG.E.64 1 R4 8 1 0x7f3354d18800 8 0 
0 0 0 31 00a0 ffffffff 1 R4 LDG.E.64 1 R4 8 1 0x7f3354cc5500 8 0 
81 0 0 12 00a0 ffffffff 1 R4 LDG.E.64 1 R4 8 1 0x7f3354d66200 8 0 
54 0 0 19 00a0 ffffffff 1 R4 LDG.E.64 1 R4 8 1 0x7f3354d30900 8 0 
50 0 0 7 00a0 ffffffff 1 R4 LDG.E.64 1 R4 8 1 0x7f3354d27d00 8 0 
43 0 0 15 00a0 ffffffff 1 R4 LDG.E.64 1 R4 8 1 0x7f3354d1a500 8 0 
47 0 0 24 00a0 ffffffff 1 R4 LDG.E.64 1 R4 8 1 0x7f3354d22e00 8 0 
49 0 0 23 00a0 ffffffff 1 R4 LDG.E.64 1 R4 8 1 0x7f3354d26d00 8 0 
28 0 0 2 00a0 ffffffff 1 R4 LDG.E.64 1 R4 8 1 0x7f3354cfb800 8 0 
51 0 0 8 00a0 ffffffff 1 R4 LDG.E.64 1 R4 8 1 0x7f3354d29e00 8 0 
57 0 0 23 00a0 ffffffff 1 R4 LDG.E.64 1 R4 8 1 0x7f3354d36d00 8 0 
46 0 0 16 00a0 ffffffff 1 R4 LDG.E.64 1 R4 8 1 0x7f3354d20600 8 0 
48 0 0 27 00a0 ffffffff 1 R4 LDG.E.64 1 R4 8 1 0x7f3354d25100 8 0 
45 0 0 4 00a0 ffffffff 1 R4 LDG.E.64 1 R4 8 1 0x7f3354d1da00 8 0 
55 0 0 16 00a0 ffffffff 1 R4 LDG.E.64 1 R4 8 1 0x7f3354d32600 8 0 
82 0 0 23 00a0 ffffffff 1 R4 LDG.E.64 1 R4 8 1 0x7f3354d68d00 8 0 
52 0 0 17 00a0 ffffffff 1 R4 LDG.E.64 1 R4 8 1 0x7f3354d2c700 8 0 
29 0 0 3 00a0 ffffffff 1 R4 LDG.E.64 1 R4 8 1 0x7f3354cfd900 8 0 
27 0 0 18 00a0 ffffffff 1 R4 LDG.E.64 1 R4 8 1 0x7f3354cfa800 8 0 
41 0 0 27 00a0 ffffffff 1 R4 LDG.E.64 1 R4 8 1 0x7f3354d17100 8 0 
16 0 0 30 00a0 ffffffff 1 R4 LDG.E.64 1 R4 8 1 0x7f3354ce5400 8 0 
2 0 0 17 00a0 ffffffff 1 R4 LDG.E.64 1 R4 8 1 0x7f3354cc8700 8 0 
53 0 0 28 00a0 ffffffff 1 R4 LDG.E.64 1 R4 8 1 0x7f3354d2f200 8 0 
19 0 0 17 00a0 ffffffff 1 R4 LDG.E.64 1 R4 8 1 0x7f3354cea700 8 0 
42 0 0 14 00a0 ffffffff 1 R4 LDG.E.64 1 R4 8 1 0x7f3354d18400 8 0 
44 0 0 13 00a0 ffffffff 1 R4 LDG.E.64 1 R4 8 1 0x7f3354d1c300 8 0 
31 0 0 8 00a0 ffffffff 1 R4 LDG.E.64 1 R4 8 1 0x7f3354d01e00 8 0 
18 0 0 2 00a0 ffffffff 1 R4 LDG.E.64 1 R4 8 1 0x7f3354ce7800 8 0 
73 0 0 25 00a0 ffffffff 1 R4 LDG.E.64 1 R4 8 1 0x7f3354d56f00 8 0 
80 0 0 31 00a0 ffffffff 1 R4 LDG.E.64 1 R4 8 1 0x7f3354d65500 8 0 
43 0 0 6 00a0 ffffffff 1 R4 LDG.E.64 1 R4 8 1 0x7f3354d19c00 8 0 
50 0 0 0 00a0 ffffffff 1 R4 LDG.E.64 1 R4 8 1 0x7f3354d27600 8 0 
3 0 0 4 00a0 ffffffff 1 R4 LDG.E.64 1 R4 8 1 0x7f3354cc9a00 8 0 
0 0 0 27 00a0 ffffffff 1 R4 LDG.E.64 1 R4 8 1 0x7f3354cc5100 8 0 
49 0 0 17 00a0 ffffffff 1 R4 LDG.E.64 1 R4 8 1 0x7f3354d26700 8 0 
51 0 0 19 00a0 ffffffff 1 R4 LDG.E.64 1 R4 8 1 0x7f3354d2a900 8 0 
47 0 0 31 00a0 ffffffff 1 R4 LDG.E.64 1 R4 8 1 0x7f3354d23500 8 0 
48 0 0 17 00a0 ffffffff 1 R4 LDG.E.64 1 R4 8 1 0x7f3354d24700 8 0 
30 0 0 2 00a0 ffffffff 1 R4 LDG.E.64 1 R4 8 1 0x7f3354cff800 8 0 
84 0 0 30 00a0 ffffffff 1 R4 LDG.E.64 1 R4 8 1 0x7f3354d6d400 8 0 
23 0 0 15 00a0 ffffffff 1 R4 LDG.E.64 1 R4 8 1 0x7f3354cf2500 8 0 
81 0 0 4 00a0 ffffffff 1 R4 LDG.E.64 1 R4 8 1 0x7f3354d65a00 8 0 
62 0 0 28 00a0 ffffffff 1 R4 LDG.E.64 1 R4 8 1 0x7f3354d41200 8 0 
55 0 0 0 00a0 ffffffff 1 R4 LDG.E.64 1 R4 8 1 0x7f3354d31600 8 0 
54 0 0 18 00a0 ffffffff 1 R4 LDG.E.64 1 R4 8 1 0x7f3354d30800 8 0 
97 0 0 16 00a0 ffffffff 1 R4 LDG.E.64 1 R4 8 1 0x7f3354d86600 8 0 
52 0 0 11 00a0 ffffffff 1 R4 LDG.E.64 1 R4 8 1 0x7f3354d2c100 8 0 
1 0 0 1 00a0 ffffffff 1 R4 LDG.E.64 1 R4 8 1 0x7f3354cc5700 8 0 
46 0 0 27 00a0 ffffffff 1 R4 LDG.E.64 1 R4 8 1 0x7f3354d21100 8 0 
42 0 0 25 00a0 ffffffff 1 R4 LDG.E.64 1 R4 8 1 0x7f3354d18f00 8 0 
27 0 0 19 00a0 ffffffff 1 R4 LDG.E.64 1 R4 8 1 0x7f3354cfa900 8 0 
33 0 0 3 00a0 ffffffff 1 R4 LDG.E.64 1 R4 8 1 0x7f3354d05900 8 0 
45 0 0 2 00a0 ffffffff 1 R4 LDG.E.64 1 R4 8 1 0x7f3354d1d800 8 0 
82 0 0 2 00a0 ffffffff 1 R4 LDG.E.64 1 R4 8 1 0x7f3354d67800 8 0 
50 0 0 5 00a0 ffffffff 1 R4 LDG.E.64 1 R4 8 1 0x7f3354d27b00 8 0 
16 0 0 29 00a0 ffffffff 1 R4 LDG.E.64 1 R4 8 1 0x7f3354ce5300 8 0 
19 0 0 23 00a0 ffffffff 1 R4 LDG.E.64 1 R4 8 1 0x7f3354cead00 8 0 
5 0 0 27 00a0 ffffffff 1 R4 LDG.E.64 1 R4 8 1 0x7f3354ccf100 8 0 
85 0 0 28 00a0 ffffffff 1 R4 LDG.E.64 1 R4 8 1 0x7f3354d6f200 8 0 
44 0 0 2 00a0 ffffffff 1 R4 LDG.E.64 1 R4 8 1 0x7f3354d1b800 8 0 
31 0 0 6 00a0 ffffffff 1 R4 LDG.E.64 1 R4 8 1 0x7f3354d01c00 8 0 
2 0 0 23 00a0 ffffffff 1 R4 LDG.E.64 1 R4 8 1 0x7f3354cc8d00 8 0 
70 0 0 14 00a0 ffffffff 1 R4 LDG.E.64 1 R4 8 1 0x7f3354d50400 8 0 
43 0 0 0 00a0 ffffffff 1 R4 LDG.E.64 1 R4 8 1 0x7f3354d19600 8 0 
80 0 0 24 00a0 ffffffff 1 R4 LDG.E.64 1 R4 8 1 0x7f3354d64e00 8 0 
53 0 0 13 00a0 ffffffff 1 R4 LDG.E.64 1 R4 8 1 0x7f3354d2e300 8 0 
3 0 0 7 00a0 ffffffff 1 R4 LDG.E.64 1 R4 8 1 0x7f3354cc9d00 8 0 
51 0 0 10 00a0 ffffffff 1 R4 LDG.E.64 1 R4 8 1 0x7f3354d2a000 8 0 
48 0 0 26 00a0 ffffffff 1 R4 LDG.E.64 1 R4 8 1 0x7f3354d25000 8 0 
49 0 0 30 00a0 ffffffff 1 R4 LDG.E.64 1 R4 8 1 0x7f3354d27400 8 0 
0 0 0 29 00a0 ffffffff 1 R4 LDG.E.64 1 R4 8 1 0x7f3354cc5300 8 0 
55 0 0 30 00a0 ffffffff 1 R4 LDG.E.64 1 R4 8 1 0x7f3354d33400 8 0 
18 0 0 3 00a0 ffffffff 1 R4 LDG.E.64 1 R4 8 1 0x7f3354ce7900 8 0 
62 0 0 5 00a0 ffffffff 1 R4 LDG.E.64 1 R4 8 1 0x7f3354d3fb00 8 0 
73 0 0 30 00a0 ffffffff 1 R4 LDG.E.64 1 R4 8 1 0x7f3354d57400 8 0 
84 0 0 27 00a0 ffffffff 1 R4 LDG.E.64 1 R4 8 1 0x7f3354d6d100 8 0 
47 0 0 30 00a0 ffffffff 1 R4 LDG.E.64 1 R4 8 1 0x7f3354d23400 8 0 
77 0 0 19 00a0 ffffffff 1 R4 LDG.E.64 1 R4 8 1 0x7f3354d5e900 8 0 
30 0 0 3 00a0 ffffffff 1 R4 LDG.E.64 1 R4 8 1 0x7f3354cff900 8 0 
22 0 0 7 00a0 ffffffff 1 R4 LDG.E.64 1 R4 8 1 0x7f3354cefd00 8 0 
52 0 0 16 00a0 ffffffff 1 R4 LDG.E.64 1 R4 8 1 0x7f3354d2c600 8 0 
81 0 0 8 00a0 ffffffff 1 R4 LDG.E.64 1 R4 8 1 0x7f3354d65e00 8 0 
27 0 0 20 00a0 ffffffff 1 R4 LDG.E.64 1 R4 8 1 0x7f3354cfaa00 8 0 
41 0 0 23 00a0 ffffffff 1 R4 LDG.E.64 1 R4 8 1 0x7f3354d16d00 8 0 
54 0 0 8 00a0 ffffffff 1 R4 LDG.E.64 1 R4 8 1 0x7f3354d2fe00 8 0 
10 0 0 0 00a0 ffffffff 1 R4 LDG.E.64 1 R4 8 1 0x7f3354cd7600 8 0 
16 0 0 22 00a0 ffffffff 1 R4 LDG.E.64 1 R4 8 1 0x7f3354ce4c00 8 0 
19 0 0 16 00a0 ffffffff 1 R4 LDG.E.64 1 R4 8 1 0x7f3354cea600 8 0 
57 0 0 24 00a0 ffffffff 1 R4 LDG.E.64 1 R4 8 1 0x7f3354d36e00 8 0 
33 0 0 6 00a0 ffffffff 1 R4 LDG.E.64 1 R4 8 1 0x7f3354d05c00 8 0 
44 0 0 7 00a0 ffffffff 1 R4 LDG.E.64 1 R4 8 1 0x7f3354d1bd00 8 0 
46 0 0 29 00a0 ffffffff 1 R4 LDG.E.64 1 R4 8 1 0x7f3354d21300 8 0 
42 0 0 31 00a0 ffffffff 1 R4 LDG.E.64 1 R4 8 1 0x7f3354d19500 8 0 
87 0 0 27 00a0 ffffffff 1 R4 LDG.E.64 1 R4 8 1 0x7f3354d73100 8 0 
15 0 0 30 00a0 ffffffff 1 R4 LDG.E.64 1 R4 8 1 0x7f3354ce3400 8 0 
45 0 0 7 00a0 ffffffff 1 R4 LDG.E.64 1 R4 8 1 0x7f3354d1dd00 8 0 
5 0 0 31 00a0 ffffffff 1 R4 LDG.E.64 1 R4 8 1 0x7f3354ccf500 8 0 
80 0 0 27 00a0 ffffffff 1 R4 LDG.E.64 1 R4 8 1 0x7f3354d65100 8 0 
3 0 0 6 00a0 ffffffff 1 R4 LDG.E.64 1 R4 8 1 0x7f3354cc9c00 8 0 
82 0 0 11 00a0 ffffffff 1 R4 LDG.E.64 1 R4 8 1 0x7f3354d68100 8 0 
50 0 0 3 00a0 ffffffff 1 R4 LDG.E.64 1 R4 8 1 0x7f3354d27900 8 0 
0 0 0 26 00a0 ffffffff 1 R4 LDG.E.64 1 R4 8 1 0x7f3354cc5000 8 0 
55 0 0 7 00a0 ffffffff 1 R4 LDG.E.64 1 R4 8 1 0x7f3354d31d00 8 0 
85 0 0 29 00a0 ffffffff 1 R4 LDG.E.64 1 R4 8 1 0x7f3354d6f300 8 0 
49 0 0 0 00a0 ffffffff 1 R4 LDG.E.64 1 R4 8 1 0x7f3354d25600 8 0 
2 0 0 18 00a0 ffffffff 1 R4 LDG.E.64 1 R4 8 1 0x7f3354cc8800 8 0 
43 0 0 2 00a0 ffffffff 1 R4 LDG.E.64 1 R4 8 1 0x7f3354d19800 8 0 
48 0 0 8 00a0 ffffffff 1 R4 LDG.E.64 1 R4 8 1 0x7f3354d23e00 8 0 
84 0 0 25 00a0 ffffffff 1 R4 LDG.E.64 1 R4 8 1 0x7f3354d6cf00 8 0 
70 0 0 21 00a0 ffffffff 1 R4 LDG.E.64 1 R4 8 1 0x7f3354d50b00 8 0 
53 0 0 23 00a0 ffffffff 1 R4 LDG.E.64 1 R4 8 1 0x7f3354d2ed00 8 0 
93 0 0 16 00a0 ffffffff 1 R4 LDG.E.64 1 R4 8 1 0x7f3354d7e600 8 0 
47 0 0 25 00a0 ffffffff 1 R4 LDG.E.64 1 R4 8 1 0x7f3354d22f00 8 0 
51 0 0 13 00a0 ffffffff 1 R4 LDG.E.64 1 R4 8 1 0x7f3354d2a300 8 0 
74 0 0 30 00a0 ffffffff 1 R4 LDG.E.64 1 R4 8 1 0x7f3354d59400 8 0 
90 0 0 7 00a0 ffffffff 1 R4 LDG.E.64 1 R4 8 1 0x7f3354d77d00 8 0 
73 0 0 24 00a0 ffffffff 1 R4 LDG.E.64 1 R4 8 1 0x7f3354d56e00 8 0 
52 0 0 13 00a0 ffffffff 1 R4 LDG.E.64 1 R4 8 1 0x7f3354d2c300 8 0 
27 0 0 16 00a0 ffffffff 1 R4 LDG.E.64 1 R4 8 1 0x7f3354cfa600 8 0 
77 0 0 22 00a0 ffffffff 1 R4 LDG.E.64 1 R4 8 1 0x7f3354d5ec00 8 0 
86 0 0 28 00a0 ffffffff 1 R4 LDG.E.64 1 R4 8 1 0x7f3354d71200 8 0 
62 0 0 6 00a0 ffffffff 1 R4 LDG.E.64 1 R4 8 1 0x7f3354d3fc00 8 0 
16 0 0 28 00a0 ffffffff 1 R4 LDG.E.64 1 R4 8 1 0x7f3354ce5200 8 0 
19 0 0 22 00a0 ffffffff 1 R4 LDG.E.64 1 R4 8 1 0x7f3354ceac00 8 0 
81 0 0 1 00a0 ffffffff 1 R4 LDG.E.64 1 R4 8 1 0x7f3354d65700 8 0 
41 0 0 28 00a0 ffffffff 1 R4 LDG.E.64 1 R4 8 1 0x7f3354d17200 8 0 
54 0 0 25 00a0 ffffffff 1 R4 LDG.E.64 1 R4 8 1 0x7f3354d30f00 8 0 
91 0 0 29 0050 00000000 0 EXIT 0 0 0 
64 0 0 11 0050 00000000 0 EXIT 0 0 0 
44 0 0 5 00a0 ffffffff 1 R4 LDG.E.64 1 R4 8 1 0x7f3354d1bb00 8 0 
22 0 0 16 00a0 ffffffff 1 R4 LDG.E.64 1 R4 8 1 0x7f3354cf0600 8 0 
57 0 0 20 00a0 ffffffff 1 R4 LDG.E.64 1 R4 8 1 0x7f3354d36a00 8 0 
33 0 0 9 00a0 ffffffff 1 R4 LDG.E.64 1 R4 8 1 0x7f3354d05f00 8 0 
87 0 0 23 00a0 ffffffff 1 R4 LDG.E.64 1 R4 8 1 0x7f3354d72d00 8 0 
46 0 0 10 00a0 ffffffff 1 R4 LDG.E.64 1 R4 8 1 0x7f3354d20000 8 0 
38 0 0 22 00a0 ffffffff 1 R4 LDG.E.64 1 R4 8 1 0x7f3354d10c00 8 0 
45 0 0 0 00a0 ffffffff 1 R4 LDG.E.64 1 R4 8 1 0x7f3354d1d600 8 0 
80 0 0 23 00a0 ffffffff 1 R4 LDG.E.64 1 R4 8 1 0x7f3354d64d00 8 0 
3 0 0 3 00a0 ffffffff 1 R4 LDG.E.64 1 R4 8 1 0x7f3354cc9900 8 0 
69 0 0 19 00a0 ffffffff 1 R4 LDG.E.64 1 R4 8 1 0x7f3354d4e900 8 0 
82 0 0 0 00a0 ffffffff 1 R4 LDG.E.64 1 R4 8 1 0x7f3354d67600 8 0 
10 0 0 9 00a0 ffffffff 1 R4 LDG.E.64 1 R4 8 1 0x7f3354cd7f00 8 0 
0 0 0 28 00a0 ffffffff 1 R4 LDG.E.64 1 R4 8 1 0x7f3354cc5200 8 0 
85 0 0 24 00a0 ffffffff 1 R4 LDG.E.64 1 R4 8 1 0x7f3354d6ee00 8 0 
61 0 0 8 00a0 ffffffff 1 R4 LDG.E.64 1 R4 8 1 0x7f3354d3de00 8 0 
2 0 0 28 00a0 ffffffff 1 R4 LDG.E.64 1 R4 8 1 0x7f3354cc9200 8 0 
55 0 0 29 00a0 ffffffff 1 R4 LDG.E.64 1 R4 8 1 0x7f3354d33300 8 0 
92 0 0 9 0050 00000000 0 EXIT 0 0 0 
42 0 0 10 00a0 ffffffff 1 R4 LDG.E.64 1 R4 8 1 0x7f3354d18000 8 0 
53 0 0 18 00a0 ffffffff 1 R4 LDG.E.64 1 R4 8 1 0x7f3354d2e800 8 0 
65 0 0 19 00a0 ffffffff 1 R4 LDG.E.64 1 R4 8 1 0x7f3354d46900 8 0 
84 0 0 23 00a0 ffffffff 1 R4 LDG.E.64 1 R4 8 1 0x7f3354d6cd00 8 0 
47 0 0 28 00a0 ffffffff 1 R4 LDG.E.64 1 R4 8 1 0x7f3354d23200 8 0 
18 0 0 9 00a0 ffffffff 1 R4 LDG.E.64 1 R4 8 1 0x7f3354ce7f00 8 0 
50 0 0 2 00a0 ffffffff 1 R4 LDG.E.64 1 R4 8 1 0x7f3354d27800 8 0 
73 0 0 21 00a0 ffffffff 1 R4 LDG.E.64 1 R4 8 1 0x7f3354d56b00 8 0 
52 0 0 26 00a0 ffffffff 1 R4 LDG.E.64 1 R4 8 1 0x7f3354d2d000 8 0 
27 0 0 14 00a0 ffffffff 1 R4 LDG.E.64 1 R4 8 1 0x7f3354cfa400 8 0 
49 0 0 14 00a0 ffffffff 1 R4 LDG.E.64 1 R4 8 1 0x7f3354d26400 8 0 
86 0 0 27 00a0 ffffffff 1 R4 LDG.E.64 1 R4 8 1 0x7f3354d71100 8 0 
70 0 0 16 00a0 ffffffff 1 R4 LDG.E.64 1 R4 8 1 0x7f3354d50600 8 0 
43 0 0 10 00a0 ffffffff 1 R4 LDG.E.64 1 R4 8 1 0x7f3354d1a000 8 0 
48 0 0 21 00a0 ffffffff 1 R4 LDG.E.64 1 R4 8 1 0x7f3354d24b00 8 0 
16 0 0 27 00a0 ffffffff 1 R4 LDG.E.64 1 R4 8 1 0x7f3354ce5100 8 0 
81 0 0 0 00a0 ffffffff 1 R4 LDG.E.64 1 R4 8 1 0x7f3354d65600 8 0 
93 0 0 3 00a0 ffffffff 1 R4 LDG.E.64 1 R4 8 1 0x7f3354d7d900 8 0 
54 0 0 26 00a0 ffffffff 1 R4 LDG.E.64 1 R4 8 1 0x7f3354d31000 8 0 
19 0 0 19 00a0 ffffffff 1 R4 LDG.E.64 1 R4 8 1 0x7f3354cea900 8 0 
51 0 0 7 00a0 ffffffff 1 R4 LDG.E.64 1 R4 8 1 0x7f3354d29d00 8 0 
68 0 0 4 00a0 ffffffff 1 R4 LDG.E.64 1 R4 8 1 0x7f3354d4ba00 8 0 
90 0 0 18 00a0 ffffffff 1 R4 LDG.E.64 1 R4 8 1 0x7f3354d78800 8 0 
57 0 0 10 00a0 ffffffff 1 R4 LDG.E.64 1 R4 8 1 0x7f3354d36000 8 0 
77 0 0 15 00a0 ffffffff 1 R4 LDG.E.64 1 R4 8 1 0x7f3354d5e500 8 0 
80 0 0 22 00a0 ffffffff 1 R4 LDG.E.64 1 R4 8 1 0x7f3354d64c00 8 0 
31 0 0 3 00a0 ffffffff 1 R4 LDG.E.64 1 R4 8 1 0x7f3354d01900 8 0 
23 0 0 18 00a0 ffffffff 1 R4 LDG.E.64 1 R4 8 1 0x7f3354cf2800 8 0 
46 0 0 23 00a0 ffffffff 1 R4 LDG.E.64 1 R4 8 1 0x7f3354d20d00 8 0 
62 0 0 4 00a0 ffffffff 1 R4 LDG.E.64 1 R4 8 1 0x7f3354d3fa00 8 0 
45 0 0 29 00a0 ffffffff 1 R4 LDG.E.64 1 R4 8 1 0x7f3354d1f300 8 0 
0 0 0 25 00a0 ffffffff 1 R4 LDG.E.64 1 R4 8 1 0x7f3354cc4f00 8 0 
3 0 0 9 00a0 ffffffff 1 R4 LDG.E.64 1 R4 8 1 0x7f3354cc9f00 8 0 
41 0 0 25 00a0 ffffffff 1 R4 LDG.E.64 1 R4 8 1 0x7f3354d16f00 8 0 
82 0 0 3 00a0 ffffffff 1 R4 LDG.E.64 1 R4 8 1 0x7f3354d67900 8 0 
22 0 0 10 00a0 ffffffff 1 R4 LDG.E.64 1 R4 8 1 0x7f3354cf0000 8 0 
84 0 0 26 00a0 ffffffff 1 R4 LDG.E.64 1 R4 8 1 0x7f3354d6d000 8 0 
85 0 0 31 00a0 ffffffff 1 R4 LDG.E.64 1 R4 8 1 0x7f3354d6f500 8 0 
33 0 0 8 00a0 ffffffff 1 R4 LDG.E.64 1 R4 8 1 0x7f3354d05e00 8 0 
2 0 0 9 00a0 ffffffff 1 R4 LDG.E.64 1 R4 8 1 0x7f3354cc7f00 8 0 
55 0 0 26 00a0 ffffffff 1 R4 LDG.E.64 1 R4 8 1 0x7f3354d33000 8 0 
7 0 0 5 00a0 ffffffff 1 R4 LDG.E.64 1 R4 8 1 0x7f3354cd1b00 8 0 
38 0 0 13 00a0 ffffffff 1 R4 LDG.E.64 1 R4 8 1 0x7f3354d10300 8 0 
53 0 0 24 00a0 ffffffff 1 R4 LDG.E.64 1 R4 8 1 0x7f3354d2ee00 8 0 
69 0 0 6 00a0 ffffffff 1 R4 LDG.E.64 1 R4 8 1 0x7f3354d4dc00 8 0 
52 0 0 7 00a0 ffffffff 1 R4 LDG.E.64 1 R4 8 1 0x7f3354d2bd00 8 0 
47 0 0 23 00a0 ffffffff 1 R4 LDG.E.64 1 R4 8 1 0x7f3354d22d00 8 0 
39 0 0 11 00a0 ffffffff 1 R4 LDG.E.64 1 R4 8 1 0x7f3354d12100 8 0 
18 0 0 4 00a0 ffffffff 1 R4 LDG.E.64 1 R4 8 1 0x7f3354ce7a00 8 0 
10 0 0 2 00a0 ffffffff 1 R4 LDG.E.64 1 R4 8 1 0x7f3354cd7800 8 0 
73 0 0 19 00a0 ffffffff 1 R4 LDG.E.64 1 R4 8 1 0x7f3354d56900 8 0 
16 0 0 25 00a0 ffffffff 1 R4 LDG.E.64 1 R4 8 1 0x7f3354ce4f00 8 0 
27 0 0 8 00a0 ffffffff 1 R4 LDG.E.64 1 R4 8 1 0x7f3354cf9e00 8 0 
61 0 0 4 00a0 ffffffff 1 R4 LDG.E.64 1 R4 8 1 0x7f3354d3da00 8 0 
86 0 0 30 00a0 ffffffff 1 R4 LDG.E.64 1 R4 8 1 0x7f3354d71400 8 0 
42 0 0 28 00a0 ffffffff 1 R4 LDG.E.64 1 R4 8 1 0x7f3354d19200 8 0 
92 0 0 5 0050 00000000 0 EXIT 0 0 0 
80 0 0 20 00a0 ffffffff 1 R4 LDG.E.64 1 R4 8 1 0x7f3354d64a00 8 0 
81 0 0 3 00a0 ffffffff 1 R4 LDG.E.64 1 R4 8 1 0x7f3354d65900 8 0 
65 0 0 10 00a0 ffffffff 1 R4 LDG.E.64 1 R4 8 1 0x7f3354d46000 8 0 
54 0 0 0 00a0 ffffffff 1 R4 LDG.E.64 1 R4 8 1 0x7f3354d2f600 8 0 
19 0 0 8 00a0 ffffffff 1 R4 LDG.E.64 1 R4 8 1 0x7f3354ce9e00 8 0 
50 0 0 28 00a0 ffffffff 1 R4 LDG.E.64 1 R4 8 1 0x7f3354d29200 8 0 
57 0 0 12 00a0 ffffffff 1 R4 LDG.E.64 1 R4 8 1 0x7f3354d36200 8 0 
49 0 0 9 00a0 ffffffff 1 R4 LDG.E.64 1 R4 8 1 0x7f3354d25f00 8 0 
84 0 0 19 00a0 ffffffff 1 R4 LDG.E.64 1 R4 8 1 0x7f3354d6c900 8 0 
87 0 0 30 00a0 ffffffff 1 R4 LDG.E.64 1 R4 8 1 0x7f3354d73400 8 0 
43 0 0 13 00a0 ffffffff 1 R4 LDG.E.64 1 R4 8 1 0x7f3354d1a300 8 0 
46 0 0 8 00a0 ffffffff 1 R4 LDG.E.64 1 R4 8 1 0x7f3354d1fe00 8 0 
70 0 0 17 00a0 ffffffff 1 R4 LDG.E.64 1 R4 8 1 0x7f3354d50700 8 0 
45 0 0 14 00a0 ffffffff 1 R4 LDG.E.64 1 R4 8 1 0x7f3354d1e400 8 0 
48 0 0 10 00a0 ffffffff 1 R4 LDG.E.64 1 R4 8 1 0x7f3354d24000 8 0 
52 0 0 12 00a0 ffffffff 1 R4 LDG.E.64 1 R4 8 1 0x7f3354d2c200 8 0 
3 0 0 0 00a0 ffffffff 1 R4 LDG.E.64 1 R4 8 1 0x7f3354cc9600 8 0 
93 0 0 2 00a0 ffffffff 1 R4 LDG.E.64 1 R4 8 1 0x7f3354d7d800 8 0 
82 0 0 5 00a0 ffffffff 1 R4 LDG.E.64 1 R4 8 1 0x7f3354d67b00 8 0 
90 0 0 8 00a0 ffffffff 1 R4 LDG.E.64 1 R4 8 1 0x7f3354d77e00 8 0 
51 0 0 9 00a0 ffffffff 1 R4 LDG.E.64 1 R4 8 1 0x7f3354d29f00 8 0 
68 0 0 13 00a0 ffffffff 1 R4 LDG.E.64 1 R4 8 1 0x7f3354d4c300 8 0 
0 0 0 24 00a0 ffffffff 1 R4 LDG.E.64 1 R4 8 1 0x7f3354cc4e00 8 0 
85 0 0 30 00a0 ffffffff 1 R4 LDG.E.64 1 R4 8 1 0x7f3354d6f400 8 0 
77 0 0 17 00a0 ffffffff 1 R4 LDG.E.64 1 R4 8 1 0x7f3354d5e700 8 0 
2 0 0 19 00a0 ffffffff 1 R4 LDG.E.64 1 R4 8 1 0x7f3354cc8900 8 0 
47 0 0 14 00a0 ffffffff 1 R4 LDG.E.64 1 R4 8 1 0x7f3354d22400 8 0 
62 0 0 7 00a0 ffffffff 1 R4 LDG.E.64 1 R4 8 1 0x7f3354d3fd00 8 0 
53 0 0 5 00a0 ffffffff 1 R4 LDG.E.64 1 R4 8 1 0x7f3354d2db00 8 0 
41 0 0 26 00a0 ffffffff 1 R4 LDG.E.64 1 R4 8 1 0x7f3354d17000 8 0 
16 0 0 23 00a0 ffffffff 1 R4 LDG.E.64 1 R4 8 1 0x7f3354ce4d00 8 0 
27 0 0 5 00a0 ffffffff 1 R4 LDG.E.64 1 R4 8 1 0x7f3354cf9b00 8 0 
64 0 0 6 0050 00000000 0 EXIT 0 0 0 
80 0 0 16 00a0 ffffffff 1 R4 LDG.E.64 1 R4 8 1 0x7f3354d64600 8 0 
55 0 0 23 00a0 ffffffff 1 R4 LDG.E.64 1 R4 8 1 0x7f3354d32d00 8 0 
84 0 0 22 00a0 ffffffff 1 R4 LDG.E.64 1 R4 8 1 0x7f3354d6cc00 8 0 
19 0 0 13 00a0 ffffffff 1 R4 LDG.E.64 1 R4 8 1 0x7f3354cea300 8 0 
52 0 0 0 00a0 ffffffff 1 R4 LDG.E.64 1 R4 8 1 0x7f3354d2b600 8 0 
87 0 0 20 00a0 ffffffff 1 R4 LDG.E.64 1 R4 8 1 0x7f3354d72a00 8 0 
74 0 0 28 00a0 ffffffff 1 R4 LDG.E.64 1 R4 8 1 0x7f3354d59200 8 0 
22 0 0 21 00a0 ffffffff 1 R4 LDG.E.64 1 R4 8 1 0x7f3354cf0b00 8 0 
73 0 0 15 00a0 ffffffff 1 R4 LDG.E.64 1 R4 8 1 0x7f3354d56500 8 0 
0 0 0 18 00a0 ffffffff 1 R4 LDG.E.64 1 R4 8 1 0x7f3354cc4800 8 0 
3 0 0 31 00a0 ffffffff 1 R4 LDG.E.64 1 R4 8 1 0x7f3354ccb500 8 0 
33 0 0 5 00a0 ffffffff 1 R4 LDG.E.64 1 R4 8 1 0x7f3354d05b00 8 0 
86 0 0 24 00a0 ffffffff 1 R4 LDG.E.64 1 R4 8 1 0x7f3354d70e00 8 0 
38 0 0 31 00a0 ffffffff 1 R4 LDG.E.64 1 R4 8 1 0x7f3354d11500 8 0 
11 0 0 11 00a0 ffffffff 1 R4 LDG.E.64 1 R4 8 1 0x7f3354cda100 8 0 
16 0 0 18 00a0 ffffffff 1 R4 LDG.E.64 1 R4 8 1 0x7f3354ce4800 8 0 
25 0 0 31 00a0 ffffffff 1 R4 LDG.E.64 1 R4 8 1 0x7f3354cf7500 8 0 
69 0 0 17 00a0 ffffffff 1 R4 LDG.E.64 1 R4 8 1 0x7f3354d4e700 8 0 
54 0 0 15 00a0 ffffffff 1 R4 LDG.E.64 1 R4 8 1 0x7f3354d30500 8 0 
47 0 0 21 00a0 ffffffff 1 R4 LDG.E.64 1 R4 8 1 0x7f3354d22b00 8 0 
43 0 0 3 00a0 ffffffff 1 R4 LDG.E.64 1 R4 8 1 0x7f3354d19900 8 0 
48 0 0 23 00a0 ffffffff 1 R4 LDG.E.64 1 R4 8 1 0x7f3354d24d00 8 0 
66 0 0 2 00a0 ffffffff 1 R4 LDG.E.64 1 R4 8 1 0x7f3354d47800 8 0 
57 0 0 25 00a0 ffffffff 1 R4 LDG.E.64 1 R4 8 1 0x7f3354d36f00 8 0 
61 0 0 0 00a0 ffffffff 1 R4 LDG.E.64 1 R4 8 1 0x7f3354d3d600 8 0 
80 0 0 18 00a0 ffffffff 1 R4 LDG.E.64 1 R4 8 1 0x7f3354d64800 8 0 
27 0 0 15 00a0 ffffffff 1 R4 LDG.E.64 1 R4 8 1 0x7f3354cfa500 8 0 
51 0 0 0 00a0 ffffffff 1 R4 LDG.E.64 1 R4 8 1 0x7f3354d29600 8 0 
46 0 0 5 00a0 ffffffff 1 R4 LDG.E.64 1 R4 8 1 0x7f3354d1fb00 8 0 
42 0 0 21 00a0 ffffffff 1 R4 LDG.E.64 1 R4 8 1 0x7f3354d18b00 8 0 
45 0 0 17 00a0 ffffffff 1 R4 LDG.E.64 1 R4 8 1 0x7f3354d1e700 8 0 
84 0 0 28 00a0 ffffffff 1 R4 LDG.E.64 1 R4 8 1 0x7f3354d6d200 8 0 
55 0 0 21 00a0 ffffffff 1 R4 LDG.E.64 1 R4 8 1 0x7f3354d32b00 8 0 
65 0 0 1 00a0 ffffffff 1 R4 LDG.E.64 1 R4 8 1 0x7f3354d45700 8 0 
26 0 0 25 00a0 ffffffff 1 R4 LDG.E.64 1 R4 8 1 0x7f3354cf8f00 8 0 
50 0 0 18 00a0 ffffffff 1 R4 LDG.E.64 1 R4 8 1 0x7f3354d28800 8 0 
52 0 0 9 00a0 ffffffff 1 R4 LDG.E.64 1 R4 8 1 0x7f3354d2bf00 8 0 
85 0 0 27 00a0 ffffffff 1 R4 LDG.E.64 1 R4 8 1 0x7f3354d6f100 8 0 
49 0 0 8 00a0 ffffffff 1 R4 LDG.E.64 1 R4 8 1 0x7f3354d25e00 8 0 
2 0 0 13 00a0 ffffffff 1 R4 LDG.E.64 1 R4 8 1 0x7f3354cc8300 8 0 
19 0 0 12 00a0 ffffffff 1 R4 LDG.E.64 1 R4 8 1 0x7f3354cea200 8 0 
70 0 0 26 00a0 ffffffff 1 R4 LDG.E.64 1 R4 8 1 0x7f3354d51000 8 0 
53 0 0 7 00a0 ffffffff 1 R4 LDG.E.64 1 R4 8 1 0x7f3354d2dd00 8 0 
93 0 0 1 00a0 ffffffff 1 R4 LDG.E.64 1 R4 8 1 0x7f3354d7d700 8 0 
0 0 0 23 00a0 ffffffff 1 R4 LDG.E.64 1 R4 8 1 0x7f3354cc4d00 8 0 
87 0 0 28 00a0 ffffffff 1 R4 LDG.E.64 1 R4 8 1 0x7f3354d73200 8 0 
18 0 0 0 00a0 ffffffff 1 R4 LDG.E.64 1 R4 8 1 0x7f3354ce7600 8 0 
90 0 0 4 00a0 ffffffff 1 R4 LDG.E.64 1 R4 8 1 0x7f3354d77a00 8 0 
73 0 0 26 00a0 ffffffff 1 R4 LDG.E.64 1 R4 8 1 0x7f3354d57000 8 0 
16 0 0 12 00a0 ffffffff 1 R4 LDG.E.64 1 R4 8 1 0x7f3354ce4200 8 0 
3 0 0 1 00a0 ffffffff 1 R4 LDG.E.64 1 R4 8 1 0x7f3354cc9700 8 0 
77 0 0 18 00a0 ffffffff 1 R4 LDG.E.64 1 R4 8 1 0x7f3354d5e800 8 0 
86 0 0 29 00a0 ffffffff 1 R4 LDG.E.64 1 R4 8 1 0x7f3354d71300 8 0 
62 0 0 2 00a0 ffffffff 1 R4 LDG.E.64 1 R4 8 1 0x7f3354d3f800 8 0 
80 0 0 19 00a0 ffffffff 1 R4 LDG.E.64 1 R4 8 1 0x7f3354d64900 8 0 
25 0 0 30 00a0 ffffffff 1 R4 LDG.E.64 1 R4 8 1 0x7f3354cf7400 8 0 
41 0 0 21 00a0 ffffffff 1 R4 LDG.E.64 1 R4 8 1 0x7f3354d16b00 8 0 
54 0 0 9 00a0 ffffffff 1 R4 LDG.E.64 1 R4 8 1 0x7f3354d2ff00 8 0 
47 0 0 20 00a0 ffffffff 1 R4 LDG.E.64 1 R4 8 1 0x7f3354d22a00 8 0 
15 0 0 24 00a0 ffffffff 1 R4 LDG.E.64 1 R4 8 1 0x7f3354ce2e00 8 0 
22 0 0 30 00a0 ffffffff 1 R4 LDG.E.64 1 R4 8 1 0x7f3354cf1400 8 0 
57 0 0 17 00a0 ffffffff 1 R4 LDG.E.64 1 R4 8 1 0x7f3354d36700 8 0 
33 0 0 0 00a0 ffffffff 1 R4 LDG.E.64 1 R4 8 1 0x7f3354d05600 8 0 
84 0 0 18 00a0 ffffffff 1 R4 LDG.E.64 1 R4 8 1 0x7f3354d6c800 8 0 
27 0 0 6 00a0 ffffffff 1 R4 LDG.E.64 1 R4 8 1 0x7f3354cf9c00 8 0 
46 0 0 6 00a0 ffffffff 1 R4 LDG.E.64 1 R4 8 1 0x7f3354d1fc00 8 0 
38 0 0 27 00a0 ffffffff 1 R4 LDG.E.64 1 R4 8 1 0x7f3354d11100 8 0 
45 0 0 31 00a0 ffffffff 1 R4 LDG.E.64 1 R4 8 1 0x7f3354d1f500 8 0 
52 0 0 22 00a0 ffffffff 1 R4 LDG.E.64 1 R4 8 1 0x7f3354d2cc00 8 0 
55 0 0 1 00a0 ffffffff 1 R4 LDG.E.64 1 R4 8 1 0x7f3354d31700 8 0 
69 0 0 24 00a0 ffffffff 1 R4 LDG.E.64 1 R4 8 1 0x7f3354d4ee00 8 0 
26 0 0 30 00a0 ffffffff 1 R4 LDG.E.64 1 R4 8 1 0x7f3354cf9400 8 0 
10 0 0 1 00a0 ffffffff 1 R4 LDG.E.64 1 R4 8 1 0x7f3354cd7700 8 0 
43 0 0 9 00a0 ffffffff 1 R4 LDG.E.64 1 R4 8 1 0x7f3354d19f00 8 0 
48 0 0 16 00a0 ffffffff 1 R4 LDG.E.64 1 R4 8 1 0x7f3354d24600 8 0 
0 0 0 20 00a0 ffffffff 1 R4 LDG.E.64 1 R4 8 1 0x7f3354cc4a00 8 0 
19 0 0 15 00a0 ffffffff 1 R4 LDG.E.64 1 R4 8 1 0x7f3354cea500 8 0 
51 0 0 26 00a0 ffffffff 1 R4 LDG.E.64 1 R4 8 1 0x7f3354d2b000 8 0 
16 0 0 21 00a0 ffffffff 1 R4 LDG.E.64 1 R4 8 1 0x7f3354ce4b00 8 0 
31 0 0 2 00a0 ffffffff 1 R4 LDG.E.64 1 R4 8 1 0x7f3354d01800 8 0 
80 0 0 15 00a0 ffffffff 1 R4 LDG.E.64 1 R4 8 1 0x7f3354d64500 8 0 
3 0 0 2 00a0 ffffffff 1 R4 LDG.E.64 1 R4 8 1 0x7f3354cc9800 8 0 
84 0 0 15 00a0 ffffffff 1 R4 LDG.E.64 1 R4 8 1 0x7f3354d6c500 8 0 
47 0 0 26 00a0 ffffffff 1 R4 LDG.E.64 1 R4 8 1 0x7f3354d23000 8 0 
63 0 0 29 00a0 ffffffff 1 R4 LDG.E.64 1 R4 8 1 0x7f3354d43300 8 0 
85 0 0 22 00a0 ffffffff 1 R4 LDG.E.64 1 R4 8 1 0x7f3354d6ec00 8 0 
5 0 0 24 00a0 ffffffff 1 R4 LDG.E.64 1 R4 8 1 0x7f3354ccee00 8 0 
58 0 0 10 00a0 ffffffff 1 R4 LDG.E.64 1 R4 8 1 0x7f3354d38000 8 0 
52 0 0 3 00a0 ffffffff 1 R4 LDG.E.64 1 R4 8 1 0x7f3354d2b900 8 0 
27 0 0 0 00a0 ffffffff 1 R4 LDG.E.64 1 R4 8 1 0x7f3354cf9600 8 0 
42 0 0 6 00a0 ffffffff 1 R4 LDG.E.64 1 R4 8 1 0x7f3354d17c00 8 0 
53 0 0 10 00a0 ffffffff 1 R4 LDG.E.64 1 R4 8 1 0x7f3354d2e000 8 0 
65 0 0 8 00a0 ffffffff 1 R4 LDG.E.64 1 R4 8 1 0x7f3354d45e00 8 0 
0 0 0 21 00a0 ffffffff 1 R4 LDG.E.64 1 R4 8 1 0x7f3354cc4b00 8 0 
55 0 0 19 00a0 ffffffff 1 R4 LDG.E.64 1 R4 8 1 0x7f3354d32900 8 0 
74 0 0 26 00a0 ffffffff 1 R4 LDG.E.64 1 R4 8 1 0x7f3354d59000 8 0 
50 0 0 25 00a0 ffffffff 1 R4 LDG.E.64 1 R4 8 1 0x7f3354d28f00 8 0 
73 0 0 22 00a0 ffffffff 1 R4 LDG.E.64 1 R4 8 1 0x7f3354d56c00 8 0 
16 0 0 15 00a0 ffffffff 1 R4 LDG.E.64 1 R4 8 1 0x7f3354ce4500 8 0 
49 0 0 31 00a0 ffffffff 1 R4 LDG.E.64 1 R4 8 1 0x7f3354d27500 8 0 
86 0 0 26 00a0 ffffffff 1 R4 LDG.E.64 1 R4 8 1 0x7f3354d71000 8 0 
70 0 0 8 00a0 ffffffff 1 R4 LDG.E.64 1 R4 8 1 0x7f3354d4fe00 8 0 
19 0 0 14 00a0 ffffffff 1 R4 LDG.E.64 1 R4 8 1 0x7f3354cea400 8 0 
11 0 0 15 00a0 ffffffff 1 R4 LDG.E.64 1 R4 8 1 0x7f3354cda500 8 0 
25 0 0 27 00a0 ffffffff 1 R4 LDG.E.64 1 R4 8 1 0x7f3354cf7100 8 0 
93 0 0 7 00a0 ffffffff 1 R4 LDG.E.64 1 R4 8 1 0x7f3354d7dd00 8 0 
54 0 0 22 00a0 ffffffff 1 R4 LDG.E.64 1 R4 8 1 0x7f3354d30c00 8 0 
44 0 0 24 00a0 ffffffff 1 R4 LDG.E.64 1 R4 8 1 0x7f3354d1ce00 8 0 
87 0 0 24 00a0 ffffffff 1 R4 LDG.E.64 1 R4 8 1 0x7f3354d72e00 8 0 
43 0 0 28 00a0 ffffffff 1 R4 LDG.E.64 1 R4 8 1 0x7f3354d1b200 8 0 
90 0 0 14 00a0 ffffffff 1 R4 LDG.E.64 1 R4 8 1 0x7f3354d78400 8 0 
57 0 0 30 00a0 ffffffff 1 R4 LDG.E.64 1 R4 8 1 0x7f3354d37400 8 0 
77 0 0 13 00a0 ffffffff 1 R4 LDG.E.64 1 R4 8 1 0x7f3354d5e300 8 0 
48 0 0 6 00a0 ffffffff 1 R4 LDG.E.64 1 R4 8 1 0x7f3354d23c00 8 0 
80 0 0 12 00a0 ffffffff 1 R4 LDG.E.64 1 R4 8 1 0x7f3354d64200 8 0 
59 0 0 25 00a0 ffffffff 1 R4 LDG.E.64 1 R4 8 1 0x7f3354d3af00 8 0 
46 0 0 12 00a0 ffffffff 1 R4 LDG.E.64 1 R4 8 1 0x7f3354d20200 8 0 
62 0 0 15 00a0 ffffffff 1 R4 LDG.E.64 1 R4 8 1 0x7f3354d40500 8 0 
45 0 0 28 00a0 ffffffff 1 R4 LDG.E.64 1 R4 8 1 0x7f3354d1f200 8 0 
51 0 0 4 00a0 ffffffff 1 R4 LDG.E.64 1 R4 8 1 0x7f3354d29a00 8 0 
84 0 0 24 00a0 ffffffff 1 R4 LDG.E.64 1 R4 8 1 0x7f3354d6ce00 8 0 
41 0 0 19 00a0 ffffffff 1 R4 LDG.E.64 1 R4 8 1 0x7f3354d16900 8 0 
26 0 0 24 00a0 ffffffff 1 R4 LDG.E.64 1 R4 8 1 0x7f3354cf8e00 8 0 
22 0 0 17 00a0 ffffffff 1 R4 LDG.E.64 1 R4 8 1 0x7f3354cf0700 8 0 
47 0 0 17 00a0 ffffffff 1 R4 LDG.E.64 1 R4 8 1 0x7f3354d22700 8 0 
85 0 0 23 00a0 ffffffff 1 R4 LDG.E.64 1 R4 8 1 0x7f3354d6ed00 8 0 
33 0 0 1 00a0 ffffffff 1 R4 LDG.E.64 1 R4 8 1 0x7f3354d05700 8 0 
2 0 0 10 00a0 ffffffff 1 R4 LDG.E.64 1 R4 8 1 0x7f3354cc8000 8 0 
52 0 0 10 00a0 ffffffff 1 R4 LDG.E.64 1 R4 8 1 0x7f3354d2c000 8 0 
27 0 0 1 00a0 ffffffff 1 R4 LDG.E.64 1 R4 8 1 0x7f3354cf9700 8 0 
38 0 0 19 00a0 ffffffff 1 R4 LDG.E.64 1 R4 8 1 0x7f3354d10900 8 0 
53 0 0 9 00a0 ffffffff 1 R4 LDG.E.64 1 R4 8 1 0x7f3354d2df00 8 0 
69 0 0 13 00a0 ffffffff 1 R4 LDG.E.64 1 R4 8 1 0x7f3354d4e300 8 0 
0 0 0 14 00a0 ffffffff 1 R4 LDG.E.64 1 R4 8 1 0x7f3354cc4400 8 0 
55 0 0 6 00a0 ffffffff 1 R4 LDG.E.64 1 R4 8 1 0x7f3354d31c00 8 0 
74 0 0 31 00a0 ffffffff 1 R4 LDG.E.64 1 R4 8 1 0x7f3354d59500 8 0 
66 0 0 17 00a0 ffffffff 1 R4 LDG.E.64 1 R4 8 1 0x7f3354d48700 8 0 
73 0 0 28 00a0 ffffffff 1 R4 LDG.E.64 1 R4 8 1 0x7f3354d57200 8 0 
16 0 0 24 00a0 ffffffff 1 R4 LDG.E.64 1 R4 8 1 0x7f3354ce4e00 8 0 
5 0 0 23 00a0 ffffffff 1 R4 LDG.E.64 1 R4 8 1 0x7f3354cced00 8 0 
86 0 0 25 00a0 ffffffff 1 R4 LDG.E.64 1 R4 8 1 0x7f3354d70f00 8 0 
42 0 0 19 00a0 ffffffff 1 R4 LDG.E.64 1 R4 8 1 0x7f3354d18900 8 0 
19 0 0 11 00a0 ffffffff 1 R4 LDG.E.64 1 R4 8 1 0x7f3354cea100 8 0 
39 0 0 28 00a0 ffffffff 1 R4 LDG.E.64 1 R4 8 1 0x7f3354d13200 8 0 
25 0 0 28 00a0 ffffffff 1 R4 LDG.E.64 1 R4 8 1 0x7f3354cf7200 8 0 
65 0 0 6 00a0 ffffffff 1 R4 LDG.E.64 1 R4 8 1 0x7f3354d45c00 8 0 
54 0 0 16 00a0 ffffffff 1 R4 LDG.E.64 1 R4 8 1 0x7f3354d30600 8 0 
44 0 0 26 00a0 ffffffff 1 R4 LDG.E.64 1 R4 8 1 0x7f3354d1d000 8 0 
87 0 0 29 00a0 ffffffff 1 R4 LDG.E.64 1 R4 8 1 0x7f3354d73300 8 0 
50 0 0 23 00a0 ffffffff 1 R4 LDG.E.64 1 R4 8 1 0x7f3354d28d00 8 0 
57 0 0 8 00a0 ffffffff 1 R4 LDG.E.64 1 R4 8 1 0x7f3354d35e00 8 0 
49 0 0 6 00a0 ffffffff 1 R4 LDG.E.64 1 R4 8 1 0x7f3354d25c00 8 0 
80 0 0 14 00a0 ffffffff 1 R4 LDG.E.64 1 R4 8 1 0x7f3354d64400 8 0 
59 0 0 30 00a0 ffffffff 1 R4 LDG.E.64 1 R4 8 1 0x7f3354d3b400 8 0 
46 0 0 15 00a0 ffffffff 1 R4 LDG.E.64 1 R4 8 1 0x7f3354d20500 8 0 
70 0 0 19 00a0 ffffffff 1 R4 LDG.E.64 1 R4 8 1 0x7f3354d50900 8 0 
45 0 0 30 00a0 ffffffff 1 R4 LDG.E.64 1 R4 8 1 0x7f3354d1f400 8 0 
84 0 0 20 00a0 ffffffff 1 R4 LDG.E.64 1 R4 8 1 0x7f3354d6ca00 8 0 
93 0 0 5 00a0 ffffffff 1 R4 LDG.E.64 1 R4 8 1 0x7f3354d7db00 8 0 
26 0 0 21 00a0 ffffffff 1 R4 LDG.E.64 1 R4 8 1 0x7f3354cf8b00 8 0 
90 0 0 3 00a0 ffffffff 1 R4 LDG.E.64 1 R4 8 1 0x7f3354d77900 8 0 
47 0 0 19 00a0 ffffffff 1 R4 LDG.E.64 1 R4 8 1 0x7f3354d22900 8 0 
43 0 0 27 00a0 ffffffff 1 R4 LDG.E.64 1 R4 8 1 0x7f3354d1b100 8 0 
48 0 0 25 00a0 ffffffff 1 R4 LDG.E.64 1 R4 8 1 0x7f3354d24f00 8 0 
85 0 0 18 00a0 ffffffff 1 R4 LDG.E.64 1 R4 8 1 0x7f3354d6e800 8 0 
77 0 0 16 00a0 ffffffff 1 R4 LDG.E.64 1 R4 8 1 0x7f3354d5e600 8 0 
2 0 0 5 00a0 ffffffff 1 R4 LDG.E.64 1 R4 8 1 0x7f3354cc7b00 8 0 
52 0 0 5 00a0 ffffffff 1 R4 LDG.E.64 1 R4 8 1 0x7f3354d2bb00 8 0 
27 0 0 11 00a0 ffffffff 1 R4 LDG.E.64 1 R4 8 1 0x7f3354cfa100 8 0 
51 0 0 3 00a0 ffffffff 1 R4 LDG.E.64 1 R4 8 1 0x7f3354d29900 8 0 
0 0 0 17 00a0 ffffffff 1 R4 LDG.E.64 1 R4 8 1 0x7f3354cc4700 8 0 
55 0 0 17 00a0 ffffffff 1 R4 LDG.E.64 1 R4 8 1 0x7f3354d32700 8 0 
23 0 0 27 00a0 ffffffff 1 R4 LDG.E.64 1 R4 8 1 0x7f3354cf3100 8 0 
16 0 0 31 00a0 ffffffff 1 R4 LDG.E.64 1 R4 8 1 0x7f3354ce5500 8 0 
19 0 0 9 00a0 ffffffff 1 R4 LDG.E.64 1 R4 8 1 0x7f3354ce9f00 8 0 
44 0 0 31 00a0 ffffffff 1 R4 LDG.E.64 1 R4 8 1 0x7f3354d1d500 8 0 
87 0 0 26 00a0 ffffffff 1 R4 LDG.E.64 1 R4 8 1 0x7f3354d73000 8 0 
80 0 0 21 00a0 ffffffff 1 R4 LDG.E.64 1 R4 8 1 0x7f3354d64b00 8 0 
62 0 0 1 00a0 ffffffff 1 R4 LDG.E.64 1 R4 8 1 0x7f3354d3f700 8 0 
53 0 0 4 00a0 ffffffff 1 R4 LDG.E.64 1 R4 8 1 0x7f3354d2da00 8 0 
41 0 0 24 00a0 ffffffff 1 R4 LDG.E.64 1 R4 8 1 0x7f3354d16e00 8 0 
59 0 0 26 00a0 ffffffff 1 R4 LDG.E.64 1 R4 8 1 0x7f3354d3b000 8 0 
74 0 0 21 00a0 ffffffff 1 R4 LDG.E.64 1 R4 8 1 0x7f3354d58b00 8 0 
22 0 0 13 00a0 ffffffff 1 R4 LDG.E.64 1 R4 8 1 0x7f3354cf0300 8 0 
73 0 0 20 00a0 ffffffff 1 R4 LDG.E.64 1 R4 8 1 0x7f3354d56a00 8 0 
84 0 0 21 00a0 ffffffff 1 R4 LDG.E.64 1 R4 8 1 0x7f3354d6cb00 8 0 
47 0 0 16 00a0 ffffffff 1 R4 LDG.E.64 1 R4 8 1 0x7f3354d22600 8 0 
15 0 0 27 00a0 ffffffff 1 R4 LDG.E.64 1 R4 8 1 0x7f3354ce3100 8 0 
33 0 0 31 00a0 ffffffff 1 R4 LDG.E.64 1 R4 8 1 0x7f3354d07500 8 0 
86 0 0 23 00a0 ffffffff 1 R4 LDG.E.64 1 R4 8 1 0x7f3354d70d00 8 0 
38 0 0 18 00a0 ffffffff 1 R4 LDG.E.64 1 R4 8 1 0x7f3354d10800 8 0 
52 0 0 4 00a0 ffffffff 1 R4 LDG.E.64 1 R4 8 1 0x7f3354d2ba00 8 0 
27 0 0 7 00a0 ffffffff 1 R4 LDG.E.64 1 R4 8 1 0x7f3354cf9d00 8 0 
25 0 0 26 00a0 ffffffff 1 R4 LDG.E.64 1 R4 8 1 0x7f3354cf7000 8 0 
69 0 0 5 00a0 ffffffff 1 R4 LDG.E.64 1 R4 8 1 0x7f3354d4db00 8 0 
54 0 0 11 00a0 ffffffff 1 R4 LDG.E.64 1 R4 8 1 0x7f3354d30100 8 0 
0 0 0 19 00a0 ffffffff 1 R4 LDG.E.64 1 R4 8 1 0x7f3354cc4900 8 0 
66 0 0 27 00a0 ffffffff 1 R4 LDG.E.64 1 R4 8 1 0x7f3354d49100 8 0 
57 0 0 21 00a0 ffffffff 1 R4 LDG.E.64 1 R4 8 1 0x7f3354d36b00 8 0 
5 0 0 18 00a0 ffffffff 1 R4 LDG.E.64 1 R4 8 1 0x7f3354cce800 8 0 
55 0 0 24 00a0 ffffffff 1 R4 LDG.E.64 1 R4 8 1 0x7f3354d32e00 8 0 
43 0 0 24 00a0 ffffffff 1 R4 LDG.E.64 1 R4 8 1 0x7f3354d1ae00 8 0 
48 0 0 19 00a0 ffffffff 1 R4 LDG.E.64 1 R4 8 1 0x7f3354d24900 8 0 
46 0 0 17 00a0 ffffffff 1 R4 LDG.E.64 1 R4 8 1 0x7f3354d20700 8 0 
42 0 0 29 00a0 ffffffff 1 R4 LDG.E.64 1 R4 8 1 0x7f3354d19300 8 0 
45 0 0 3 00a0 ffffffff 1 R4 LDG.E.64 1 R4 8 1 0x7f3354d1d900 8 0 
16 0 0 14 00a0 ffffffff 1 R4 LDG.E.64 1 R4 8 1 0x7f3354ce4400 8 0 
19 0 0 10 00a0 ffffffff 1 R4 LDG.E.64 1 R4 8 1 0x7f3354cea000 8 0 
51 0 0 22 00a0 ffffffff 1 R4 LDG.E.64 1 R4 8 1 0x7f3354d2ac00 8 0 
65 0 0 4 00a0 ffffffff 1 R4 LDG.E.64 1 R4 8 1 0x7f3354d45a00 8 0 
26 0 0 26 00a0 ffffffff 1 R4 LDG.E.64 1 R4 8 1 0x7f3354cf9000 8 0 
50 0 0 20 00a0 ffffffff 1 R4 LDG.E.64 1 R4 8 1 0x7f3354d28a00 8 0 
80 0 0 8 00a0 ffffffff 1 R4 LDG.E.64 1 R4 8 1 0x7f3354d63e00 8 0 
87 0 0 19 00a0 ffffffff 1 R4 LDG.E.64 1 R4 8 1 0x7f3354d72900 8 0 
85 0 0 20 00a0 ffffffff 1 R4 LDG.E.64 1 R4 8 1 0x7f3354d6ea00 8 0 
49 0 0 29 00a0 ffffffff 1 R4 LDG.E.64 1 R4 8 1 0x7f3354d27300 8 0 
2 0 0 4 00a0 ffffffff 1 R4 LDG.E.64 1 R4 8 1 0x7f3354cc7a00 8 0 
84 0 0 16 00a0 ffffffff 1 R4 LDG.E.64 1 R4 8 1 0x7f3354d6c600 8 0 
70 0 0 9 00a0 ffffffff 1 R4 LDG.E.64 1 R4 8 1 0x7f3354d4ff00 8 0 
53 0 0 1 00a0 ffffffff 1 R4 LDG.E.64 1 R4 8 1 0x7f3354d2d700 8 0 
37 0 0 30 00a0 ffffffff 1 R4 LDG.E.64 1 R4 8 1 0x7f3354d0f400 8 0 
59 0 0 24 00a0 ffffffff 1 R4 LDG.E.64 1 R4 8 1 0x7f3354d3ae00 8 0 
74 0 0 20 00a0 ffffffff 1 R4 LDG.E.64 1 R4 8 1 0x7f3354d58a00 8 0 
90 0 0 2 00a0 ffffffff 1 R4 LDG.E.64 1 R4 8 1 0x7f3354d77800 8 0 
73 0 0 16 00a0 ffffffff 1 R4 LDG.E.64 1 R4 8 1 0x7f3354d56600 8 0 
0 0 0 16 00a0 ffffffff 1 R4 LDG.E.64 1 R4 8 1 0x7f3354cc4600 8 0 
47 0 0 9 00a0 ffffffff 1 R4 LDG.E.64 1 R4 8 1 0x7f3354d21f00 8 0 
77 0 0 9 00a0 ffffffff 1 R4 LDG.E.64 1 R4 8 1 0x7f3354d5df00 8 0 
86 0 0 22 00a0 ffffffff 1 R4 LDG.E.64 1 R4 8 1 0x7f3354d70c00 8 0 
62 0 0 11 00a0 ffffffff 1 R4 LDG.E.64 1 R4 8 1 0x7f3354d40100 8 0 
16 0 0 19 00a0 ffffffff 1 R4 LDG.E.64 1 R4 8 1 0x7f3354ce4900 8 0 
27 0 0 10 00a0 ffffffff 1 R4 LDG.E.64 1 R4 8 1 0x7f3354cfa000 8 0 
25 0 0 25 00a0 ffffffff 1 R4 LDG.E.64 1 R4 8 1 0x7f3354cf6f00 8 0 
41 0 0 22 00a0 ffffffff 1 R4 LDG.E.64 1 R4 8 1 0x7f3354d16c00 8 0 
54 0 0 21 00a0 ffffffff 1 R4 LDG.E.64 1 R4 8 1 0x7f3354d30b00 8 0 
80 0 0 11 00a0 ffffffff 1 R4 LDG.E.64 1 R4 8 1 0x7f3354d64100 8 0 
22 0 0 23 00a0 ffffffff 1 R4 LDG.E.64 1 R4 8 1 0x7f3354cf0d00 8 0 
57 0 0 19 00a0 ffffffff 1 R4 LDG.E.64 1 R4 8 1 0x7f3354d36900 8 0 
89 0 0 29 00a0 ffffffff 1 R4 LDG.E.64 1 R4 8 1 0x7f3354d77300 8 0 
55 0 0 15 00a0 ffffffff 1 R4 LDG.E.64 1 R4 8 1 0x7f3354d32500 8 0 
46 0 0 30 00a0 ffffffff 1 R4 LDG.E.64 1 R4 8 1 0x7f3354d21400 8 0 
38 0 0 20 00a0 ffffffff 1 R4 LDG.E.64 1 R4 8 1 0x7f3354d10a00 8 0 
45 0 0 6 00a0 ffffffff 1 R4 LDG.E.64 1 R4 8 1 0x7f3354d1dc00 8 0 
84 0 0 17 00a0 ffffffff 1 R4 LDG.E.64 1 R4 8 1 0x7f3354d6c700 8 0 
19 0 0 4 00a0 ffffffff 1 R4 LDG.E.64 1 R4 8 1 0x7f3354ce9a00 8 0 
69 0 0 15 00a0 ffffffff 1 R4 LDG.E.64 1 R4 8 1 0x7f3354d4e500 8 0 
26 0 0 17 00a0 ffffffff 1 R4 LDG.E.64 1 R4 8 1 0x7f3354cf8700 8 0 
66 0 0 19 00a0 ffffffff 1 R4 LDG.E.64 1 R4 8 1 0x7f3354d48900 8 0 
0 0 0 15 00a0 ffffffff 1 R4 LDG.E.64 1 R4 8 1 0x7f3354cc4500 8 0 
87 0 0 15 00a0 ffffffff 1 R4 LDG.E.64 1 R4 8 1 0x7f3354d72500 8 0 
43 0 0 19 00a0 ffffffff 1 R4 LDG.E.64 1 R4 8 1 0x7f3354d1a900 8 0 
48 0 0 12 00a0 ffffffff 1 R4 LDG.E.64 1 R4 8 1 0x7f3354d24200 8 0 
16 0 0 16 00a0 ffffffff 1 R4 LDG.E.64 1 R4 8 1 0x7f3354ce4600 8 0 
59 0 0 18 00a0 ffffffff 1 R4 LDG.E.64 1 R4 8 1 0x7f3354d3a800 8 0 
51 0 0 5 00a0 ffffffff 1 R4 LDG.E.64 1 R4 8 1 0x7f3354d29b00 8 0 
80 0 0 4 00a0 ffffffff 1 R4 LDG.E.64 1 R4 8 1 0x7f3354d63a00 8 0 
47 0 0 7 00a0 ffffffff 1 R4 LDG.E.64 1 R4 8 1 0x7f3354d21d00 8 0 
84 0 0 13 00a0 ffffffff 1 R4 LDG.E.64 1 R4 8 1 0x7f3354d6c300 8 0 
27 0 0 29 00a0 ffffffff 1 R4 LDG.E.64 1 R4 8 1 0x7f3354cfb300 8 0 
85 0 0 14 00a0 ffffffff 1 R4 LDG.E.64 1 R4 8 1 0x7f3354d6e400 8 0 
5 0 0 28 00a0 ffffffff 1 R4 LDG.E.64 1 R4 8 1 0x7f3354ccf200 8 0 
2 0 0 11 00a0 ffffffff 1 R4 LDG.E.64 1 R4 8 1 0x7f3354cc8100 8 0 
0 0 0 12 00a0 ffffffff 1 R4 LDG.E.64 1 R4 8 1 0x7f3354cc4200 8 0 
55 0 0 20 00a0 ffffffff 1 R4 LDG.E.64 1 R4 8 1 0x7f3354d32a00 8 0 
42 0 0 20 00a0 ffffffff 1 R4 LDG.E.64 1 R4 8 1 0x7f3354d18a00 8 0 
53 0 0 6 00a0 ffffffff 1 R4 LDG.E.64 1 R4 8 1 0x7f3354d2dc00 8 0 
65 0 0 7 00a0 ffffffff 1 R4 LDG.E.64 1 R4 8 1 0x7f3354d45d00 8 0 
16 0 0 8 00a0 ffffffff 1 R4 LDG.E.64 1 R4 8 1 0x7f3354ce3e00 8 0 
19 0 0 5 00a0 ffffffff 1 R4 LDG.E.64 1 R4 8 1 0x7f3354ce9b00 8 0 
74 0 0 27 00a0 ffffffff 1 R4 LDG.E.64 1 R4 8 1 0x7f3354d59100 8 0 
50 0 0 21 00a0 ffffffff 1 R4 LDG.E.64 1 R4 8 1 0x7f3354d28b00 8 0 
73 0 0 12 00a0 ffffffff 1 R4 LDG.E.64 1 R4 8 1 0x7f3354d56200 8 0 
39 0 0 25 00a0 ffffffff 1 R4 LDG.E.64 1 R4 8 1 0x7f3354d12f00 8 0 
80 0 0 13 00a0 ffffffff 1 R4 LDG.E.64 1 R4 8 1 0x7f3354d64300 8 0 
49 0 0 24 00a0 ffffffff 1 R4 LDG.E.64 1 R4 8 1 0x7f3354d26e00 8 0 
86 0 0 19 00a0 ffffffff 1 R4 LDG.E.64 1 R4 8 1 0x7f3354d70900 8 0 
70 0 0 15 00a0 ffffffff 1 R4 LDG.E.64 1 R4 8 1 0x7f3354d50500 8 0 
87 0 0 25 00a0 ffffffff 1 R4 LDG.E.64 1 R4 8 1 0x7f3354d72f00 8 0 
15 0 0 29 00a0 ffffffff 1 R4 LDG.E.64 1 R4 8 1 0x7f3354ce3300 8 0 
25 0 0 24 00a0 ffffffff 1 R4 LDG.E.64 1 R4 8 1 0x7f3354cf6e00 8 0 
37 0 0 31 00a0 ffffffff 1 R4 LDG.E.64 1 R4 8 1 0x7f3354d0f500 8 0 
54 0 0 2 00a0 ffffffff 1 R4 LDG.E.64 1 R4 8 1 0x7f3354d2f800 8 0 
84 0 0 14 00a0 ffffffff 1 R4 LDG.E.64 1 R4 8 1 0x7f3354d6c400 8 0 
59 0 0 21 00a0 ffffffff 1 R4 LDG.E.64 1 R4 8 1 0x7f3354d3ab00 8 0 
11 0 0 24 00a0 ffffffff 1 R4 LDG.E.64 1 R4 8 1 0x7f3354cdae00 8 0 
90 0 0 28 00a0 ffffffff 1 R4 LDG.E.64 1 R4 8 1 0x7f3354d79200 8 0 
57 0 0 13 00a0 ffffffff 1 R4 LDG.E.64 1 R4 8 1 0x7f3354d36300 8 0 
77 0 0 12 00a0 ffffffff 1 R4 LDG.E.64 1 R4 8 1 0x7f3354d5e200 8 0 
0 0 0 13 00a0 ffffffff 1 R4 LDG.E.64 1 R4 8 1 0x7f3354cc4300 8 0 
47 0 0 2 00a0 ffffffff 1 R4 LDG.E.64 1 R4 8 1 0x7f3354d21800 8 0 
46 0 0 4 00a0 ffffffff 1 R4 LDG.E.64 1 R4 8 1 0x7f3354d1fa00 8 0 
6 0 0 27 00a0 ffffffff 1 R4 LDG.E.64 1 R4 8 1 0x7f3354cd1100 8 0 
45 0 0 13 00a0 ffffffff 1 R4 LDG.E.64 1 R4 8 1 0x7f3354d1e300 8 0 
43 0 0 25 00a0 ffffffff 1 R4 LDG.E.64 1 R4 8 1 0x7f3354d1af00 8 0 
48 0 0 30 00a0 ffffffff 1 R4 LDG.E.64 1 R4 8 1 0x7f3354d25400 8 0 
16 0 0 17 00a0 ffffffff 1 R4 LDG.E.64 1 R4 8 1 0x7f3354ce4700 8 0 
41 0 0 20 00a0 ffffffff 1 R4 LDG.E.64 1 R4 8 1 0x7f3354d16a00 8 0 
26 0 0 20 00a0 ffffffff 1 R4 LDG.E.64 1 R4 8 1 0x7f3354cf8a00 8 0 
22 0 0 6 00a0 ffffffff 1 R4 LDG.E.64 1 R4 8 1 0x7f3354cefc00 8 0 
27 0 0 3 00a0 ffffffff 1 R4 LDG.E.64 1 R4 8 1 0x7f3354cf9900 8 0 
51 0 0 20 00a0 ffffffff 1 R4 LDG.E.64 1 R4 8 1 0x7f3354d2aa00 8 0 
85 0 0 26 00a0 ffffffff 1 R4 LDG.E.64 1 R4 8 1 0x7f3354d6f000 8 0 
33 0 0 7 00a0 ffffffff 1 R4 LDG.E.64 1 R4 8 1 0x7f3354d05d00 8 0 
2 0 0 6 00a0 ffffffff 1 R4 LDG.E.64 1 R4 8 1 0x7f3354cc7c00 8 0 
80 0 0 9 00a0 ffffffff 1 R4 LDG.E.64 1 R4 8 1 0x7f3354d63f00 8 0 
55 0 0 22 00a0 ffffffff 1 R4 LDG.E.64 1 R4 8 1 0x7f3354d32c00 8 0 
38 0 0 12 00a0 ffffffff 1 R4 LDG.E.64 1 R4 8 1 0x7f3354d10200 8 0 
53 0 0 2 00a0 ffffffff 1 R4 LDG.E.64 1 R4 8 1 0x7f3354d2d800 8 0 
69 0 0 16 00a0 ffffffff 1 R4 LDG.E.64 1 R4 8 1 0x7f3354d4e600 8 0 
84 0 0 12 00a0 ffffffff 1 R4 LDG.E.64 1 R4 8 1 0x7f3354d6c200 8 0 
19 0 0 0 00a0 ffffffff 1 R4 LDG.E.64 1 R4 8 1 0x7f3354ce9600 8 0 
74 0 0 25 00a0 ffffffff 1 R4 LDG.E.64 1 R4 8 1 0x7f3354d58f00 8 0 
66 0 0 30 00a0 ffffffff 1 R4 LDG.E.64 1 R4 8 1 0x7f3354d49400 8 0 
73 0 0 17 00a0 ffffffff 1 R4 LDG.E.64 1 R4 8 1 0x7f3354d56700 8 0 
0 0 0 10 00a0 ffffffff 1 R4 LDG.E.64 1 R4 8 1 0x7f3354cc4000 8 0 
5 0 0 19 00a0 ffffffff 1 R4 LDG.E.64 1 R4 8 1 0x7f3354cce900 8 0 
86 0 0 21 00a0 ffffffff 1 R4 LDG.E.64 1 R4 8 1 0x7f3354d70b00 8 0 
42 0 0 2 00a0 ffffffff 1 R4 LDG.E.64 1 R4 8 1 0x7f3354d17800 8 0 
87 0 0 16 00a0 ffffffff 1 R4 LDG.E.64 1 R4 8 1 0x7f3354d72600 8 0 
25 0 0 22 00a0 ffffffff 1 R4 LDG.E.64 1 R4 8 1 0x7f3354cf6c00 8 0 
65 0 0 0 00a0 ffffffff 1 R4 LDG.E.64 1 R4 8 1 0x7f3354d45600 8 0 
54 0 0 31 00a0 ffffffff 1 R4 LDG.E.64 1 R4 8 1 0x7f3354d31500 8 0 
16 0 0 10 00a0 ffffffff 1 R4 LDG.E.64 1 R4 8 1 0x7f3354ce4000 8 0 
59 0 0 16 00a0 ffffffff 1 R4 LDG.E.64 1 R4 8 1 0x7f3354d3a600 8 0 
39 0 0 14 00a0 ffffffff 1 R4 LDG.E.64 1 R4 8 1 0x7f3354d12400 8 0 
50 0 0 19 00a0 ffffffff 1 R4 LDG.E.64 1 R4 8 1 0x7f3354d28900 8 0 
57 0 0 18 00a0 ffffffff 1 R4 LDG.E.64 1 R4 8 1 0x7f3354d36800 8 0 
49 0 0 22 00a0 ffffffff 1 R4 LDG.E.64 1 R4 8 1 0x7f3354d26c00 8 0 
80 0 0 7 00a0 ffffffff 1 R4 LDG.E.64 1 R4 8 1 0x7f3354d63d00 8 0 
47 0 0 10 00a0 ffffffff 1 R4 LDG.E.64 1 R4 8 1 0x7f3354d22000 8 0 
46 0 0 22 00a0 ffffffff 1 R4 LDG.E.64 1 R4 8 1 0x7f3354d20c00 8 0 
70 0 0 22 00a0 ffffffff 1 R4 LDG.E.64 1 R4 8 1 0x7f3354d50c00 8 0 
45 0 0 12 00a0 ffffffff 1 R4 LDG.E.64 1 R4 8 1 0x7f3354d1e200 8 0 
44 0 0 28 00a0 ffffffff 1 R4 LDG.E.64 1 R4 8 1 0x7f3354d1d200 8 0 
27 0 0 2 00a0 ffffffff 1 R4 LDG.E.64 1 R4 8 1 0x7f3354cf9800 8 0 
84 0 0 11 00a0 ffffffff 1 R4 LDG.E.64 1 R4 8 1 0x7f3354d6c100 8 0 
55 0 0 25 00a0 ffffffff 1 R4 LDG.E.64 1 R4 8 1 0x7f3354d32f00 8 0 
43 0 0 26 00a0 ffffffff 1 R4 LDG.E.64 1 R4 8 1 0x7f3354d1b000 8 0 
48 0 0 29 00a0 ffffffff 1 R4 LDG.E.64 1 R4 8 1 0x7f3354d25300 8 0 
0 0 0 8 00a0 ffffffff 1 R4 LDG.E.64 1 R4 8 1 0x7f3354cc3e00 8 0 
19 0 0 6 00a0 ffffffff 1 R4 LDG.E.64 1 R4 8 1 0x7f3354ce9c00 8 0 
51 0 0 14 00a0 ffffffff 1 R4 LDG.E.64 1 R4 8 1 0x7f3354d2a400 8 0 
16 0 0 26 00a0 ffffffff 1 R4 LDG.E.64 1 R4 8 1 0x7f3354ce5000 8 0 
87 0 0 21 00a0 ffffffff 1 R4 LDG.E.64 1 R4 8 1 0x7f3354d72b00 8 0 
37 0 0 24 00a0 ffffffff 1 R4 LDG.E.64 1 R4 8 1 0x7f3354d0ee00 8 0 
26 0 0 31 00a0 ffffffff 1 R4 LDG.E.64 1 R4 8 1 0x7f3354cf9500 8 0 
90 0 0 9 00a0 ffffffff 1 R4 LDG.E.64 1 R4 8 1 0x7f3354d77f00 8 0 
80 0 0 0 00a0 ffffffff 1 R4 LDG.E.64 1 R4 8 1 0x7f3354d63600 8 0 
59 0 0 17 00a0 ffffffff 1 R4 LDG.E.64 1 R4 8 1 0x7f3354d3a700 8 0 
85 0 0 25 00a0 ffffffff 1 R4 LDG.E.64 1 R4 8 1 0x7f3354d6ef00 8 0 
77 0 0 20 00a0 ffffffff 1 R4 LDG.E.64 1 R4 8 1 0x7f3354d5ea00 8 0 
2 0 0 0 00a0 ffffffff 1 R4 LDG.E.64 1 R4 8 1 0x7f3354cc7600 8 0 
8 0 0 25 00a0 ffffffff 1 R4 LDG.E.64 1 R4 8 1 0x7f3354cd4f00 8 0 
44 0 0 25 00a0 ffffffff 1 R4 LDG.E.64 1 R4 8 1 0x7f3354d1cf00 8 0 
6 0 0 17 00a0 ffffffff 1 R4 LDG.E.64 1 R4 8 1 0x7f3354cd0700 8 0 
53 0 0 31 00a0 ffffffff 1 R4 LDG.E.64 1 R4 8 1 0x7f3354d2f500 8 0 
41 0 0 17 00a0 ffffffff 1 R4 LDG.E.64 1 R4 8 1 0x7f3354d16700 8 0 
47 0 0 15 00a0 ffffffff 1 R4 LDG.E.64 1 R4 8 1 0x7f3354d22500 8 0 
74 0 0 18 00a0 ffffffff 1 R4 LDG.E.64 1 R4 8 1 0x7f3354d58800 8 0 
22 0 0 15 00a0 ffffffff 1 R4 LDG.E.64 1 R4 8 1 0x7f3354cf0500 8 0 
73 0 0 18 00a0 ffffffff 1 R4 LDG.E.64 1 R4 8 1 0x7f3354d56800 8 0 
84 0 0 8 00a0 ffffffff 1 R4 LDG.E.64 1 R4 8 1 0x7f3354d6be00 8 0 
27 0 0 12 00a0 ffffffff 1 R4 LDG.E.64 1 R4 8 1 0x7f3354cfa200 8 0 
89 0 0 25 00a0 ffffffff 1 R4 LDG.E.64 1 R4 8 1 0x7f3354d76f00 8 0 
86 0 0 2 00a0 ffffffff 1 R4 LDG.E.64 1 R4 8 1 0x7f3354d6f800 8 0 
38 0 0 29 00a0 ffffffff 1 R4 LDG.E.64 1 R4 8 1 0x7f3354d11300 8 0 
25 0 0 23 00a0 ffffffff 1 R4 LDG.E.64 1 R4 8 1 0x7f3354cf6d00 8 0 
69 0 0 12 00a0 ffffffff 1 R4 LDG.E.64 1 R4 8 1 0x7f3354d4e200 8 0 
54 0 0 28 00a0 ffffffff 1 R4 LDG.E.64 1 R4 8 1 0x7f3354d31200 8 0 
66 0 0 26 00a0 ffffffff 1 R4 LDG.E.64 1 R4 8 1 0x7f3354d49000 8 0 
57 0 0 14 00a0 ffffffff 1 R4 LDG.E.64 1 R4 8 1 0x7f3354d36400 8 0 
5 0 0 25 00a0 ffffffff 1 R4 LDG.E.64 1 R4 8 1 0x7f3354ccef00 8 0 
46 0 0 11 00a0 ffffffff 1 R4 LDG.E.64 1 R4 8 1 0x7f3354d20100 8 0 
42 0 0 15 00a0 ffffffff 1 R4 LDG.E.64 1 R4 8 1 0x7f3354d18500 8 0 
45 0 0 22 00a0 ffffffff 1 R4 LDG.E.64 1 R4 8 1 0x7f3354d1ec00 8 0 
65 0 0 3 00a0 ffffffff 1 R4 LDG.E.64 1 R4 8 1 0x7f3354d45900 8 0 
26 0 0 27 00a0 ffffffff 1 R4 LDG.E.64 1 R4 8 1 0x7f3354cf9100 8 0 
50 0 0 14 00a0 ffffffff 1 R4 LDG.E.64 1 R4 8 1 0x7f3354d28400 8 0 
85 0 0 16 00a0 ffffffff 1 R4 LDG.E.64 1 R4 8 1 0x7f3354d6e600 8 0 
49 0 0 27 00a0 ffffffff 1 R4 LDG.E.64 1 R4 8 1 0x7f3354d27100 8 0 
2 0 0 7 00a0 ffffffff 1 R4 LDG.E.64 1 R4 8 1 0x7f3354cc7d00 8 0 
70 0 0 28 00a0 ffffffff 1 R4 LDG.E.64 1 R4 8 1 0x7f3354d51200 8 0 
53 0 0 0 00a0 ffffffff 1 R4 LDG.E.64 1 R4 8 1 0x7f3354d2d600 8 0 
37 0 0 29 00a0 ffffffff 1 R4 LDG.E.64 1 R4 8 1 0x7f3354d0f300 8 0 
74 0 0 16 00a0 ffffffff 1 R4 LDG.E.64 1 R4 8 1 0x7f3354d58600 8 0 
90 0 0 6 00a0 ffffffff 1 R4 LDG.E.64 1 R4 8 1 0x7f3354d77c00 8 0 
73 0 0 8 00a0 ffffffff 1 R4 LDG.E.64 1 R4 8 1 0x7f3354d55e00 8 0 
77 0 0 14 00a0 ffffffff 1 R4 LDG.E.64 1 R4 8 1 0x7f3354d5e400 8 0 
86 0 0 17 00a0 ffffffff 1 R4 LDG.E.64 1 R4 8 1 0x7f3354d70700 8 0 
6 0 0 23 00a0 ffffffff 1 R4 LDG.E.64 1 R4 8 1 0x7f3354cd0d00 8 0 
25 0 0 21 00a0 ffffffff 1 R4 LDG.E.64 1 R4 8 1 0x7f3354cf6b00 8 0 
41 0 0 6 00a0 ffffffff 1 R4 LDG.E.64 1 R4 8 1 0x7f3354d15c00 8 0 
54 0 0 17 00a0 ffffffff 1 R4 LDG.E.64 1 R4 8 1 0x7f3354d30700 8 0 
22 0 0 12 00a0 ffffffff 1 R4 LDG.E.64 1 R4 8 1 0x7f3354cf0200 8 0 
57 0 0 11 00a0 ffffffff 1 R4 LDG.E.64 1 R4 8 1 0x7f3354d36100 8 0 
89 0 0 26 00a0 ffffffff 1 R4 LDG.E.64 1 R4 8 1 0x7f3354d77000 8 0 
46 0 0 9 00a0 ffffffff 1 R4 LDG.E.64 1 R4 8 1 0x7f3354d1ff00 8 0 
38 0 0 14 00a0 ffffffff 1 R4 LDG.E.64 1 R4 8 1 0x7f3354d10400 8 0 
45 0 0 27 00a0 ffffffff 1 R4 LDG.E.64 1 R4 8 1 0x7f3354d1f100 8 0 
69 0 0 9 00a0 ffffffff 1 R4 LDG.E.64 1 R4 8 1 0x7f3354d4df00 8 0 
26 0 0 13 00a0 ffffffff 1 R4 LDG.E.64 1 R4 8 1 0x7f3354cf8300 8 0 
66 0 0 31 00a0 ffffffff 1 R4 LDG.E.64 1 R4 8 1 0x7f3354d49500 8 0 
85 0 0 21 00a0 ffffffff 1 R4 LDG.E.64 1 R4 8 1 0x7f3354d6eb00 8 0 
5 0 0 26 00a0 ffffffff 1 R4 LDG.E.64 1 R4 8 1 0x7f3354ccf000 8 0 
2 0 0 1 00a0 ffffffff 1 R4 LDG.E.64 1 R4 8 1 0x7f3354cc7700 8 0 
42 0 0 22 00a0 ffffffff 1 R4 LDG.E.64 1 R4 8 1 0x7f3354d18c00 8 0 
53 0 0 29 00a0 ffffffff 1 R4 LDG.E.64 1 R4 8 1 0x7f3354d2f300 8 0 
65 0 0 2 00a0 ffffffff 1 R4 LDG.E.64 1 R4 8 1 0x7f3354d45800 8 0 
74 0 0 7 00a0 ffffffff 1 R4 LDG.E.64 1 R4 8 1 0x7f3354d57d00 8 0 
50 0 0 16 00a0 ffffffff 1 R4 LDG.E.64 1 R4 8 1 0x7f3354d28600 8 0 
73 0 0 13 00a0 ffffffff 1 R4 LDG.E.64 1 R4 8 1 0x7f3354d56300 8 0 
49 0 0 4 00a0 ffffffff 1 R4 LDG.E.64 1 R4 8 1 0x7f3354d25a00 8 0 
86 0 0 20 00a0 ffffffff 1 R4 LDG.E.64 1 R4 8 1 0x7f3354d70a00 8 0 
70 0 0 5 00a0 ffffffff 1 R4 LDG.E.64 1 R4 8 1 0x7f3354d4fb00 8 0 
25 0 0 20 00a0 ffffffff 1 R4 LDG.E.64 1 R4 8 1 0x7f3354cf6a00 8 0 
37 0 0 20 00a0 ffffffff 1 R4 LDG.E.64 1 R4 8 1 0x7f3354d0ea00 8 0 
54 0 0 30 00a0 ffffffff 1 R4 LDG.E.64 1 R4 8 1 0x7f3354d31400 8 0 
90 0 0 5 00a0 ffffffff 1 R4 LDG.E.64 1 R4 8 1 0x7f3354d77b00 8 0 
57 0 0 6 00a0 ffffffff 1 R4 LDG.E.64 1 R4 8 1 0x7f3354d35c00 8 0 
77 0 0 11 00a0 ffffffff 1 R4 LDG.E.64 1 R4 8 1 0x7f3354d5e100 8 0 
46 0 0 0 00a0 ffffffff 1 R4 LDG.E.64 1 R4 8 1 0x7f3354d1f600 8 0 
6 0 0 28 00a0 ffffffff 1 R4 LDG.E.64 1 R4 8 1 0x7f3354cd1200 8 0 
45 0 0 8 00a0 ffffffff 1 R4 LDG.E.64 1 R4 8 1 0x7f3354d1de00 8 0 
41 0 0 18 00a0 ffffffff 1 R4 LDG.E.64 1 R4 8 1 0x7f3354d16800 8 0 
26 0 0 22 00a0 ffffffff 1 R4 LDG.E.64 1 R4 8 1 0x7f3354cf8c00 8 0 
22 0 0 1 00a0 ffffffff 1 R4 LDG.E.64 1 R4 8 1 0x7f3354cef700 8 0 
85 0 0 12 00a0 ffffffff 1 R4 LDG.E.64 1 R4 8 1 0x7f3354d6e200 8 0 
89 0 0 21 00a0 ffffffff 1 R4 LDG.E.64 1 R4 8 1 0x7f3354d76b00 8 0 
2 0 0 2 00a0 ffffffff 1 R4 LDG.E.64 1 R4 8 1 0x7f3354cc7800 8 0 
38 0 0 17 00a0 ffffffff 1 R4 LDG.E.64 1 R4 8 1 0x7f3354d10700 8 0 
53 0 0 15 00a0 ffffffff 1 R4 LDG.E.64 1 R4 8 1 0x7f3354d2e500 8 0 
69 0 0 7 00a0 ffffffff 1 R4 LDG.E.64 1 R4 8 1 0x7f3354d4dd00 8 0 
74 0 0 23 00a0 ffffffff 1 R4 LDG.E.64 1 R4 8 1 0x7f3354d58d00 8 0 
66 0 0 22 00a0 ffffffff 1 R4 LDG.E.64 1 R4 8 1 0x7f3354d48c00 8 0 
73 0 0 3 00a0 ffffffff 1 R4 LDG.E.64 1 R4 8 1 0x7f3354d55900 8 0 
5 0 0 20 00a0 ffffffff 1 R4 LDG.E.64 1 R4 8 1 0x7f3354ccea00 8 0 
86 0 0 16 00a0 ffffffff 1 R4 LDG.E.64 1 R4 8 1 0x7f3354d70600 8 0 
42 0 0 0 00a0 ffffffff 1 R4 LDG.E.64 1 R4 8 1 0x7f3354d17600 8 0 
0 0 0 11 00a0 ffffffff 1 R4 LDG.E.64 1 R4 8 1 0x7f3354cc4100 8 0 
55 0 0 4 00a0 ffffffff 1 R4 LDG.E.64 1 R4 8 1 0x7f3354d31a00 8 0 
15 0 0 18 00a0 ffffffff 1 R4 LDG.E.64 1 R4 8 1 0x7f3354ce2800 8 0 
25 0 0 17 00a0 ffffffff 1 R4 LDG.E.64 1 R4 8 1 0x7f3354cf6700 8 0 
9 0 0 0 00a0 ffffffff 1 R4 LDG.E.64 1 R4 8 1 0x7f3354cd5600 8 0 
54 0 0 20 00a0 ffffffff 1 R4 LDG.E.64 1 R4 8 1 0x7f3354d30a00 8 0 
16 0 0 13 00a0 ffffffff 1 R4 LDG.E.64 1 R4 8 1 0x7f3354ce4300 8 0 
19 0 0 7 00a0 ffffffff 1 R4 LDG.E.64 1 R4 8 1 0x7f3354ce9d00 8 0 
50 0 0 10 00a0 ffffffff 1 R4 LDG.E.64 1 R4 8 1 0x7f3354d28000 8 0 
57 0 0 7 00a0 ffffffff 1 R4 LDG.E.64 1 R4 8 1 0x7f3354d35d00 8 0 
49 0 0 26 00a0 ffffffff 1 R4 LDG.E.64 1 R4 8 1 0x7f3354d27000 8 0 
80 0 0 10 00a0 ffffffff 1 R4 LDG.E.64 1 R4 8 1 0x7f3354d64000 8 0 
46 0 0 7 00a0 ffffffff 1 R4 LDG.E.64 1 R4 8 1 0x7f3354d1fd00 8 0 
70 0 0 10 00a0 ffffffff 1 R4 LDG.E.64 1 R4 8 1 0x7f3354d50000 8 0 
45 0 0 23 00a0 ffffffff 1 R4 LDG.E.64 1 R4 8 1 0x7f3354d1ed00 8 0 
87 0 0 22 00a0 ffffffff 1 R4 LDG.E.64 1 R4 8 1 0x7f3354d72c00 8 0 
43 0 0 16 00a0 ffffffff 1 R4 LDG.E.64 1 R4 8 1 0x7f3354d1a600 8 0 
48 0 0 15 00a0 ffffffff 1 R4 LDG.E.64 1 R4 8 1 0x7f3354d24500 8 0 
37 0 0 27 00a0 ffffffff 1 R4 LDG.E.64 1 R4 8 1 0x7f3354d0f100 8 0 
26 0 0 23 00a0 ffffffff 1 R4 LDG.E.64 1 R4 8 1 0x7f3354cf8d00 8 0 
90 0 0 11 00a0 ffffffff 1 R4 LDG.E.64 1 R4 8 1 0x7f3354d78100 8 0 
44 0 0 6 00a0 ffffffff 1 R4 LDG.E.64 1 R4 8 1 0x7f3354d1bc00 8 0 
59 0 0 13 00a0 ffffffff 1 R4 LDG.E.64 1 R4 8 1 0x7f3354d3a300 8 0 
51 0 0 1 00a0 ffffffff 1 R4 LDG.E.64 1 R4 8 1 0x7f3354d29700 8 0 
85 0 0 8 00a0 ffffffff 1 R4 LDG.E.64 1 R4 8 1 0x7f3354d6de00 8 0 
77 0 0 10 00a0 ffffffff 1 R4 LDG.E.64 1 R4 8 1 0x7f3354d5e000 8 0 
2 0 0 3 00a0 ffffffff 1 R4 LDG.E.64 1 R4 8 1 0x7f3354cc7900 8 0 
84 0 0 5 00a0 ffffffff 1 R4 LDG.E.64 1 R4 8 1 0x7f3354d6bb00 8 0 
47 0 0 8 00a0 ffffffff 1 R4 LDG.E.64 1 R4 8 1 0x7f3354d21e00 8 0 
40 0 0 10 0050 00000000 0 EXIT 0 0 0 
0 0 0 5 00a0 ffffffff 1 R4 LDG.E.64 1 R4 8 1 0x7f3354cc3b00 8 0 
27 0 0 4 00a0 ffffffff 1 R4 LDG.E.64 1 R4 8 1 0x7f3354cf9a00 8 0 
52 0 0 27 00a0 ffffffff 1 R4 LDG.E.64 1 R4 8 1 0x7f3354d2d100 8 0 
55 0 0 18 00a0 ffffffff 1 R4 LDG.E.64 1 R4 8 1 0x7f3354d32800 8 0 
60 0 0 23 0050 00000000 0 EXIT 0 0 0 
16 0 0 4 00a0 ffffffff 1 R4 LDG.E.64 1 R4 8 1 0x7f3354ce3a00 8 0 
19 0 0 1 00a0 ffffffff 1 R4 LDG.E.64 1 R4 8 1 0x7f3354ce9700 8 0 
6 0 0 30 00a0 ffffffff 1 R4 LDG.E.64 1 R4 8 1 0x7f3354cd1400 8 0 
53 0 0 12 00a0 ffffffff 1 R4 LDG.E.64 1 R4 8 1 0x7f3354d2e200 8 0 
41 0 0 16 00a0 ffffffff 1 R4 LDG.E.64 1 R4 8 1 0x7f3354d16600 8 0 
80 0 0 5 00a0 ffffffff 1 R4 LDG.E.64 1 R4 8 1 0x7f3354d63b00 8 0 
87 0 0 18 00a0 ffffffff 1 R4 LDG.E.64 1 R4 8 1 0x7f3354d72800 8 0 
74 0 0 15 00a0 ffffffff 1 R4 LDG.E.64 1 R4 8 1 0x7f3354d58500 8 0 
22 0 0 4 00a0 ffffffff 1 R4 LDG.E.64 1 R4 8 1 0x7f3354cefa00 8 0 
73 0 0 9 00a0 ffffffff 1 R4 LDG.E.64 1 R4 8 1 0x7f3354d55f00 8 0 
44 0 0 19 00a0 ffffffff 1 R4 LDG.E.64 1 R4 8 1 0x7f3354d1c900 8 0 
89 0 0 28 00a0 ffffffff 1 R4 LDG.E.64 1 R4 8 1 0x7f3354d77200 8 0 
86 0 0 15 00a0 ffffffff 1 R4 LDG.E.64 1 R4 8 1 0x7f3354d70500 8 0 
38 0 0 15 00a0 ffffffff 1 R4 LDG.E.64 1 R4 8 1 0x7f3354d10500 8 0 
59 0 0 31 00a0 ffffffff 1 R4 LDG.E.64 1 R4 8 1 0x7f3354d3b500 8 0 
25 0 0 16 00a0 ffffffff 1 R4 LDG.E.64 1 R4 8 1 0x7f3354cf6600 8 0 
69 0 0 8 00a0 ffffffff 1 R4 LDG.E.64 1 R4 8 1 0x7f3354d4de00 8 0 
54 0 0 13 00a0 ffffffff 1 R4 LDG.E.64 1 R4 8 1 0x7f3354d30300 8 0 
84 0 0 7 00a0 ffffffff 1 R4 LDG.E.64 1 R4 8 1 0x7f3354d6bd00 8 0 
47 0 0 0 00a0 ffffffff 1 R4 LDG.E.64 1 R4 8 1 0x7f3354d21600 8 0 
43 0 0 7 00a0 ffffffff 1 R4 LDG.E.64 1 R4 8 1 0x7f3354d19d00 8 0 
66 0 0 29 00a0 ffffffff 1 R4 LDG.E.64 1 R4 8 1 0x7f3354d49300 8 0 
57 0 0 2 00a0 ffffffff 1 R4 LDG.E.64 1 R4 8 1 0x7f3354d35800 8 0 
5 0 0 29 00a0 ffffffff 1 R4 LDG.E.64 1 R4 8 1 0x7f3354ccf300 8 0 
48 0 0 4 00a0 ffffffff 1 R4 LDG.E.64 1 R4 8 1 0x7f3354d23a00 8 0 
0 0 0 7 00a0 ffffffff 1 R4 LDG.E.64 1 R4 8 1 0x7f3354cc3d00 8 0 
83 0 0 16 00a0 ffffffff 1 R4 LDG.E.64 1 R4 8 1 0x7f3354d6a600 8 0 
46 0 0 14 00a0 ffffffff 1 R4 LDG.E.64 1 R4 8 1 0x7f3354d20400 8 0 
42 0 0 7 00a0 ffffffff 1 R4 LDG.E.64 1 R4 8 1 0x7f3354d17d00 8 0 
45 0 0 25 00a0 ffffffff 1 R4 LDG.E.64 1 R4 8 1 0x7f3354d1ef00 8 0 
51 0 0 2 00a0 ffffffff 1 R4 LDG.E.64 1 R4 8 1 0x7f3354d29800 8 0 
52 0 0 18 00a0 ffffffff 1 R4 LDG.E.64 1 R4 8 1 0x7f3354d2c800 8 0 
9 0 0 31 00a0 ffffffff 1 R4 LDG.E.64 1 R4 8 1 0x7f3354cd7500 8 0 
26 0 0 16 00a0 ffffffff 1 R4 LDG.E.64 1 R4 8 1 0x7f3354cf8600 8 0 
50 0 0 31 00a0 ffffffff 1 R4 LDG.E.64 1 R4 8 1 0x7f3354d29500 8 0 
55 0 0 12 00a0 ffffffff 1 R4 LDG.E.64 1 R4 8 1 0x7f3354d32200 8 0 
85 0 0 17 00a0 ffffffff 1 R4 LDG.E.64 1 R4 8 1 0x7f3354d6e700 8 0 
49 0 0 21 00a0 ffffffff 1 R4 LDG.E.64 1 R4 8 1 0x7f3354d26b00 8 0 
58 0 0 28 00a0 ffffffff 1 R4 LDG.E.64 1 R4 8 1 0x7f3354d39200 8 0 
16 0 0 11 00a0 ffffffff 1 R4 LDG.E.64 1 R4 8 1 0x7f3354ce4100 8 0 
19 0 0 2 00a0 ffffffff 1 R4 LDG.E.64 1 R4 8 1 0x7f3354ce9800 8 0 
70 0 0 1 00a0 ffffffff 1 R4 LDG.E.64 1 R4 8 1 0x7f3354d4f700 8 0 
53 0 0 25 00a0 ffffffff 1 R4 LDG.E.64 1 R4 8 1 0x7f3354d2ef00 8 0 
37 0 0 23 00a0 ffffffff 1 R4 LDG.E.64 1 R4 8 1 0x7f3354d0ed00 8 0 
80 0 0 3 00a0 ffffffff 1 R4 LDG.E.64 1 R4 8 1 0x7f3354d63900 8 0 
87 0 0 12 00a0 ffffffff 1 R4 LDG.E.64 1 R4 8 1 0x7f3354d72200 8 0 
74 0 0 3 00a0 ffffffff 1 R4 LDG.E.64 1 R4 8 1 0x7f3354d57900 8 0 
90 0 0 12 00a0 ffffffff 1 R4 LDG.E.64 1 R4 8 1 0x7f3354d78200 8 0 
73 0 0 11 00a0 ffffffff 1 R4 LDG.E.64 1 R4 8 1 0x7f3354d56100 8 0 
44 0 0 8 00a0 ffffffff 1 R4 LDG.E.64 1 R4 8 1 0x7f3354d1be00 8 0 
77 0 0 5 00a0 ffffffff 1 R4 LDG.E.64 1 R4 8 1 0x7f3354d5db00 8 0 
86 0 0 18 00a0 ffffffff 1 R4 LDG.E.64 1 R4 8 1 0x7f3354d70800 8 0 
6 0 0 29 00a0 ffffffff 1 R4 LDG.E.64 1 R4 8 1 0x7f3354cd1300 8 0 
59 0 0 22 00a0 ffffffff 1 R4 LDG.E.64 1 R4 8 1 0x7f3354d3ac00 8 0 
39 0 0 17 00a0 ffffffff 1 R4 LDG.E.64 1 R4 8 1 0x7f3354d12700 8 0 
25 0 0 18 00a0 ffffffff 1 R4 LDG.E.64 1 R4 8 1 0x7f3354cf6800 8 0 
41 0 0 12 00a0 ffffffff 1 R4 LDG.E.64 1 R4 8 1 0x7f3354d16200 8 0 
54 0 0 23 00a0 ffffffff 1 R4 LDG.E.64 1 R4 8 1 0x7f3354d30d00 8 0 
84 0 0 10 00a0 ffffffff 1 R4 LDG.E.64 1 R4 8 1 0x7f3354d6c000 8 0 
47 0 0 29 00a0 ffffffff 1 R4 LDG.E.64 1 R4 8 1 0x7f3354d23300 8 0 
15 0 0 19 00a0 ffffffff 1 R4 LDG.E.64 1 R4 8 1 0x7f3354ce2900 8 0 
22 0 0 8 00a0 ffffffff 1 R4 LDG.E.64 1 R4 8 1 0x7f3354cefe00 8 0 
57 0 0 16 00a0 ffffffff 1 R4 LDG.E.64 1 R4 8 1 0x7f3354d36600 8 0 
89 0 0 24 00a0 ffffffff 1 R4 LDG.E.64 1 R4 8 1 0x7f3354d76e00 8 0 
0 0 0 6 00a0 ffffffff 1 R4 LDG.E.64 1 R4 8 1 0x7f3354cc3c00 8 0 
83 0 0 30 00a0 ffffffff 1 R4 LDG.E.64 1 R4 8 1 0x7f3354d6b400 8 0 
52 0 0 28 00a0 ffffffff 1 R4 LDG.E.64 1 R4 8 1 0x7f3354d2d200 8 0 
55 0 0 14 00a0 ffffffff 1 R4 LDG.E.64 1 R4 8 1 0x7f3354d32400 8 0 
43 0 0 8 00a0 ffffffff 1 R4 LDG.E.64 1 R4 8 1 0x7f3354d19e00 8 0 
48 0 0 22 00a0 ffffffff 1 R4 LDG.E.64 1 R4 8 1 0x7f3354d24c00 8 0 
16 0 0 6 00a0 ffffffff 1 R4 LDG.E.64 1 R4 8 1 0x7f3354ce3c00 8 0 
19 0 0 28 00a0 ffffffff 1 R4 LDG.E.64 1 R4 8 1 0x7f3354ceb200 8 0 
51 0 0 27 00a0 ffffffff 1 R4 LDG.E.64 1 R4 8 1 0x7f3354d2b100 8 0 
80 0 0 1 00a0 ffffffff 1 R4 LDG.E.64 1 R4 8 1 0x7f3354d63700 8 0 
87 0 0 17 00a0 ffffffff 1 R4 LDG.E.64 1 R4 8 1 0x7f3354d72700 8 0 
23 0 0 16 00a0 ffffffff 1 R4 LDG.E.64 1 R4 8 1 0x7f3354cf2600 8 0 
40 0 0 6 0050 00000000 0 EXIT 0 0 0 
46 0 0 1 00a0 ffffffff 1 R4 LDG.E.64 1 R4 8 1 0x7f3354d1f700 8 0 
38 0 0 2 00a0 ffffffff 1 R4 LDG.E.64 1 R4 8 1 0x7f3354d0f800 8 0 
45 0 0 26 00a0 ffffffff 1 R4 LDG.E.64 1 R4 8 1 0x7f3354d1f000 8 0 
44 0 0 29 00a0 ffffffff 1 R4 LDG.E.64 1 R4 8 1 0x7f3354d1d300 8 0 
59 0 0 20 00a0 ffffffff 1 R4 LDG.E.64 1 R4 8 1 0x7f3354d3aa00 8 0 
69 0 0 2 00a0 ffffffff 1 R4 LDG.E.64 1 R4 8 1 0x7f3354d4d800 8 0 
26 0 0 9 00a0 ffffffff 1 R4 LDG.E.64 1 R4 8 1 0x7f3354cf7f00 8 0 
66 0 0 10 00a0 ffffffff 1 R4 LDG.E.64 1 R4 8 1 0x7f3354d48000 8 0 
8 0 0 29 00a0 ffffffff 1 R4 LDG.E.64 1 R4 8 1 0x7f3354cd5300 8 0 
84 0 0 6 00a0 ffffffff 1 R4 LDG.E.64 1 R4 8 1 0x7f3354d6bc00 8 0 
47 0 0 11 00a0 ffffffff 1 R4 LDG.E.64 1 R4 8 1 0x7f3354d22100 8 0 
85 0 0 13 00a0 ffffffff 1 R4 LDG.E.64 1 R4 8 1 0x7f3354d6e300 8 0 
5 0 0 3 00a0 ffffffff 1 R4 LDG.E.64 1 R4 8 1 0x7f3354ccd900 8 0 
58 0 0 27 00a0 ffffffff 1 R4 LDG.E.64 1 R4 8 1 0x7f3354d39100 8 0 
56 0 0 10 00a0 ffffffff 1 R4 LDG.E.64 1 R4 8 1 0x7f3354d34000 8 0 
42 0 0 13 00a0 ffffffff 1 R4 LDG.E.64 1 R4 8 1 0x7f3354d18300 8 0 
53 0 0 8 00a0 ffffffff 1 R4 LDG.E.64 1 R4 8 1 0x7f3354d2de00 8 0 
9 0 0 28 00a0 ffffffff 1 R4 LDG.E.64 1 R4 8 1 0x7f3354cd7200 8 0 
83 0 0 0 00a0 ffffffff 1 R4 LDG.E.64 1 R4 8 1 0x7f3354d69600 8 0 
39 0 0 23 00a0 ffffffff 1 R4 LDG.E.64 1 R4 8 1 0x7f3354d12d00 8 0 
32 0 0 12 00a0 ffffffff 1 R4 LDG.E.64 1 R4 8 1 0x7f3354d04200 8 0 
74 0 0 24 00a0 ffffffff 1 R4 LDG.E.64 1 R4 8 1 0x7f3354d58e00 8 0 
50 0 0 1 00a0 ffffffff 1 R4 LDG.E.64 1 R4 8 1 0x7f3354d27700 8 0 
73 0 0 4 00a0 ffffffff 1 R4 LDG.E.64 1 R4 8 1 0x7f3354d55a00 8 0 
52 0 0 25 00a0 ffffffff 1 R4 LDG.E.64 1 R4 8 1 0x7f3354d2cf00 8 0 
55 0 0 13 00a0 ffffffff 1 R4 LDG.E.64 1 R4 8 1 0x7f3354d32300 8 0 
49 0 0 20 00a0 ffffffff 1 R4 LDG.E.64 1 R4 8 1 0x7f3354d26a00 8 0 
86 0 0 12 00a0 ffffffff 1 R4 LDG.E.64 1 R4 8 1 0x7f3354d70200 8 0 
70 0 0 4 00a0 ffffffff 1 R4 LDG.E.64 1 R4 8 1 0x7f3354d4fa00 8 0 
16 0 0 7 00a0 ffffffff 1 R4 LDG.E.64 1 R4 8 1 0x7f3354ce3d00 8 0 
19 0 0 3 00a0 ffffffff 1 R4 LDG.E.64 1 R4 8 1 0x7f3354ce9900 8 0 
25 0 0 19 00a0 ffffffff 1 R4 LDG.E.64 1 R4 8 1 0x7f3354cf6900 8 0 
37 0 0 25 00a0 ffffffff 1 R4 LDG.E.64 1 R4 8 1 0x7f3354d0ef00 8 0 
54 0 0 6 00a0 ffffffff 1 R4 LDG.E.64 1 R4 8 1 0x7f3354d2fc00 8 0 
20 0 0 8 00a0 ffffffff 1 R4 LDG.E.64 1 R4 8 1 0x7f3354cebe00 8 0 
80 0 0 6 00a0 ffffffff 1 R4 LDG.E.64 1 R4 8 1 0x7f3354d63c00 8 0 
90 0 0 10 00a0 ffffffff 1 R4 LDG.E.64 1 R4 8 1 0x7f3354d78000 8 0 
57 0 0 3 00a0 ffffffff 1 R4 LDG.E.64 1 R4 8 1 0x7f3354d35900 8 0 
77 0 0 8 00a0 ffffffff 1 R4 LDG.E.64 1 R4 8 1 0x7f3354d5de00 8 0 
87 0 0 31 00a0 ffffffff 1 R4 LDG.E.64 1 R4 8 1 0x7f3354d73500 8 0 
43 0 0 30 00a0 ffffffff 1 R4 LDG.E.64 1 R4 8 1 0x7f3354d1b400 8 0 
48 0 0 0 00a0 ffffffff 1 R4 LDG.E.64 1 R4 8 1 0x7f3354d23600 8 0 
46 0 0 3 00a0 ffffffff 1 R4 LDG.E.64 1 R4 8 1 0x7f3354d1f900 8 0 
6 0 0 16 00a0 ffffffff 1 R4 LDG.E.64 1 R4 8 1 0x7f3354cd0600 8 0 
45 0 0 19 00a0 ffffffff 1 R4 LDG.E.64 1 R4 8 1 0x7f3354d1e900 8 0 
44 0 0 18 00a0 ffffffff 1 R4 LDG.E.64 1 R4 8 1 0x7f3354d1c800 8 0 
59 0 0 27 00a0 ffffffff 1 R4 LDG.E.64 1 R4 8 1 0x7f3354d3b100 8 0 
51 0 0 28 00a0 ffffffff 1 R4 LDG.E.64 1 R4 8 1 0x7f3354d2b200 8 0 
41 0 0 13 00a0 ffffffff 1 R4 LDG.E.64 1 R4 8 1 0x7f3354d16300 8 0 
26 0 0 18 00a0 ffffffff 1 R4 LDG.E.64 1 R4 8 1 0x7f3354cf8800 8 0 
22 0 0 2 00a0 ffffffff 1 R4 LDG.E.64 1 R4 8 1 0x7f3354cef800 8 0 
84 0 0 2 00a0 ffffffff 1 R4 LDG.E.64 1 R4 8 1 0x7f3354d6b800 8 0 
47 0 0 6 00a0 ffffffff 1 R4 LDG.E.64 1 R4 8 1 0x7f3354d21c00 8 0 
85 0 0 10 00a0 ffffffff 1 R4 LDG.E.64 1 R4 8 1 0x7f3354d6e000 8 0 
89 0 0 20 00a0 ffffffff 1 R4 LDG.E.64 1 R4 8 1 0x7f3354d76a00 8 0 
58 0 0 23 00a0 ffffffff 1 R4 LDG.E.64 1 R4 8 1 0x7f3354d38d00 8 0 
0 0 0 3 00a0 ffffffff 1 R4 LDG.E.64 1 R4 8 1 0x7f3354cc3900 8 0 
38 0 0 11 00a0 ffffffff 1 R4 LDG.E.64 1 R4 8 1 0x7f3354d10100 8 0 
53 0 0 11 00a0 ffffffff 1 R4 LDG.E.64 1 R4 8 1 0x7f3354d2e100 8 0 
69 0 0 4 00a0 ffffffff 1 R4 LDG.E.64 1 R4 8 1 0x7f3354d4da00 8 0 
83 0 0 28 00a0 ffffffff 1 R4 LDG.E.64 1 R4 8 1 0x7f3354d6b200 8 0 
74 0 0 17 00a0 ffffffff 1 R4 LDG.E.64 1 R4 8 1 0x7f3354d58700 8 0 
66 0 0 23 00a0 ffffffff 1 R4 LDG.E.64 1 R4 8 1 0x7f3354d48d00 8 0 
73 0 0 14 00a0 ffffffff 1 R4 LDG.E.64 1 R4 8 1 0x7f3354d56400 8 0 
52 0 0 19 00a0 ffffffff 1 R4 LDG.E.64 1 R4 8 1 0x7f3354d2c900 8 0 
55 0 0 3 00a0 ffffffff 1 R4 LDG.E.64 1 R4 8 1 0x7f3354d31900 8 0 
5 0 0 22 00a0 ffffffff 1 R4 LDG.E.64 1 R4 8 1 0x7f3354ccec00 8 0 
86 0 0 13 00a0 ffffffff 1 R4 LDG.E.64 1 R4 8 1 0x7f3354d70300 8 0 
42 0 0 5 00a0 ffffffff 1 R4 LDG.E.64 1 R4 8 1 0x7f3354d17b00 8 0 
16 0 0 2 00a0 ffffffff 1 R4 LDG.E.64 1 R4 8 1 0x7f3354ce3800 8 0 
75 0 0 28 00a0 ffffffff 1 R4 LDG.E.64 1 R4 8 1 0x7f3354d5b200 8 0 
25 0 0 12 00a0 ffffffff 1 R4 LDG.E.64 1 R4 8 1 0x7f3354cf6200 8 0 
9 0 0 27 00a0 ffffffff 1 R4 LDG.E.64 1 R4 8 1 0x7f3354cd7100 8 0 
54 0 0 12 00a0 ffffffff 1 R4 LDG.E.64 1 R4 8 1 0x7f3354d30200 8 0 
80 0 0 2 00a0 ffffffff 1 R4 LDG.E.64 1 R4 8 1 0x7f3354d63800 8 0 
87 0 0 13 00a0 ffffffff 1 R4 LDG.E.64 1 R4 8 1 0x7f3354d72300 8 0 
36 0 0 31 00a0 ffffffff 1 R4 LDG.E.64 1 R4 8 1 0x7f3354d0d500 8 0 
44 0 0 20 00a0 ffffffff 1 R4 LDG.E.64 1 R4 8 1 0x7f3354d1ca00 8 0 
59 0 0 23 00a0 ffffffff 1 R4 LDG.E.64 1 R4 8 1 0x7f3354d3ad00 8 0 
84 0 0 31 00a0 ffffffff 1 R4 LDG.E.64 1 R4 8 1 0x7f3354d6d500 8 0 
47 0 0 1 00a0 ffffffff 1 R4 LDG.E.64 1 R4 8 1 0x7f3354d21700 8 0 
43 0 0 11 00a0 ffffffff 1 R4 LDG.E.64 1 R4 8 1 0x7f3354d1a100 8 0 
48 0 0 9 00a0 ffffffff 1 R4 LDG.E.64 1 R4 8 1 0x7f3354d23f00 8 0 
0 0 0 9 00a0 ffffffff 1 R4 LDG.E.64 1 R4 8 1 0x7f3354cc3f00 8 0 
83 0 0 26 00a0 ffffffff 1 R4 LDG.E.64 1 R4 8 1 0x7f3354d6b000 8 0 
51 0 0 31 00a0 ffffffff 1 R4 LDG.E.64 1 R4 8 1 0x7f3354d2b500 8 0 
50 0 0 29 00a0 ffffffff 1 R4 LDG.E.64 1 R4 8 1 0x7f3354d29300 8 0 
57 0 0 15 00a0 ffffffff 1 R4 LDG.E.64 1 R4 8 1 0x7f3354d36500 8 0 
49 0 0 18 00a0 ffffffff 1 R4 LDG.E.64 1 R4 8 1 0x7f3354d26800 8 0 
52 0 0 6 00a0 ffffffff 1 R4 LDG.E.64 1 R4 8 1 0x7f3354d2bc00 8 0 
55 0 0 8 00a0 ffffffff 1 R4 LDG.E.64 1 R4 8 1 0x7f3354d31e00 8 0 
46 0 0 28 00a0 ffffffff 1 R4 LDG.E.64 1 R4 8 1 0x7f3354d21200 8 0 
70 0 0 11 00a0 ffffffff 1 R4 LDG.E.64 1 R4 8 1 0x7f3354d50100 8 0 
45 0 0 24 00a0 ffffffff 1 R4 LDG.E.64 1 R4 8 1 0x7f3354d1ee00 8 0 
16 0 0 9 00a0 ffffffff 1 R4 LDG.E.64 1 R4 8 1 0x7f3354ce3f00 8 0 
37 0 0 26 00a0 ffffffff 1 R4 LDG.E.64 1 R4 8 1 0x7f3354d0f000 8 0 
26 0 0 19 00a0 ffffffff 1 R4 LDG.E.64 1 R4 8 1 0x7f3354cf8900 8 0 
90 0 0 1 00a0 ffffffff 1 R4 LDG.E.64 1 R4 8 1 0x7f3354d77700 8 0 
75 0 0 29 00a0 ffffffff 1 R4 LDG.E.64 1 R4 8 1 0x7f3354d5b300 8 0 
8 0 0 27 00a0 ffffffff 1 R4 LDG.E.64 1 R4 8 1 0x7f3354cd5100 8 0 
85 0 0 19 00a0 ffffffff 1 R4 LDG.E.64 1 R4 8 1 0x7f3354d6e900 8 0 
77 0 0 6 00a0 ffffffff 1 R4 LDG.E.64 1 R4 8 1 0x7f3354d5dc00 8 0 
58 0 0 20 00a0 ffffffff 1 R4 LDG.E.64 1 R4 8 1 0x7f3354d38a00 8 0 
24 0 0 29 00a0 ffffffff 1 R4 LDG.E.64 1 R4 8 1 0x7f3354cf5300 8 0 
87 0 0 9 00a0 ffffffff 1 R4 LDG.E.64 1 R4 8 1 0x7f3354d71f00 8 0 
6 0 0 15 00a0 ffffffff 1 R4 LDG.E.64 1 R4 8 1 0x7f3354cd0500 8 0 
53 0 0 22 00a0 ffffffff 1 R4 LDG.E.64 1 R4 8 1 0x7f3354d2ec00 8 0 
41 0 0 15 00a0 ffffffff 1 R4 LDG.E.64 1 R4 8 1 0x7f3354d16500 8 0 
44 0 0 27 00a0 ffffffff 1 R4 LDG.E.64 1 R4 8 1 0x7f3354d1d100 8 0 
59 0 0 12 00a0 ffffffff 1 R4 LDG.E.64 1 R4 8 1 0x7f3354d3a200 8 0 
74 0 0 12 00a0 ffffffff 1 R4 LDG.E.64 1 R4 8 1 0x7f3354d58200 8 0 
22 0 0 9 00a0 ffffffff 1 R4 LDG.E.64 1 R4 8 1 0x7f3354ceff00 8 0 
73 0 0 0 00a0 ffffffff 1 R4 LDG.E.64 1 R4 8 1 0x7f3354d55600 8 0 
84 0 0 9 00a0 ffffffff 1 R4 LDG.E.64 1 R4 8 1 0x7f3354d6bf00 8 0 
89 0 0 16 00a0 ffffffff 1 R4 LDG.E.64 1 R4 8 1 0x7f3354d76600 8 0 
86 0 0 14 00a0 ffffffff 1 R4 LDG.E.64 1 R4 8 1 0x7f3354d70400 8 0 
38 0 0 8 00a0 ffffffff 1 R4 LDG.E.64 1 R4 8 1 0x7f3354d0fe00 8 0 
47 0 0 4 00a0 ffffffff 1 R4 LDG.E.64 1 R4 8 1 0x7f3354d21a00 8 0 
25 0 0 14 00a0 ffffffff 1 R4 LDG.E.64 1 R4 8 1 0x7f3354cf6400 8 0 
54 0 0 5 00a0 ffffffff 1 R4 LDG.E.64 1 R4 8 1 0x7f3354d2fb00 8 0 
0 0 0 2 00a0 ffffffff 1 R4 LDG.E.64 1 R4 8 1 0x7f3354cc3800 8 0 
83 0 0 24 00a0 ffffffff 1 R4 LDG.E.64 1 R4 8 1 0x7f3354d6ae00 8 0 
11 0 0 25 00a0 ffffffff 1 R4 LDG.E.64 1 R4 8 1 0x7f3354cdaf00 8 0 
66 0 0 18 00a0 ffffffff 1 R4 LDG.E.64 1 R4 8 1 0x7f3354d48800 8 0 
57 0 0 9 00a0 ffffffff 1 R4 LDG.E.64 1 R4 8 1 0x7f3354d35f00 8 0 
5 0 0 21 00a0 ffffffff 1 R4 LDG.E.64 1 R4 8 1 0x7f3354cceb00 8 0 
46 0 0 2 00a0 ffffffff 1 R4 LDG.E.64 1 R4 8 1 0x7f3354d1f800 8 0 
42 0 0 12 00a0 ffffffff 1 R4 LDG.E.64 1 R4 8 1 0x7f3354d18200 8 0 
45 0 0 21 00a0 ffffffff 1 R4 LDG.E.64 1 R4 8 1 0x7f3354d1eb00 8 0 
9 0 0 14 00a0 ffffffff 1 R4 LDG.E.64 1 R4 8 1 0x7f3354cd6400 8 0 
26 0 0 28 00a0 ffffffff 1 R4 LDG.E.64 1 R4 8 1 0x7f3354cf9200 8 0 
50 0 0 8 00a0 ffffffff 1 R4 LDG.E.64 1 R4 8 1 0x7f3354d27e00 8 0 
85 0 0 4 00a0 ffffffff 1 R4 LDG.E.64 1 R4 8 1 0x7f3354d6da00 8 0 
49 0 0 15 00a0 ffffffff 1 R4 LDG.E.64 1 R4 8 1 0x7f3354d26500 8 0 
58 0 0 30 00a0 ffffffff 1 R4 LDG.E.64 1 R4 8 1 0x7f3354d39400 8 0 
70 0 0 0 00a0 ffffffff 1 R4 LDG.E.64 1 R4 8 1 0x7f3354d4f600 8 0 
53 0 0 26 00a0 ffffffff 1 R4 LDG.E.64 1 R4 8 1 0x7f3354d2f000 8 0 
37 0 0 22 00a0 ffffffff 1 R4 LDG.E.64 1 R4 8 1 0x7f3354d0ec00 8 0 
74 0 0 29 00a0 ffffffff 1 R4 LDG.E.64 1 R4 8 1 0x7f3354d59300 8 0 
90 0 0 0 00a0 ffffffff 1 R4 LDG.E.64 1 R4 8 1 0x7f3354d77600 8 0 
73 0 0 7 00a0 ffffffff 1 R4 LDG.E.64 1 R4 8 1 0x7f3354d55d00 8 0 
77 0 0 29 00a0 ffffffff 1 R4 LDG.E.64 1 R4 8 1 0x7f3354d5f300 8 0 
86 0 0 5 00a0 ffffffff 1 R4 LDG.E.64 1 R4 8 1 0x7f3354d6fb00 8 0 
6 0 0 25 00a0 ffffffff 1 R4 LDG.E.64 1 R4 8 1 0x7f3354cd0f00 8 0 
25 0 0 15 00a0 ffffffff 1 R4 LDG.E.64 1 R4 8 1 0x7f3354cf6500 8 0 
41 0 0 9 00a0 ffffffff 1 R4 LDG.E.64 1 R4 8 1 0x7f3354d15f00 8 0 
54 0 0 27 00a0 ffffffff 1 R4 LDG.E.64 1 R4 8 1 0x7f3354d31100 8 0 
22 0 0 11 00a0 ffffffff 1 R4 LDG.E.64 1 R4 8 1 0x7f3354cf0100 8 0 
57 0 0 4 00a0 ffffffff 1 R4 LDG.E.64 1 R4 8 1 0x7f3354d35a00 8 0 
89 0 0 22 00a0 ffffffff 1 R4 LDG.E.64 1 R4 8 1 0x7f3354d76c00 8 0 
46 0 0 25 00a0 ffffffff 1 R4 LDG.E.64 1 R4 8 1 0x7f3354d20f00 8 0 
38 0 0 5 00a0 ffffffff 1 R4 LDG.E.64 1 R4 8 1 0x7f3354d0fb00 8 0 
69 0 0 3 00a0 ffffffff 1 R4 LDG.E.64 1 R4 8 1 0x7f3354d4d900 8 0 
26 0 0 5 00a0 ffffffff 1 R4 LDG.E.64 1 R4 8 1 0x7f3354cf7b00 8 0 
85 0 0 6 00a0 ffffffff 1 R4 LDG.E.64 1 R4 8 1 0x7f3354d6dc00 8 0 
66 0 0 25 00a0 ffffffff 1 R4 LDG.E.64 1 R4 8 1 0x7f3354d48f00 8 0 
5 0 0 16 00a0 ffffffff 1 R4 LDG.E.64 1 R4 8 1 0x7f3354cce600 8 0 
58 0 0 26 00a0 ffffffff 1 R4 LDG.E.64 1 R4 8 1 0x7f3354d39000 8 0 
53 0 0 21 00a0 ffffffff 1 R4 LDG.E.64 1 R4 8 1 0x7f3354d2eb00 8 0 
42 0 0 30 00a0 ffffffff 1 R4 LDG.E.64 1 R4 8 1 0x7f3354d19400 8 0 
9 0 0 23 00a0 ffffffff 1 R4 LDG.E.64 1 R4 8 1 0x7f3354cd6d00 8 0 
74 0 0 14 00a0 ffffffff 1 R4 LDG.E.64 1 R4 8 1 0x7f3354d58400 8 0 
73 0 0 5 00a0 ffffffff 1 R4 LDG.E.64 1 R4 8 1 0x7f3354d55b00 8 0 
50 0 0 6 00a0 ffffffff 1 R4 LDG.E.64 1 R4 8 1 0x7f3354d27c00 8 0 
49 0 0 28 00a0 ffffffff 1 R4 LDG.E.64 1 R4 8 1 0x7f3354d27200 8 0 
86 0 0 31 00a0 ffffffff 1 R4 LDG.E.64 1 R4 8 1 0x7f3354d71500 8 0 
25 0 0 13 00a0 ffffffff 1 R4 LDG.E.64 1 R4 8 1 0x7f3354cf6300 8 0 
70 0 0 6 00a0 ffffffff 1 R4 LDG.E.64 1 R4 8 1 0x7f3354d4fc00 8 0 
37 0 0 19 00a0 ffffffff 1 R4 LDG.E.64 1 R4 8 1 0x7f3354d0e900 8 0 
54 0 0 14 00a0 ffffffff 1 R4 LDG.E.64 1 R4 8 1 0x7f3354d30400 8 0 
57 0 0 5 00a0 ffffffff 1 R4 LDG.E.64 1 R4 8 1 0x7f3354d35b00 8 0 
34 0 0 23 00a0 ffffffff 1 R4 LDG.E.64 1 R4 8 1 0x7f3354d08d00 8 0 
77 0 0 2 00a0 ffffffff 1 R4 LDG.E.64 1 R4 8 1 0x7f3354d5d800 8 0 
46 0 0 19 00a0 ffffffff 1 R4 LDG.E.64 1 R4 8 1 0x7f3354d20900 8 0 
85 0 0 9 00a0 ffffffff 1 R4 LDG.E.64 1 R4 8 1 0x7f3354d6df00 8 0 
6 0 0 18 00a0 ffffffff 1 R4 LDG.E.64 1 R4 8 1 0x7f3354cd0800 8 0 
41 0 0 8 00a0 ffffffff 1 R4 LDG.E.64 1 R4 8 1 0x7f3354d15e00 8 0 
26 0 0 14 00a0 ffffffff 1 R4 LDG.E.64 1 R4 8 1 0x7f3354cf8400 8 0 
53 0 0 3 00a0 ffffffff 1 R4 LDG.E.64 1 R4 8 1 0x7f3354d2d900 8 0 
22 0 0 3 00a0 ffffffff 1 R4 LDG.E.64 1 R4 8 1 0x7f3354cef900 8 0 
89 0 0 12 00a0 ffffffff 1 R4 LDG.E.64 1 R4 8 1 0x7f3354d76200 8 0 
58 0 0 29 00a0 ffffffff 1 R4 LDG.E.64 1 R4 8 1 0x7f3354d39300 8 0 
73 0 0 6 00a0 ffffffff 1 R4 LDG.E.64 1 R4 8 1 0x7f3354d55c00 8 0 
38 0 0 7 00a0 ffffffff 1 R4 LDG.E.64 1 R4 8 1 0x7f3354d0fd00 8 0 
69 0 0 1 00a0 ffffffff 1 R4 LDG.E.64 1 R4 8 1 0x7f3354d4d700 8 0 
74 0 0 8 00a0 ffffffff 1 R4 LDG.E.64 1 R4 8 1 0x7f3354d57e00 8 0 
25 0 0 8 00a0 ffffffff 1 R4 LDG.E.64 1 R4 8 1 0x7f3354cf5e00 8 0 
66 0 0 6 00a0 ffffffff 1 R4 LDG.E.64 1 R4 8 1 0x7f3354d47c00 8 0 
5 0 0 13 00a0 ffffffff 1 R4 LDG.E.64 1 R4 8 1 0x7f3354cce300 8 0 
86 0 0 8 00a0 ffffffff 1 R4 LDG.E.64 1 R4 8 1 0x7f3354d6fe00 8 0 
57 0 0 0 00a0 ffffffff 1 R4 LDG.E.64 1 R4 8 1 0x7f3354d35600 8 0 
42 0 0 3 00a0 ffffffff 1 R4 LDG.E.64 1 R4 8 1 0x7f3354d17900 8 0 
9 0 0 12 00a0 ffffffff 1 R4 LDG.E.64 1 R4 8 1 0x7f3354cd6200 8 0 
85 0 0 15 00a0 ffffffff 1 R4 LDG.E.64 1 R4 8 1 0x7f3354d6e500 8 0 
50 0 0 24 00a0 ffffffff 1 R4 LDG.E.64 1 R4 8 1 0x7f3354d28e00 8 0 
26 0 0 11 00a0 ffffffff 1 R4 LDG.E.64 1 R4 8 1 0x7f3354cf8100 8 0 
49 0 0 13 00a0 ffffffff 1 R4 LDG.E.64 1 R4 8 1 0x7f3354d26300 8 0 
55 0 0 10 00a0 ffffffff 1 R4 LDG.E.64 1 R4 8 1 0x7f3354d32000 8 0 
43 0 0 29 00a0 ffffffff 1 R4 LDG.E.64 1 R4 8 1 0x7f3354d1b300 8 0 
48 0 0 7 00a0 ffffffff 1 R4 LDG.E.64 1 R4 8 1 0x7f3354d23d00 8 0 
70 0 0 7 00a0 ffffffff 1 R4 LDG.E.64 1 R4 8 1 0x7f3354d4fd00 8 0 
58 0 0 25 00a0 ffffffff 1 R4 LDG.E.64 1 R4 8 1 0x7f3354d38f00 8 0 
73 0 0 1 00a0 ffffffff 1 R4 LDG.E.64 1 R4 8 1 0x7f3354d55700 8 0 
16 0 0 3 00a0 ffffffff 1 R4 LDG.E.64 1 R4 8 1 0x7f3354ce3900 8 0 
75 0 0 27 00a0 ffffffff 1 R4 LDG.E.64 1 R4 8 1 0x7f3354d5b100 8 0 
51 0 0 21 00a0 ffffffff 1 R4 LDG.E.64 1 R4 8 1 0x7f3354d2ab00 8 0 
37 0 0 21 00a0 ffffffff 1 R4 LDG.E.64 1 R4 8 1 0x7f3354d0eb00 8 0 
34 0 0 31 00a0 ffffffff 1 R4 LDG.E.64 1 R4 8 1 0x7f3354d09500 8 0 
74 0 0 13 00a0 ffffffff 1 R4 LDG.E.64 1 R4 8 1 0x7f3354d58300 8 0 
24 0 0 15 00a0 ffffffff 1 R4 LDG.E.64 1 R4 8 1 0x7f3354cf4500 8 0 
87 0 0 14 00a0 ffffffff 1 R4 LDG.E.64 1 R4 8 1 0x7f3354d72400 8 0 
25 0 0 10 00a0 ffffffff 1 R4 LDG.E.64 1 R4 8 1 0x7f3354cf6000 8 0 
77 0 0 7 00a0 ffffffff 1 R4 LDG.E.64 1 R4 8 1 0x7f3354d5dd00 8 0 
62 0 0 10 00a0 ffffffff 1 R4 LDG.E.64 1 R4 8 1 0x7f3354d40000 8 0 
44 0 0 17 00a0 ffffffff 1 R4 LDG.E.64 1 R4 8 1 0x7f3354d1c700 8 0 
86 0 0 4 00a0 ffffffff 1 R4 LDG.E.64 1 R4 8 1 0x7f3354d6fa00 8 0 
57 0 0 1 00a0 ffffffff 1 R4 LDG.E.64 1 R4 8 1 0x7f3354d35700 8 0 
41 0 0 11 00a0 ffffffff 1 R4 LDG.E.64 1 R4 8 1 0x7f3354d16100 8 0 
59 0 0 9 00a0 ffffffff 1 R4 LDG.E.64 1 R4 8 1 0x7f3354d39f00 8 0 
22 0 0 5 00a0 ffffffff 1 R4 LDG.E.64 1 R4 8 1 0x7f3354cefb00 8 0 
26 0 0 12 00a0 ffffffff 1 R4 LDG.E.64 1 R4 8 1 0x7f3354cf8200 8 0 
85 0 0 5 00a0 ffffffff 1 R4 LDG.E.64 1 R4 8 1 0x7f3354d6db00 8 0 
84 0 0 3 00a0 ffffffff 1 R4 LDG.E.64 1 R4 8 1 0x7f3354d6b900 8 0 
47 0 0 5 00a0 ffffffff 1 R4 LDG.E.64 1 R4 8 1 0x7f3354d21b00 8 0 
89 0 0 17 00a0 ffffffff 1 R4 LDG.E.64 1 R4 8 1 0x7f3354d76700 8 0 
38 0 0 1 00a0 ffffffff 1 R4 LDG.E.64 1 R4 8 1 0x7f3354d0f700 8 0 
58 0 0 22 00a0 ffffffff 1 R4 LDG.E.64 1 R4 8 1 0x7f3354d38c00 8 0 
60 0 0 9 0050 00000000 0 EXIT 0 0 0 
0 0 0 4 00a0 ffffffff 1 R4 LDG.E.64 1 R4 8 1 0x7f3354cc3a00 8 0 
83 0 0 27 00a0 ffffffff 1 R4 LDG.E.64 1 R4 8 1 0x7f3354d6b100 8 0 
73 0 0 27 00a0 ffffffff 1 R4 LDG.E.64 1 R4 8 1 0x7f3354d57100 8 0 
69 0 0 10 00a0 ffffffff 1 R4 LDG.E.64 1 R4 8 1 0x7f3354d4e000 8 0 
66 0 0 21 00a0 ffffffff 1 R4 LDG.E.64 1 R4 8 1 0x7f3354d48b00 8 0 
32 0 0 1 00a0 ffffffff 1 R4 LDG.E.64 1 R4 8 1 0x7f3354d03700 8 0 
52 0 0 1 00a0 ffffffff 1 R4 LDG.E.64 1 R4 8 1 0x7f3354d2b700 8 0 
74 0 0 9 00a0 ffffffff 1 R4 LDG.E.64 1 R4 8 1 0x7f3354d57f00 8 0 
25 0 0 9 00a0 ffffffff 1 R4 LDG.E.64 1 R4 8 1 0x7f3354cf5f00 8 0 
5 0 0 17 00a0 ffffffff 1 R4 LDG.E.64 1 R4 8 1 0x7f3354cce700 8 0 
55 0 0 9 00a0 ffffffff 1 R4 LDG.E.64 1 R4 8 1 0x7f3354d31f00 8 0 
42 0 0 4 00a0 ffffffff 1 R4 LDG.E.64 1 R4 8 1 0x7f3354d17a00 8 0 
86 0 0 10 00a0 ffffffff 1 R4 LDG.E.64 1 R4 8 1 0x7f3354d70000 8 0 
1 0 0 28 00a0 ffffffff 1 R4 LDG.E.64 1 R4 8 1 0x7f3354cc7200 8 0 
16 0 0 20 00a0 ffffffff 1 R4 LDG.E.64 1 R4 8 1 0x7f3354ce4a00 8 0 
75 0 0 24 00a0 ffffffff 1 R4 LDG.E.64 1 R4 8 1 0x7f3354d5ae00 8 0 
9 0 0 15 00a0 ffffffff 1 R4 LDG.E.64 1 R4 8 1 0x7f3354cd6500 8 0 
50 0 0 27 00a0 ffffffff 1 R4 LDG.E.64 1 R4 8 1 0x7f3354d29100 8 0 
26 0 0 4 00a0 ffffffff 1 R4 LDG.E.64 1 R4 8 1 0x7f3354cf7a00 8 0 
24 0 0 24 00a0 ffffffff 1 R4 LDG.E.64 1 R4 8 1 0x7f3354cf4e00 8 0 
87 0 0 8 00a0 ffffffff 1 R4 LDG.E.64 1 R4 8 1 0x7f3354d71e00 8 0 
85 0 0 11 00a0 ffffffff 1 R4 LDG.E.64 1 R4 8 1 0x7f3354d6e100 8 0 
49 0 0 19 00a0 ffffffff 1 R4 LDG.E.64 1 R4 8 1 0x7f3354d26900 8 0 
70 0 0 3 00a0 ffffffff 1 R4 LDG.E.64 1 R4 8 1 0x7f3354d4f900 8 0 
43 0 0 14 00a0 ffffffff 1 R4 LDG.E.64 1 R4 8 1 0x7f3354d1a400 8 0 
48 0 0 18 00a0 ffffffff 1 R4 LDG.E.64 1 R4 8 1 0x7f3354d24800 8 0 
58 0 0 21 00a0 ffffffff 1 R4 LDG.E.64 1 R4 8 1 0x7f3354d38b00 8 0 
73 0 0 10 00a0 ffffffff 1 R4 LDG.E.64 1 R4 8 1 0x7f3354d56000 8 0 
37 0 0 16 00a0 ffffffff 1 R4 LDG.E.64 1 R4 8 1 0x7f3354d0e600 8 0 
34 0 0 24 00a0 ffffffff 1 R4 LDG.E.64 1 R4 8 1 0x7f3354d08e00 8 0 
74 0 0 10 00a0 ffffffff 1 R4 LDG.E.64 1 R4 8 1 0x7f3354d58000 8 0 
25 0 0 6 00a0 ffffffff 1 R4 LDG.E.64 1 R4 8 1 0x7f3354cf5c00 8 0 
77 0 0 4 00a0 ffffffff 1 R4 LDG.E.64 1 R4 8 1 0x7f3354d5da00 8 0 
6 0 0 24 00a0 ffffffff 1 R4 LDG.E.64 1 R4 8 1 0x7f3354cd0e00 8 0 
86 0 0 11 00a0 ffffffff 1 R4 LDG.E.64 1 R4 8 1 0x7f3354d70100 8 0 
1 0 0 31 00a0 ffffffff 1 R4 LDG.E.64 1 R4 8 1 0x7f3354cc7500 8 0 
41 0 0 7 00a0 ffffffff 1 R4 LDG.E.64 1 R4 8 1 0x7f3354d15d00 8 0 
78 0 0 29 00a0 ffffffff 1 R4 LDG.E.64 1 R4 8 1 0x7f3354d61300 8 0 
26 0 0 10 00a0 ffffffff 1 R4 LDG.E.64 1 R4 8 1 0x7f3354cf8000 8 0 
85 0 0 2 00a0 ffffffff 1 R4 LDG.E.64 1 R4 8 1 0x7f3354d6d800 8 0 
89 0 0 14 00a0 ffffffff 1 R4 LDG.E.64 1 R4 8 1 0x7f3354d76400 8 0 
38 0 0 3 00a0 ffffffff 1 R4 LDG.E.64 1 R4 8 1 0x7f3354d0f900 8 0 
58 0 0 18 00a0 ffffffff 1 R4 LDG.E.64 1 R4 8 1 0x7f3354d38800 8 0 
73 0 0 2 00a0 ffffffff 1 R4 LDG.E.64 1 R4 8 1 0x7f3354d55800 8 0 
13 0 0 24 00a0 ffffffff 1 R4 LDG.E.64 1 R4 8 1 0x7f3354cdee00 8 0 
66 0 0 28 00a0 ffffffff 1 R4 LDG.E.64 1 R4 8 1 0x7f3354d49200 8 0 
74 0 0 5 00a0 ffffffff 1 R4 LDG.E.64 1 R4 8 1 0x7f3354d57b00 8 0 
25 0 0 0 00a0 ffffffff 1 R4 LDG.E.64 1 R4 8 1 0x7f3354cf5600 8 0 
5 0 0 9 00a0 ffffffff 1 R4 LDG.E.64 1 R4 8 1 0x7f3354ccdf00 8 0 
42 0 0 9 00a0 ffffffff 1 R4 LDG.E.64 1 R4 8 1 0x7f3354d17f00 8 0 
86 0 0 6 00a0 ffffffff 1 R4 LDG.E.64 1 R4 8 1 0x7f3354d6fc00 8 0 
1 0 0 29 00a0 ffffffff 1 R4 LDG.E.64 1 R4 8 1 0x7f3354cc7300 8 0 
9 0 0 25 00a0 ffffffff 1 R4 LDG.E.64 1 R4 8 1 0x7f3354cd6f00 8 0 
50 0 0 17 00a0 ffffffff 1 R4 LDG.E.64 1 R4 8 1 0x7f3354d28700 8 0 
26 0 0 15 00a0 ffffffff 1 R4 LDG.E.64 1 R4 8 1 0x7f3354cf8500 8 0 
85 0 0 0 00a0 ffffffff 1 R4 LDG.E.64 1 R4 8 1 0x7f3354d6d600 8 0 
49 0 0 16 00a0 ffffffff 1 R4 LDG.E.64 1 R4 8 1 0x7f3354d26600 8 0 
70 0 0 2 00a0 ffffffff 1 R4 LDG.E.64 1 R4 8 1 0x7f3354d4f800 8 0 
58 0 0 5 00a0 ffffffff 1 R4 LDG.E.64 1 R4 8 1 0x7f3354d37b00 8 0 
17 0 0 13 00a0 ffffffff 1 R4 LDG.E.64 1 R4 8 1 0x7f3354ce6300 8 0 
37 0 0 17 00a0 ffffffff 1 R4 LDG.E.64 1 R4 8 1 0x7f3354d0e700 8 0 
34 0 0 27 00a0 ffffffff 1 R4 LDG.E.64 1 R4 8 1 0x7f3354d09100 8 0 
74 0 0 1 00a0 ffffffff 1 R4 LDG.E.64 1 R4 8 1 0x7f3354d57700 8 0 
25 0 0 11 00a0 ffffffff 1 R4 LDG.E.64 1 R4 8 1 0x7f3354cf6100 8 0 
77 0 0 3 00a0 ffffffff 1 R4 LDG.E.64 1 R4 8 1 0x7f3354d5d900 8 0 
6 0 0 26 00a0 ffffffff 1 R4 LDG.E.64 1 R4 8 1 0x7f3354cd1000 8 0 
86 0 0 9 00a0 ffffffff 1 R4 LDG.E.64 1 R4 8 1 0x7f3354d6ff00 8 0 
1 0 0 27 00a0 ffffffff 1 R4 LDG.E.64 1 R4 8 1 0x7f3354cc7100 8 0 
41 0 0 14 00a0 ffffffff 1 R4 LDG.E.64 1 R4 8 1 0x7f3354d16400 8 0 
78 0 0 26 00a0 ffffffff 1 R4 LDG.E.64 1 R4 8 1 0x7f3354d61000 8 0 
26 0 0 29 00a0 ffffffff 1 R4 LDG.E.64 1 R4 8 1 0x7f3354cf9300 8 0 
85 0 0 3 00a0 ffffffff 1 R4 LDG.E.64 1 R4 8 1 0x7f3354d6d900 8 0 
89 0 0 10 00a0 ffffffff 1 R4 LDG.E.64 1 R4 8 1 0x7f3354d76000 8 0 
38 0 0 0 00a0 ffffffff 1 R4 LDG.E.64 1 R4 8 1 0x7f3354d0f600 8 0 
58 0 0 17 00a0 ffffffff 1 R4 LDG.E.64 1 R4 8 1 0x7f3354d38700 8 0 
17 0 0 6 00a0 ffffffff 1 R4 LDG.E.64 1 R4 8 1 0x7f3354ce5c00 8 0 
13 0 0 7 00a0 ffffffff 1 R4 LDG.E.64 1 R4 8 1 0x7f3354cddd00 8 0 
66 0 0 24 00a0 ffffffff 1 R4 LDG.E.64 1 R4 8 1 0x7f3354d48e00 8 0 
74 0 0 4 00a0 ffffffff 1 R4 LDG.E.64 1 R4 8 1 0x7f3354d57a00 8 0 
25 0 0 5 00a0 ffffffff 1 R4 LDG.E.64 1 R4 8 1 0x7f3354cf5b00 8 0 
5 0 0 11 00a0 ffffffff 1 R4 LDG.E.64 1 R4 8 1 0x7f3354cce100 8 0 
42 0 0 8 00a0 ffffffff 1 R4 LDG.E.64 1 R4 8 1 0x7f3354d17e00 8 0 
86 0 0 7 00a0 ffffffff 1 R4 LDG.E.64 1 R4 8 1 0x7f3354d6fd00 8 0 
1 0 0 26 00a0 ffffffff 1 R4 LDG.E.64 1 R4 8 1 0x7f3354cc7000 8 0 
9 0 0 30 00a0 ffffffff 1 R4 LDG.E.64 1 R4 8 1 0x7f3354cd7400 8 0 
50 0 0 22 00a0 ffffffff 1 R4 LDG.E.64 1 R4 8 1 0x7f3354d28c00 8 0 
26 0 0 6 00a0 ffffffff 1 R4 LDG.E.64 1 R4 8 1 0x7f3354cf7c00 8 0 
85 0 0 1 00a0 ffffffff 1 R4 LDG.E.64 1 R4 8 1 0x7f3354d6d700 8 0 
49 0 0 10 00a0 ffffffff 1 R4 LDG.E.64 1 R4 8 1 0x7f3354d26000 8 0 
14 0 0 27 00a0 ffffffff 1 R4 LDG.E.64 1 R4 8 1 0x7f3354ce1100 8 0 
58 0 0 13 00a0 ffffffff 1 R4 LDG.E.64 1 R4 8 1 0x7f3354d38300 8 0 
17 0 0 28 00a0 ffffffff 1 R4 LDG.E.64 1 R4 8 1 0x7f3354ce7200 8 0 
37 0 0 18 00a0 ffffffff 1 R4 LDG.E.64 1 R4 8 1 0x7f3354d0e800 8 0 
34 0 0 30 00a0 ffffffff 1 R4 LDG.E.64 1 R4 8 1 0x7f3354d09400 8 0 
74 0 0 2 00a0 ffffffff 1 R4 LDG.E.64 1 R4 8 1 0x7f3354d57800 8 0 
25 0 0 7 00a0 ffffffff 1 R4 LDG.E.64 1 R4 8 1 0x7f3354cf5d00 8 0 
77 0 0 0 00a0 ffffffff 1 R4 LDG.E.64 1 R4 8 1 0x7f3354d5d600 8 0 
6 0 0 19 00a0 ffffffff 1 R4 LDG.E.64 1 R4 8 1 0x7f3354cd0900 8 0 
86 0 0 0 00a0 ffffffff 1 R4 LDG.E.64 1 R4 8 1 0x7f3354d6f600 8 0 
1 0 0 23 00a0 ffffffff 1 R4 LDG.E.64 1 R4 8 1 0x7f3354cc6d00 8 0 
41 0 0 3 00a0 ffffffff 1 R4 LDG.E.64 1 R4 8 1 0x7f3354d15900 8 0 
78 0 0 25 00a0 ffffffff 1 R4 LDG.E.64 1 R4 8 1 0x7f3354d60f00 8 0 
26 0 0 1 00a0 ffffffff 1 R4 LDG.E.64 1 R4 8 1 0x7f3354cf7700 8 0 
85 0 0 7 00a0 ffffffff 1 R4 LDG.E.64 1 R4 8 1 0x7f3354d6dd00 8 0 
89 0 0 27 00a0 ffffffff 1 R4 LDG.E.64 1 R4 8 1 0x7f3354d77100 8 0 
38 0 0 4 00a0 ffffffff 1 R4 LDG.E.64 1 R4 8 1 0x7f3354d0fa00 8 0 
58 0 0 19 00a0 ffffffff 1 R4 LDG.E.64 1 R4 8 1 0x7f3354d38900 8 0 
17 0 0 29 00a0 ffffffff 1 R4 LDG.E.64 1 R4 8 1 0x7f3354ce7300 8 0 
13 0 0 19 00a0 ffffffff 1 R4 LDG.E.64 1 R4 8 1 0x7f3354cde900 8 0 
66 0 0 14 00a0 ffffffff 1 R4 LDG.E.64 1 R4 8 1 0x7f3354d48400 8 0 
74 0 0 19 00a0 ffffffff 1 R4 LDG.E.64 1 R4 8 1 0x7f3354d58900 8 0 
25 0 0 1 00a0 ffffffff 1 R4 LDG.E.64 1 R4 8 1 0x7f3354cf5700 8 0 
5 0 0 8 00a0 ffffffff 1 R4 LDG.E.64 1 R4 8 1 0x7f3354ccde00 8 0 
42 0 0 1 00a0 ffffffff 1 R4 LDG.E.64 1 R4 8 1 0x7f3354d17700 8 0 
86 0 0 3 00a0 ffffffff 1 R4 LDG.E.64 1 R4 8 1 0x7f3354d6f900 8 0 
1 0 0 25 00a0 ffffffff 1 R4 LDG.E.64 1 R4 8 1 0x7f3354cc6f00 8 0 
9 0 0 13 00a0 ffffffff 1 R4 LDG.E.64 1 R4 8 1 0x7f3354cd6300 8 0 
50 0 0 12 00a0 ffffffff 1 R4 LDG.E.64 1 R4 8 1 0x7f3354d28200 8 0 
26 0 0 7 00a0 ffffffff 1 R4 LDG.E.64 1 R4 8 1 0x7f3354cf7d00 8 0 
29 0 0 1 00a0 ffffffff 1 R4 LDG.E.64 1 R4 8 1 0x7f3354cfd700 8 0 
49 0 0 1 00a0 ffffffff 1 R4 LDG.E.64 1 R4 8 1 0x7f3354d25700 8 0 
14 0 0 3 00a0 ffffffff 1 R4 LDG.E.64 1 R4 8 1 0x7f3354cdf900 8 0 
59 0 0 19 00a0 ffffffff 1 R4 LDG.E.64 1 R4 8 1 0x7f3354d3a900 8 0 
51 0 0 23 00a0 ffffffff 1 R4 LDG.E.64 1 R4 8 1 0x7f3354d2ad00 8 0 
58 0 0 24 00a0 ffffffff 1 R4 LDG.E.64 1 R4 8 1 0x7f3354d38e00 8 0 
17 0 0 31 00a0 ffffffff 1 R4 LDG.E.64 1 R4 8 1 0x7f3354ce7500 8 0 
37 0 0 12 00a0 ffffffff 1 R4 LDG.E.64 1 R4 8 1 0x7f3354d0e200 8 0 
84 0 0 1 00a0 ffffffff 1 R4 LDG.E.64 1 R4 8 1 0x7f3354d6b700 8 0 
34 0 0 20 00a0 ffffffff 1 R4 LDG.E.64 1 R4 8 1 0x7f3354d08a00 8 0 
74 0 0 0 00a0 ffffffff 1 R4 LDG.E.64 1 R4 8 1 0x7f3354d57600 8 0 
25 0 0 2 00a0 ffffffff 1 R4 LDG.E.64 1 R4 8 1 0x7f3354cf5800 8 0 
77 0 0 1 00a0 ffffffff 1 R4 LDG.E.64 1 R4 8 1 0x7f3354d5d700 8 0 
6 0 0 3 00a0 ffffffff 1 R4 LDG.E.64 1 R4 8 1 0x7f3354ccf900 8 0 
86 0 0 1 00a0 ffffffff 1 R4 LDG.E.64 1 R4 8 1 0x7f3354d6f700 8 0 
1 0 0 19 00a0 ffffffff 1 R4 LDG.E.64 1 R4 8 1 0x7f3354cc6900 8 0 
41 0 0 10 00a0 ffffffff 1 R4 LDG.E.64 1 R4 8 1 0x7f3354d16000 8 0 
22 0 0 0 00a0 ffffffff 1 R4 LDG.E.64 1 R4 8 1 0x7f3354cef600 8 0 
26 0 0 2 00a0 ffffffff 1 R4 LDG.E.64 1 R4 8 1 0x7f3354cf7800 8 0 
29 0 0 14 00a0 ffffffff 1 R4 LDG.E.64 1 R4 8 1 0x7f3354cfe400 8 0 
89 0 0 8 00a0 ffffffff 1 R4 LDG.E.64 1 R4 8 1 0x7f3354d75e00 8 0 
94 0 0 31 00a0 ffffffff 1 R4 LDG.E.64 1 R4 8 1 0x7f3354d81500 8 0 
58 0 0 31 00a0 ffffffff 1 R4 LDG.E.64 1 R4 8 1 0x7f3354d39500 8 0 
17 0 0 26 00a0 ffffffff 1 R4 LDG.E.64 1 R4 8 1 0x7f3354ce7000 8 0 
13 0 0 17 00a0 ffffffff 1 R4 LDG.E.64 1 R4 8 1 0x7f3354cde700 8 0 
66 0 0 20 00a0 ffffffff 1 R4 LDG.E.64 1 R4 8 1 0x7f3354d48a00 8 0 
74 0 0 6 00a0 ffffffff 1 R4 LDG.E.64 1 R4 8 1 0x7f3354d57c00 8 0 
25 0 0 4 00a0 ffffffff 1 R4 LDG.E.64 1 R4 8 1 0x7f3354cf5a00 8 0 
5 0 0 4 00a0 ffffffff 1 R4 LDG.E.64 1 R4 8 1 0x7f3354ccda00 8 0 
42 0 0 11 00a0 ffffffff 1 R4 LDG.E.64 1 R4 8 1 0x7f3354d18100 8 0 
30 0 0 29 00a0 ffffffff 1 R4 LDG.E.64 1 R4 8 1 0x7f3354d01300 8 0 
1 0 0 24 00a0 ffffffff 1 R4 LDG.E.64 1 R4 8 1 0x7f3354cc6e00 8 0 
9 0 0 24 00a0 ffffffff 1 R4 LDG.E.64 1 R4 8 1 0x7f3354cd6e00 8 0 
50 0 0 15 00a0 ffffffff 1 R4 LDG.E.64 1 R4 8 1 0x7f3354d28500 8 0 
26 0 0 8 00a0 ffffffff 1 R4 LDG.E.64 1 R4 8 1 0x7f3354cf7e00 8 0 
29 0 0 9 00a0 ffffffff 1 R4 LDG.E.64 1 R4 8 1 0x7f3354cfdf00 8 0 
49 0 0 11 00a0 ffffffff 1 R4 LDG.E.64 1 R4 8 1 0x7f3354d26100 8 0 
14 0 0 28 00a0 ffffffff 1 R4 LDG.E.64 1 R4 8 1 0x7f3354ce1200 8 0 
58 0 0 14 00a0 ffffffff 1 R4 LDG.E.64 1 R4 8 1 0x7f3354d38400 8 0 
17 0 0 24 00a0 ffffffff 1 R4 LDG.E.64 1 R4 8 1 0x7f3354ce6e00 8 0 
37 0 0 14 00a0 ffffffff 1 R4 LDG.E.64 1 R4 8 1 0x7f3354d0e400 8 0 
34 0 0 29 00a0 ffffffff 1 R4 LDG.E.64 1 R4 8 1 0x7f3354d09300 8 0 
74 0 0 22 00a0 ffffffff 1 R4 LDG.E.64 1 R4 8 1 0x7f3354d58c00 8 0 
25 0 0 3 00a0 ffffffff 1 R4 LDG.E.64 1 R4 8 1 0x7f3354cf5900 8 0 
21 0 0 19 00a0 ffffffff 1 R4 LDG.E.64 1 R4 8 1 0x7f3354cee900 8 0 
6 0 0 20 00a0 ffffffff 1 R4 LDG.E.64 1 R4 8 1 0x7f3354cd0a00 8 0 
30 0 0 31 00a0 ffffffff 1 R4 LDG.E.64 1 R4 8 1 0x7f3354d01500 8 0 
1 0 0 21 00a0 ffffffff 1 R4 LDG.E.64 1 R4 8 1 0x7f3354cc6b00 8 0 
41 0 0 2 00a0 ffffffff 1 R4 LDG.E.64 1 R4 8 1 0x7f3354d15800 8 0 
78 0 0 21 00a0 ffffffff 1 R4 LDG.E.64 1 R4 8 1 0x7f3354d60b00 8 0 
26 0 0 3 00a0 ffffffff 1 R4 LDG.E.64 1 R4 8 1 0x7f3354cf7900 8 0 
29 0 0 19 00a0 ffffffff 1 R4 LDG.E.64 1 R4 8 1 0x7f3354cfe900 8 0 
89 0 0 23 00a0 ffffffff 1 R4 LDG.E.64 1 R4 8 1 0x7f3354d76d00 8 0 
94 0 0 30 00a0 ffffffff 1 R4 LDG.E.64 1 R4 8 1 0x7f3354d81400 8 0 
58 0 0 9 00a0 ffffffff 1 R4 LDG.E.64 1 R4 8 1 0x7f3354d37f00 8 0 
17 0 0 22 00a0 ffffffff 1 R4 LDG.E.64 1 R4 8 1 0x7f3354ce6c00 8 0 
13 0 0 31 00a0 ffffffff 1 R4 LDG.E.64 1 R4 8 1 0x7f3354cdf500 8 0 
66 0 0 16 00a0 ffffffff 1 R4 LDG.E.64 1 R4 8 1 0x7f3354d48600 8 0 
74 0 0 11 00a0 ffffffff 1 R4 LDG.E.64 1 R4 8 1 0x7f3354d58100 8 0 
81 0 0 27 00a0 ffffffff 1 R4 LDG.E.64 1 R4 8 1 0x7f3354d67100 8 0 
5 0 0 14 00a0 ffffffff 1 R4 LDG.E.64 1 R4 8 1 0x7f3354cce400 8 0 
42 0 0 16 00a0 ffffffff 1 R4 LDG.E.64 1 R4 8 1 0x7f3354d18600 8 0 
30 0 0 21 00a0 ffffffff 1 R4 LDG.E.64 1 R4 8 1 0x7f3354d00b00 8 0 
1 0 0 20 00a0 ffffffff 1 R4 LDG.E.64 1 R4 8 1 0x7f3354cc6a00 8 0 
9 0 0 21 00a0 ffffffff 1 R4 LDG.E.64 1 R4 8 1 0x7f3354cd6b00 8 0 
50 0 0 9 00a0 ffffffff 1 R4 LDG.E.64 1 R4 8 1 0x7f3354d27f00 8 0 
82 0 0 28 00a0 ffffffff 1 R4 LDG.E.64 1 R4 8 1 0x7f3354d69200 8 0 
29 0 0 31 00a0 ffffffff 1 R4 LDG.E.64 1 R4 8 1 0x7f3354cff500 8 0 
14 0 0 31 00a0 ffffffff 1 R4 LDG.E.64 1 R4 8 1 0x7f3354ce1500 8 0 
58 0 0 0 00a0 ffffffff 1 R4 LDG.E.64 1 R4 8 1 0x7f3354d37600 8 0 
37 0 0 15 00a0 ffffffff 1 R4 LDG.E.64 1 R4 8 1 0x7f3354d0e500 8 0 
17 0 0 27 00a0 ffffffff 1 R4 LDG.E.64 1 R4 8 1 0x7f3354ce7100 8 0 
34 0 0 26 00a0 ffffffff 1 R4 LDG.E.64 1 R4 8 1 0x7f3354d09000 8 0 
18 0 0 30 00a0 ffffffff 1 R4 LDG.E.64 1 R4 8 1 0x7f3354ce9400 8 0 
77 0 0 28 00a0 ffffffff 1 R4 LDG.E.64 1 R4 8 1 0x7f3354d5f200 8 0 
25 0 0 29 00a0 ffffffff 1 R4 LDG.E.64 1 R4 8 1 0x7f3354cf7300 8 0 
6 0 0 21 00a0 ffffffff 1 R4 LDG.E.64 1 R4 8 1 0x7f3354cd0b00 8 0 
30 0 0 28 00a0 ffffffff 1 R4 LDG.E.64 1 R4 8 1 0x7f3354d01200 8 0 
1 0 0 16 00a0 ffffffff 1 R4 LDG.E.64 1 R4 8 1 0x7f3354cc6600 8 0 
41 0 0 4 00a0 ffffffff 1 R4 LDG.E.64 1 R4 8 1 0x7f3354d15a00 8 0 
78 0 0 17 00a0 ffffffff 1 R4 LDG.E.64 1 R4 8 1 0x7f3354d60700 8 0 
26 0 0 0 00a0 ffffffff 1 R4 LDG.E.64 1 R4 8 1 0x7f3354cf7600 8 0 
89 0 0 4 00a0 ffffffff 1 R4 LDG.E.64 1 R4 8 1 0x7f3354d75a00 8 0 
29 0 0 26 00a0 ffffffff 1 R4 LDG.E.64 1 R4 8 1 0x7f3354cff000 8 0 
38 0 0 6 00a0 ffffffff 1 R4 LDG.E.64 1 R4 8 1 0x7f3354d0fc00 8 0 
58 0 0 15 00a0 ffffffff 1 R4 LDG.E.64 1 R4 8 1 0x7f3354d38500 8 0 
13 0 0 30 00a0 ffffffff 1 R4 LDG.E.64 1 R4 8 1 0x7f3354cdf400 8 0 
17 0 0 25 00a0 ffffffff 1 R4 LDG.E.64 1 R4 8 1 0x7f3354ce6f00 8 0 
66 0 0 13 00a0 ffffffff 1 R4 LDG.E.64 1 R4 8 1 0x7f3354d48300 8 0 
18 0 0 27 00a0 ffffffff 1 R4 LDG.E.64 1 R4 8 1 0x7f3354ce9100 8 0 
5 0 0 10 00a0 ffffffff 1 R4 LDG.E.64 1 R4 8 1 0x7f3354cce000 8 0 
81 0 0 30 00a0 ffffffff 1 R4 LDG.E.64 1 R4 8 1 0x7f3354d67400 8 0 
30 0 0 17 00a0 ffffffff 1 R4 LDG.E.64 1 R4 8 1 0x7f3354d00700 8 0 
9 0 0 22 00a0 ffffffff 1 R4 LDG.E.64 1 R4 8 1 0x7f3354cd6c00 8 0 
0 0 0 1 00a0 ffffffff 1 R4 LDG.E.64 1 R4 8 1 0x7f3354cc3700 8 0 
1 0 0 30 00a0 ffffffff 1 R4 LDG.E.64 1 R4 8 1 0x7f3354cc7400 8 0 
82 0 0 29 00a0 ffffffff 1 R4 LDG.E.64 1 R4 8 1 0x7f3354d69300 8 0 
83 0 0 22 00a0 ffffffff 1 R4 LDG.E.64 1 R4 8 1 0x7f3354d6ac00 8 0 
37 0 0 13 00a0 ffffffff 1 R4 LDG.E.64 1 R4 8 1 0x7f3354d0e300 8 0 
29 0 0 30 00a0 ffffffff 1 R4 LDG.E.64 1 R4 8 1 0x7f3354cff400 8 0 
14 0 0 29 00a0 ffffffff 1 R4 LDG.E.64 1 R4 8 1 0x7f3354ce1300 8 0 
52 0 0 8 00a0 ffffffff 1 R4 LDG.E.64 1 R4 8 1 0x7f3354d2be00 8 0 
55 0 0 2 00a0 ffffffff 1 R4 LDG.E.64 1 R4 8 1 0x7f3354d31800 8 0 
58 0 0 1 00a0 ffffffff 1 R4 LDG.E.64 1 R4 8 1 0x7f3354d37700 8 0 
17 0 0 21 00a0 ffffffff 1 R4 LDG.E.64 1 R4 8 1 0x7f3354ce6b00 8 0 
21 0 0 31 00a0 ffffffff 1 R4 LDG.E.64 1 R4 8 1 0x7f3354cef500 8 0 
16 0 0 5 00a0 ffffffff 1 R4 LDG.E.64 1 R4 8 1 0x7f3354ce3b00 8 0 
75 0 0 20 00a0 ffffffff 1 R4 LDG.E.64 1 R4 8 1 0x7f3354d5aa00 8 0 
34 0 0 25 00a0 ffffffff 1 R4 LDG.E.64 1 R4 8 1 0x7f3354d08f00 8 0 
81 0 0 29 00a0 ffffffff 1 R4 LDG.E.64 1 R4 8 1 0x7f3354d67300 8 0 
39 0 0 2 00a0 ffffffff 1 R4 LDG.E.64 1 R4 8 1 0x7f3354d11800 8 0 
24 0 0 31 00a0 ffffffff 1 R4 LDG.E.64 1 R4 8 1 0x7f3354cf5500 8 0 
97 0 0 17 00a0 ffffffff 1 R4 LDG.E.64 1 R4 8 1 0x7f3354d86700 8 0 
6 0 0 22 00a0 ffffffff 1 R4 LDG.E.64 1 R4 8 1 0x7f3354cd0c00 8 0 
30 0 0 27 00a0 ffffffff 1 R4 LDG.E.64 1 R4 8 1 0x7f3354d01100 8 0 
87 0 0 10 00a0 ffffffff 1 R4 LDG.E.64 1 R4 8 1 0x7f3354d72000 8 0 
15 0 0 11 00a0 ffffffff 1 R4 LDG.E.64 1 R4 8 1 0x7f3354ce2100 8 0 
36 0 0 17 00a0 ffffffff 1 R4 LDG.E.64 1 R4 8 1 0x7f3354d0c700 8 0 
1 0 0 17 00a0 ffffffff 1 R4 LDG.E.64 1 R4 8 1 0x7f3354cc6700 8 0 
89 0 0 19 00a0 ffffffff 1 R4 LDG.E.64 1 R4 8 1 0x7f3354d76900 8 0 
78 0 0 22 00a0 ffffffff 1 R4 LDG.E.64 1 R4 8 1 0x7f3354d60c00 8 0 
44 0 0 16 00a0 ffffffff 1 R4 LDG.E.64 1 R4 8 1 0x7f3354d1c600 8 0 
59 0 0 8 00a0 ffffffff 1 R4 LDG.E.64 1 R4 8 1 0x7f3354d39e00 8 0 
82 0 0 24 00a0 ffffffff 1 R4 LDG.E.64 1 R4 8 1 0x7f3354d68e00 8 0 
13 0 0 29 00a0 ffffffff 1 R4 LDG.E.64 1 R4 8 1 0x7f3354cdf300 8 0 
29 0 0 29 00a0 ffffffff 1 R4 LDG.E.64 1 R4 8 1 0x7f3354cff300 8 0 
84 0 0 4 00a0 ffffffff 1 R4 LDG.E.64 1 R4 8 1 0x7f3354d6ba00 8 0 
83 0 0 23 00a0 ffffffff 1 R4 LDG.E.64 1 R4 8 1 0x7f3354d6ad00 8 0 
94 0 0 26 00a0 ffffffff 1 R4 LDG.E.64 1 R4 8 1 0x7f3354d81000 8 0 
58 0 0 11 00a0 ffffffff 1 R4 LDG.E.64 1 R4 8 1 0x7f3354d38100 8 0 
5 0 0 6 00a0 ffffffff 1 R4 LDG.E.64 1 R4 8 1 0x7f3354ccdc00 8 0 
43 0 0 17 00a0 ffffffff 1 R4 LDG.E.64 1 R4 8 1 0x7f3354d1a700 8 0 
48 0 0 5 00a0 ffffffff 1 R4 LDG.E.64 1 R4 8 1 0x7f3354d23b00 8 0 
0 0 0 30 00a0 ffffffff 1 R4 LDG.E.64 1 R4 8 1 0x7f3354cc5400 8 0 
17 0 0 20 00a0 ffffffff 1 R4 LDG.E.64 1 R4 8 1 0x7f3354ce6a00 8 0 
66 0 0 15 00a0 ffffffff 1 R4 LDG.E.64 1 R4 8 1 0x7f3354d48500 8 0 
18 0 0 28 00a0 ffffffff 1 R4 LDG.E.64 1 R4 8 1 0x7f3354ce9200 8 0 
55 0 0 11 00a0 ffffffff 1 R4 LDG.E.64 1 R4 8 1 0x7f3354d32100 8 0 
51 0 0 12 00a0 ffffffff 1 R4 LDG.E.64 1 R4 8 1 0x7f3354d2a200 8 0 
9 0 0 19 00a0 ffffffff 1 R4 LDG.E.64 1 R4 8 1 0x7f3354cd6900 8 0 
81 0 0 28 00a0 ffffffff 1 R4 LDG.E.64 1 R4 8 1 0x7f3354d67200 8 0 
14 0 0 24 00a0 ffffffff 1 R4 LDG.E.64 1 R4 8 1 0x7f3354ce0e00 8 0 
52 0 0 23 00a0 ffffffff 1 R4 LDG.E.64 1 R4 8 1 0x7f3354d2cd00 8 0 
75 0 0 16 00a0 ffffffff 1 R4 LDG.E.64 1 R4 8 1 0x7f3354d5a600 8 0 
30 0 0 13 00a0 ffffffff 1 R4 LDG.E.64 1 R4 8 1 0x7f3354d00300 8 0 
1 0 0 22 00a0 ffffffff 1 R4 LDG.E.64 1 R4 8 1 0x7f3354cc6c00 8 0 
37 0 0 11 00a0 ffffffff 1 R4 LDG.E.64 1 R4 8 1 0x7f3354d0e100 8 0 
96 0 0 29 00a0 ffffffff 1 R4 LDG.E.64 1 R4 8 1 0x7f3354d85300 8 0 
16 0 0 1 00a0 ffffffff 1 R4 LDG.E.64 1 R4 8 1 0x7f3354ce3700 8 0 
87 0 0 11 00a0 ffffffff 1 R4 LDG.E.64 1 R4 8 1 0x7f3354d72100 8 0 
34 0 0 16 00a0 ffffffff 1 R4 LDG.E.64 1 R4 8 1 0x7f3354d08600 8 0 
82 0 0 26 00a0 ffffffff 1 R4 LDG.E.64 1 R4 8 1 0x7f3354d69000 8 0 
29 0 0 12 00a0 ffffffff 1 R4 LDG.E.64 1 R4 8 1 0x7f3354cfe200 8 0 
24 0 0 25 00a0 ffffffff 1 R4 LDG.E.64 1 R4 8 1 0x7f3354cf4f00 8 0 
21 0 0 25 00a0 ffffffff 1 R4 LDG.E.64 1 R4 8 1 0x7f3354ceef00 8 0 
6 0 0 13 00a0 ffffffff 1 R4 LDG.E.64 1 R4 8 1 0x7f3354cd0300 8 0 
58 0 0 16 00a0 ffffffff 1 R4 LDG.E.64 1 R4 8 1 0x7f3354d38600 8 0 
59 0 0 10 00a0 ffffffff 1 R4 LDG.E.64 1 R4 8 1 0x7f3354d3a000 8 0 
63 0 0 10 00a0 ffffffff 1 R4 LDG.E.64 1 R4 8 1 0x7f3354d42000 8 0 
17 0 0 17 00a0 ffffffff 1 R4 LDG.E.64 1 R4 8 1 0x7f3354ce6700 8 0 
97 0 0 18 00a0 ffffffff 1 R4 LDG.E.64 1 R4 8 1 0x7f3354d86800 8 0 
78 0 0 28 00a0 ffffffff 1 R4 LDG.E.64 1 R4 8 1 0x7f3354d61200 8 0 
44 0 0 10 00a0 ffffffff 1 R4 LDG.E.64 1 R4 8 1 0x7f3354d1c000 8 0 
83 0 0 29 00a0 ffffffff 1 R4 LDG.E.64 1 R4 8 1 0x7f3354d6b300 8 0 
18 0 0 29 00a0 ffffffff 1 R4 LDG.E.64 1 R4 8 1 0x7f3354ce9300 8 0 
81 0 0 26 00a0 ffffffff 1 R4 LDG.E.64 1 R4 8 1 0x7f3354d67000 8 0 
89 0 0 13 00a0 ffffffff 1 R4 LDG.E.64 1 R4 8 1 0x7f3354d76300 8 0 
84 0 0 0 00a0 ffffffff 1 R4 LDG.E.64 1 R4 8 1 0x7f3354d6b600 8 0 
55 0 0 5 00a0 ffffffff 1 R4 LDG.E.64 1 R4 8 1 0x7f3354d31b00 8 0 
94 0 0 27 00a0 ffffffff 1 R4 LDG.E.64 1 R4 8 1 0x7f3354d81100 8 0 
0 0 0 0 00a0 ffffffff 1 R4 LDG.E.64 1 R4 8 1 0x7f3354cc3600 8 0 
75 0 0 23 00a0 ffffffff 1 R4 LDG.E.64 1 R4 8 1 0x7f3354d5ad00 8 0 
52 0 0 2 00a0 ffffffff 1 R4 LDG.E.64 1 R4 8 1 0x7f3354d2b800 8 0 
87 0 0 4 00a0 ffffffff 1 R4 LDG.E.64 1 R4 8 1 0x7f3354d71a00 8 0 
43 0 0 4 00a0 ffffffff 1 R4 LDG.E.64 1 R4 8 1 0x7f3354d19a00 8 0 
48 0 0 14 00a0 ffffffff 1 R4 LDG.E.64 1 R4 8 1 0x7f3354d24400 8 0 
16 0 0 0 00a0 ffffffff 1 R4 LDG.E.64 1 R4 8 1 0x7f3354ce3600 8 0 
59 0 0 6 00a0 ffffffff 1 R4 LDG.E.64 1 R4 8 1 0x7f3354d39c00 8 0 
51 0 0 29 00a0 ffffffff 1 R4 LDG.E.64 1 R4 8 1 0x7f3354d2b300 8 0 
24 0 0 23 00a0 ffffffff 1 R4 LDG.E.64 1 R4 8 1 0x7f3354cf4d00 8 0 
83 0 0 25 00a0 ffffffff 1 R4 LDG.E.64 1 R4 8 1 0x7f3354d6af00 8 0 
30 0 0 30 00a0 ffffffff 1 R4 LDG.E.64 1 R4 8 1 0x7f3354d01400 8 0 
1 0 0 15 00a0 ffffffff 1 R4 LDG.E.64 1 R4 8 1 0x7f3354cc6500 8 0 
13 0 0 26 00a0 ffffffff 1 R4 LDG.E.64 1 R4 8 1 0x7f3354cdf000 8 0 
44 0 0 3 00a0 ffffffff 1 R4 LDG.E.64 1 R4 8 1 0x7f3354d1b900 8 0 
66 0 0 11 00a0 ffffffff 1 R4 LDG.E.64 1 R4 8 1 0x7f3354d48100 8 0 
82 0 0 22 00a0 ffffffff 1 R4 LDG.E.64 1 R4 8 1 0x7f3354d68c00 8 0 
29 0 0 25 00a0 ffffffff 1 R4 LDG.E.64 1 R4 8 1 0x7f3354cfef00 8 0 
55 0 0 31 00a0 ffffffff 1 R4 LDG.E.64 1 R4 8 1 0x7f3354d33500 8 0 
8 0 0 31 00a0 ffffffff 1 R4 LDG.E.64 1 R4 8 1 0x7f3354cd5500 8 0 
5 0 0 15 00a0 ffffffff 1 R4 LDG.E.64 1 R4 8 1 0x7f3354cce500 8 0 
14 0 0 26 00a0 ffffffff 1 R4 LDG.E.64 1 R4 8 1 0x7f3354ce1000 8 0 
58 0 0 7 00a0 ffffffff 1 R4 LDG.E.64 1 R4 8 1 0x7f3354d37d00 8 0 
28 0 0 7 00a0 ffffffff 1 R4 LDG.E.64 1 R4 8 1 0x7f3354cfbd00 8 0 
75 0 0 30 00a0 ffffffff 1 R4 LDG.E.64 1 R4 8 1 0x7f3354d5b400 8 0 
17 0 0 16 00a0 ffffffff 1 R4 LDG.E.64 1 R4 8 1 0x7f3354ce6600 8 0 
9 0 0 20 00a0 ffffffff 1 R4 LDG.E.64 1 R4 8 1 0x7f3354cd6a00 8 0 
34 0 0 12 00a0 ffffffff 1 R4 LDG.E.64 1 R4 8 1 0x7f3354d08200 8 0 
56 0 0 29 00a0 ffffffff 1 R4 LDG.E.64 1 R4 8 1 0x7f3354d35300 8 0 
87 0 0 6 00a0 ffffffff 1 R4 LDG.E.64 1 R4 8 1 0x7f3354d71c00 8 0 
81 0 0 25 00a0 ffffffff 1 R4 LDG.E.64 1 R4 8 1 0x7f3354d66f00 8 0 
37 0 0 8 00a0 ffffffff 1 R4 LDG.E.64 1 R4 8 1 0x7f3354d0de00 8 0 
6 0 0 11 00a0 ffffffff 1 R4 LDG.E.64 1 R4 8 1 0x7f3354cd0100 8 0 
30 0 0 19 00a0 ffffffff 1 R4 LDG.E.64 1 R4 8 1 0x7f3354d00900 8 0 
21 0 0 28 00a0 ffffffff 1 R4 LDG.E.64 1 R4 8 1 0x7f3354cef200 8 0 
1 0 0 11 00a0 ffffffff 1 R4 LDG.E.64 1 R4 8 1 0x7f3354cc6100 8 0 
78 0 0 31 00a0 ffffffff 1 R4 LDG.E.64 1 R4 8 1 0x7f3354d61500 8 0 
82 0 0 31 00a0 ffffffff 1 R4 LDG.E.64 1 R4 8 1 0x7f3354d69500 8 0 
41 0 0 5 00a0 ffffffff 1 R4 LDG.E.64 1 R4 8 1 0x7f3354d15b00 8 0 
29 0 0 28 00a0 ffffffff 1 R4 LDG.E.64 1 R4 8 1 0x7f3354cff200 8 0 
94 0 0 22 00a0 ffffffff 1 R4 LDG.E.64 1 R4 8 1 0x7f3354d80c00 8 0 
58 0 0 12 00a0 ffffffff 1 R4 LDG.E.64 1 R4 8 1 0x7f3354d38200 8 0 
17 0 0 23 00a0 ffffffff 1 R4 LDG.E.64 1 R4 8 1 0x7f3354ce6d00 8 0 
89 0 0 6 00a0 ffffffff 1 R4 LDG.E.64 1 R4 8 1 0x7f3354d75c00 8 0 
66 0 0 9 00a0 ffffffff 1 R4 LDG.E.64 1 R4 8 1 0x7f3354d47f00 8 0 
18 0 0 31 00a0 ffffffff 1 R4 LDG.E.64 1 R4 8 1 0x7f3354ce9500 8 0 
81 0 0 24 00a0 ffffffff 1 R4 LDG.E.64 1 R4 8 1 0x7f3354d66e00 8 0 
13 0 0 20 00a0 ffffffff 1 R4 LDG.E.64 1 R4 8 1 0x7f3354cdea00 8 0 
14 0 0 20 00a0 ffffffff 1 R4 LDG.E.64 1 R4 8 1 0x7f3354ce0a00 8 0 
82 0 0 20 00a0 ffffffff 1 R4 LDG.E.64 1 R4 8 1 0x7f3354d68a00 8 0 
1 0 0 18 00a0 ffffffff 1 R4 LDG.E.64 1 R4 8 1 0x7f3354cc6800 8 0 
5 0 0 2 00a0 ffffffff 1 R4 LDG.E.64 1 R4 8 1 0x7f3354ccd800 8 0 
34 0 0 22 00a0 ffffffff 1 R4 LDG.E.64 1 R4 8 1 0x7f3354d08c00 8 0 
58 0 0 6 00a0 ffffffff 1 R4 LDG.E.64 1 R4 8 1 0x7f3354d37c00 8 0 
29 0 0 27 00a0 ffffffff 1 R4 LDG.E.64 1 R4 8 1 0x7f3354cff100 8 0 
9 0 0 29 00a0 ffffffff 1 R4 LDG.E.64 1 R4 8 1 0x7f3354cd7300 8 0 
6 0 0 12 00a0 ffffffff 1 R4 LDG.E.64 1 R4 8 1 0x7f3354cd0200 8 0 
18 0 0 25 00a0 ffffffff 1 R4 LDG.E.64 1 R4 8 1 0x7f3354ce8f00 8 0 
37 0 0 9 00a0 ffffffff 1 R4 LDG.E.64 1 R4 8 1 0x7f3354d0df00 8 0 
17 0 0 18 00a0 ffffffff 1 R4 LDG.E.64 1 R4 8 1 0x7f3354ce6800 8 0 
78 0 0 24 00a0 ffffffff 1 R4 LDG.E.64 1 R4 8 1 0x7f3354d60e00 8 0 
30 0 0 24 00a0 ffffffff 1 R4 LDG.E.64 1 R4 8 1 0x7f3354d00e00 8 0 
81 0 0 23 00a0 ffffffff 1 R4 LDG.E.64 1 R4 8 1 0x7f3354d66d00 8 0 
21 0 0 30 00a0 ffffffff 1 R4 LDG.E.64 1 R4 8 1 0x7f3354cef400 8 0 
94 0 0 24 00a0 ffffffff 1 R4 LDG.E.64 1 R4 8 1 0x7f3354d80e00 8 0 
82 0 0 25 00a0 ffffffff 1 R4 LDG.E.64 1 R4 8 1 0x7f3354d68f00 8 0 
1 0 0 13 00a0 ffffffff 1 R4 LDG.E.64 1 R4 8 1 0x7f3354cc6300 8 0 
41 0 0 0 00a0 ffffffff 1 R4 LDG.E.64 1 R4 8 1 0x7f3354d15600 8 0 
66 0 0 12 00a0 ffffffff 1 R4 LDG.E.64 1 R4 8 1 0x7f3354d48200 8 0 
29 0 0 21 00a0 ffffffff 1 R4 LDG.E.64 1 R4 8 1 0x7f3354cfeb00 8 0 
18 0 0 24 00a0 ffffffff 1 R4 LDG.E.64 1 R4 8 1 0x7f3354ce8e00 8 0 
89 0 0 9 00a0 ffffffff 1 R4 LDG.E.64 1 R4 8 1 0x7f3354d75f00 8 0 
14 0 0 25 00a0 ffffffff 1 R4 LDG.E.64 1 R4 8 1 0x7f3354ce0f00 8 0 
17 0 0 14 00a0 ffffffff 1 R4 LDG.E.64 1 R4 8 1 0x7f3354ce6400 8 0 
30 0 0 16 00a0 ffffffff 1 R4 LDG.E.64 1 R4 8 1 0x7f3354d00600 8 0 
13 0 0 22 00a0 ffffffff 1 R4 LDG.E.64 1 R4 8 1 0x7f3354cdec00 8 0 
59 0 0 15 00a0 ffffffff 1 R4 LDG.E.64 1 R4 8 1 0x7f3354d3a500 8 0 
34 0 0 21 00a0 ffffffff 1 R4 LDG.E.64 1 R4 8 1 0x7f3354d08b00 8 0 
81 0 0 21 00a0 ffffffff 1 R4 LDG.E.64 1 R4 8 1 0x7f3354d66b00 8 0 
82 0 0 18 00a0 ffffffff 1 R4 LDG.E.64 1 R4 8 1 0x7f3354d68800 8 0 
72 0 0 30 00a0 ffffffff 1 R4 LDG.E.64 1 R4 8 1 0x7f3354d55400 8 0 
83 0 0 18 00a0 ffffffff 1 R4 LDG.E.64 1 R4 8 1 0x7f3354d6a800 8 0 
5 0 0 30 00a0 ffffffff 1 R4 LDG.E.64 1 R4 8 1 0x7f3354ccf400 8 0 
6 0 0 14 00a0 ffffffff 1 R4 LDG.E.64 1 R4 8 1 0x7f3354cd0400 8 0 
1 0 0 7 00a0 ffffffff 1 R4 LDG.E.64 1 R4 8 1 0x7f3354cc5d00 8 0 
24 0 0 26 00a0 ffffffff 1 R4 LDG.E.64 1 R4 8 1 0x7f3354cf5000 8 0 
58 0 0 3 00a0 ffffffff 1 R4 LDG.E.64 1 R4 8 1 0x7f3354d37900 8 0 
9 0 0 18 00a0 ffffffff 1 R4 LDG.E.64 1 R4 8 1 0x7f3354cd6800 8 0 
78 0 0 16 00a0 ffffffff 1 R4 LDG.E.64 1 R4 8 1 0x7f3354d60600 8 0 
18 0 0 21 00a0 ffffffff 1 R4 LDG.E.64 1 R4 8 1 0x7f3354ce8b00 8 0 
37 0 0 4 00a0 ffffffff 1 R4 LDG.E.64 1 R4 8 1 0x7f3354d0da00 8 0 
17 0 0 19 00a0 ffffffff 1 R4 LDG.E.64 1 R4 8 1 0x7f3354ce6900 8 0 
94 0 0 20 00a0 ffffffff 1 R4 LDG.E.64 1 R4 8 1 0x7f3354d80a00 8 0 
30 0 0 26 00a0 ffffffff 1 R4 LDG.E.64 1 R4 8 1 0x7f3354d01000 8 0 
21 0 0 24 00a0 ffffffff 1 R4 LDG.E.64 1 R4 8 1 0x7f3354ceee00 8 0 
81 0 0 17 00a0 ffffffff 1 R4 LDG.E.64 1 R4 8 1 0x7f3354d66700 8 0 
66 0 0 5 00a0 ffffffff 1 R4 LDG.E.64 1 R4 8 1 0x7f3354d47b00 8 0 
82 0 0 9 00a0 ffffffff 1 R4 LDG.E.64 1 R4 8 1 0x7f3354d67f00 8 0 
97 0 0 10 00a0 ffffffff 1 R4 LDG.E.64 1 R4 8 1 0x7f3354d86000 8 0 
1 0 0 14 00a0 ffffffff 1 R4 LDG.E.64 1 R4 8 1 0x7f3354cc6400 8 0 
14 0 0 18 00a0 ffffffff 1 R4 LDG.E.64 1 R4 8 1 0x7f3354ce0800 8 0 
58 0 0 8 00a0 ffffffff 1 R4 LDG.E.64 1 R4 8 1 0x7f3354d37e00 8 0 
89 0 0 15 00a0 ffffffff 1 R4 LDG.E.64 1 R4 8 1 0x7f3354d76500 8 0 
29 0 0 23 00a0 ffffffff 1 R4 LDG.E.64 1 R4 8 1 0x7f3354cfed00 8 0 
34 0 0 15 00a0 ffffffff 1 R4 LDG.E.64 1 R4 8 1 0x7f3354d08500 8 0 
13 0 0 12 00a0 ffffffff 1 R4 LDG.E.64 1 R4 8 1 0x7f3354cde200 8 0 
30 0 0 25 00a0 ffffffff 1 R4 LDG.E.64 1 R4 8 1 0x7f3354d00f00 8 0 
17 0 0 9 00a0 ffffffff 1 R4 LDG.E.64 1 R4 8 1 0x7f3354ce5f00 8 0 
6 0 0 0 00a0 ffffffff 1 R4 LDG.E.64 1 R4 8 1 0x7f3354ccf600 8 0 
5 0 0 7 00a0 ffffffff 1 R4 LDG.E.64 1 R4 8 1 0x7f3354ccdd00 8 0 
81 0 0 22 00a0 ffffffff 1 R4 LDG.E.64 1 R4 8 1 0x7f3354d66c00 8 0 
78 0 0 27 00a0 ffffffff 1 R4 LDG.E.64 1 R4 8 1 0x7f3354d61100 8 0 
82 0 0 8 00a0 ffffffff 1 R4 LDG.E.64 1 R4 8 1 0x7f3354d67e00 8 0 
9 0 0 16 00a0 ffffffff 1 R4 LDG.E.64 1 R4 8 1 0x7f3354cd6600 8 0 
1 0 0 12 00a0 ffffffff 1 R4 LDG.E.64 1 R4 8 1 0x7f3354cc6200 8 0 
94 0 0 29 00a0 ffffffff 1 R4 LDG.E.64 1 R4 8 1 0x7f3354d81300 8 0 
58 0 0 2 00a0 ffffffff 1 R4 LDG.E.64 1 R4 8 1 0x7f3354d37800 8 0 
37 0 0 0 00a0 ffffffff 1 R4 LDG.E.64 1 R4 8 1 0x7f3354d0d600 8 0 
18 0 0 26 00a0 ffffffff 1 R4 LDG.E.64 1 R4 8 1 0x7f3354ce9000 8 0 
29 0 0 22 00a0 ffffffff 1 R4 LDG.E.64 1 R4 8 1 0x7f3354cfec00 8 0 
66 0 0 8 00a0 ffffffff 1 R4 LDG.E.64 1 R4 8 1 0x7f3354d47e00 8 0 
21 0 0 26 00a0 ffffffff 1 R4 LDG.E.64 1 R4 8 1 0x7f3354cef000 8 0 
82 0 0 14 00a0 ffffffff 1 R4 LDG.E.64 1 R4 8 1 0x7f3354d68400 8 0 
17 0 0 10 00a0 ffffffff 1 R4 LDG.E.64 1 R4 8 1 0x7f3354ce6000 8 0 
14 0 0 21 00a0 ffffffff 1 R4 LDG.E.64 1 R4 8 1 0x7f3354ce0b00 8 0 
41 0 0 1 00a0 ffffffff 1 R4 LDG.E.64 1 R4 8 1 0x7f3354d15700 8 0 
58 0 0 4 00a0 ffffffff 1 R4 LDG.E.64 1 R4 8 1 0x7f3354d37a00 8 0 
81 0 0 5 00a0 ffffffff 1 R4 LDG.E.64 1 R4 8 1 0x7f3354d65b00 8 0 
34 0 0 17 00a0 ffffffff 1 R4 LDG.E.64 1 R4 8 1 0x7f3354d08700 8 0 
89 0 0 11 00a0 ffffffff 1 R4 LDG.E.64 1 R4 8 1 0x7f3354d76100 8 0 
18 0 0 23 00a0 ffffffff 1 R4 LDG.E.64 1 R4 8 1 0x7f3354ce8d00 8 0 
6 0 0 31 00a0 ffffffff 1 R4 LDG.E.64 1 R4 8 1 0x7f3354cd1500 8 0 
13 0 0 25 00a0 ffffffff 1 R4 LDG.E.64 1 R4 8 1 0x7f3354cdef00 8 0 
30 0 0 23 00a0 ffffffff 1 R4 LDG.E.64 1 R4 8 1 0x7f3354d00d00 8 0 
29 0 0 24 00a0 ffffffff 1 R4 LDG.E.64 1 R4 8 1 0x7f3354cfee00 8 0 
78 0 0 15 00a0 ffffffff 1 R4 LDG.E.64 1 R4 8 1 0x7f3354d60500 8 0 
5 0 0 5 00a0 ffffffff 1 R4 LDG.E.64 1 R4 8 1 0x7f3354ccdb00 8 0 
82 0 0 19 00a0 ffffffff 1 R4 LDG.E.64 1 R4 8 1 0x7f3354d68900 8 0 
17 0 0 4 00a0 ffffffff 1 R4 LDG.E.64 1 R4 8 1 0x7f3354ce5a00 8 0 
94 0 0 25 00a0 ffffffff 1 R4 LDG.E.64 1 R4 8 1 0x7f3354d80f00 8 0 
9 0 0 11 00a0 ffffffff 1 R4 LDG.E.64 1 R4 8 1 0x7f3354cd6100 8 0 
2 0 0 25 00a0 ffffffff 1 R4 LDG.E.64 1 R4 8 1 0x7f3354cc8f00 8 0 
81 0 0 18 00a0 ffffffff 1 R4 LDG.E.64 1 R4 8 1 0x7f3354d66800 8 0 
66 0 0 4 00a0 ffffffff 1 R4 LDG.E.64 1 R4 8 1 0x7f3354d47a00 8 0 
37 0 0 7 00a0 ffffffff 1 R4 LDG.E.64 1 R4 8 1 0x7f3354d0dd00 8 0 
1 0 0 8 00a0 ffffffff 1 R4 LDG.E.64 1 R4 8 1 0x7f3354cc5e00 8 0 
14 0 0 16 00a0 ffffffff 1 R4 LDG.E.64 1 R4 8 1 0x7f3354ce0600 8 0 
30 0 0 22 00a0 ffffffff 1 R4 LDG.E.64 1 R4 8 1 0x7f3354d00c00 8 0 
21 0 0 20 00a0 ffffffff 1 R4 LDG.E.64 1 R4 8 1 0x7f3354ceea00 8 0 
34 0 0 18 00a0 ffffffff 1 R4 LDG.E.64 1 R4 8 1 0x7f3354d08800 8 0 
82 0 0 4 00a0 ffffffff 1 R4 LDG.E.64 1 R4 8 1 0x7f3354d67a00 8 0 
17 0 0 15 00a0 ffffffff 1 R4 LDG.E.64 1 R4 8 1 0x7f3354ce6500 8 0 
43 0 0 18 00a0 ffffffff 1 R4 LDG.E.64 1 R4 8 1 0x7f3354d1a800 8 0 
48 0 0 1 00a0 ffffffff 1 R4 LDG.E.64 1 R4 8 1 0x7f3354d23700 8 0 
44 0 0 9 00a0 ffffffff 1 R4 LDG.E.64 1 R4 8 1 0x7f3354d1bf00 8 0 
97 0 0 14 00a0 ffffffff 1 R4 LDG.E.64 1 R4 8 1 0x7f3354d86400 8 0 
6 0 0 10 00a0 ffffffff 1 R4 LDG.E.64 1 R4 8 1 0x7f3354cd0000 8 0 
2 0 0 24 00a0 ffffffff 1 R4 LDG.E.64 1 R4 8 1 0x7f3354cc8e00 8 0 
75 0 0 19 00a0 ffffffff 1 R4 LDG.E.64 1 R4 8 1 0x7f3354d5a900 8 0 
51 0 0 11 00a0 ffffffff 1 R4 LDG.E.64 1 R4 8 1 0x7f3354d2a100 8 0 
12 0 0 12 00a0 ffffffff 1 R4 LDG.E.64 1 R4 8 1 0x7f3354cdc200 8 0 
81 0 0 14 00a0 ffffffff 1 R4 LDG.E.64 1 R4 8 1 0x7f3354d66400 8 0 
89 0 0 5 00a0 ffffffff 1 R4 LDG.E.64 1 R4 8 1 0x7f3354d75b00 8 0 
78 0 0 23 00a0 ffffffff 1 R4 LDG.E.64 1 R4 8 1 0x7f3354d60d00 8 0 
28 0 0 18 00a0 ffffffff 1 R4 LDG.E.64 1 R4 8 1 0x7f3354cfc800 8 0 
87 0 0 0 00a0 ffffffff 1 R4 LDG.E.64 1 R4 8 1 0x7f3354d71600 8 0 
79 0 0 27 00a0 ffffffff 1 R4 LDG.E.64 1 R4 8 1 0x7f3354d63100 8 0 
18 0 0 19 00a0 ffffffff 1 R4 LDG.E.64 1 R4 8 1 0x7f3354ce8900 8 0 
13 0 0 27 00a0 ffffffff 1 R4 LDG.E.64 1 R4 8 1 0x7f3354cdf100 8 0 
1 0 0 10 00a0 ffffffff 1 R4 LDG.E.64 1 R4 8 1 0x7f3354cc6000 8 0 
56 0 0 0 00a0 ffffffff 1 R4 LDG.E.64 1 R4 8 1 0x7f3354d33600 8 0 
59 0 0 4 00a0 ffffffff 1 R4 LDG.E.64 1 R4 8 1 0x7f3354d39a00 8 0 
94 0 0 21 00a0 ffffffff 1 R4 LDG.E.64 1 R4 8 1 0x7f3354d80b00 8 0 
30 0 0 12 00a0 ffffffff 1 R4 LDG.E.64 1 R4 8 1 0x7f3354d00200 8 0 
5 0 0 12 00a0 ffffffff 1 R4 LDG.E.64 1 R4 8 1 0x7f3354cce200 8 0 
72 0 0 27 00a0 ffffffff 1 R4 LDG.E.64 1 R4 8 1 0x7f3354d55100 8 0 
29 0 0 18 00a0 ffffffff 1 R4 LDG.E.64 1 R4 8 1 0x7f3354cfe800 8 0 
66 0 0 1 00a0 ffffffff 1 R4 LDG.E.64 1 R4 8 1 0x7f3354d47700 8 0 
82 0 0 1 00a0 ffffffff 1 R4 LDG.E.64 1 R4 8 1 0x7f3354d67700 8 0 
83 0 0 21 00a0 ffffffff 1 R4 LDG.E.64 1 R4 8 1 0x7f3354d6ab00 8 0 
63 0 0 9 00a0 ffffffff 1 R4 LDG.E.64 1 R4 8 1 0x7f3354d41f00 8 0 
9 0 0 10 00a0 ffffffff 1 R4 LDG.E.64 1 R4 8 1 0x7f3354cd6000 8 0 
14 0 0 10 00a0 ffffffff 1 R4 LDG.E.64 1 R4 8 1 0x7f3354ce0000 8 0 
24 0 0 20 00a0 ffffffff 1 R4 LDG.E.64 1 R4 8 1 0x7f3354cf4a00 8 0 
75 0 0 21 00a0 ffffffff 1 R4 LDG.E.64 1 R4 8 1 0x7f3354d5ab00 8 0 
2 0 0 12 00a0 ffffffff 1 R4 LDG.E.64 1 R4 8 1 0x7f3354cc8200 8 0 
81 0 0 31 00a0 ffffffff 1 R4 LDG.E.64 1 R4 8 1 0x7f3354d67500 8 0 
34 0 0 19 00a0 ffffffff 1 R4 LDG.E.64 1 R4 8 1 0x7f3354d08900 8 0 
18 0 0 22 00a0 ffffffff 1 R4 LDG.E.64 1 R4 8 1 0x7f3354ce8c00 8 0 
37 0 0 5 00a0 ffffffff 1 R4 LDG.E.64 1 R4 8 1 0x7f3354d0db00 8 0 
1 0 0 9 00a0 ffffffff 1 R4 LDG.E.64 1 R4 8 1 0x7f3354cc5f00 8 0 
6 0 0 8 00a0 ffffffff 1 R4 LDG.E.64 1 R4 8 1 0x7f3354ccfe00 8 0 
30 0 0 18 00a0 ffffffff 1 R4 LDG.E.64 1 R4 8 1 0x7f3354d00800 8 0 
21 0 0 22 00a0 ffffffff 1 R4 LDG.E.64 1 R4 8 1 0x7f3354ceec00 8 0 
29 0 0 20 00a0 ffffffff 1 R4 LDG.E.64 1 R4 8 1 0x7f3354cfea00 8 0 
78 0 0 12 00a0 ffffffff 1 R4 LDG.E.64 1 R4 8 1 0x7f3354d60200 8 0 
82 0 0 27 00a0 ffffffff 1 R4 LDG.E.64 1 R4 8 1 0x7f3354d69100 8 0 
97 0 0 20 00a0 ffffffff 1 R4 LDG.E.64 1 R4 8 1 0x7f3354d86a00 8 0 
17 0 0 12 00a0 ffffffff 1 R4 LDG.E.64 1 R4 8 1 0x7f3354ce6200 8 0 
94 0 0 18 00a0 ffffffff 1 R4 LDG.E.64 1 R4 8 1 0x7f3354d80800 8 0 
2 0 0 29 00a0 ffffffff 1 R4 LDG.E.64 1 R4 8 1 0x7f3354cc9300 8 0 
89 0 0 7 00a0 ffffffff 1 R4 LDG.E.64 1 R4 8 1 0x7f3354d75d00 8 0 
81 0 0 13 00a0 ffffffff 1 R4 LDG.E.64 1 R4 8 1 0x7f3354d66300 8 0 
13 0 0 23 00a0 ffffffff 1 R4 LDG.E.64 1 R4 8 1 0x7f3354cded00 8 0 
66 0 0 7 00a0 ffffffff 1 R4 LDG.E.64 1 R4 8 1 0x7f3354d47d00 8 0 
18 0 0 16 00a0 ffffffff 1 R4 LDG.E.64 1 R4 8 1 0x7f3354ce8600 8 0 
1 0 0 4 00a0 ffffffff 1 R4 LDG.E.64 1 R4 8 1 0x7f3354cc5a00 8 0 
5 0 0 1 00a0 ffffffff 1 R4 LDG.E.64 1 R4 8 1 0x7f3354ccd700 8 0 
14 0 0 23 00a0 ffffffff 1 R4 LDG.E.64 1 R4 8 1 0x7f3354ce0d00 8 0 
29 0 0 17 00a0 ffffffff 1 R4 LDG.E.64 1 R4 8 1 0x7f3354cfe700 8 0 
9 0 0 17 00a0 ffffffff 1 R4 LDG.E.64 1 R4 8 1 0x7f3354cd6700 8 0 
34 0 0 8 00a0 ffffffff 1 R4 LDG.E.64 1 R4 8 1 0x7f3354d07e00 8 0 
82 0 0 21 00a0 ffffffff 1 R4 LDG.E.64 1 R4 8 1 0x7f3354d68b00 8 0 
81 0 0 19 00a0 ffffffff 1 R4 LDG.E.64 1 R4 8 1 0x7f3354d66900 8 0 
37 0 0 10 00a0 ffffffff 1 R4 LDG.E.64 1 R4 8 1 0x7f3354d0e000 8 0 
6 0 0 9 00a0 ffffffff 1 R4 LDG.E.64 1 R4 8 1 0x7f3354ccff00 8 0 
2 0 0 20 00a0 ffffffff 1 R4 LDG.E.64 1 R4 8 1 0x7f3354cc8a00 8 0 
1 0 0 3 00a0 ffffffff 1 R4 LDG.E.64 1 R4 8 1 0x7f3354cc5900 8 0 
21 0 0 16 00a0 ffffffff 1 R4 LDG.E.64 1 R4 8 1 0x7f3354cee600 8 0 
78 0 0 13 00a0 ffffffff 1 R4 LDG.E.64 1 R4 8 1 0x7f3354d60300 8 0 
18 0 0 18 00a0 ffffffff 1 R4 LDG.E.64 1 R4 8 1 0x7f3354ce8800 8 0 
29 0 0 10 00a0 ffffffff 1 R4 LDG.E.64 1 R4 8 1 0x7f3354cfe000 8 0 
97 0 0 6 00a0 ffffffff 1 R4 LDG.E.64 1 R4 8 1 0x7f3354d85c00 8 0 
94 0 0 23 00a0 ffffffff 1 R4 LDG.E.64 1 R4 8 1 0x7f3354d80d00 8 0 
30 0 0 9 00a0 ffffffff 1 R4 LDG.E.64 1 R4 8 1 0x7f3354cfff00 8 0 
17 0 0 8 00a0 ffffffff 1 R4 LDG.E.64 1 R4 8 1 0x7f3354ce5e00 8 0 
89 0 0 1 00a0 ffffffff 1 R4 LDG.E.64 1 R4 8 1 0x7f3354d75700 8 0 
66 0 0 0 00a0 ffffffff 1 R4 LDG.E.64 1 R4 8 1 0x7f3354d47600 8 0 
82 0 0 15 00a0 ffffffff 1 R4 LDG.E.64 1 R4 8 1 0x7f3354d68500 8 0 
81 0 0 20 00a0 ffffffff 1 R4 LDG.E.64 1 R4 8 1 0x7f3354d66a00 8 0 
13 0 0 16 00a0 ffffffff 1 R4 LDG.E.64 1 R4 8 1 0x7f3354cde600 8 0 
14 0 0 19 00a0 ffffffff 1 R4 LDG.E.64 1 R4 8 1 0x7f3354ce0900 8 0 
18 0 0 17 00a0 ffffffff 1 R4 LDG.E.64 1 R4 8 1 0x7f3354ce8700 8 0 
1 0 0 6 00a0 ffffffff 1 R4 LDG.E.64 1 R4 8 1 0x7f3354cc5c00 8 0 
5 0 0 0 00a0 ffffffff 1 R4 LDG.E.64 1 R4 8 1 0x7f3354ccd600 8 0 
34 0 0 14 00a0 ffffffff 1 R4 LDG.E.64 1 R4 8 1 0x7f3354d08400 8 0 
82 0 0 16 00a0 ffffffff 1 R4 LDG.E.64 1 R4 8 1 0x7f3354d68600 8 0 
29 0 0 15 00a0 ffffffff 1 R4 LDG.E.64 1 R4 8 1 0x7f3354cfe500 8 0 
9 0 0 7 00a0 ffffffff 1 R4 LDG.E.64 1 R4 8 1 0x7f3354cd5d00 8 0 
6 0 0 7 00a0 ffffffff 1 R4 LDG.E.64 1 R4 8 1 0x7f3354ccfd00 8 0 
18 0 0 12 00a0 ffffffff 1 R4 LDG.E.64 1 R4 8 1 0x7f3354ce8200 8 0 
17 0 0 5 00a0 ffffffff 1 R4 LDG.E.64 1 R4 8 1 0x7f3354ce5b00 8 0 
37 0 0 1 00a0 ffffffff 1 R4 LDG.E.64 1 R4 8 1 0x7f3354d0d700 8 0 
78 0 0 9 00a0 ffffffff 1 R4 LDG.E.64 1 R4 8 1 0x7f3354d5ff00 8 0 
81 0 0 10 00a0 ffffffff 1 R4 LDG.E.64 1 R4 8 1 0x7f3354d66000 8 0 
21 0 0 27 00a0 ffffffff 1 R4 LDG.E.64 1 R4 8 1 0x7f3354cef100 8 0 
94 0 0 19 00a0 ffffffff 1 R4 LDG.E.64 1 R4 8 1 0x7f3354d80900 8 0 
29 0 0 16 00a0 ffffffff 1 R4 LDG.E.64 1 R4 8 1 0x7f3354cfe600 8 0 
97 0 0 19 00a0 ffffffff 1 R4 LDG.E.64 1 R4 8 1 0x7f3354d86900 8 0 
87 0 0 2 00a0 ffffffff 1 R4 LDG.E.64 1 R4 8 1 0x7f3354d71800 8 0 
36 0 0 23 00a0 ffffffff 1 R4 LDG.E.64 1 R4 8 1 0x7f3354d0cd00 8 0 
10 0 0 31 00a0 ffffffff 1 R4 LDG.E.64 1 R4 8 1 0x7f3354cd9500 8 0 
81 0 0 15 00a0 ffffffff 1 R4 LDG.E.64 1 R4 8 1 0x7f3354d66500 8 0 
28 0 0 12 00a0 ffffffff 1 R4 LDG.E.64 1 R4 8 1 0x7f3354cfc200 8 0 
59 0 0 28 00a0 ffffffff 1 R4 LDG.E.64 1 R4 8 1 0x7f3354d3b200 8 0 
11 0 0 19 00a0 ffffffff 1 R4 LDG.E.64 1 R4 8 1 0x7f3354cda900 8 0 
89 0 0 0 00a0 ffffffff 1 R4 LDG.E.64 1 R4 8 1 0x7f3354d75600 8 0 
14 0 0 6 00a0 ffffffff 1 R4 LDG.E.64 1 R4 8 1 0x7f3354cdfc00 8 0 
56 0 0 30 00a0 ffffffff 1 R4 LDG.E.64 1 R4 8 1 0x7f3354d35400 8 0 
83 0 0 19 00a0 ffffffff 1 R4 LDG.E.64 1 R4 8 1 0x7f3354d6a900 8 0 
13 0 0 18 00a0 ffffffff 1 R4 LDG.E.64 1 R4 8 1 0x7f3354cde800 8 0 
29 0 0 6 00a0 ffffffff 1 R4 LDG.E.64 1 R4 8 1 0x7f3354cfdc00 8 0 
34 0 0 4 00a0 ffffffff 1 R4 LDG.E.64 1 R4 8 1 0x7f3354d07a00 8 0 
43 0 0 31 00a0 ffffffff 1 R4 LDG.E.64 1 R4 8 1 0x7f3354d1b500 8 0 
48 0 0 3 00a0 ffffffff 1 R4 LDG.E.64 1 R4 8 1 0x7f3354d23900 8 0 
72 0 0 25 00a0 ffffffff 1 R4 LDG.E.64 1 R4 8 1 0x7f3354d54f00 8 0 
61 0 0 30 00a0 ffffffff 1 R4 LDG.E.64 1 R4 8 1 0x7f3354d3f400 8 0 
81 0 0 6 00a0 ffffffff 1 R4 LDG.E.64 1 R4 8 1 0x7f3354d65c00 8 0 
75 0 0 18 00a0 ffffffff 1 R4 LDG.E.64 1 R4 8 1 0x7f3354d5a800 8 0 
51 0 0 18 00a0 ffffffff 1 R4 LDG.E.64 1 R4 8 1 0x7f3354d2a800 8 0 
6 0 0 6 00a0 ffffffff 1 R4 LDG.E.64 1 R4 8 1 0x7f3354ccfc00 8 0 
9 0 0 8 00a0 ffffffff 1 R4 LDG.E.64 1 R4 8 1 0x7f3354cd5e00 8 0 
24 0 0 22 00a0 ffffffff 1 R4 LDG.E.64 1 R4 8 1 0x7f3354cf4c00 8 0 
87 0 0 7 00a0 ffffffff 1 R4 LDG.E.64 1 R4 8 1 0x7f3354d71d00 8 0 
78 0 0 19 00a0 ffffffff 1 R4 LDG.E.64 1 R4 8 1 0x7f3354d60900 8 0 
84 0 0 29 00a0 ffffffff 1 R4 LDG.E.64 1 R4 8 1 0x7f3354d6d300 8 0 
59 0 0 11 00a0 ffffffff 1 R4 LDG.E.64 1 R4 8 1 0x7f3354d3a100 8 0 
37 0 0 3 00a0 ffffffff 1 R4 LDG.E.64 1 R4 8 1 0x7f3354d0d900 8 0 
94 0 0 11 00a0 ffffffff 1 R4 LDG.E.64 1 R4 8 1 0x7f3354d80100 8 0 
56 0 0 28 00a0 ffffffff 1 R4 LDG.E.64 1 R4 8 1 0x7f3354d35200 8 0 
21 0 0 21 00a0 ffffffff 1 R4 LDG.E.64 1 R4 8 1 0x7f3354ceeb00 8 0 
83 0 0 17 00a0 ffffffff 1 R4 LDG.E.64 1 R4 8 1 0x7f3354d6a700 8 0 
66 0 0 3 00a0 ffffffff 1 R4 LDG.E.64 1 R4 8 1 0x7f3354d47900 8 0 
72 0 0 24 00a0 ffffffff 1 R4 LDG.E.64 1 R4 8 1 0x7f3354d54e00 8 0 
75 0 0 26 00a0 ffffffff 1 R4 LDG.E.64 1 R4 8 1 0x7f3354d5b000 8 0 
39 0 0 15 00a0 ffffffff 1 R4 LDG.E.64 1 R4 8 1 0x7f3354d12500 8 0 
24 0 0 21 00a0 ffffffff 1 R4 LDG.E.64 1 R4 8 1 0x7f3354cf4b00 8 0 
87 0 0 5 00a0 ffffffff 1 R4 LDG.E.64 1 R4 8 1 0x7f3354d71b00 8 0 
97 0 0 12 00a0 ffffffff 1 R4 LDG.E.64 1 R4 8 1 0x7f3354d86200 8 0 
15 0 0 10 00a0 ffffffff 1 R4 LDG.E.64 1 R4 8 1 0x7f3354ce2000 8 0 
36 0 0 16 00a0 ffffffff 1 R4 LDG.E.64 1 R4 8 1 0x7f3354d0c600 8 0 
28 0 0 17 00a0 ffffffff 1 R4 LDG.E.64 1 R4 8 1 0x7f3354cfc700 8 0 
14 0 0 13 00a0 ffffffff 1 R4 LDG.E.64 1 R4 8 1 0x7f3354ce0300 8 0 
59 0 0 1 00a0 ffffffff 1 R4 LDG.E.64 1 R4 8 1 0x7f3354d39700 8 0 
89 0 0 30 00a0 ffffffff 1 R4 LDG.E.64 1 R4 8 1 0x7f3354d77400 8 0 
56 0 0 31 00a0 ffffffff 1 R4 LDG.E.64 1 R4 8 1 0x7f3354d35500 8 0 
83 0 0 15 00a0 ffffffff 1 R4 LDG.E.64 1 R4 8 1 0x7f3354d6a500 8 0 
43 0 0 1 00a0 ffffffff 1 R4 LDG.E.64 1 R4 8 1 0x7f3354d19700 8 0 
34 0 0 13 00a0 ffffffff 1 R4 LDG.E.64 1 R4 8 1 0x7f3354d08300 8 0 
48 0 0 20 00a0 ffffffff 1 R4 LDG.E.64 1 R4 8 1 0x7f3354d24a00 8 0 
72 0 0 20 00a0 ffffffff 1 R4 LDG.E.64 1 R4 8 1 0x7f3354d54a00 8 0 
75 0 0 15 00a0 ffffffff 1 R4 LDG.E.64 1 R4 8 1 0x7f3354d5a500 8 0 
13 0 0 21 00a0 ffffffff 1 R4 LDG.E.64 1 R4 8 1 0x7f3354cdeb00 8 0 
51 0 0 24 00a0 ffffffff 1 R4 LDG.E.64 1 R4 8 1 0x7f3354d2ae00 8 0 
24 0 0 16 00a0 ffffffff 1 R4 LDG.E.64 1 R4 8 1 0x7f3354cf4600 8 0 
6 0 0 4 00a0 ffffffff 1 R4 LDG.E.64 1 R4 8 1 0x7f3354ccfa00 8 0 
61 0 0 31 00a0 ffffffff 1 R4 LDG.E.64 1 R4 8 1 0x7f3354d3f500 8 0 
87 0 0 3 00a0 ffffffff 1 R4 LDG.E.64 1 R4 8 1 0x7f3354d71900 8 0 
96 0 0 18 00a0 ffffffff 1 R4 LDG.E.64 1 R4 8 1 0x7f3354d84800 8 0 
78 0 0 30 00a0 ffffffff 1 R4 LDG.E.64 1 R4 8 1 0x7f3354d61400 8 0 
28 0 0 19 00a0 ffffffff 1 R4 LDG.E.64 1 R4 8 1 0x7f3354cfc900 8 0 
59 0 0 7 00a0 ffffffff 1 R4 LDG.E.64 1 R4 8 1 0x7f3354d39d00 8 0 
56 0 0 20 00a0 ffffffff 1 R4 LDG.E.64 1 R4 8 1 0x7f3354d34a00 8 0 
83 0 0 13 00a0 ffffffff 1 R4 LDG.E.64 1 R4 8 1 0x7f3354d6a300 8 0 
9 0 0 9 00a0 ffffffff 1 R4 LDG.E.64 1 R4 8 1 0x7f3354cd5f00 8 0 
72 0 0 23 00a0 ffffffff 1 R4 LDG.E.64 1 R4 8 1 0x7f3354d54d00 8 0 
94 0 0 17 00a0 ffffffff 1 R4 LDG.E.64 1 R4 8 1 0x7f3354d80700 8 0 
75 0 0 17 00a0 ffffffff 1 R4 LDG.E.64 1 R4 8 1 0x7f3354d5a700 8 0 
37 0 0 6 00a0 ffffffff 1 R4 LDG.E.64 1 R4 8 1 0x7f3354d0dc00 8 0 
24 0 0 19 00a0 ffffffff 1 R4 LDG.E.64 1 R4 8 1 0x7f3354cf4900 8 0 
87 0 0 1 00a0 ffffffff 1 R4 LDG.E.64 1 R4 8 1 0x7f3354d71700 8 0 
15 0 0 21 00a0 ffffffff 1 R4 LDG.E.64 1 R4 8 1 0x7f3354ce2b00 8 0 
10 0 0 30 00a0 ffffffff 1 R4 LDG.E.64 1 R4 8 1 0x7f3354cd9400 8 0 
21 0 0 12 00a0 ffffffff 1 R4 LDG.E.64 1 R4 8 1 0x7f3354cee200 8 0 
36 0 0 30 00a0 ffffffff 1 R4 LDG.E.64 1 R4 8 1 0x7f3354d0d400 8 0 
28 0 0 24 00a0 ffffffff 1 R4 LDG.E.64 1 R4 8 1 0x7f3354cfce00 8 0 
59 0 0 2 00a0 ffffffff 1 R4 LDG.E.64 1 R4 8 1 0x7f3354d39800 8 0 
14 0 0 5 00a0 ffffffff 1 R4 LDG.E.64 1 R4 8 1 0x7f3354cdfb00 8 0 
56 0 0 26 00a0 ffffffff 1 R4 LDG.E.64 1 R4 8 1 0x7f3354d35000 8 0 
97 0 0 13 00a0 ffffffff 1 R4 LDG.E.64 1 R4 8 1 0x7f3354d86300 8 0 
83 0 0 20 00a0 ffffffff 1 R4 LDG.E.64 1 R4 8 1 0x7f3354d6aa00 8 0 
43 0 0 22 00a0 ffffffff 1 R4 LDG.E.64 1 R4 8 1 0x7f3354d1ac00 8 0 
48 0 0 11 00a0 ffffffff 1 R4 LDG.E.64 1 R4 8 1 0x7f3354d24100 8 0 
34 0 0 10 00a0 ffffffff 1 R4 LDG.E.64 1 R4 8 1 0x7f3354d08000 8 0 
72 0 0 19 00a0 ffffffff 1 R4 LDG.E.64 1 R4 8 1 0x7f3354d54900 8 0 
75 0 0 14 00a0 ffffffff 1 R4 LDG.E.64 1 R4 8 1 0x7f3354d5a400 8 0 
51 0 0 15 00a0 ffffffff 1 R4 LDG.E.64 1 R4 8 1 0x7f3354d2a500 8 0 
89 0 0 3 00a0 ffffffff 1 R4 LDG.E.64 1 R4 8 1 0x7f3354d75900 8 0 
24 0 0 12 00a0 ffffffff 1 R4 LDG.E.64 1 R4 8 1 0x7f3354cf4200 8 0 
31 0 0 12 00a0 ffffffff 1 R4 LDG.E.64 1 R4 8 1 0x7f3354d02200 8 0 
6 0 0 5 00a0 ffffffff 1 R4 LDG.E.64 1 R4 8 1 0x7f3354ccfb00 8 0 
13 0 0 6 00a0 ffffffff 1 R4 LDG.E.64 1 R4 8 1 0x7f3354cddc00 8 0 
28 0 0 31 00a0 ffffffff 1 R4 LDG.E.64 1 R4 8 1 0x7f3354cfd500 8 0 
78 0 0 18 00a0 ffffffff 1 R4 LDG.E.64 1 R4 8 1 0x7f3354d60800 8 0 
59 0 0 3 00a0 ffffffff 1 R4 LDG.E.64 1 R4 8 1 0x7f3354d39900 8 0 
91 0 0 6 0050 00000000 0 EXIT 0 0 0 
61 0 0 28 00a0 ffffffff 1 R4 LDG.E.64 1 R4 8 1 0x7f3354d3f200 8 0 
94 0 0 15 00a0 ffffffff 1 R4 LDG.E.64 1 R4 8 1 0x7f3354d80500 8 0 
56 0 0 16 00a0 ffffffff 1 R4 LDG.E.64 1 R4 8 1 0x7f3354d34600 8 0 
83 0 0 11 00a0 ffffffff 1 R4 LDG.E.64 1 R4 8 1 0x7f3354d6a100 8 0 
72 0 0 26 00a0 ffffffff 1 R4 LDG.E.64 1 R4 8 1 0x7f3354d55000 8 0 
75 0 0 25 00a0 ffffffff 1 R4 LDG.E.64 1 R4 8 1 0x7f3354d5af00 8 0 
9 0 0 3 00a0 ffffffff 1 R4 LDG.E.64 1 R4 8 1 0x7f3354cd5900 8 0 
24 0 0 18 00a0 ffffffff 1 R4 LDG.E.64 1 R4 8 1 0x7f3354cf4800 8 0 
10 0 0 26 00a0 ffffffff 1 R4 LDG.E.64 1 R4 8 1 0x7f3354cd9000 8 0 
31 0 0 15 00a0 ffffffff 1 R4 LDG.E.64 1 R4 8 1 0x7f3354d02500 8 0 
15 0 0 7 00a0 ffffffff 1 R4 LDG.E.64 1 R4 8 1 0x7f3354ce1d00 8 0 
28 0 0 20 00a0 ffffffff 1 R4 LDG.E.64 1 R4 8 1 0x7f3354cfca00 8 0 
37 0 0 2 00a0 ffffffff 1 R4 LDG.E.64 1 R4 8 1 0x7f3354d0d800 8 0 
59 0 0 0 00a0 ffffffff 1 R4 LDG.E.64 1 R4 8 1 0x7f3354d39600 8 0 
11 0 0 31 00a0 ffffffff 1 R4 LDG.E.64 1 R4 8 1 0x7f3354cdb500 8 0 
14 0 0 15 00a0 ffffffff 1 R4 LDG.E.64 1 R4 8 1 0x7f3354ce0500 8 0 
21 0 0 23 00a0 ffffffff 1 R4 LDG.E.64 1 R4 8 1 0x7f3354ceed00 8 0 
56 0 0 27 00a0 ffffffff 1 R4 LDG.E.64 1 R4 8 1 0x7f3354d35100 8 0 
76 0 0 27 00a0 ffffffff 1 R4 LDG.E.64 1 R4 8 1 0x7f3354d5d100 8 0 
83 0 0 7 00a0 ffffffff 1 R4 LDG.E.64 1 R4 8 1 0x7f3354d69d00 8 0 
34 0 0 9 00a0 ffffffff 1 R4 LDG.E.64 1 R4 8 1 0x7f3354d07f00 8 0 
43 0 0 21 00a0 ffffffff 1 R4 LDG.E.64 1 R4 8 1 0x7f3354d1ab00 8 0 
72 0 0 22 00a0 ffffffff 1 R4 LDG.E.64 1 R4 8 1 0x7f3354d54c00 8 0 
97 0 0 15 00a0 ffffffff 1 R4 LDG.E.64 1 R4 8 1 0x7f3354d86500 8 0 
6 0 0 2 00a0 ffffffff 1 R4 LDG.E.64 1 R4 8 1 0x7f3354ccf800 8 0 
89 0 0 18 00a0 ffffffff 1 R4 LDG.E.64 1 R4 8 1 0x7f3354d76800 8 0 
78 0 0 20 00a0 ffffffff 1 R4 LDG.E.64 1 R4 8 1 0x7f3354d60a00 8 0 
13 0 0 28 00a0 ffffffff 1 R4 LDG.E.64 1 R4 8 1 0x7f3354cdf200 8 0 
94 0 0 13 00a0 ffffffff 1 R4 LDG.E.64 1 R4 8 1 0x7f3354d80300 8 0 
61 0 0 25 00a0 ffffffff 1 R4 LDG.E.64 1 R4 8 1 0x7f3354d3ef00 8 0 
10 0 0 29 00a0 ffffffff 1 R4 LDG.E.64 1 R4 8 1 0x7f3354cd9300 8 0 
9 0 0 4 00a0 ffffffff 1 R4 LDG.E.64 1 R4 8 1 0x7f3354cd5a00 8 0 
14 0 0 2 00a0 ffffffff 1 R4 LDG.E.64 1 R4 8 1 0x7f3354cdf800 8 0 
37 0 0 28 00a0 ffffffff 1 R4 LDG.E.64 1 R4 8 1 0x7f3354d0f200 8 0 
34 0 0 11 00a0 ffffffff 1 R4 LDG.E.64 1 R4 8 1 0x7f3354d08100 8 0 
21 0 0 17 00a0 ffffffff 1 R4 LDG.E.64 1 R4 8 1 0x7f3354cee700 8 0 
6 0 0 1 00a0 ffffffff 1 R4 LDG.E.64 1 R4 8 1 0x7f3354ccf700 8 0 
97 0 0 9 00a0 ffffffff 1 R4 LDG.E.64 1 R4 8 1 0x7f3354d85f00 8 0 
78 0 0 5 00a0 ffffffff 1 R4 LDG.E.64 1 R4 8 1 0x7f3354d5fb00 8 0 
89 0 0 31 00a0 ffffffff 1 R4 LDG.E.64 1 R4 8 1 0x7f3354d77500 8 0 
94 0 0 14 00a0 ffffffff 1 R4 LDG.E.64 1 R4 8 1 0x7f3354d80400 8 0 
13 0 0 15 00a0 ffffffff 1 R4 LDG.E.64 1 R4 8 1 0x7f3354cde500 8 0 
10 0 0 24 00a0 ffffffff 1 R4 LDG.E.64 1 R4 8 1 0x7f3354cd8e00 8 0 
61 0 0 21 00a0 ffffffff 1 R4 LDG.E.64 1 R4 8 1 0x7f3354d3eb00 8 0 
14 0 0 17 00a0 ffffffff 1 R4 LDG.E.64 1 R4 8 1 0x7f3354ce0700 8 0 
9 0 0 6 00a0 ffffffff 1 R4 LDG.E.64 1 R4 8 1 0x7f3354cd5c00 8 0 
34 0 0 7 00a0 ffffffff 1 R4 LDG.E.64 1 R4 8 1 0x7f3354d07d00 8 0 
93 0 0 30 00a0 ffffffff 1 R4 LDG.E.64 1 R4 8 1 0x7f3354d7f400 8 0 
62 0 0 29 00a0 ffffffff 1 R4 LDG.E.64 1 R4 8 1 0x7f3354d41300 8 0 
21 0 0 13 00a0 ffffffff 1 R4 LDG.E.64 1 R4 8 1 0x7f3354cee300 8 0 
78 0 0 14 00a0 ffffffff 1 R4 LDG.E.64 1 R4 8 1 0x7f3354d60400 8 0 
97 0 0 5 00a0 ffffffff 1 R4 LDG.E.64 1 R4 8 1 0x7f3354d85b00 8 0 
94 0 0 16 00a0 ffffffff 1 R4 LDG.E.64 1 R4 8 1 0x7f3354d80600 8 0 
89 0 0 2 00a0 ffffffff 1 R4 LDG.E.64 1 R4 8 1 0x7f3354d75800 8 0 
10 0 0 25 00a0 ffffffff 1 R4 LDG.E.64 1 R4 8 1 0x7f3354cd8f00 8 0 
13 0 0 8 00a0 ffffffff 1 R4 LDG.E.64 1 R4 8 1 0x7f3354cdde00 8 0 
14 0 0 30 00a0 ffffffff 1 R4 LDG.E.64 1 R4 8 1 0x7f3354ce1400 8 0 
61 0 0 26 00a0 ffffffff 1 R4 LDG.E.64 1 R4 8 1 0x7f3354d3f000 8 0 
34 0 0 2 00a0 ffffffff 1 R4 LDG.E.64 1 R4 8 1 0x7f3354d07800 8 0 
9 0 0 5 00a0 ffffffff 1 R4 LDG.E.64 1 R4 8 1 0x7f3354cd5b00 8 0 
62 0 0 30 00a0 ffffffff 1 R4 LDG.E.64 1 R4 8 1 0x7f3354d41400 8 0 
93 0 0 28 00a0 ffffffff 1 R4 LDG.E.64 1 R4 8 1 0x7f3354d7f200 8 0 
78 0 0 8 00a0 ffffffff 1 R4 LDG.E.64 1 R4 8 1 0x7f3354d5fe00 8 0 
21 0 0 18 00a0 ffffffff 1 R4 LDG.E.64 1 R4 8 1 0x7f3354cee800 8 0 
94 0 0 7 00a0 ffffffff 1 R4 LDG.E.64 1 R4 8 1 0x7f3354d7fd00 8 0 
97 0 0 11 00a0 ffffffff 1 R4 LDG.E.64 1 R4 8 1 0x7f3354d86100 8 0 
10 0 0 27 00a0 ffffffff 1 R4 LDG.E.64 1 R4 8 1 0x7f3354cd9100 8 0 
33 0 0 30 00a0 ffffffff 1 R4 LDG.E.64 1 R4 8 1 0x7f3354d07400 8 0 
14 0 0 12 00a0 ffffffff 1 R4 LDG.E.64 1 R4 8 1 0x7f3354ce0200 8 0 
13 0 0 13 00a0 ffffffff 1 R4 LDG.E.64 1 R4 8 1 0x7f3354cde300 8 0 
34 0 0 28 00a0 ffffffff 1 R4 LDG.E.64 1 R4 8 1 0x7f3354d09200 8 0 
61 0 0 24 00a0 ffffffff 1 R4 LDG.E.64 1 R4 8 1 0x7f3354d3ee00 8 0 
62 0 0 25 00a0 ffffffff 1 R4 LDG.E.64 1 R4 8 1 0x7f3354d40f00 8 0 
9 0 0 2 00a0 ffffffff 1 R4 LDG.E.64 1 R4 8 1 0x7f3354cd5800 8 0 
78 0 0 10 00a0 ffffffff 1 R4 LDG.E.64 1 R4 8 1 0x7f3354d60000 8 0 
93 0 0 31 00a0 ffffffff 1 R4 LDG.E.64 1 R4 8 1 0x7f3354d7f500 8 0 
94 0 0 10 00a0 ffffffff 1 R4 LDG.E.64 1 R4 8 1 0x7f3354d80000 8 0 
21 0 0 15 00a0 ffffffff 1 R4 LDG.E.64 1 R4 8 1 0x7f3354cee500 8 0 
10 0 0 28 00a0 ffffffff 1 R4 LDG.E.64 1 R4 8 1 0x7f3354cd9200 8 0 
97 0 0 1 00a0 ffffffff 1 R4 LDG.E.64 1 R4 8 1 0x7f3354d85700 8 0 
14 0 0 8 00a0 ffffffff 1 R4 LDG.E.64 1 R4 8 1 0x7f3354cdfe00 8 0 
33 0 0 28 00a0 ffffffff 1 R4 LDG.E.64 1 R4 8 1 0x7f3354d07200 8 0 
34 0 0 0 00a0 ffffffff 1 R4 LDG.E.64 1 R4 8 1 0x7f3354d07600 8 0 
13 0 0 4 00a0 ffffffff 1 R4 LDG.E.64 1 R4 8 1 0x7f3354cdda00 8 0 
62 0 0 31 00a0 ffffffff 1 R4 LDG.E.64 1 R4 8 1 0x7f3354d41500 8 0 
61 0 0 22 00a0 ffffffff 1 R4 LDG.E.64 1 R4 8 1 0x7f3354d3ec00 8 0 
78 0 0 1 00a0 ffffffff 1 R4 LDG.E.64 1 R4 8 1 0x7f3354d5f700 8 0 
9 0 0 1 00a0 ffffffff 1 R4 LDG.E.64 1 R4 8 1 0x7f3354cd5700 8 0 
94 0 0 28 00a0 ffffffff 1 R4 LDG.E.64 1 R4 8 1 0x7f3354d81200 8 0 
93 0 0 29 00a0 ffffffff 1 R4 LDG.E.64 1 R4 8 1 0x7f3354d7f300 8 0 
10 0 0 23 00a0 ffffffff 1 R4 LDG.E.64 1 R4 8 1 0x7f3354cd8d00 8 0 
21 0 0 14 00a0 ffffffff 1 R4 LDG.E.64 1 R4 8 1 0x7f3354cee400 8 0 
75 0 0 12 00a0 ffffffff 1 R4 LDG.E.64 1 R4 8 1 0x7f3354d5a200 8 0 
51 0 0 30 00a0 ffffffff 1 R4 LDG.E.64 1 R4 8 1 0x7f3354d2b400 8 0 
24 0 0 10 00a0 ffffffff 1 R4 LDG.E.64 1 R4 8 1 0x7f3354cf4000 8 0 
14 0 0 4 00a0 ffffffff 1 R4 LDG.E.64 1 R4 8 1 0x7f3354cdfa00 8 0 
34 0 0 5 00a0 ffffffff 1 R4 LDG.E.64 1 R4 8 1 0x7f3354d07b00 8 0 
31 0 0 9 00a0 ffffffff 1 R4 LDG.E.64 1 R4 8 1 0x7f3354d01f00 8 0 
33 0 0 26 00a0 ffffffff 1 R4 LDG.E.64 1 R4 8 1 0x7f3354d07000 8 0 
62 0 0 21 00a0 ffffffff 1 R4 LDG.E.64 1 R4 8 1 0x7f3354d40b00 8 0 
13 0 0 11 00a0 ffffffff 1 R4 LDG.E.64 1 R4 8 1 0x7f3354cde100 8 0 
28 0 0 16 00a0 ffffffff 1 R4 LDG.E.64 1 R4 8 1 0x7f3354cfc600 8 0 
59 0 0 5 00a0 ffffffff 1 R4 LDG.E.64 1 R4 8 1 0x7f3354d39b00 8 0 
78 0 0 11 00a0 ffffffff 1 R4 LDG.E.64 1 R4 8 1 0x7f3354d60100 8 0 
61 0 0 13 00a0 ffffffff 1 R4 LDG.E.64 1 R4 8 1 0x7f3354d3e300 8 0 
94 0 0 12 00a0 ffffffff 1 R4 LDG.E.64 1 R4 8 1 0x7f3354d80200 8 0 
56 0 0 25 00a0 ffffffff 1 R4 LDG.E.64 1 R4 8 1 0x7f3354d34f00 8 0 
65 0 0 31 00a0 ffffffff 1 R4 LDG.E.64 1 R4 8 1 0x7f3354d47500 8 0 
10 0 0 21 00a0 ffffffff 1 R4 LDG.E.64 1 R4 8 1 0x7f3354cd8b00 8 0 
93 0 0 24 00a0 ffffffff 1 R4 LDG.E.64 1 R4 8 1 0x7f3354d7ee00 8 0 
83 0 0 9 00a0 ffffffff 1 R4 LDG.E.64 1 R4 8 1 0x7f3354d69f00 8 0 
39 0 0 9 00a0 ffffffff 1 R4 LDG.E.64 1 R4 8 1 0x7f3354d11f00 8 0 
14 0 0 9 00a0 ffffffff 1 R4 LDG.E.64 1 R4 8 1 0x7f3354cdff00 8 0 
21 0 0 8 00a0 ffffffff 1 R4 LDG.E.64 1 R4 8 1 0x7f3354cede00 8 0 
72 0 0 21 00a0 ffffffff 1 R4 LDG.E.64 1 R4 8 1 0x7f3354d54b00 8 0 
34 0 0 3 00a0 ffffffff 1 R4 LDG.E.64 1 R4 8 1 0x7f3354d07900 8 0 
97 0 0 2 00a0 ffffffff 1 R4 LDG.E.64 1 R4 8 1 0x7f3354d85800 8 0 
62 0 0 24 00a0 ffffffff 1 R4 LDG.E.64 1 R4 8 1 0x7f3354d40e00 8 0 
33 0 0 29 00a0 ffffffff 1 R4 LDG.E.64 1 R4 8 1 0x7f3354d07300 8 0 
78 0 0 4 00a0 ffffffff 1 R4 LDG.E.64 1 R4 8 1 0x7f3354d5fa00 8 0 
13 0 0 9 00a0 ffffffff 1 R4 LDG.E.64 1 R4 8 1 0x7f3354cddf00 8 0 
94 0 0 6 00a0 ffffffff 1 R4 LDG.E.64 1 R4 8 1 0x7f3354d7fc00 8 0 
61 0 0 18 00a0 ffffffff 1 R4 LDG.E.64 1 R4 8 1 0x7f3354d3e800 8 0 
10 0 0 19 00a0 ffffffff 1 R4 LDG.E.64 1 R4 8 1 0x7f3354cd8900 8 0 
9 0 0 26 00a0 ffffffff 1 R4 LDG.E.64 1 R4 8 1 0x7f3354cd7000 8 0 
14 0 0 7 00a0 ffffffff 1 R4 LDG.E.64 1 R4 8 1 0x7f3354cdfd00 8 0 
93 0 0 25 00a0 ffffffff 1 R4 LDG.E.64 1 R4 8 1 0x7f3354d7ef00 8 0 
34 0 0 1 00a0 ffffffff 1 R4 LDG.E.64 1 R4 8 1 0x7f3354d07700 8 0 
21 0 0 9 00a0 ffffffff 1 R4 LDG.E.64 1 R4 8 1 0x7f3354cedf00 8 0 
62 0 0 19 00a0 ffffffff 1 R4 LDG.E.64 1 R4 8 1 0x7f3354d40900 8 0 
97 0 0 7 00a0 ffffffff 1 R4 LDG.E.64 1 R4 8 1 0x7f3354d85d00 8 0 
78 0 0 7 00a0 ffffffff 1 R4 LDG.E.64 1 R4 8 1 0x7f3354d5fd00 8 0 
33 0 0 22 00a0 ffffffff 1 R4 LDG.E.64 1 R4 8 1 0x7f3354d06c00 8 0 
94 0 0 9 00a0 ffffffff 1 R4 LDG.E.64 1 R4 8 1 0x7f3354d7ff00 8 0 
13 0 0 3 00a0 ffffffff 1 R4 LDG.E.64 1 R4 8 1 0x7f3354cdd900 8 0 
10 0 0 18 00a0 ffffffff 1 R4 LDG.E.64 1 R4 8 1 0x7f3354cd8800 8 0 
61 0 0 23 00a0 ffffffff 1 R4 LDG.E.64 1 R4 8 1 0x7f3354d3ed00 8 0 
14 0 0 1 00a0 ffffffff 1 R4 LDG.E.64 1 R4 8 1 0x7f3354cdf700 8 0 
65 0 0 28 00a0 ffffffff 1 R4 LDG.E.64 1 R4 8 1 0x7f3354d47200 8 0 
34 0 0 6 00a0 ffffffff 1 R4 LDG.E.64 1 R4 8 1 0x7f3354d07c00 8 0 
93 0 0 26 00a0 ffffffff 1 R4 LDG.E.64 1 R4 8 1 0x7f3354d7f000 8 0 
62 0 0 20 00a0 ffffffff 1 R4 LDG.E.64 1 R4 8 1 0x7f3354d40a00 8 0 
21 0 0 11 00a0 ffffffff 1 R4 LDG.E.64 1 R4 8 1 0x7f3354cee100 8 0 
78 0 0 6 00a0 ffffffff 1 R4 LDG.E.64 1 R4 8 1 0x7f3354d5fc00 8 0 
97 0 0 8 00a0 ffffffff 1 R4 LDG.E.64 1 R4 8 1 0x7f3354d85e00 8 0 
94 0 0 3 00a0 ffffffff 1 R4 LDG.E.64 1 R4 8 1 0x7f3354d7f900 8 0 
33 0 0 24 00a0 ffffffff 1 R4 LDG.E.64 1 R4 8 1 0x7f3354d06e00 8 0 
10 0 0 20 00a0 ffffffff 1 R4 LDG.E.64 1 R4 8 1 0x7f3354cd8a00 8 0 
13 0 0 14 00a0 ffffffff 1 R4 LDG.E.64 1 R4 8 1 0x7f3354cde400 8 0 
14 0 0 22 00a0 ffffffff 1 R4 LDG.E.64 1 R4 8 1 0x7f3354ce0c00 8 0 
61 0 0 17 00a0 ffffffff 1 R4 LDG.E.64 1 R4 8 1 0x7f3354d3e700 8 0 
90 0 0 30 00a0 ffffffff 1 R4 LDG.E.64 1 R4 8 1 0x7f3354d79400 8 0 
65 0 0 30 00a0 ffffffff 1 R4 LDG.E.64 1 R4 8 1 0x7f3354d47400 8 0 
62 0 0 8 00a0 ffffffff 1 R4 LDG.E.64 1 R4 8 1 0x7f3354d3fe00 8 0 
78 0 0 3 00a0 ffffffff 1 R4 LDG.E.64 1 R4 8 1 0x7f3354d5f900 8 0 
93 0 0 14 00a0 ffffffff 1 R4 LDG.E.64 1 R4 8 1 0x7f3354d7e400 8 0 
21 0 0 2 00a0 ffffffff 1 R4 LDG.E.64 1 R4 8 1 0x7f3354ced800 8 0 
94 0 0 8 00a0 ffffffff 1 R4 LDG.E.64 1 R4 8 1 0x7f3354d7fe00 8 0 
97 0 0 3 00a0 ffffffff 1 R4 LDG.E.64 1 R4 8 1 0x7f3354d85900 8 0 
10 0 0 17 00a0 ffffffff 1 R4 LDG.E.64 1 R4 8 1 0x7f3354cd8700 8 0 
33 0 0 25 00a0 ffffffff 1 R4 LDG.E.64 1 R4 8 1 0x7f3354d06f00 8 0 
14 0 0 0 00a0 ffffffff 1 R4 LDG.E.64 1 R4 8 1 0x7f3354cdf600 8 0 
13 0 0 10 00a0 ffffffff 1 R4 LDG.E.64 1 R4 8 1 0x7f3354cde000 8 0 
90 0 0 29 00a0 ffffffff 1 R4 LDG.E.64 1 R4 8 1 0x7f3354d79300 8 0 
61 0 0 27 00a0 ffffffff 1 R4 LDG.E.64 1 R4 8 1 0x7f3354d3f100 8 0 
62 0 0 26 00a0 ffffffff 1 R4 LDG.E.64 1 R4 8 1 0x7f3354d41000 8 0 
65 0 0 23 00a0 ffffffff 1 R4 LDG.E.64 1 R4 8 1 0x7f3354d46d00 8 0 
78 0 0 0 00a0 ffffffff 1 R4 LDG.E.64 1 R4 8 1 0x7f3354d5f600 8 0 
94 0 0 2 00a0 ffffffff 1 R4 LDG.E.64 1 R4 8 1 0x7f3354d7f800 8 0 
93 0 0 27 00a0 ffffffff 1 R4 LDG.E.64 1 R4 8 1 0x7f3354d7f100 8 0 
24 0 0 17 00a0 ffffffff 1 R4 LDG.E.64 1 R4 8 1 0x7f3354cf4700 8 0 
21 0 0 4 00a0 ffffffff 1 R4 LDG.E.64 1 R4 8 1 0x7f3354ceda00 8 0 
10 0 0 22 00a0 ffffffff 1 R4 LDG.E.64 1 R4 8 1 0x7f3354cd8c00 8 0 
31 0 0 16 00a0 ffffffff 1 R4 LDG.E.64 1 R4 8 1 0x7f3354d02600 8 0 
97 0 0 4 00a0 ffffffff 1 R4 LDG.E.64 1 R4 8 1 0x7f3354d85a00 8 0 
28 0 0 29 00a0 ffffffff 1 R4 LDG.E.64 1 R4 8 1 0x7f3354cfd300 8 0 
3 0 0 15 00a0 ffffffff 1 R4 LDG.E.64 1 R4 8 1 0x7f3354cca500 8 0 
14 0 0 14 00a0 ffffffff 1 R4 LDG.E.64 1 R4 8 1 0x7f3354ce0400 8 0 
33 0 0 14 00a0 ffffffff 1 R4 LDG.E.64 1 R4 8 1 0x7f3354d06400 8 0 
43 0 0 20 00a0 ffffffff 1 R4 LDG.E.64 1 R4 8 1 0x7f3354d1aa00 8 0 
83 0 0 14 00a0 ffffffff 1 R4 LDG.E.64 1 R4 8 1 0x7f3354d6a400 8 0 
56 0 0 22 00a0 ffffffff 1 R4 LDG.E.64 1 R4 8 1 0x7f3354d34c00 8 0 
90 0 0 31 00a0 ffffffff 1 R4 LDG.E.64 1 R4 8 1 0x7f3354d79500 8 0 
69 0 0 30 00a0 ffffffff 1 R4 LDG.E.64 1 R4 8 1 0x7f3354d4f400 8 0 
75 0 0 22 00a0 ffffffff 1 R4 LDG.E.64 1 R4 8 1 0x7f3354d5ac00 8 0 
51 0 0 16 00a0 ffffffff 1 R4 LDG.E.64 1 R4 8 1 0x7f3354d2a600 8 0 
61 0 0 9 00a0 ffffffff 1 R4 LDG.E.64 1 R4 8 1 0x7f3354d3df00 8 0 
62 0 0 22 00a0 ffffffff 1 R4 LDG.E.64 1 R4 8 1 0x7f3354d40c00 8 0 
72 0 0 14 00a0 ffffffff 1 R4 LDG.E.64 1 R4 8 1 0x7f3354d54400 8 0 
96 0 0 26 0050 00000000 0 EXIT 0 0 0 
31 0 0 11 00a0 ffffffff 1 R4 LDG.E.64 1 R4 8 1 0x7f3354d02100 8 0 
65 0 0 26 00a0 ffffffff 1 R4 LDG.E.64 1 R4 8 1 0x7f3354d47000 8 0 
24 0 0 11 00a0 ffffffff 1 R4 LDG.E.64 1 R4 8 1 0x7f3354cf4100 8 0 
93 0 0 11 00a0 ffffffff 1 R4 LDG.E.64 1 R4 8 1 0x7f3354d7e100 8 0 
21 0 0 5 00a0 ffffffff 1 R4 LDG.E.64 1 R4 8 1 0x7f3354cedb00 8 0 
3 0 0 10 00a0 ffffffff 1 R4 LDG.E.64 1 R4 8 1 0x7f3354cca000 8 0 
28 0 0 30 00a0 ffffffff 1 R4 LDG.E.64 1 R4 8 1 0x7f3354cfd400 8 0 
78 0 0 2 00a0 ffffffff 1 R4 LDG.E.64 1 R4 8 1 0x7f3354d5f800 8 0 
83 0 0 12 00a0 ffffffff 1 R4 LDG.E.64 1 R4 8 1 0x7f3354d6a200 8 0 
94 0 0 4 00a0 ffffffff 1 R4 LDG.E.64 1 R4 8 1 0x7f3354d7fa00 8 0 
33 0 0 27 00a0 ffffffff 1 R4 LDG.E.64 1 R4 8 1 0x7f3354d07100 8 0 
13 0 0 2 00a0 ffffffff 1 R4 LDG.E.64 1 R4 8 1 0x7f3354cdd800 8 0 
56 0 0 18 00a0 ffffffff 1 R4 LDG.E.64 1 R4 8 1 0x7f3354d34800 8 0 
10 0 0 16 00a0 ffffffff 1 R4 LDG.E.64 1 R4 8 1 0x7f3354cd8600 8 0 
14 0 0 11 00a0 ffffffff 1 R4 LDG.E.64 1 R4 8 1 0x7f3354ce0100 8 0 
90 0 0 21 00a0 ffffffff 1 R4 LDG.E.64 1 R4 8 1 0x7f3354d78b00 8 0 
75 0 0 11 00a0 ffffffff 1 R4 LDG.E.64 1 R4 8 1 0x7f3354d5a100 8 0 
15 0 0 9 00a0 ffffffff 1 R4 LDG.E.64 1 R4 8 1 0x7f3354ce1f00 8 0 
61 0 0 19 00a0 ffffffff 1 R4 LDG.E.64 1 R4 8 1 0x7f3354d3e900 8 0 
62 0 0 13 00a0 ffffffff 1 R4 LDG.E.64 1 R4 8 1 0x7f3354d40300 8 0 
72 0 0 17 00a0 ffffffff 1 R4 LDG.E.64 1 R4 8 1 0x7f3354d54700 8 0 
31 0 0 17 00a0 ffffffff 1 R4 LDG.E.64 1 R4 8 1 0x7f3354d02700 8 0 
65 0 0 14 00a0 ffffffff 1 R4 LDG.E.64 1 R4 8 1 0x7f3354d46400 8 0 
93 0 0 13 00a0 ffffffff 1 R4 LDG.E.64 1 R4 8 1 0x7f3354d7e300 8 0 
22 0 0 14 00a0 ffffffff 1 R4 LDG.E.64 1 R4 8 1 0x7f3354cf0400 8 0 
3 0 0 27 00a0 ffffffff 1 R4 LDG.E.64 1 R4 8 1 0x7f3354ccb100 8 0 
24 0 0 8 00a0 ffffffff 1 R4 LDG.E.64 1 R4 8 1 0x7f3354cf3e00 8 0 
21 0 0 10 00a0 ffffffff 1 R4 LDG.E.64 1 R4 8 1 0x7f3354cee000 8 0 
83 0 0 5 00a0 ffffffff 1 R4 LDG.E.64 1 R4 8 1 0x7f3354d69b00 8 0 
43 0 0 23 00a0 ffffffff 1 R4 LDG.E.64 1 R4 8 1 0x7f3354d1ad00 8 0 
94 0 0 5 00a0 ffffffff 1 R4 LDG.E.64 1 R4 8 1 0x7f3354d7fb00 8 0 
10 0 0 14 00a0 ffffffff 1 R4 LDG.E.64 1 R4 8 1 0x7f3354cd8400 8 0 
28 0 0 25 00a0 ffffffff 1 R4 LDG.E.64 1 R4 8 1 0x7f3354cfcf00 8 0 
75 0 0 5 00a0 ffffffff 1 R4 LDG.E.64 1 R4 8 1 0x7f3354d59b00 8 0 
33 0 0 20 00a0 ffffffff 1 R4 LDG.E.64 1 R4 8 1 0x7f3354d06a00 8 0 
70 0 0 31 00a0 ffffffff 1 R4 LDG.E.64 1 R4 8 1 0x7f3354d51500 8 0 
51 0 0 25 00a0 ffffffff 1 R4 LDG.E.64 1 R4 8 1 0x7f3354d2af00 8 0 
56 0 0 21 00a0 ffffffff 1 R4 LDG.E.64 1 R4 8 1 0x7f3354d34b00 8 0 
31 0 0 28 00a0 ffffffff 1 R4 LDG.E.64 1 R4 8 1 0x7f3354d03200 8 0 
72 0 0 15 00a0 ffffffff 1 R4 LDG.E.64 1 R4 8 1 0x7f3354d54500 8 0 
13 0 0 5 00a0 ffffffff 1 R4 LDG.E.64 1 R4 8 1 0x7f3354cddb00 8 0 
90 0 0 24 00a0 ffffffff 1 R4 LDG.E.64 1 R4 8 1 0x7f3354d78e00 8 0 
3 0 0 28 00a0 ffffffff 1 R4 LDG.E.64 1 R4 8 1 0x7f3354ccb200 8 0 
24 0 0 6 00a0 ffffffff 1 R4 LDG.E.64 1 R4 8 1 0x7f3354cf3c00 8 0 
61 0 0 29 00a0 ffffffff 1 R4 LDG.E.64 1 R4 8 1 0x7f3354d3f300 8 0 
62 0 0 27 00a0 ffffffff 1 R4 LDG.E.64 1 R4 8 1 0x7f3354d41100 8 0 
28 0 0 26 00a0 ffffffff 1 R4 LDG.E.64 1 R4 8 1 0x7f3354cfd000 8 0 
65 0 0 22 00a0 ffffffff 1 R4 LDG.E.64 1 R4 8 1 0x7f3354d46c00 8 0 
22 0 0 26 00a0 ffffffff 1 R4 LDG.E.64 1 R4 8 1 0x7f3354cf1000 8 0 
56 0 0 12 00a0 ffffffff 1 R4 LDG.E.64 1 R4 8 1 0x7f3354d34200 8 0 
83 0 0 10 00a0 ffffffff 1 R4 LDG.E.64 1 R4 8 1 0x7f3354d6a000 8 0 
93 0 0 20 00a0 ffffffff 1 R4 LDG.E.64 1 R4 8 1 0x7f3354d7ea00 8 0 
94 0 0 1 00a0 ffffffff 1 R4 LDG.E.64 1 R4 8 1 0x7f3354d7f700 8 0 
36 0 0 14 00a0 ffffffff 1 R4 LDG.E.64 1 R4 8 1 0x7f3354d0c400 8 0 
72 0 0 13 00a0 ffffffff 1 R4 LDG.E.64 1 R4 8 1 0x7f3354d54300 8 0 
75 0 0 1 00a0 ffffffff 1 R4 LDG.E.64 1 R4 8 1 0x7f3354d59700 8 0 
10 0 0 5 00a0 ffffffff 1 R4 LDG.E.64 1 R4 8 1 0x7f3354cd7b00 8 0 
24 0 0 13 00a0 ffffffff 1 R4 LDG.E.64 1 R4 8 1 0x7f3354cf4300 8 0 
21 0 0 7 00a0 ffffffff 1 R4 LDG.E.64 1 R4 8 1 0x7f3354cedd00 8 0 
70 0 0 29 00a0 ffffffff 1 R4 LDG.E.64 1 R4 8 1 0x7f3354d51300 8 0 
31 0 0 27 00a0 ffffffff 1 R4 LDG.E.64 1 R4 8 1 0x7f3354d03100 8 0 
15 0 0 5 00a0 ffffffff 1 R4 LDG.E.64 1 R4 8 1 0x7f3354ce1b00 8 0 
33 0 0 23 00a0 ffffffff 1 R4 LDG.E.64 1 R4 8 1 0x7f3354d06d00 8 0 
90 0 0 27 00a0 ffffffff 1 R4 LDG.E.64 1 R4 8 1 0x7f3354d79100 8 0 
13 0 0 1 00a0 ffffffff 1 R4 LDG.E.64 1 R4 8 1 0x7f3354cdd700 8 0 
62 0 0 12 00a0 ffffffff 1 R4 LDG.E.64 1 R4 8 1 0x7f3354d40200 8 0 
61 0 0 14 00a0 ffffffff 1 R4 LDG.E.64 1 R4 8 1 0x7f3354d3e400 8 0 
65 0 0 25 00a0 ffffffff 1 R4 LDG.E.64 1 R4 8 1 0x7f3354d46f00 8 0 
22 0 0 31 00a0 ffffffff 1 R4 LDG.E.64 1 R4 8 1 0x7f3354cf1500 8 0 
93 0 0 22 00a0 ffffffff 1 R4 LDG.E.64 1 R4 8 1 0x7f3354d7ec00 8 0 
94 0 0 0 00a0 ffffffff 1 R4 LDG.E.64 1 R4 8 1 0x7f3354d7f600 8 0 
21 0 0 6 00a0 ffffffff 1 R4 LDG.E.64 1 R4 8 1 0x7f3354cedc00 8 0 
10 0 0 12 00a0 ffffffff 1 R4 LDG.E.64 1 R4 8 1 0x7f3354cd8200 8 0 
33 0 0 21 00a0 ffffffff 1 R4 LDG.E.64 1 R4 8 1 0x7f3354d06b00 8 0 
13 0 0 0 00a0 ffffffff 1 R4 LDG.E.64 1 R4 8 1 0x7f3354cdd600 8 0 
70 0 0 27 00a0 ffffffff 1 R4 LDG.E.64 1 R4 8 1 0x7f3354d51100 8 0 
61 0 0 5 00a0 ffffffff 1 R4 LDG.E.64 1 R4 8 1 0x7f3354d3db00 8 0 
90 0 0 20 00a0 ffffffff 1 R4 LDG.E.64 1 R4 8 1 0x7f3354d78a00 8 0 
65 0 0 24 00a0 ffffffff 1 R4 LDG.E.64 1 R4 8 1 0x7f3354d46e00 8 0 
93 0 0 23 00a0 ffffffff 1 R4 LDG.E.64 1 R4 8 1 0x7f3354d7ed00 8 0 
62 0 0 23 00a0 ffffffff 1 R4 LDG.E.64 1 R4 8 1 0x7f3354d40d00 8 0 
21 0 0 1 00a0 ffffffff 1 R4 LDG.E.64 1 R4 8 1 0x7f3354ced700 8 0 
33 0 0 10 00a0 ffffffff 1 R4 LDG.E.64 1 R4 8 1 0x7f3354d06000 8 0 
22 0 0 22 00a0 ffffffff 1 R4 LDG.E.64 1 R4 8 1 0x7f3354cf0c00 8 0 
38 0 0 30 00a0 ffffffff 1 R4 LDG.E.64 1 R4 8 1 0x7f3354d11400 8 0 
69 0 0 28 00a0 ffffffff 1 R4 LDG.E.64 1 R4 8 1 0x7f3354d4f200 8 0 
10 0 0 15 00a0 ffffffff 1 R4 LDG.E.64 1 R4 8 1 0x7f3354cd8500 8 0 
61 0 0 20 00a0 ffffffff 1 R4 LDG.E.64 1 R4 8 1 0x7f3354d3ea00 8 0 
70 0 0 24 00a0 ffffffff 1 R4 LDG.E.64 1 R4 8 1 0x7f3354d50e00 8 0 
65 0 0 21 00a0 ffffffff 1 R4 LDG.E.64 1 R4 8 1 0x7f3354d46b00 8 0 
90 0 0 26 00a0 ffffffff 1 R4 LDG.E.64 1 R4 8 1 0x7f3354d79000 8 0 
93 0 0 12 00a0 ffffffff 1 R4 LDG.E.64 1 R4 8 1 0x7f3354d7e200 8 0 
62 0 0 18 00a0 ffffffff 1 R4 LDG.E.64 1 R4 8 1 0x7f3354d40800 8 0 
21 0 0 3 00a0 ffffffff 1 R4 LDG.E.64 1 R4 8 1 0x7f3354ced900 8 0 
22 0 0 28 00a0 ffffffff 1 R4 LDG.E.64 1 R4 8 1 0x7f3354cf1200 8 0 
33 0 0 19 00a0 ffffffff 1 R4 LDG.E.64 1 R4 8 1 0x7f3354d06900 8 0 
38 0 0 25 00a0 ffffffff 1 R4 LDG.E.64 1 R4 8 1 0x7f3354d10f00 8 0 
69 0 0 29 00a0 ffffffff 1 R4 LDG.E.64 1 R4 8 1 0x7f3354d4f300 8 0 
10 0 0 11 00a0 ffffffff 1 R4 LDG.E.64 1 R4 8 1 0x7f3354cd8100 8 0 
70 0 0 23 00a0 ffffffff 1 R4 LDG.E.64 1 R4 8 1 0x7f3354d50d00 8 0 
61 0 0 12 00a0 ffffffff 1 R4 LDG.E.64 1 R4 8 1 0x7f3354d3e200 8 0 
90 0 0 23 00a0 ffffffff 1 R4 LDG.E.64 1 R4 8 1 0x7f3354d78d00 8 0 
65 0 0 27 00a0 ffffffff 1 R4 LDG.E.64 1 R4 8 1 0x7f3354d47100 8 0 
62 0 0 3 00a0 ffffffff 1 R4 LDG.E.64 1 R4 8 1 0x7f3354d3f900 8 0 
93 0 0 21 00a0 ffffffff 1 R4 LDG.E.64 1 R4 8 1 0x7f3354d7eb00 8 0 
22 0 0 18 00a0 ffffffff 1 R4 LDG.E.64 1 R4 8 1 0x7f3354cf0800 8 0 
21 0 0 0 00a0 ffffffff 1 R4 LDG.E.64 1 R4 8 1 0x7f3354ced600 8 0 
38 0 0 16 00a0 ffffffff 1 R4 LDG.E.64 1 R4 8 1 0x7f3354d10600 8 0 
33 0 0 16 00a0 ffffffff 1 R4 LDG.E.64 1 R4 8 1 0x7f3354d06600 8 0 
59 0 0 29 00a0 ffffffff 1 R4 LDG.E.64 1 R4 8 1 0x7f3354d3b300 8 0 
11 0 0 18 00a0 ffffffff 1 R4 LDG.E.64 1 R4 8 1 0x7f3354cda800 8 0 
10 0 0 10 00a0 ffffffff 1 R4 LDG.E.64 1 R4 8 1 0x7f3354cd8000 8 0 
69 0 0 26 00a0 ffffffff 1 R4 LDG.E.64 1 R4 8 1 0x7f3354d4f000 8 0 
70 0 0 20 00a0 ffffffff 1 R4 LDG.E.64 1 R4 8 1 0x7f3354d50a00 8 0 
61 0 0 15 00a0 ffffffff 1 R4 LDG.E.64 1 R4 8 1 0x7f3354d3e500 8 0 
90 0 0 16 00a0 ffffffff 1 R4 LDG.E.64 1 R4 8 1 0x7f3354d78600 8 0 
65 0 0 15 00a0 ffffffff 1 R4 LDG.E.64 1 R4 8 1 0x7f3354d46500 8 0 
22 0 0 27 00a0 ffffffff 1 R4 LDG.E.64 1 R4 8 1 0x7f3354cf1100 8 0 
93 0 0 18 00a0 ffffffff 1 R4 LDG.E.64 1 R4 8 1 0x7f3354d7e800 8 0 
38 0 0 21 00a0 ffffffff 1 R4 LDG.E.64 1 R4 8 1 0x7f3354d10b00 8 0 
77 0 0 31 00a0 ffffffff 1 R4 LDG.E.64 1 R4 8 1 0x7f3354d5f500 8 0 
10 0 0 7 00a0 ffffffff 1 R4 LDG.E.64 1 R4 8 1 0x7f3354cd7d00 8 0 
33 0 0 17 00a0 ffffffff 1 R4 LDG.E.64 1 R4 8 1 0x7f3354d06700 8 0 
69 0 0 20 00a0 ffffffff 1 R4 LDG.E.64 1 R4 8 1 0x7f3354d4ea00 8 0 
70 0 0 25 00a0 ffffffff 1 R4 LDG.E.64 1 R4 8 1 0x7f3354d50f00 8 0 
61 0 0 1 00a0 ffffffff 1 R4 LDG.E.64 1 R4 8 1 0x7f3354d3d700 8 0 
90 0 0 25 00a0 ffffffff 1 R4 LDG.E.64 1 R4 8 1 0x7f3354d78f00 8 0 
65 0 0 29 00a0 ffffffff 1 R4 LDG.E.64 1 R4 8 1 0x7f3354d47300 8 0 
62 0 0 0 00a0 ffffffff 1 R4 LDG.E.64 1 R4 8 1 0x7f3354d3f600 8 0 
93 0 0 19 00a0 ffffffff 1 R4 LDG.E.64 1 R4 8 1 0x7f3354d7e900 8 0 
22 0 0 29 00a0 ffffffff 1 R4 LDG.E.64 1 R4 8 1 0x7f3354cf1300 8 0 
21 0 0 29 00a0 ffffffff 1 R4 LDG.E.64 1 R4 8 1 0x7f3354cef300 8 0 
38 0 0 26 00a0 ffffffff 1 R4 LDG.E.64 1 R4 8 1 0x7f3354d11000 8 0 
33 0 0 15 00a0 ffffffff 1 R4 LDG.E.64 1 R4 8 1 0x7f3354d06500 8 0 
10 0 0 6 00a0 ffffffff 1 R4 LDG.E.64 1 R4 8 1 0x7f3354cd7c00 8 0 
69 0 0 31 00a0 ffffffff 1 R4 LDG.E.64 1 R4 8 1 0x7f3354d4f500 8 0 
90 0 0 22 00a0 ffffffff 1 R4 LDG.E.64 1 R4 8 1 0x7f3354d78c00 8 0 
61 0 0 10 00a0 ffffffff 1 R4 LDG.E.64 1 R4 8 1 0x7f3354d3e000 8 0 
62 0 0 17 00a0 ffffffff 1 R4 LDG.E.64 1 R4 8 1 0x7f3354d40700 8 0 
65 0 0 17 00a0 ffffffff 1 R4 LDG.E.64 1 R4 8 1 0x7f3354d46700 8 0 
22 0 0 25 00a0 ffffffff 1 R4 LDG.E.64 1 R4 8 1 0x7f3354cf0f00 8 0 
93 0 0 8 00a0 ffffffff 1 R4 LDG.E.64 1 R4 8 1 0x7f3354d7de00 8 0 
38 0 0 23 00a0 ffffffff 1 R4 LDG.E.64 1 R4 8 1 0x7f3354d10d00 8 0 
77 0 0 27 00a0 ffffffff 1 R4 LDG.E.64 1 R4 8 1 0x7f3354d5f100 8 0 
10 0 0 8 00a0 ffffffff 1 R4 LDG.E.64 1 R4 8 1 0x7f3354cd7e00 8 0 
33 0 0 2 00a0 ffffffff 1 R4 LDG.E.64 1 R4 8 1 0x7f3354d05800 8 0 
70 0 0 30 00a0 ffffffff 1 R4 LDG.E.64 1 R4 8 1 0x7f3354d51400 8 0 
69 0 0 25 00a0 ffffffff 1 R4 LDG.E.64 1 R4 8 1 0x7f3354d4ef00 8 0 
61 0 0 11 00a0 ffffffff 1 R4 LDG.E.64 1 R4 8 1 0x7f3354d3e100 8 0 
65 0 0 20 00a0 ffffffff 1 R4 LDG.E.64 1 R4 8 1 0x7f3354d46a00 8 0 
22 0 0 24 00a0 ffffffff 1 R4 LDG.E.64 1 R4 8 1 0x7f3354cf0e00 8 0 
93 0 0 17 00a0 ffffffff 1 R4 LDG.E.64 1 R4 8 1 0x7f3354d7e700 8 0 
38 0 0 9 00a0 ffffffff 1 R4 LDG.E.64 1 R4 8 1 0x7f3354d0ff00 8 0 
77 0 0 25 00a0 ffffffff 1 R4 LDG.E.64 1 R4 8 1 0x7f3354d5ef00 8 0 
10 0 0 13 00a0 ffffffff 1 R4 LDG.E.64 1 R4 8 1 0x7f3354cd8300 8 0 
33 0 0 11 00a0 ffffffff 1 R4 LDG.E.64 1 R4 8 1 0x7f3354d06100 8 0 
70 0 0 18 00a0 ffffffff 1 R4 LDG.E.64 1 R4 8 1 0x7f3354d50800 8 0 
69 0 0 27 00a0 ffffffff 1 R4 LDG.E.64 1 R4 8 1 0x7f3354d4f100 8 0 
90 0 0 17 00a0 ffffffff 1 R4 LDG.E.64 1 R4 8 1 0x7f3354d78700 8 0 
62 0 0 14 00a0 ffffffff 1 R4 LDG.E.64 1 R4 8 1 0x7f3354d40400 8 0 
65 0 0 11 00a0 ffffffff 1 R4 LDG.E.64 1 R4 8 1 0x7f3354d46100 8 0 
38 0 0 28 00a0 ffffffff 1 R4 LDG.E.64 1 R4 8 1 0x7f3354d11200 8 0 
93 0 0 4 00a0 ffffffff 1 R4 LDG.E.64 1 R4 8 1 0x7f3354d7da00 8 0 
77 0 0 23 00a0 ffffffff 1 R4 LDG.E.64 1 R4 8 1 0x7f3354d5ed00 8 0 
70 0 0 13 00a0 ffffffff 1 R4 LDG.E.64 1 R4 8 1 0x7f3354d50300 8 0 
33 0 0 12 00a0 ffffffff 1 R4 LDG.E.64 1 R4 8 1 0x7f3354d06200 8 0 
90 0 0 13 00a0 ffffffff 1 R4 LDG.E.64 1 R4 8 1 0x7f3354d78300 8 0 
69 0 0 11 00a0 ffffffff 1 R4 LDG.E.64 1 R4 8 1 0x7f3354d4e100 8 0 
62 0 0 16 00a0 ffffffff 1 R4 LDG.E.64 1 R4 8 1 0x7f3354d40600 8 0 
61 0 0 7 00a0 ffffffff 1 R4 LDG.E.64 1 R4 8 1 0x7f3354d3dd00 8 0 
22 0 0 19 00a0 ffffffff 1 R4 LDG.E.64 1 R4 8 1 0x7f3354cf0900 8 0 
77 0 0 24 00a0 ffffffff 1 R4 LDG.E.64 1 R4 8 1 0x7f3354d5ee00 8 0 
96 0 0 22 00a0 ffffffff 1 R4 LDG.E.64 1 R4 8 1 0x7f3354d84c00 8 0 
56 0 0 23 00a0 ffffffff 1 R4 LDG.E.64 1 R4 8 1 0x7f3354d34d00 8 0 
83 0 0 1 00a0 ffffffff 1 R4 LDG.E.64 1 R4 8 1 0x7f3354d69700 8 0 
10 0 0 3 00a0 ffffffff 1 R4 LDG.E.64 1 R4 8 1 0x7f3354cd7900 8 0 
79 0 0 20 00a0 ffffffff 1 R4 LDG.E.64 1 R4 8 1 0x7f3354d62a00 8 0 
72 0 0 2 00a0 ffffffff 1 R4 LDG.E.64 1 R4 8 1 0x7f3354d53800 8 0 
33 0 0 13 00a0 ffffffff 1 R4 LDG.E.64 1 R4 8 1 0x7f3354d06300 8 0 
75 0 0 8 00a0 ffffffff 1 R4 LDG.E.64 1 R4 8 1 0x7f3354d59e00 8 0 
69 0 0 22 00a0 ffffffff 1 R4 LDG.E.64 1 R4 8 1 0x7f3354d4ec00 8 0 
70 0 0 12 00a0 ffffffff 1 R4 LDG.E.64 1 R4 8 1 0x7f3354d50200 8 0 
24 0 0 4 00a0 ffffffff 1 R4 LDG.E.64 1 R4 8 1 0x7f3354cf3a00 8 0 
31 0 0 29 00a0 ffffffff 1 R4 LDG.E.64 1 R4 8 1 0x7f3354d03300 8 0 
63 0 0 3 00a0 ffffffff 1 R4 LDG.E.64 1 R4 8 1 0x7f3354d41900 8 0 
28 0 0 27 00a0 ffffffff 1 R4 LDG.E.64 1 R4 8 1 0x7f3354cfd100 8 0 
3 0 0 13 00a0 ffffffff 1 R4 LDG.E.64 1 R4 8 1 0x7f3354cca300 8 0 
61 0 0 6 00a0 ffffffff 1 R4 LDG.E.64 1 R4 8 1 0x7f3354d3dc00 8 0 
62 0 0 9 00a0 ffffffff 1 R4 LDG.E.64 1 R4 8 1 0x7f3354d3ff00 8 0 
56 0 0 19 00a0 ffffffff 1 R4 LDG.E.64 1 R4 8 1 0x7f3354d34900 8 0 
65 0 0 16 00a0 ffffffff 1 R4 LDG.E.64 1 R4 8 1 0x7f3354d46600 8 0 
22 0 0 20 00a0 ffffffff 1 R4 LDG.E.64 1 R4 8 1 0x7f3354cf0a00 8 0 
93 0 0 0 00a0 ffffffff 1 R4 LDG.E.64 1 R4 8 1 0x7f3354d7d600 8 0 
83 0 0 6 00a0 ffffffff 1 R4 LDG.E.64 1 R4 8 1 0x7f3354d69c00 8 0 
38 0 0 24 00a0 ffffffff 1 R4 LDG.E.64 1 R4 8 1 0x7f3354d10e00 8 0 
77 0 0 21 00a0 ffffffff 1 R4 LDG.E.64 1 R4 8 1 0x7f3354d5eb00 8 0 
72 0 0 12 00a0 ffffffff 1 R4 LDG.E.64 1 R4 8 1 0x7f3354d54200 8 0 
75 0 0 4 00a0 ffffffff 1 R4 LDG.E.64 1 R4 8 1 0x7f3354d59a00 8 0 
10 0 0 4 00a0 ffffffff 1 R4 LDG.E.64 1 R4 8 1 0x7f3354cd7a00 8 0 
69 0 0 18 00a0 ffffffff 1 R4 LDG.E.64 1 R4 8 1 0x7f3354d4e800 8 0 
90 0 0 19 00a0 ffffffff 1 R4 LDG.E.64 1 R4 8 1 0x7f3354d78900 8 0 
65 0 0 13 00a0 ffffffff 1 R4 LDG.E.64 1 R4 8 1 0x7f3354d46300 8 0 
93 0 0 10 00a0 ffffffff 1 R4 LDG.E.64 1 R4 8 1 0x7f3354d7e000 8 0 
38 0 0 10 00a0 ffffffff 1 R4 LDG.E.64 1 R4 8 1 0x7f3354d10000 8 0 
33 0 0 18 00a0 ffffffff 1 R4 LDG.E.64 1 R4 8 1 0x7f3354d06800 8 0 
90 0 0 15 00a0 ffffffff 1 R4 LDG.E.64 1 R4 8 1 0x7f3354d78500 8 0 
61 0 0 2 00a0 ffffffff 1 R4 LDG.E.64 1 R4 8 1 0x7f3354d3d800 8 0 
65 0 0 18 00a0 ffffffff 1 R4 LDG.E.64 1 R4 8 1 0x7f3354d46800 8 0 
93 0 0 9 00a0 ffffffff 1 R4 LDG.E.64 1 R4 8 1 0x7f3354d7df00 8 0 
77 0 0 30 00a0 ffffffff 1 R4 LDG.E.64 1 R4 8 1 0x7f3354d5f400 8 0 
33 0 0 4 00a0 ffffffff 1 R4 LDG.E.64 1 R4 8 1 0x7f3354d05a00 8 0 
69 0 0 21 00a0 ffffffff 1 R4 LDG.E.64 1 R4 8 1 0x7f3354d4eb00 8 0 
61 0 0 3 00a0 ffffffff 1 R4 LDG.E.64 1 R4 8 1 0x7f3354d3d900 8 0 
65 0 0 9 00a0 ffffffff 1 R4 LDG.E.64 1 R4 8 1 0x7f3354d45f00 8 0 
77 0 0 26 00a0 ffffffff 1 R4 LDG.E.64 1 R4 8 1 0x7f3354d5f000 8 0 
69 0 0 23 00a0 ffffffff 1 R4 LDG.E.64 1 R4 8 1 0x7f3354d4ed00 8 0 
61 0 0 16 00a0 ffffffff 1 R4 LDG.E.64 1 R4 8 1 0x7f3354d3e600 8 0 
93 0 0 6 00a0 ffffffff 1 R4 LDG.E.64 1 R4 8 1 0x7f3354d7dc00 8 0 
69 0 0 14 00a0 ffffffff 1 R4 LDG.E.64 1 R4 8 1 0x7f3354d4e400 8 0 
65 0 0 12 00a0 ffffffff 1 R4 LDG.E.64 1 R4 8 1 0x7f3354d46200 8 0 
93 0 0 15 00a0 ffffffff 1 R4 LDG.E.64 1 R4 8 1 0x7f3354d7e500 8 0 
65 0 0 5 00a0 ffffffff 1 R4 LDG.E.64 1 R4 8 1 0x7f3354d45b00 8 0 
31 0 0 18 00a0 ffffffff 1 R4 LDG.E.64 1 R4 8 1 0x7f3354d02800 8 0 
79 0 0 14 00a0 ffffffff 1 R4 LDG.E.64 1 R4 8 1 0x7f3354d62400 8 0 
28 0 0 8 00a0 ffffffff 1 R4 LDG.E.64 1 R4 8 1 0x7f3354cfbe00 8 0 
3 0 0 20 00a0 ffffffff 1 R4 LDG.E.64 1 R4 8 1 0x7f3354ccaa00 8 0 
56 0 0 8 00a0 ffffffff 1 R4 LDG.E.64 1 R4 8 1 0x7f3354d33e00 8 0 
83 0 0 8 00a0 ffffffff 1 R4 LDG.E.64 1 R4 8 1 0x7f3354d69e00 8 0 
72 0 0 9 00a0 ffffffff 1 R4 LDG.E.64 1 R4 8 1 0x7f3354d53f00 8 0 
24 0 0 9 00a0 ffffffff 1 R4 LDG.E.64 1 R4 8 1 0x7f3354cf3f00 8 0 
31 0 0 24 00a0 ffffffff 1 R4 LDG.E.64 1 R4 8 1 0x7f3354d02e00 8 0 
36 0 0 12 00a0 ffffffff 1 R4 LDG.E.64 1 R4 8 1 0x7f3354d0c200 8 0 
28 0 0 23 00a0 ffffffff 1 R4 LDG.E.64 1 R4 8 1 0x7f3354cfcd00 8 0 
3 0 0 23 00a0 ffffffff 1 R4 LDG.E.64 1 R4 8 1 0x7f3354ccad00 8 0 
76 0 0 25 00a0 ffffffff 1 R4 LDG.E.64 1 R4 8 1 0x7f3354d5cf00 8 0 
56 0 0 15 00a0 ffffffff 1 R4 LDG.E.64 1 R4 8 1 0x7f3354d34500 8 0 
83 0 0 31 00a0 ffffffff 1 R4 LDG.E.64 1 R4 8 1 0x7f3354d6b500 8 0 
72 0 0 1 00a0 ffffffff 1 R4 LDG.E.64 1 R4 8 1 0x7f3354d53700 8 0 
75 0 0 7 00a0 ffffffff 1 R4 LDG.E.64 1 R4 8 1 0x7f3354d59d00 8 0 
24 0 0 27 00a0 ffffffff 1 R4 LDG.E.64 1 R4 8 1 0x7f3354cf5100 8 0 
28 0 0 21 00a0 ffffffff 1 R4 LDG.E.64 1 R4 8 1 0x7f3354cfcb00 8 0 
3 0 0 30 00a0 ffffffff 1 R4 LDG.E.64 1 R4 8 1 0x7f3354ccb400 8 0 
39 0 0 13 00a0 ffffffff 1 R4 LDG.E.64 1 R4 8 1 0x7f3354d12300 8 0 
56 0 0 11 00a0 ffffffff 1 R4 LDG.E.64 1 R4 8 1 0x7f3354d34100 8 0 
83 0 0 3 00a0 ffffffff 1 R4 LDG.E.64 1 R4 8 1 0x7f3354d69900 8 0 
72 0 0 31 00a0 ffffffff 1 R4 LDG.E.64 1 R4 8 1 0x7f3354d55500 8 0 
75 0 0 9 00a0 ffffffff 1 R4 LDG.E.64 1 R4 8 1 0x7f3354d59f00 8 0 
11 0 0 1 00a0 ffffffff 1 R4 LDG.E.64 1 R4 8 1 0x7f3354cd9700 8 0 
31 0 0 30 00a0 ffffffff 1 R4 LDG.E.64 1 R4 8 1 0x7f3354d03400 8 0 
28 0 0 22 00a0 ffffffff 1 R4 LDG.E.64 1 R4 8 1 0x7f3354cfcc00 8 0 
56 0 0 7 00a0 ffffffff 1 R4 LDG.E.64 1 R4 8 1 0x7f3354d33d00 8 0 
35 0 0 16 00a0 ffffffff 1 R4 LDG.E.64 1 R4 8 1 0x7f3354d0a600 8 0 
83 0 0 2 00a0 ffffffff 1 R4 LDG.E.64 1 R4 8 1 0x7f3354d69800 8 0 
72 0 0 16 00a0 ffffffff 1 R4 LDG.E.64 1 R4 8 1 0x7f3354d54600 8 0 
24 0 0 30 00a0 ffffffff 1 R4 LDG.E.64 1 R4 8 1 0x7f3354cf5400 8 0 
31 0 0 20 00a0 ffffffff 1 R4 LDG.E.64 1 R4 8 1 0x7f3354d02a00 8 0 
3 0 0 29 00a0 ffffffff 1 R4 LDG.E.64 1 R4 8 1 0x7f3354ccb300 8 0 
56 0 0 14 00a0 ffffffff 1 R4 LDG.E.64 1 R4 8 1 0x7f3354d34400 8 0 
83 0 0 4 00a0 ffffffff 1 R4 LDG.E.64 1 R4 8 1 0x7f3354d69a00 8 0 
72 0 0 18 00a0 ffffffff 1 R4 LDG.E.64 1 R4 8 1 0x7f3354d54800 8 0 
75 0 0 10 00a0 ffffffff 1 R4 LDG.E.64 1 R4 8 1 0x7f3354d5a000 8 0 
24 0 0 7 00a0 ffffffff 1 R4 LDG.E.64 1 R4 8 1 0x7f3354cf3d00 8 0 
76 0 0 21 00a0 ffffffff 1 R4 LDG.E.64 1 R4 8 1 0x7f3354d5cb00 8 0 
31 0 0 23 00a0 ffffffff 1 R4 LDG.E.64 1 R4 8 1 0x7f3354d02d00 8 0 
56 0 0 17 00a0 ffffffff 1 R4 LDG.E.64 1 R4 8 1 0x7f3354d34700 8 0 
63 0 0 0 00a0 ffffffff 1 R4 LDG.E.64 1 R4 8 1 0x7f3354d41600 8 0 
72 0 0 11 00a0 ffffffff 1 R4 LDG.E.64 1 R4 8 1 0x7f3354d54100 8 0 
27 0 0 30 00a0 ffffffff 1 R4 LDG.E.64 1 R4 8 1 0x7f3354cfb400 8 0 
56 0 0 13 00a0 ffffffff 1 R4 LDG.E.64 1 R4 8 1 0x7f3354d34300 8 0 
75 0 0 6 00a0 ffffffff 1 R4 LDG.E.64 1 R4 8 1 0x7f3354d59c00 8 0 
72 0 0 8 00a0 ffffffff 1 R4 LDG.E.64 1 R4 8 1 0x7f3354d53e00 8 0 
31 0 0 25 00a0 ffffffff 1 R4 LDG.E.64 1 R4 8 1 0x7f3354d02f00 8 0 
56 0 0 4 00a0 ffffffff 1 R4 LDG.E.64 1 R4 8 1 0x7f3354d33a00 8 0 
88 0 0 12 0050 00000000 0 EXIT 0 0 0 
3 0 0 24 00a0 ffffffff 1 R4 LDG.E.64 1 R4 8 1 0x7f3354ccae00 8 0 
72 0 0 5 00a0 ffffffff 1 R4 LDG.E.64 1 R4 8 1 0x7f3354d53b00 8 0 
35 0 0 17 00a0 ffffffff 1 R4 LDG.E.64 1 R4 8 1 0x7f3354d0a700 8 0 
27 0 0 25 00a0 ffffffff 1 R4 LDG.E.64 1 R4 8 1 0x7f3354cfaf00 8 0 
56 0 0 9 00a0 ffffffff 1 R4 LDG.E.64 1 R4 8 1 0x7f3354d33f00 8 0 
75 0 0 13 00a0 ffffffff 1 R4 LDG.E.64 1 R4 8 1 0x7f3354d5a300 8 0 
72 0 0 10 00a0 ffffffff 1 R4 LDG.E.64 1 R4 8 1 0x7f3354d54000 8 0 
12 0 0 4 00a0 ffffffff 1 R4 LDG.E.64 1 R4 8 1 0x7f3354cdba00 8 0 
31 0 0 0 00a0 ffffffff 1 R4 LDG.E.64 1 R4 8 1 0x7f3354d01600 8 0 
56 0 0 2 00a0 ffffffff 1 R4 LDG.E.64 1 R4 8 1 0x7f3354d33800 8 0 
3 0 0 16 00a0 ffffffff 1 R4 LDG.E.64 1 R4 8 1 0x7f3354cca600 8 0 
72 0 0 7 00a0 ffffffff 1 R4 LDG.E.64 1 R4 8 1 0x7f3354d53d00 8 0 
27 0 0 21 00a0 ffffffff 1 R4 LDG.E.64 1 R4 8 1 0x7f3354cfab00 8 0 
56 0 0 5 00a0 ffffffff 1 R4 LDG.E.64 1 R4 8 1 0x7f3354d33b00 8 0 
75 0 0 2 00a0 ffffffff 1 R4 LDG.E.64 1 R4 8 1 0x7f3354d59800 8 0 
72 0 0 4 00a0 ffffffff 1 R4 LDG.E.64 1 R4 8 1 0x7f3354d53a00 8 0 
3 0 0 25 00a0 ffffffff 1 R4 LDG.E.64 1 R4 8 1 0x7f3354ccaf00 8 0 
56 0 0 1 00a0 ffffffff 1 R4 LDG.E.64 1 R4 8 1 0x7f3354d33700 8 0 
27 0 0 27 00a0 ffffffff 1 R4 LDG.E.64 1 R4 8 1 0x7f3354cfb100 8 0 
72 0 0 6 00a0 ffffffff 1 R4 LDG.E.64 1 R4 8 1 0x7f3354d53c00 8 0 
95 0 0 26 00a0 ffffffff 1 R4 LDG.E.64 1 R4 8 1 0x7f3354d83000 8 0 
75 0 0 31 00a0 ffffffff 1 R4 LDG.E.64 1 R4 8 1 0x7f3354d5b500 8 0 
56 0 0 3 00a0 ffffffff 1 R4 LDG.E.64 1 R4 8 1 0x7f3354d33900 8 0 
31 0 0 21 00a0 ffffffff 1 R4 LDG.E.64 1 R4 8 1 0x7f3354d02b00 8 0 
72 0 0 3 00a0 ffffffff 1 R4 LDG.E.64 1 R4 8 1 0x7f3354d53900 8 0 
11 0 0 6 00a0 ffffffff 1 R4 LDG.E.64 1 R4 8 1 0x7f3354cd9c00 8 0 
56 0 0 24 00a0 ffffffff 1 R4 LDG.E.64 1 R4 8 1 0x7f3354d34e00 8 0 
27 0 0 17 00a0 ffffffff 1 R4 LDG.E.64 1 R4 8 1 0x7f3354cfa700 8 0 
72 0 0 0 00a0 ffffffff 1 R4 LDG.E.64 1 R4 8 1 0x7f3354d53600 8 0 
56 0 0 6 00a0 ffffffff 1 R4 LDG.E.64 1 R4 8 1 0x7f3354d33c00 8 0 
96 0 0 21 00a0 ffffffff 1 R4 LDG.E.64 1 R4 8 1 0x7f3354d84b00 8 0 
35 0 0 24 00a0 ffffffff 1 R4 LDG.E.64 1 R4 8 1 0x7f3354d0ae00 8 0 
7 0 0 23 00a0 ffffffff 1 R4 LDG.E.64 1 R4 8 1 0x7f3354cd2d00 8 0 
35 0 0 27 00a0 ffffffff 1 R4 LDG.E.64 1 R4 8 1 0x7f3354d0b100 8 0 
7 0 0 24 00a0 ffffffff 1 R4 LDG.E.64 1 R4 8 1 0x7f3354cd2e00 8 0 
4 0 0 24 00a0 ffffffff 1 R4 LDG.E.64 1 R4 8 1 0x7f3354ccce00 8 0 
79 0 0 23 00a0 ffffffff 1 R4 LDG.E.64 1 R4 8 1 0x7f3354d62d00 8 0 
76 0 0 19 00a0 ffffffff 1 R4 LDG.E.64 1 R4 8 1 0x7f3354d5c900 8 0 
35 0 0 29 00a0 ffffffff 1 R4 LDG.E.64 1 R4 8 1 0x7f3354d0b300 8 0 
96 0 0 17 00a0 ffffffff 1 R4 LDG.E.64 1 R4 8 1 0x7f3354d84700 8 0 
8 0 0 2 00a0 ffffffff 1 R4 LDG.E.64 1 R4 8 1 0x7f3354cd3800 8 0 
35 0 0 30 00a0 ffffffff 1 R4 LDG.E.64 1 R4 8 1 0x7f3354d0b400 8 0 
68 0 0 29 00a0 ffffffff 1 R4 LDG.E.64 1 R4 8 1 0x7f3354d4d300 8 0 
95 0 0 28 00a0 ffffffff 1 R4 LDG.E.64 1 R4 8 1 0x7f3354d83200 8 0 
8 0 0 0 00a0 ffffffff 1 R4 LDG.E.64 1 R4 8 1 0x7f3354cd3600 8 0 
88 0 0 28 00a0 ffffffff 1 R4 LDG.E.64 1 R4 8 1 0x7f3354d75200 8 0 
4 0 0 19 00a0 ffffffff 1 R4 LDG.E.64 1 R4 8 1 0x7f3354ccc900 8 0 
35 0 0 19 00a0 ffffffff 1 R4 LDG.E.64 1 R4 8 1 0x7f3354d0a900 8 0 
36 0 0 0 00a0 ffffffff 1 R4 LDG.E.64 1 R4 8 1 0x7f3354d0b600 8 0 
35 0 0 23 00a0 ffffffff 1 R4 LDG.E.64 1 R4 8 1 0x7f3354d0ad00 8 0 
95 0 0 9 00a0 ffffffff 1 R4 LDG.E.64 1 R4 8 1 0x7f3354d81f00 8 0 
88 0 0 9 00a0 ffffffff 1 R4 LDG.E.64 1 R4 8 1 0x7f3354d73f00 8 0 
67 0 0 23 00a0 ffffffff 1 R4 LDG.E.64 1 R4 8 1 0x7f3354d4ad00 8 0 
35 0 0 12 00a0 ffffffff 1 R4 LDG.E.64 1 R4 8 1 0x7f3354d0a200 8 0 
35 0 0 21 00a0 ffffffff 1 R4 LDG.E.64 1 R4 8 1 0x7f3354d0ab00 8 0 
7 0 0 15 00a0 ffffffff 1 R4 LDG.E.64 1 R4 8 1 0x7f3354cd2500 8 0 
8 0 0 3 0050 00000000 0 EXIT 0 0 0 
4 0 0 21 00a0 ffffffff 1 R4 LDG.E.64 1 R4 8 1 0x7f3354cccb00 8 0 
35 0 0 13 00a0 ffffffff 1 R4 LDG.E.64 1 R4 8 1 0x7f3354d0a300 8 0 
92 0 0 17 0050 00000000 0 EXIT 0 0 0 
64 0 0 24 00a0 ffffffff 1 R4 LDG.E.64 1 R4 8 1 0x7f3354d44e00 8 0 
4 0 0 13 00a0 ffffffff 1 R4 LDG.E.64 1 R4 8 1 0x7f3354ccc300 8 0 
92 0 0 20 0050 00000000 0 EXIT 0 0 0 
23 0 0 31 00a0 ffffffff 1 R4 LDG.E.64 1 R4 8 1 0x7f3354cf3500 8 0 
95 0 0 14 00a0 ffffffff 1 R4 LDG.E.64 1 R4 8 1 0x7f3354d82400 8 0 
23 0 0 30 00a0 ffffffff 1 R4 LDG.E.64 1 R4 8 1 0x7f3354cf3400 8 0 
88 0 0 6 0050 00000000 0 EXIT 0 0 0 
59 0 0 2 00b0 ffffffff 1 R2 LDG.E.64 1 R2 8 1 0x7f3354c76200 8 0 
59 0 0 18 00b0 ffffffff 1 R2 LDG.E.64 1 R2 8 1 0x7f3354c77200 8 0 
2 0 0 15 00b0 ffffffff 1 R2 LDG.E.64 1 R2 8 1 0x7f3354c04f00 8 0 
2 0 0 25 00b0 ffffffff 1 R2 LDG.E.64 1 R2 8 1 0x7f3354c05900 8 0 
54 0 0 19 00b0 ffffffff 1 R2 LDG.E.64 1 R2 8 1 0x7f3354c6d300 8 0 
74 0 0 13 00b0 ffffffff 1 R2 LDG.E.64 1 R2 8 1 0x7f3354c94d00 8 0 
74 0 0 2 00b0 ffffffff 1 R2 LDG.E.64 1 R2 8 1 0x7f3354c94200 8 0 
18 0 0 25 00b0 ffffffff 1 R2 LDG.E.64 1 R2 8 1 0x7f3354c25900 8 0 
53 0 0 20 00b0 ffffffff 1 R2 LDG.E.64 1 R2 8 1 0x7f3354c6b400 8 0 
46 0 0 6 00b0 ffffffff 1 R2 LDG.E.64 1 R2 8 1 0x7f3354c5c600 8 0 
73 0 0 25 00b0 ffffffff 1 R2 LDG.E.64 1 R2 8 1 0x7f3354c93900 8 0 
18 0 0 8 00b0 ffffffff 1 R2 LDG.E.64 1 R2 8 1 0x7f3354c24800 8 0 
53 0 0 14 00b0 ffffffff 1 R2 LDG.E.64 1 R2 8 1 0x7f3354c6ae00 8 0 
86 0 0 9 00b0 ffffffff 1 R2 LDG.E.64 1 R2 8 1 0x7f3354cac900 8 0 
73 0 0 11 00b0 ffffffff 1 R2 LDG.E.64 1 R2 8 1 0x7f3354c92b00 8 0 
58 0 0 29 00b0 ffffffff 1 R2 LDG.E.64 1 R2 8 1 0x7f3354c75d00 8 0 
45 0 0 21 00b0 ffffffff 1 R2 LDG.E.64 1 R2 8 1 0x7f3354c5b500 8 0 
30 0 0 26 00b0 ffffffff 1 R2 LDG.E.64 1 R2 8 1 0x7f3354c3da00 8 0 
81 0 0 24 00b0 ffffffff 1 R2 LDG.E.64 1 R2 8 1 0x7f3354ca3800 8 0 
82 0 0 27 00b0 ffffffff 1 R2 LDG.E.64 1 R2 8 1 0x7f3354ca5b00 8 0 
81 0 0 5 00b0 ffffffff 1 R2 LDG.E.64 1 R2 8 1 0x7f3354ca2500 8 0 
26 0 0 18 00b0 ffffffff 1 R2 LDG.E.64 1 R2 8 1 0x7f3354c35200 8 0 
29 0 0 1 00b0 ffffffff 1 R2 LDG.E.64 1 R2 8 1 0x7f3354c3a100 8 0 
46 0 0 11 00b0 ffffffff 1 R2 LDG.E.64 1 R2 8 1 0x7f3354c5cb00 8 0 
25 0 0 26 00b0 ffffffff 1 R2 LDG.E.64 1 R2 8 1 0x7f3354c33a00 8 0 
46 0 0 8 00b0 ffffffff 1 R2 LDG.E.64 1 R2 8 1 0x7f3354c5c800 8 0 
73 0 0 2 00b0 ffffffff 1 R2 LDG.E.64 1 R2 8 1 0x7f3354c92200 8 0 
18 0 0 30 00b0 ffffffff 1 R2 LDG.E.64 1 R2 8 1 0x7f3354c25e00 8 0 
29 0 0 23 00b0 ffffffff 1 R2 LDG.E.64 1 R2 8 1 0x7f3354c3b700 8 0 
58 0 0 27 00b0 ffffffff 1 R2 LDG.E.64 1 R2 8 1 0x7f3354c75b00 8 0 
1 0 0 9 00b0 ffffffff 1 R2 LDG.E.64 1 R2 8 1 0x7f3354c02900 8 0 
42 0 0 14 00b0 ffffffff 1 R2 LDG.E.64 1 R2 8 1 0x7f3354c54e00 8 0 
2 0 0 11 00b0 ffffffff 1 R2 LDG.E.64 1 R2 8 1 0x7f3354c04b00 8 0 
53 0 0 7 00b0 ffffffff 1 R2 LDG.E.64 1 R2 8 1 0x7f3354c6a700 8 0 
30 0 0 31 00b0 ffffffff 1 R2 LDG.E.64 1 R2 8 1 0x7f3354c3df00 8 0 
57 0 0 9 00b0 ffffffff 1 R2 LDG.E.64 1 R2 8 1 0x7f3354c72900 8 0 
49 0 0 24 00b0 ffffffff 1 R2 LDG.E.64 1 R2 8 1 0x7f3354c63800 8 0 
86 0 0 7 00b0 ffffffff 1 R2 LDG.E.64 1 R2 8 1 0x7f3354cac700 8 0 
17 0 0 29 00b0 ffffffff 1 R2 LDG.E.64 1 R2 8 1 0x7f3354c23d00 8 0 
50 0 0 16 00b0 ffffffff 1 R2 LDG.E.64 1 R2 8 1 0x7f3354c65000 8 0 
54 0 0 13 00b0 ffffffff 1 R2 LDG.E.64 1 R2 8 1 0x7f3354c6cd00 8 0 
57 0 0 19 00b0 ffffffff 1 R2 LDG.E.64 1 R2 8 1 0x7f3354c73300 8 0 
18 0 0 31 00b0 ffffffff 1 R2 LDG.E.64 1 R2 8 1 0x7f3354c25f00 8 0 
45 0 0 22 00b0 ffffffff 1 R2 LDG.E.64 1 R2 8 1 0x7f3354c5b600 8 0 
26 0 0 29 00b0 ffffffff 1 R2 LDG.E.64 1 R2 8 1 0x7f3354c35d00 8 0 
42 0 0 19 00b0 ffffffff 1 R2 LDG.E.64 1 R2 8 1 0x7f3354c55300 8 0 
45 0 0 0 00b0 ffffffff 1 R2 LDG.E.64 1 R2 8 1 0x7f3354c5a000 8 0 
2 0 0 21 00b0 ffffffff 1 R2 LDG.E.64 1 R2 8 1 0x7f3354c05500 8 0 
11 0 0 31 00b0 ffffffff 1 R2 LDG.E.64 1 R2 8 1 0x7f3354c17f00 8 0 
81 0 0 16 00b0 ffffffff 1 R2 LDG.E.64 1 R2 8 1 0x7f3354ca3000 8 0 
2 0 0 7 00b0 ffffffff 1 R2 LDG.E.64 1 R2 8 1 0x7f3354c04700 8 0 
49 0 0 23 00b0 ffffffff 1 R2 LDG.E.64 1 R2 8 1 0x7f3354c63700 8 0 
29 0 0 20 00b0 ffffffff 1 R2 LDG.E.64 1 R2 8 1 0x7f3354c3b400 8 0 
82 0 0 21 00b0 ffffffff 1 R2 LDG.E.64 1 R2 8 1 0x7f3354ca5500 8 0 
50 0 0 22 00b0 ffffffff 1 R2 LDG.E.64 1 R2 8 1 0x7f3354c65600 8 0 
81 0 0 9 00b0 ffffffff 1 R2 LDG.E.64 1 R2 8 1 0x7f3354ca2900 8 0 
26 0 0 23 00b0 ffffffff 1 R2 LDG.E.64 1 R2 8 1 0x7f3354c35700 8 0 
85 0 0 13 00b0 ffffffff 1 R2 LDG.E.64 1 R2 8 1 0x7f3354caad00 8 0 
86 0 0 28 00b0 ffffffff 1 R2 LDG.E.64 1 R2 8 1 0x7f3354cadc00 8 0 
57 0 0 30 00b0 ffffffff 1 R2 LDG.E.64 1 R2 8 1 0x7f3354c73e00 8 0 
42 0 0 28 00b0 ffffffff 1 R2 LDG.E.64 1 R2 8 1 0x7f3354c55c00 8 0 
58 0 0 21 00b0 ffffffff 1 R2 LDG.E.64 1 R2 8 1 0x7f3354c75500 8 0 
73 0 0 18 00b0 ffffffff 1 R2 LDG.E.64 1 R2 8 1 0x7f3354c93200 8 0 
49 0 0 6 00b0 ffffffff 1 R2 LDG.E.64 1 R2 8 1 0x7f3354c62600 8 0 
46 0 0 1 00b0 ffffffff 1 R2 LDG.E.64 1 R2 8 1 0x7f3354c5c100 8 0 
45 0 0 31 00b0 ffffffff 1 R2 LDG.E.64 1 R2 8 1 0x7f3354c5bf00 8 0 
74 0 0 0 00b0 ffffffff 1 R2 LDG.E.64 1 R2 8 1 0x7f3354c94000 8 0 
25 0 0 27 00b0 ffffffff 1 R2 LDG.E.64 1 R2 8 1 0x7f3354c33b00 8 0 
50 0 0 27 00b0 ffffffff 1 R2 LDG.E.64 1 R2 8 1 0x7f3354c65b00 8 0 
82 0 0 23 00b0 ffffffff 1 R2 LDG.E.64 1 R2 8 1 0x7f3354ca5700 8 0 
29 0 0 29 00b0 ffffffff 1 R2 LDG.E.64 1 R2 8 1 0x7f3354c3bd00 8 0 
54 0 0 14 00b0 ffffffff 1 R2 LDG.E.64 1 R2 8 1 0x7f3354c6ce00 8 0 
1 0 0 10 00b0 ffffffff 1 R2 LDG.E.64 1 R2 8 1 0x7f3354c02a00 8 0 
30 0 0 6 00b0 ffffffff 1 R2 LDG.E.64 1 R2 8 1 0x7f3354c3c600 8 0 
42 0 0 9 00b0 ffffffff 1 R2 LDG.E.64 1 R2 8 1 0x7f3354c54900 8 0 
17 0 0 4 00b0 ffffffff 1 R2 LDG.E.64 1 R2 8 1 0x7f3354c22400 8 0 
83 0 0 28 00b0 ffffffff 1 R2 LDG.E.64 1 R2 8 1 0x7f3354ca7c00 8 0 
58 0 0 4 00b0 ffffffff 1 R2 LDG.E.64 1 R2 8 1 0x7f3354c74400 8 0 
49 0 0 20 00b0 ffffffff 1 R2 LDG.E.64 1 R2 8 1 0x7f3354c63400 8 0 
53 0 0 10 00b0 ffffffff 1 R2 LDG.E.64 1 R2 8 1 0x7f3354c6aa00 8 0 
18 0 0 26 00b0 ffffffff 1 R2 LDG.E.64 1 R2 8 1 0x7f3354c25a00 8 0 
50 0 0 9 00b0 ffffffff 1 R2 LDG.E.64 1 R2 8 1 0x7f3354c64900 8 0 
45 0 0 29 00b0 ffffffff 1 R2 LDG.E.64 1 R2 8 1 0x7f3354c5bd00 8 0 
26 0 0 17 00b0 ffffffff 1 R2 LDG.E.64 1 R2 8 1 0x7f3354c35100 8 0 
25 0 0 20 00b0 ffffffff 1 R2 LDG.E.64 1 R2 8 1 0x7f3354c33400 8 0 
30 0 0 7 00b0 ffffffff 1 R2 LDG.E.64 1 R2 8 1 0x7f3354c3c700 8 0 
29 0 0 18 00b0 ffffffff 1 R2 LDG.E.64 1 R2 8 1 0x7f3354c3b200 8 0 
42 0 0 6 00b0 ffffffff 1 R2 LDG.E.64 1 R2 8 1 0x7f3354c54600 8 0 
58 0 0 12 00b0 ffffffff 1 R2 LDG.E.64 1 R2 8 1 0x7f3354c74c00 8 0 
41 0 0 31 00b0 ffffffff 1 R2 LDG.E.64 1 R2 8 1 0x7f3354c53f00 8 0 
57 0 0 17 00b0 ffffffff 1 R2 LDG.E.64 1 R2 8 1 0x7f3354c73100 8 0 
74 0 0 15 00b0 ffffffff 1 R2 LDG.E.64 1 R2 8 1 0x7f3354c94f00 8 0 
50 0 0 17 00b0 ffffffff 1 R2 LDG.E.64 1 R2 8 1 0x7f3354c65100 8 0 
17 0 0 26 00b0 ffffffff 1 R2 LDG.E.64 1 R2 8 1 0x7f3354c23a00 8 0 
49 0 0 30 00b0 ffffffff 1 R2 LDG.E.64 1 R2 8 1 0x7f3354c63e00 8 0 
26 0 0 26 00b0 ffffffff 1 R2 LDG.E.64 1 R2 8 1 0x7f3354c35a00 8 0 
42 0 0 11 00b0 ffffffff 1 R2 LDG.E.64 1 R2 8 1 0x7f3354c54b00 8 0 
75 0 0 18 00b0 ffffffff 1 R2 LDG.E.64 1 R2 8 1 0x7f3354c97200 8 0 
53 0 0 9 00b0 ffffffff 1 R2 LDG.E.64 1 R2 8 1 0x7f3354c6a900 8 0 
75 0 0 20 00b0 ffffffff 1 R2 LDG.E.64 1 R2 8 1 0x7f3354c97400 8 0 
30 0 0 13 00b0 ffffffff 1 R2 LDG.E.64 1 R2 8 1 0x7f3354c3cd00 8 0 
45 0 0 2 00b0 ffffffff 1 R2 LDG.E.64 1 R2 8 1 0x7f3354c5a200 8 0 
2 0 0 24 00b0 ffffffff 1 R2 LDG.E.64 1 R2 8 1 0x7f3354c05800 8 0 
41 0 0 22 00b0 ffffffff 1 R2 LDG.E.64 1 R2 8 1 0x7f3354c53600 8 0 
25 0 0 5 00b0 ffffffff 1 R2 LDG.E.64 1 R2 8 1 0x7f3354c32500 8 0 
74 0 0 14 00b0 ffffffff 1 R2 LDG.E.64 1 R2 8 1 0x7f3354c94e00 8 0 
50 0 0 10 00b0 ffffffff 1 R2 LDG.E.64 1 R2 8 1 0x7f3354c64a00 8 0 
85 0 0 27 00b0 ffffffff 1 R2 LDG.E.64 1 R2 8 1 0x7f3354cabb00 8 0 
49 0 0 29 00b0 ffffffff 1 R2 LDG.E.64 1 R2 8 1 0x7f3354c63d00 8 0 
26 0 0 15 00b0 ffffffff 1 R2 LDG.E.64 1 R2 8 1 0x7f3354c34f00 8 0 
42 0 0 0 00b0 ffffffff 1 R2 LDG.E.64 1 R2 8 1 0x7f3354c54000 8 0 
1 0 0 21 00b0 ffffffff 1 R2 LDG.E.64 1 R2 8 1 0x7f3354c03500 8 0 
30 0 0 20 00b0 ffffffff 1 R2 LDG.E.64 1 R2 8 1 0x7f3354c3d400 8 0 
73 0 0 12 00b0 ffffffff 1 R2 LDG.E.64 1 R2 8 1 0x7f3354c92c00 8 0 
46 0 0 27 00b0 ffffffff 1 R2 LDG.E.64 1 R2 8 1 0x7f3354c5db00 8 0 
97 0 0 7 00b0 ffffffff 1 R2 LDG.E.64 1 R2 8 1 0x7f3354cc2700 8 0 
53 0 0 13 00b0 ffffffff 1 R2 LDG.E.64 1 R2 8 1 0x7f3354c6ad00 8 0 
2 0 0 3 00b0 ffffffff 1 R2 LDG.E.64 1 R2 8 1 0x7f3354c04300 8 0 
50 0 0 15 00b0 ffffffff 1 R2 LDG.E.64 1 R2 8 1 0x7f3354c64f00 8 0 
81 0 0 1 00b0 ffffffff 1 R2 LDG.E.64 1 R2 8 1 0x7f3354ca2100 8 0 
49 0 0 8 00b0 ffffffff 1 R2 LDG.E.64 1 R2 8 1 0x7f3354c62800 8 0 
18 0 0 4 00b0 ffffffff 1 R2 LDG.E.64 1 R2 8 1 0x7f3354c24400 8 0 
42 0 0 26 00b0 ffffffff 1 R2 LDG.E.64 1 R2 8 1 0x7f3354c55a00 8 0 
29 0 0 28 00b0 ffffffff 1 R2 LDG.E.64 1 R2 8 1 0x7f3354c3bc00 8 0 
82 0 0 25 00b0 ffffffff 1 R2 LDG.E.64 1 R2 8 1 0x7f3354ca5900 8 0 
57 0 0 18 00b0 ffffffff 1 R2 LDG.E.64 1 R2 8 1 0x7f3354c73200 8 0 
86 0 0 4 00b0 ffffffff 1 R2 LDG.E.64 1 R2 8 1 0x7f3354cac400 8 0 
41 0 0 29 00b0 ffffffff 1 R2 LDG.E.64 1 R2 8 1 0x7f3354c53d00 8 0 
45 0 0 4 00b0 ffffffff 1 R2 LDG.E.64 1 R2 8 1 0x7f3354c5a400 8 0 
54 0 0 23 00b0 ffffffff 1 R2 LDG.E.64 1 R2 8 1 0x7f3354c6d700 8 0 
61 0 0 5 00b0 ffffffff 1 R2 LDG.E.64 1 R2 8 1 0x7f3354c7a500 8 0 
50 0 0 20 00b0 ffffffff 1 R2 LDG.E.64 1 R2 8 1 0x7f3354c65400 8 0 
17 0 0 25 00b0 ffffffff 1 R2 LDG.E.64 1 R2 8 1 0x7f3354c23900 8 0 
58 0 0 17 00b0 ffffffff 1 R2 LDG.E.64 1 R2 8 1 0x7f3354c75100 8 0 
49 0 0 19 00b0 ffffffff 1 R2 LDG.E.64 1 R2 8 1 0x7f3354c63300 8 0 
10 0 0 14 00b0 ffffffff 1 R2 LDG.E.64 1 R2 8 1 0x7f3354c14e00 8 0 
53 0 0 1 00b0 ffffffff 1 R2 LDG.E.64 1 R2 8 1 0x7f3354c6a100 8 0 
46 0 0 20 00b0 ffffffff 1 R2 LDG.E.64 1 R2 8 1 0x7f3354c5d400 8 0 
77 0 0 26 00b0 ffffffff 1 R2 LDG.E.64 1 R2 8 1 0x7f3354c9ba00 8 0 
14 0 0 29 00b0 ffffffff 1 R2 LDG.E.64 1 R2 8 1 0x7f3354c1dd00 8 0 
81 0 0 4 00b0 ffffffff 1 R2 LDG.E.64 1 R2 8 1 0x7f3354ca2400 8 0 
74 0 0 25 00b0 ffffffff 1 R2 LDG.E.64 1 R2 8 1 0x7f3354c95900 8 0 
42 0 0 25 00b0 ffffffff 1 R2 LDG.E.64 1 R2 8 1 0x7f3354c55900 8 0 
41 0 0 2 00b0 ffffffff 1 R2 LDG.E.64 1 R2 8 1 0x7f3354c52200 8 0 
85 0 0 29 00b0 ffffffff 1 R2 LDG.E.64 1 R2 8 1 0x7f3354cabd00 8 0 
82 0 0 2 00b0 ffffffff 1 R2 LDG.E.64 1 R2 8 1 0x7f3354ca4200 8 0 
34 0 0 2 00b0 ffffffff 1 R2 LDG.E.64 1 R2 8 1 0x7f3354c44200 8 0 
61 0 0 2 00b0 ffffffff 1 R2 LDG.E.64 1 R2 8 1 0x7f3354c7a200 8 0 
1 0 0 24 00b0 ffffffff 1 R2 LDG.E.64 1 R2 8 1 0x7f3354c03800 8 0 
86 0 0 21 00b0 ffffffff 1 R2 LDG.E.64 1 R2 8 1 0x7f3354cad500 8 0 
22 0 0 3 00b0 ffffffff 1 R2 LDG.E.64 1 R2 8 1 0x7f3354c2c300 8 0 
49 0 0 13 00b0 ffffffff 1 R2 LDG.E.64 1 R2 8 1 0x7f3354c62d00 8 0 
45 0 0 7 00b0 ffffffff 1 R2 LDG.E.64 1 R2 8 1 0x7f3354c5a700 8 0 
54 0 0 0 00b0 ffffffff 1 R2 LDG.E.64 1 R2 8 1 0x7f3354c6c000 8 0 
50 0 0 6 00b0 ffffffff 1 R2 LDG.E.64 1 R2 8 1 0x7f3354c64600 8 0 
77 0 0 29 00b0 ffffffff 1 R2 LDG.E.64 1 R2 8 1 0x7f3354c9bd00 8 0 
17 0 0 28 00b0 ffffffff 1 R2 LDG.E.64 1 R2 8 1 0x7f3354c23c00 8 0 
58 0 0 31 00b0 ffffffff 1 R2 LDG.E.64 1 R2 8 1 0x7f3354c75f00 8 0 
10 0 0 19 00b0 ffffffff 1 R2 LDG.E.64 1 R2 8 1 0x7f3354c15300 8 0 
53 0 0 11 00b0 ffffffff 1 R2 LDG.E.64 1 R2 8 1 0x7f3354c6ab00 8 0 
41 0 0 25 00b0 ffffffff 1 R2 LDG.E.64 1 R2 8 1 0x7f3354c53900 8 0 
46 0 0 2 00b0 ffffffff 1 R2 LDG.E.64 1 R2 8 1 0x7f3354c5c200 8 0 
14 0 0 28 00b0 ffffffff 1 R2 LDG.E.64 1 R2 8 1 0x7f3354c1dc00 8 0 
81 0 0 30 00b0 ffffffff 1 R2 LDG.E.64 1 R2 8 1 0x7f3354ca3e00 8 0 
5 0 0 16 00b0 ffffffff 1 R2 LDG.E.64 1 R2 8 1 0x7f3354c0b000 8 0 
74 0 0 20 00b0 ffffffff 1 R2 LDG.E.64 1 R2 8 1 0x7f3354c95400 8 0 
42 0 0 3 00b0 ffffffff 1 R2 LDG.E.64 1 R2 8 1 0x7f3354c54300 8 0 
85 0 0 6 00b0 ffffffff 1 R2 LDG.E.64 1 R2 8 1 0x7f3354caa600 8 0 
49 0 0 14 00b0 ffffffff 1 R2 LDG.E.64 1 R2 8 1 0x7f3354c62e00 8 0 
26 0 0 0 00b0 ffffffff 1 R2 LDG.E.64 1 R2 8 1 0x7f3354c34000 8 0 
6 0 0 11 00b0 ffffffff 1 R2 LDG.E.64 1 R2 8 1 0x7f3354c0cb00 8 0 
57 0 0 10 00b0 ffffffff 1 R2 LDG.E.64 1 R2 8 1 0x7f3354c72a00 8 0 
21 0 0 12 00b0 ffffffff 1 R2 LDG.E.64 1 R2 8 1 0x7f3354c2ac00 8 0 
86 0 0 6 00b0 ffffffff 1 R2 LDG.E.64 1 R2 8 1 0x7f3354cac600 8 0 
34 0 0 16 00b0 ffffffff 1 R2 LDG.E.64 1 R2 8 1 0x7f3354c45000 8 0 
45 0 0 1 00b0 ffffffff 1 R2 LDG.E.64 1 R2 8 1 0x7f3354c5a100 8 0 
69 0 0 9 00b0 ffffffff 1 R2 LDG.E.64 1 R2 8 1 0x7f3354c8a900 8 0 
54 0 0 1 00b0 ffffffff 1 R2 LDG.E.64 1 R2 8 1 0x7f3354c6c100 8 0 
78 0 0 15 00b0 ffffffff 1 R2 LDG.E.64 1 R2 8 1 0x7f3354c9cf00 8 0 
73 0 0 6 00b0 ffffffff 1 R2 LDG.E.64 1 R2 8 1 0x7f3354c92600 8 0 
89 0 0 13 00b0 ffffffff 1 R2 LDG.E.64 1 R2 8 1 0x7f3354cb2d00 8 0 
2 0 0 17 00b0 ffffffff 1 R2 LDG.E.64 1 R2 8 1 0x7f3354c05100 8 0 
50 0 0 28 00b0 ffffffff 1 R2 LDG.E.64 1 R2 8 1 0x7f3354c65c00 8 0 
53 0 0 16 00b0 ffffffff 1 R2 LDG.E.64 1 R2 8 1 0x7f3354c6b000 8 0 
41 0 0 23 00b0 ffffffff 1 R2 LDG.E.64 1 R2 8 1 0x7f3354c53700 8 0 
46 0 0 13 00b0 ffffffff 1 R2 LDG.E.64 1 R2 8 1 0x7f3354c5cd00 8 0 
66 0 0 11 00b0 ffffffff 1 R2 LDG.E.64 1 R2 8 1 0x7f3354c84b00 8 0 
25 0 0 4 00b0 ffffffff 1 R2 LDG.E.64 1 R2 8 1 0x7f3354c32400 8 0 
61 0 0 22 00b0 ffffffff 1 R2 LDG.E.64 1 R2 8 1 0x7f3354c7b600 8 0 
74 0 0 17 00b0 ffffffff 1 R2 LDG.E.64 1 R2 8 1 0x7f3354c95100 8 0 
14 0 0 30 00b0 ffffffff 1 R2 LDG.E.64 1 R2 8 1 0x7f3354c1de00 8 0 
85 0 0 7 00b0 ffffffff 1 R2 LDG.E.64 1 R2 8 1 0x7f3354caa700 8 0 
49 0 0 4 00b0 ffffffff 1 R2 LDG.E.64 1 R2 8 1 0x7f3354c62400 8 0 
26 0 0 12 00b0 ffffffff 1 R2 LDG.E.64 1 R2 8 1 0x7f3354c34c00 8 0 
42 0 0 22 00b0 ffffffff 1 R2 LDG.E.64 1 R2 8 1 0x7f3354c55600 8 0 
57 0 0 13 00b0 ffffffff 1 R2 LDG.E.64 1 R2 8 1 0x7f3354c72d00 8 0 
86 0 0 17 00b0 ffffffff 1 R2 LDG.E.64 1 R2 8 1 0x7f3354cad100 8 0 
62 0 0 0 00b0 ffffffff 1 R2 LDG.E.64 1 R2 8 1 0x7f3354c7c000 8 0 
21 0 0 8 00b0 ffffffff 1 R2 LDG.E.64 1 R2 8 1 0x7f3354c2a800 8 0 
45 0 0 18 00b0 ffffffff 1 R2 LDG.E.64 1 R2 8 1 0x7f3354c5b200 8 0 
54 0 0 6 00b0 ffffffff 1 R2 LDG.E.64 1 R2 8 1 0x7f3354c6c600 8 0 
90 0 0 8 00b0 ffffffff 1 R2 LDG.E.64 1 R2 8 1 0x7f3354cb4800 8 0 
9 0 0 29 00b0 ffffffff 1 R2 LDG.E.64 1 R2 8 1 0x7f3354c13d00 8 0 
73 0 0 9 00b0 ffffffff 1 R2 LDG.E.64 1 R2 8 1 0x7f3354c92900 8 0 
8 0 0 1 00a0 ffffffff 1 R4 LDG.E.64 1 R4 8 1 0x7f3354cd3700 8 0 
58 0 0 8 00b0 ffffffff 1 R2 LDG.E.64 1 R2 8 1 0x7f3354c74800 8 0 
94 0 0 24 00b0 ffffffff 1 R2 LDG.E.64 1 R2 8 1 0x7f3354cbd800 8 0 
13 0 0 9 00b0 ffffffff 1 R2 LDG.E.64 1 R2 8 1 0x7f3354c1a900 8 0 
53 0 0 2 00b0 ffffffff 1 R2 LDG.E.64 1 R2 8 1 0x7f3354c6a200 8 0 
46 0 0 30 00b0 ffffffff 1 R2 LDG.E.64 1 R2 8 1 0x7f3354c5de00 8 0 
22 0 0 25 00b0 ffffffff 1 R2 LDG.E.64 1 R2 8 1 0x7f3354c2d900 8 0 
89 0 0 31 00b0 ffffffff 1 R2 LDG.E.64 1 R2 8 1 0x7f3354cb3f00 8 0 
25 0 0 8 00b0 ffffffff 1 R2 LDG.E.64 1 R2 8 1 0x7f3354c32800 8 0 
74 0 0 27 00b0 ffffffff 1 R2 LDG.E.64 1 R2 8 1 0x7f3354c95b00 8 0 
50 0 0 11 00b0 ffffffff 1 R2 LDG.E.64 1 R2 8 1 0x7f3354c64b00 8 0 
97 0 0 19 00b0 ffffffff 1 R2 LDG.E.64 1 R2 8 1 0x7f3354cc3300 8 0 
85 0 0 5 00b0 ffffffff 1 R2 LDG.E.64 1 R2 8 1 0x7f3354caa500 8 0 
82 0 0 5 00b0 ffffffff 1 R2 LDG.E.64 1 R2 8 1 0x7f3354ca4500 8 0 
10 0 0 10 00b0 ffffffff 1 R2 LDG.E.64 1 R2 8 1 0x7f3354c14a00 8 0 
5 0 0 4 00b0 ffffffff 1 R2 LDG.E.64 1 R2 8 1 0x7f3354c0a400 8 0 
57 0 0 14 00b0 ffffffff 1 R2 LDG.E.64 1 R2 8 1 0x7f3354c72e00 8 0 
30 0 0 3 00b0 ffffffff 1 R2 LDG.E.64 1 R2 8 1 0x7f3354c3c300 8 0 
14 0 0 25 00b0 ffffffff 1 R2 LDG.E.64 1 R2 8 1 0x7f3354c1d900 8 0 
49 0 0 11 00b0 ffffffff 1 R2 LDG.E.64 1 R2 8 1 0x7f3354c62b00 8 0 
45 0 0 16 00b0 ffffffff 1 R2 LDG.E.64 1 R2 8 1 0x7f3354c5b000 8 0 
54 0 0 3 00b0 ffffffff 1 R2 LDG.E.64 1 R2 8 1 0x7f3354c6c300 8 0 
42 0 0 8 00b0 ffffffff 1 R2 LDG.E.64 1 R2 8 1 0x7f3354c54800 8 0 
37 0 0 14 00b0 ffffffff 1 R2 LDG.E.64 1 R2 8 1 0x7f3354c4ae00 8 0 
17 0 0 27 00b0 ffffffff 1 R2 LDG.E.64 1 R2 8 1 0x7f3354c23b00 8 0 
2 0 0 23 00b0 ffffffff 1 R2 LDG.E.64 1 R2 8 1 0x7f3354c05700 8 0 
6 0 0 8 00b0 ffffffff 1 R2 LDG.E.64 1 R2 8 1 0x7f3354c0c800 8 0 
21 0 0 26 00b0 ffffffff 1 R2 LDG.E.64 1 R2 8 1 0x7f3354c2ba00 8 0 
53 0 0 0 00b0 ffffffff 1 R2 LDG.E.64 1 R2 8 1 0x7f3354c6a000 8 0 
46 0 0 31 00b0 ffffffff 1 R2 LDG.E.64 1 R2 8 1 0x7f3354c5df00 8 0 
90 0 0 14 00b0 ffffffff 1 R2 LDG.E.64 1 R2 8 1 0x7f3354cb4e00 8 0 
65 0 0 22 00b0 ffffffff 1 R2 LDG.E.64 1 R2 8 1 0x7f3354c83600 8 0 
25 0 0 1 00b0 ffffffff 1 R2 LDG.E.64 1 R2 8 1 0x7f3354c32100 8 0 
74 0 0 30 00b0 ffffffff 1 R2 LDG.E.64 1 R2 8 1 0x7f3354c95e00 8 0 
87 0 0 16 00b0 ffffffff 1 R2 LDG.E.64 1 R2 8 1 0x7f3354caf000 8 0 
94 0 0 21 00b0 ffffffff 1 R2 LDG.E.64 1 R2 8 1 0x7f3354cbd500 8 0 
13 0 0 3 00b0 ffffffff 1 R2 LDG.E.64 1 R2 8 1 0x7f3354c1a300 8 0 
29 0 0 24 00b0 ffffffff 1 R2 LDG.E.64 1 R2 8 1 0x7f3354c3b800 8 0 
26 0 0 25 00b0 ffffffff 1 R2 LDG.E.64 1 R2 8 1 0x7f3354c35900 8 0 
78 0 0 21 00b0 ffffffff 1 R2 LDG.E.64 1 R2 8 1 0x7f3354c9d500 8 0 
89 0 0 21 00b0 ffffffff 1 R2 LDG.E.64 1 R2 8 1 0x7f3354cb3500 8 0 
1 0 0 20 00b0 ffffffff 1 R2 LDG.E.64 1 R2 8 1 0x7f3354c03400 8 0 
30 0 0 0 00b0 ffffffff 1 R2 LDG.E.64 1 R2 8 1 0x7f3354c3c000 8 0 
50 0 0 30 00b0 ffffffff 1 R2 LDG.E.64 1 R2 8 1 0x7f3354c65e00 8 0 
97 0 0 17 00b0 ffffffff 1 R2 LDG.E.64 1 R2 8 1 0x7f3354cc3100 8 0 
45 0 0 19 00b0 ffffffff 1 R2 LDG.E.64 1 R2 8 1 0x7f3354c5b300 8 0 
54 0 0 28 00b0 ffffffff 1 R2 LDG.E.64 1 R2 8 1 0x7f3354c6dc00 8 0 
10 0 0 25 00b0 ffffffff 1 R2 LDG.E.64 1 R2 8 1 0x7f3354c15900 8 0 
61 0 0 13 00b0 ffffffff 1 R2 LDG.E.64 1 R2 8 1 0x7f3354c7ad00 8 0 
17 0 0 24 00b0 ffffffff 1 R2 LDG.E.64 1 R2 8 1 0x7f3354c23800 8 0 
2 0 0 27 00b0 ffffffff 1 R2 LDG.E.64 1 R2 8 1 0x7f3354c05b00 8 0 
14 0 0 26 00b0 ffffffff 1 R2 LDG.E.64 1 R2 8 1 0x7f3354c1da00 8 0 
49 0 0 21 00b0 ffffffff 1 R2 LDG.E.64 1 R2 8 1 0x7f3354c63500 8 0 
53 0 0 27 00b0 ffffffff 1 R2 LDG.E.64 1 R2 8 1 0x7f3354c6bb00 8 0 
46 0 0 25 00b0 ffffffff 1 R2 LDG.E.64 1 R2 8 1 0x7f3354c5d900 8 0 
42 0 0 5 00b0 ffffffff 1 R2 LDG.E.64 1 R2 8 1 0x7f3354c54500 8 0 
37 0 0 21 00b0 ffffffff 1 R2 LDG.E.64 1 R2 8 1 0x7f3354c4b500 8 0 
25 0 0 14 00b0 ffffffff 1 R2 LDG.E.64 1 R2 8 1 0x7f3354c32e00 8 0 
74 0 0 7 00b0 ffffffff 1 R2 LDG.E.64 1 R2 8 1 0x7f3354c94700 8 0 
62 0 0 21 00b0 ffffffff 1 R2 LDG.E.64 1 R2 8 1 0x7f3354c7d500 8 0 
21 0 0 30 00b0 ffffffff 1 R2 LDG.E.64 1 R2 8 1 0x7f3354c2be00 8 0 
29 0 0 9 00b0 ffffffff 1 R2 LDG.E.64 1 R2 8 1 0x7f3354c3a900 8 0 
82 0 0 15 00b0 ffffffff 1 R2 LDG.E.64 1 R2 8 1 0x7f3354ca4f00 8 0 
90 0 0 31 00b0 ffffffff 1 R2 LDG.E.64 1 R2 8 1 0x7f3354cb5f00 8 0 
65 0 0 15 00b0 ffffffff 1 R2 LDG.E.64 1 R2 8 1 0x7f3354c82f00 8 0 
1 0 0 23 00b0 ffffffff 1 R2 LDG.E.64 1 R2 8 1 0x7f3354c03700 8 0 
30 0 0 1 00b0 ffffffff 1 R2 LDG.E.64 1 R2 8 1 0x7f3354c3c100 8 0 
94 0 0 10 00b0 ffffffff 1 R2 LDG.E.64 1 R2 8 1 0x7f3354cbca00 8 0 
13 0 0 29 00b0 ffffffff 1 R2 LDG.E.64 1 R2 8 1 0x7f3354c1bd00 8 0 
45 0 0 30 00b0 ffffffff 1 R2 LDG.E.64 1 R2 8 1 0x7f3354c5be00 8 0 
54 0 0 17 00b0 ffffffff 1 R2 LDG.E.64 1 R2 8 1 0x7f3354c6d100 8 0 
78 0 0 27 00b0 ffffffff 1 R2 LDG.E.64 1 R2 8 1 0x7f3354c9db00 8 0 
89 0 0 0 00b0 ffffffff 1 R2 LDG.E.64 1 R2 8 1 0x7f3354cb2000 8 0 
17 0 0 21 00b0 ffffffff 1 R2 LDG.E.64 1 R2 8 1 0x7f3354c23500 8 0 
59 0 0 6 00b0 ffffffff 1 R2 LDG.E.64 1 R2 8 1 0x7f3354c76600 8 0 
2 0 0 22 00b0 ffffffff 1 R2 LDG.E.64 1 R2 8 1 0x7f3354c05600 8 0 
50 0 0 13 00b0 ffffffff 1 R2 LDG.E.64 1 R2 8 1 0x7f3354c64d00 8 0 
97 0 0 4 00b0 ffffffff 1 R2 LDG.E.64 1 R2 8 1 0x7f3354cc2400 8 0 
53 0 0 25 00b0 ffffffff 1 R2 LDG.E.64 1 R2 8 1 0x7f3354c6b900 8 0 
46 0 0 24 00b0 ffffffff 1 R2 LDG.E.64 1 R2 8 1 0x7f3354c5d800 8 0 
10 0 0 27 00b0 ffffffff 1 R2 LDG.E.64 1 R2 8 1 0x7f3354c15b00 8 0 
61 0 0 16 00b0 ffffffff 1 R2 LDG.E.64 1 R2 8 1 0x7f3354c7b000 8 0 
25 0 0 23 00b0 ffffffff 1 R2 LDG.E.64 1 R2 8 1 0x7f3354c33700 8 0 
18 0 0 27 00b0 ffffffff 1 R2 LDG.E.64 1 R2 8 1 0x7f3354c25b00 8 0 
70 0 0 22 00b0 ffffffff 1 R2 LDG.E.64 1 R2 8 1 0x7f3354c8d600 8 0 
49 0 0 18 00b0 ffffffff 1 R2 LDG.E.64 1 R2 8 1 0x7f3354c63200 8 0 
29 0 0 19 00b0 ffffffff 1 R2 LDG.E.64 1 R2 8 1 0x7f3354c3b300 8 0 
26 0 0 3 00b0 ffffffff 1 R2 LDG.E.64 1 R2 8 1 0x7f3354c34300 8 0 
42 0 0 4 00b0 ffffffff 1 R2 LDG.E.64 1 R2 8 1 0x7f3354c54400 8 0 
93 0 0 9 00b0 ffffffff 1 R2 LDG.E.64 1 R2 8 1 0x7f3354cba900 8 0 
1 0 0 8 00b0 ffffffff 1 R2 LDG.E.64 1 R2 8 1 0x7f3354c02800 8 0 
86 0 0 1 00b0 ffffffff 1 R2 LDG.E.64 1 R2 8 1 0x7f3354cac100 8 0 
6 0 0 7 00b0 ffffffff 1 R2 LDG.E.64 1 R2 8 1 0x7f3354c0c700 8 0 
21 0 0 6 00b0 ffffffff 1 R2 LDG.E.64 1 R2 8 1 0x7f3354c2a600 8 0 
45 0 0 17 00b0 ffffffff 1 R2 LDG.E.64 1 R2 8 1 0x7f3354c5b100 8 0 
54 0 0 4 00b0 ffffffff 1 R2 LDG.E.64 1 R2 8 1 0x7f3354c6c400 8 0 
90 0 0 13 00b0 ffffffff 1 R2 LDG.E.64 1 R2 8 1 0x7f3354cb4d00 8 0 
9 0 0 6 00b0 ffffffff 1 R2 LDG.E.64 1 R2 8 1 0x7f3354c12600 8 0 
17 0 0 10 00b0 ffffffff 1 R2 LDG.E.64 1 R2 8 1 0x7f3354c22a00 8 0 
58 0 0 28 00b0 ffffffff 1 R2 LDG.E.64 1 R2 8 1 0x7f3354c75c00 8 0 
94 0 0 16 00b0 ffffffff 1 R2 LDG.E.64 1 R2 8 1 0x7f3354cbd000 8 0 
69 0 0 15 00b0 ffffffff 1 R2 LDG.E.64 1 R2 8 1 0x7f3354c8af00 8 0 
53 0 0 6 00b0 ffffffff 1 R2 LDG.E.64 1 R2 8 1 0x7f3354c6a600 8 0 
46 0 0 0 00b0 ffffffff 1 R2 LDG.E.64 1 R2 8 1 0x7f3354c5c000 8 0 
78 0 0 19 00b0 ffffffff 1 R2 LDG.E.64 1 R2 8 1 0x7f3354c9d300 8 0 
89 0 0 6 00b0 ffffffff 1 R2 LDG.E.64 1 R2 8 1 0x7f3354cb2600 8 0 
25 0 0 0 00b0 ffffffff 1 R2 LDG.E.64 1 R2 8 1 0x7f3354c32000 8 0 
18 0 0 29 00b0 ffffffff 1 R2 LDG.E.64 1 R2 8 1 0x7f3354c25d00 8 0 
50 0 0 8 00b0 ffffffff 1 R2 LDG.E.64 1 R2 8 1 0x7f3354c64800 8 0 
41 0 0 27 00b0 ffffffff 1 R2 LDG.E.64 1 R2 8 1 0x7f3354c53b00 8 0 
29 0 0 16 00b0 ffffffff 1 R2 LDG.E.64 1 R2 8 1 0x7f3354c3b000 8 0 
82 0 0 11 00b0 ffffffff 1 R2 LDG.E.64 1 R2 8 1 0x7f3354ca4b00 8 0 
66 0 0 9 00b0 ffffffff 1 R2 LDG.E.64 1 R2 8 1 0x7f3354c84900 8 0 
5 0 0 0 00b0 ffffffff 1 R2 LDG.E.64 1 R2 8 1 0x7f3354c0a000 8 0 
91 0 0 20 00a0 ffffffff 1 R4 LDG.E.64 1 R4 8 1 0x7f3354d7aa00 8 0 
1 0 0 1 00b0 ffffffff 1 R2 LDG.E.64 1 R2 8 1 0x7f3354c02100 8 0 
30 0 0 9 00b0 ffffffff 1 R2 LDG.E.64 1 R2 8 1 0x7f3354c3c900 8 0 
14 0 0 24 00b0 ffffffff 1 R2 LDG.E.64 1 R2 8 1 0x7f3354c1d800 8 0 
49 0 0 25 00b0 ffffffff 1 R2 LDG.E.64 1 R2 8 1 0x7f3354c63900 8 0 
45 0 0 15 00b0 ffffffff 1 R2 LDG.E.64 1 R2 8 1 0x7f3354c5af00 8 0 
54 0 0 22 00b0 ffffffff 1 R2 LDG.E.64 1 R2 8 1 0x7f3354c6d600 8 0 
42 0 0 27 00b0 ffffffff 1 R2 LDG.E.64 1 R2 8 1 0x7f3354c55b00 8 0 
93 0 0 28 00b0 ffffffff 1 R2 LDG.E.64 1 R2 8 1 0x7f3354cbbc00 8 0 
17 0 0 0 00b0 ffffffff 1 R2 LDG.E.64 1 R2 8 1 0x7f3354c22000 8 0 
2 0 0 30 00b0 ffffffff 1 R2 LDG.E.64 1 R2 8 1 0x7f3354c05e00 8 0 
6 0 0 13 00b0 ffffffff 1 R2 LDG.E.64 1 R2 8 1 0x7f3354c0cd00 8 0 
77 0 0 27 00b0 ffffffff 1 R2 LDG.E.64 1 R2 8 1 0x7f3354c9bb00 8 0 
53 0 0 24 00b0 ffffffff 1 R2 LDG.E.64 1 R2 8 1 0x7f3354c6b800 8 0 
46 0 0 22 00b0 ffffffff 1 R2 LDG.E.64 1 R2 8 1 0x7f3354c5d600 8 0 
34 0 0 29 00b0 ffffffff 1 R2 LDG.E.64 1 R2 8 1 0x7f3354c45d00 8 0 
9 0 0 17 00b0 ffffffff 1 R2 LDG.E.64 1 R2 8 1 0x7f3354c13100 8 0 
25 0 0 10 00b0 ffffffff 1 R2 LDG.E.64 1 R2 8 1 0x7f3354c32a00 8 0 
74 0 0 11 00b0 ffffffff 1 R2 LDG.E.64 1 R2 8 1 0x7f3354c94b00 8 0 
94 0 0 19 00b0 ffffffff 1 R2 LDG.E.64 1 R2 8 1 0x7f3354cbd300 8 0 
13 0 0 30 00b0 ffffffff 1 R2 LDG.E.64 1 R2 8 1 0x7f3354c1be00 8 0 
85 0 0 18 00b0 ffffffff 1 R2 LDG.E.64 1 R2 8 1 0x7f3354cab200 8 0 
26 0 0 31 00b0 ffffffff 1 R2 LDG.E.64 1 R2 8 1 0x7f3354c35f00 8 0 
22 0 0 18 00b0 ffffffff 1 R2 LDG.E.64 1 R2 8 1 0x7f3354c2d200 8 0 
89 0 0 27 00b0 ffffffff 1 R2 LDG.E.64 1 R2 8 1 0x7f3354cb3b00 8 0 
1 0 0 0 00b0 ffffffff 1 R2 LDG.E.64 1 R2 8 1 0x7f3354c02000 8 0 
86 0 0 18 00b0 ffffffff 1 R2 LDG.E.64 1 R2 8 1 0x7f3354cad200 8 0 
50 0 0 29 00b0 ffffffff 1 R2 LDG.E.64 1 R2 8 1 0x7f3354c65d00 8 0 
41 0 0 12 00b0 ffffffff 1 R2 LDG.E.64 1 R2 8 1 0x7f3354c52c00 8 0 
45 0 0 8 00b0 ffffffff 1 R2 LDG.E.64 1 R2 8 1 0x7f3354c5a800 8 0 
54 0 0 27 00b0 ffffffff 1 R2 LDG.E.64 1 R2 8 1 0x7f3354c6db00 8 0 
66 0 0 17 00b0 ffffffff 1 R2 LDG.E.64 1 R2 8 1 0x7f3354c85100 8 0 
61 0 0 1 00b0 ffffffff 1 R2 LDG.E.64 1 R2 8 1 0x7f3354c7a100 8 0 
17 0 0 23 00b0 ffffffff 1 R2 LDG.E.64 1 R2 8 1 0x7f3354c23700 8 0 
58 0 0 0 00b0 ffffffff 1 R2 LDG.E.64 1 R2 8 1 0x7f3354c74000 8 0 
70 0 0 7 00b0 ffffffff 1 R2 LDG.E.64 1 R2 8 1 0x7f3354c8c700 8 0 
49 0 0 16 00b0 ffffffff 1 R2 LDG.E.64 1 R2 8 1 0x7f3354c63000 8 0 
53 0 0 19 00b0 ffffffff 1 R2 LDG.E.64 1 R2 8 1 0x7f3354c6b300 8 0 
46 0 0 23 00b0 ffffffff 1 R2 LDG.E.64 1 R2 8 1 0x7f3354c5d700 8 0 
42 0 0 29 00b0 ffffffff 1 R2 LDG.E.64 1 R2 8 1 0x7f3354c55d00 8 0 
37 0 0 31 00b0 ffffffff 1 R2 LDG.E.64 1 R2 8 1 0x7f3354c4bf00 8 0 
81 0 0 31 00b0 ffffffff 1 R2 LDG.E.64 1 R2 8 1 0x7f3354ca3f00 8 0 
18 0 0 3 00b0 ffffffff 1 R2 LDG.E.64 1 R2 8 1 0x7f3354c24300 8 0 
6 0 0 0 00b0 ffffffff 1 R2 LDG.E.64 1 R2 8 1 0x7f3354c0c000 8 0 
21 0 0 7 00b0 ffffffff 1 R2 LDG.E.64 1 R2 8 1 0x7f3354c2a700 8 0 
85 0 0 15 00b0 ffffffff 1 R2 LDG.E.64 1 R2 8 1 0x7f3354caaf00 8 0 
82 0 0 24 00b0 ffffffff 1 R2 LDG.E.64 1 R2 8 1 0x7f3354ca5800 8 0 
34 0 0 15 00b0 ffffffff 1 R2 LDG.E.64 1 R2 8 1 0x7f3354c44f00 8 0 
9 0 0 2 00b0 ffffffff 1 R2 LDG.E.64 1 R2 8 1 0x7f3354c12200 8 0 
83 0 0 19 00b0 ffffffff 1 R2 LDG.E.64 1 R2 8 1 0x7f3354ca7300 8 0 
57 0 0 21 00b0 ffffffff 1 R2 LDG.E.64 1 R2 8 1 0x7f3354c73500 8 0 
86 0 0 22 00b0 ffffffff 1 R2 LDG.E.64 1 R2 8 1 0x7f3354cad600 8 0 
38 0 0 13 00b0 ffffffff 1 R2 LDG.E.64 1 R2 8 1 0x7f3354c4cd00 8 0 
69 0 0 4 00b0 ffffffff 1 R2 LDG.E.64 1 R2 8 1 0x7f3354c8a400 8 0 
45 0 0 10 00b0 ffffffff 1 R2 LDG.E.64 1 R2 8 1 0x7f3354c5aa00 8 0 
54 0 0 21 00b0 ffffffff 1 R2 LDG.E.64 1 R2 8 1 0x7f3354c6d500 8 0 
22 0 0 21 00b0 ffffffff 1 R2 LDG.E.64 1 R2 8 1 0x7f3354c2d500 8 0 
89 0 0 25 00b0 ffffffff 1 R2 LDG.E.64 1 R2 8 1 0x7f3354cb3900 8 0 
73 0 0 16 00b0 ffffffff 1 R2 LDG.E.64 1 R2 8 1 0x7f3354c93000 8 0 
58 0 0 11 00b0 ffffffff 1 R2 LDG.E.64 1 R2 8 1 0x7f3354c74b00 8 0 
50 0 0 19 00b0 ffffffff 1 R2 LDG.E.64 1 R2 8 1 0x7f3354c65300 8 0 
41 0 0 21 00b0 ffffffff 1 R2 LDG.E.64 1 R2 8 1 0x7f3354c53500 8 0 
53 0 0 5 00b0 ffffffff 1 R2 LDG.E.64 1 R2 8 1 0x7f3354c6a500 8 0 
46 0 0 17 00b0 ffffffff 1 R2 LDG.E.64 1 R2 8 1 0x7f3354c5d100 8 0 
66 0 0 10 00b0 ffffffff 1 R2 LDG.E.64 1 R2 8 1 0x7f3354c84a00 8 0 
5 0 0 28 00b0 ffffffff 1 R2 LDG.E.64 1 R2 8 1 0x7f3354c0bc00 8 0 
81 0 0 14 00b0 ffffffff 1 R2 LDG.E.64 1 R2 8 1 0x7f3354ca2e00 8 0 
18 0 0 22 00b0 ffffffff 1 R2 LDG.E.64 1 R2 8 1 0x7f3354c25600 8 0 
70 0 0 14 00b0 ffffffff 1 R2 LDG.E.64 1 R2 8 1 0x7f3354c8ce00 8 0 
49 0 0 17 00b0 ffffffff 1 R2 LDG.E.64 1 R2 8 1 0x7f3354c63100 8 0 
29 0 0 30 00b0 ffffffff 1 R2 LDG.E.64 1 R2 8 1 0x7f3354c3be00 8 0 
82 0 0 9 00b0 ffffffff 1 R2 LDG.E.64 1 R2 8 1 0x7f3354ca4900 8 0 
42 0 0 30 00b0 ffffffff 1 R2 LDG.E.64 1 R2 8 1 0x7f3354c55e00 8 0 
93 0 0 23 00b0 ffffffff 1 R2 LDG.E.64 1 R2 8 1 0x7f3354cbb700 8 0 
1 0 0 29 00b0 ffffffff 1 R2 LDG.E.64 1 R2 8 1 0x7f3354c03d00 8 0 
30 0 0 30 00b0 ffffffff 1 R2 LDG.E.64 1 R2 8 1 0x7f3354c3de00 8 0 
62 0 0 6 00b0 ffffffff 1 R2 LDG.E.64 1 R2 8 1 0x7f3354c7c600 8 0 
21 0 0 4 00b0 ffffffff 1 R2 LDG.E.64 1 R2 8 1 0x7f3354c2a400 8 0 
45 0 0 23 00b0 ffffffff 1 R2 LDG.E.64 1 R2 8 1 0x7f3354c5b700 8 0 
54 0 0 10 00b0 ffffffff 1 R2 LDG.E.64 1 R2 8 1 0x7f3354c6ca00 8 0 
90 0 0 3 00b0 ffffffff 1 R2 LDG.E.64 1 R2 8 1 0x7f3354cb4300 8 0 
9 0 0 28 00b0 ffffffff 1 R2 LDG.E.64 1 R2 8 1 0x7f3354c13c00 8 0 
17 0 0 18 00b0 ffffffff 1 R2 LDG.E.64 1 R2 8 1 0x7f3354c23200 8 0 
58 0 0 25 00b0 ffffffff 1 R2 LDG.E.64 1 R2 8 1 0x7f3354c75900 8 0 
94 0 0 26 00b0 ffffffff 1 R2 LDG.E.64 1 R2 8 1 0x7f3354cbda00 8 0 
69 0 0 3 00b0 ffffffff 1 R2 LDG.E.64 1 R2 8 1 0x7f3354c8a300 8 0 
53 0 0 30 00b0 ffffffff 1 R2 LDG.E.64 1 R2 8 1 0x7f3354c6be00 8 0 
46 0 0 7 00b0 ffffffff 1 R2 LDG.E.64 1 R2 8 1 0x7f3354c5c700 8 0 
22 0 0 10 00b0 ffffffff 1 R2 LDG.E.64 1 R2 8 1 0x7f3354c2ca00 8 0 
33 0 0 9 00b0 ffffffff 1 R2 LDG.E.64 1 R2 8 1 0x7f3354c42900 8 0 
25 0 0 6 00b0 ffffffff 1 R2 LDG.E.64 1 R2 8 1 0x7f3354c32600 8 0 
74 0 0 22 00b0 ffffffff 1 R2 LDG.E.64 1 R2 8 1 0x7f3354c95600 8 0 
50 0 0 24 00b0 ffffffff 1 R2 LDG.E.64 1 R2 8 1 0x7f3354c65800 8 0 
41 0 0 15 00b0 ffffffff 1 R2 LDG.E.64 1 R2 8 1 0x7f3354c52f00 8 0 
85 0 0 16 00b0 ffffffff 1 R2 LDG.E.64 1 R2 8 1 0x7f3354cab000 8 0 
26 0 0 14 00b0 ffffffff 1 R2 LDG.E.64 1 R2 8 1 0x7f3354c34e00 8 0 
10 0 0 23 00b0 ffffffff 1 R2 LDG.E.64 1 R2 8 1 0x7f3354c15700 8 0 
61 0 0 3 00b0 ffffffff 1 R2 LDG.E.64 1 R2 8 1 0x7f3354c7a300 8 0 
1 0 0 27 00b0 ffffffff 1 R2 LDG.E.64 1 R2 8 1 0x7f3354c03b00 8 0 
30 0 0 28 00b0 ffffffff 1 R2 LDG.E.64 1 R2 8 1 0x7f3354c3dc00 8 0 
14 0 0 20 00b0 ffffffff 1 R2 LDG.E.64 1 R2 8 1 0x7f3354c1d400 8 0 
49 0 0 22 00b0 ffffffff 1 R2 LDG.E.64 1 R2 8 1 0x7f3354c63600 8 0 
45 0 0 12 00b0 ffffffff 1 R2 LDG.E.64 1 R2 8 1 0x7f3354c5ac00 8 0 
54 0 0 8 00b0 ffffffff 1 R2 LDG.E.64 1 R2 8 1 0x7f3354c6c800 8 0 
42 0 0 20 00b0 ffffffff 1 R2 LDG.E.64 1 R2 8 1 0x7f3354c55400 8 0 
37 0 0 10 00b0 ffffffff 1 R2 LDG.E.64 1 R2 8 1 0x7f3354c4aa00 8 0 
73 0 0 31 00b0 ffffffff 1 R2 LDG.E.64 1 R2 8 1 0x7f3354c93f00 8 0 
58 0 0 6 00b0 ffffffff 1 R2 LDG.E.64 1 R2 8 1 0x7f3354c74600 8 0 
6 0 0 16 00b0 ffffffff 1 R2 LDG.E.64 1 R2 8 1 0x7f3354c0d000 8 0 
77 0 0 21 00b0 ffffffff 1 R2 LDG.E.64 1 R2 8 1 0x7f3354c9b500 8 0 
53 0 0 8 00b0 ffffffff 1 R2 LDG.E.64 1 R2 8 1 0x7f3354c6a800 8 0 
46 0 0 18 00b0 ffffffff 1 R2 LDG.E.64 1 R2 8 1 0x7f3354c5d200 8 0 
34 0 0 11 00b0 ffffffff 1 R2 LDG.E.64 1 R2 8 1 0x7f3354c44b00 8 0 
65 0 0 21 00b0 ffffffff 1 R2 LDG.E.64 1 R2 8 1 0x7f3354c83500 8 0 
25 0 0 13 00b0 ffffffff 1 R2 LDG.E.64 1 R2 8 1 0x7f3354c32d00 8 0 
74 0 0 10 00b0 ffffffff 1 R2 LDG.E.64 1 R2 8 1 0x7f3354c94a00 8 0 
38 0 0 9 00b0 ffffffff 1 R2 LDG.E.64 1 R2 8 1 0x7f3354c4c900 8 0 
13 0 0 5 00b0 ffffffff 1 R2 LDG.E.64 1 R2 8 1 0x7f3354c1a500 8 0 
29 0 0 12 00b0 ffffffff 1 R2 LDG.E.64 1 R2 8 1 0x7f3354c3ac00 8 0 
82 0 0 19 00b0 ffffffff 1 R2 LDG.E.64 1 R2 8 1 0x7f3354ca5300 8 0 
22 0 0 19 00b0 ffffffff 1 R2 LDG.E.64 1 R2 8 1 0x7f3354c2d300 8 0 
33 0 0 10 00b0 ffffffff 1 R2 LDG.E.64 1 R2 8 1 0x7f3354c42a00 8 0 
57 0 0 25 00b0 ffffffff 1 R2 LDG.E.64 1 R2 8 1 0x7f3354c73900 8 0 
30 0 0 22 00b0 ffffffff 1 R2 LDG.E.64 1 R2 8 1 0x7f3354c3d600 8 0 
50 0 0 21 00b0 ffffffff 1 R2 LDG.E.64 1 R2 8 1 0x7f3354c65500 8 0 
97 0 0 11 00b0 ffffffff 1 R2 LDG.E.64 1 R2 8 1 0x7f3354cc2b00 8 0 
45 0 0 13 00b0 ffffffff 1 R2 LDG.E.64 1 R2 8 1 0x7f3354c5ad00 8 0 
54 0 0 5 00b0 ffffffff 1 R2 LDG.E.64 1 R2 8 1 0x7f3354c6c500 8 0 
10 0 0 24 00b0 ffffffff 1 R2 LDG.E.64 1 R2 8 1 0x7f3354c15800 8 0 
61 0 0 20 00b0 ffffffff 1 R2 LDG.E.64 1 R2 8 1 0x7f3354c7b400 8 0 
17 0 0 14 00b0 ffffffff 1 R2 LDG.E.64 1 R2 8 1 0x7f3354c22e00 8 0 
2 0 0 26 00b0 ffffffff 1 R2 LDG.E.64 1 R2 8 1 0x7f3354c05a00 8 0 
14 0 0 7 00b0 ffffffff 1 R2 LDG.E.64 1 R2 8 1 0x7f3354c1c700 8 0 
49 0 0 7 00b0 ffffffff 1 R2 LDG.E.64 1 R2 8 1 0x7f3354c62700 8 0 
53 0 0 3 00b0 ffffffff 1 R2 LDG.E.64 1 R2 8 1 0x7f3354c6a300 8 0 
46 0 0 4 00b0 ffffffff 1 R2 LDG.E.64 1 R2 8 1 0x7f3354c5c400 8 0 
42 0 0 10 00b0 ffffffff 1 R2 LDG.E.64 1 R2 8 1 0x7f3354c54a00 8 0 
37 0 0 1 00b0 ffffffff 1 R2 LDG.E.64 1 R2 8 1 0x7f3354c4a100 8 0 
25 0 0 15 00b0 ffffffff 1 R2 LDG.E.64 1 R2 8 1 0x7f3354c32f00 8 0 
18 0 0 13 00b0 ffffffff 1 R2 LDG.E.64 1 R2 8 1 0x7f3354c24d00 8 0 
6 0 0 3 00b0 ffffffff 1 R2 LDG.E.64 1 R2 8 1 0x7f3354c0c300 8 0 
21 0 0 21 00b0 ffffffff 1 R2 LDG.E.64 1 R2 8 1 0x7f3354c2b500 8 0 
85 0 0 20 00b0 ffffffff 1 R2 LDG.E.64 1 R2 8 1 0x7f3354cab400 8 0 
82 0 0 10 00b0 ffffffff 1 R2 LDG.E.64 1 R2 8 1 0x7f3354ca4a00 8 0 
90 0 0 23 00b0 ffffffff 1 R2 LDG.E.64 1 R2 8 1 0x7f3354cb5700 8 0 
65 0 0 3 00b0 ffffffff 1 R2 LDG.E.64 1 R2 8 1 0x7f3354c82300 8 0 
1 0 0 28 00b0 ffffffff 1 R2 LDG.E.64 1 R2 8 1 0x7f3354c03c00 8 0 
30 0 0 25 00b0 ffffffff 1 R2 LDG.E.64 1 R2 8 1 0x7f3354c3d900 8 0 
38 0 0 16 00b0 ffffffff 1 R2 LDG.E.64 1 R2 8 1 0x7f3354c4d000 8 0 
13 0 0 26 00b0 ffffffff 1 R2 LDG.E.64 1 R2 8 1 0x7f3354c1ba00 8 0 
45 0 0 26 00b0 ffffffff 1 R2 LDG.E.64 1 R2 8 1 0x7f3354c5ba00 8 0 
54 0 0 7 00b0 ffffffff 1 R2 LDG.E.64 1 R2 8 1 0x7f3354c6c700 8 0 
22 0 0 2 00b0 ffffffff 1 R2 LDG.E.64 1 R2 8 1 0x7f3354c2c200 8 0 
89 0 0 23 00b0 ffffffff 1 R2 LDG.E.64 1 R2 8 1 0x7f3354cb3700 8 0 
17 0 0 20 00b0 ffffffff 1 R2 LDG.E.64 1 R2 8 1 0x7f3354c23400 8 0 
2 0 0 20 00b0 ffffffff 1 R2 LDG.E.64 1 R2 8 1 0x7f3354c05400 8 0 
50 0 0 14 00b0 ffffffff 1 R2 LDG.E.64 1 R2 8 1 0x7f3354c64e00 8 0 
97 0 0 8 00b0 ffffffff 1 R2 LDG.E.64 1 R2 8 1 0x7f3354cc2800 8 0 
53 0 0 21 00b0 ffffffff 1 R2 LDG.E.64 1 R2 8 1 0x7f3354c6b500 8 0 
46 0 0 19 00b0 ffffffff 1 R2 LDG.E.64 1 R2 8 1 0x7f3354c5d300 8 0 
66 0 0 8 00b0 ffffffff 1 R2 LDG.E.64 1 R2 8 1 0x7f3354c84800 8 0 
61 0 0 25 00b0 ffffffff 1 R2 LDG.E.64 1 R2 8 1 0x7f3354c7b900 8 0 
25 0 0 28 00b0 ffffffff 1 R2 LDG.E.64 1 R2 8 1 0x7f3354c33c00 8 0 
18 0 0 18 00b0 ffffffff 1 R2 LDG.E.64 1 R2 8 1 0x7f3354c25200 8 0 
14 0 0 8 00b0 ffffffff 1 R2 LDG.E.64 1 R2 8 1 0x7f3354c1c800 8 0 
49 0 0 12 00b0 ffffffff 1 R2 LDG.E.64 1 R2 8 1 0x7f3354c62c00 8 0 
85 0 0 22 00b0 ffffffff 1 R2 LDG.E.64 1 R2 8 1 0x7f3354cab600 8 0 
82 0 0 20 00b0 ffffffff 1 R2 LDG.E.64 1 R2 8 1 0x7f3354ca5400 8 0 
42 0 0 31 00b0 ffffffff 1 R2 LDG.E.64 1 R2 8 1 0x7f3354c55f00 8 0 
37 0 0 6 00b0 ffffffff 1 R2 LDG.E.64 1 R2 8 1 0x7f3354c4a600 8 0 
1 0 0 19 00b0 ffffffff 1 R2 LDG.E.64 1 R2 8 1 0x7f3354c03300 8 0 
30 0 0 27 00b0 ffffffff 1 R2 LDG.E.64 1 R2 8 1 0x7f3354c3db00 8 0 
62 0 0 20 00b0 ffffffff 1 R2 LDG.E.64 1 R2 8 1 0x7f3354c7d400 8 0 
21 0 0 0 00b0 ffffffff 1 R2 LDG.E.64 1 R2 8 1 0x7f3354c2a000 8 0 
45 0 0 27 00b0 ffffffff 1 R2 LDG.E.64 1 R2 8 1 0x7f3354c5bb00 8 0 
54 0 0 2 00b0 ffffffff 1 R2 LDG.E.64 1 R2 8 1 0x7f3354c6c200 8 0 
34 0 0 7 00b0 ffffffff 1 R2 LDG.E.64 1 R2 8 1 0x7f3354c44700 8 0 
9 0 0 13 00b0 ffffffff 1 R2 LDG.E.64 1 R2 8 1 0x7f3354c12d00 8 0 
73 0 0 24 00b0 ffffffff 1 R2 LDG.E.64 1 R2 8 1 0x7f3354c93800 8 0 
58 0 0 22 00b0 ffffffff 1 R2 LDG.E.64 1 R2 8 1 0x7f3354c75600 8 0 
38 0 0 3 00b0 ffffffff 1 R2 LDG.E.64 1 R2 8 1 0x7f3354c4c300 8 0 
69 0 0 14 00b0 ffffffff 1 R2 LDG.E.64 1 R2 8 1 0x7f3354c8ae00 8 0 
53 0 0 28 00b0 ffffffff 1 R2 LDG.E.64 1 R2 8 1 0x7f3354c6bc00 8 0 
46 0 0 5 00b0 ffffffff 1 R2 LDG.E.64 1 R2 8 1 0x7f3354c5c500 8 0 
22 0 0 29 00b0 ffffffff 1 R2 LDG.E.64 1 R2 8 1 0x7f3354c2dd00 8 0 
89 0 0 5 00b0 ffffffff 1 R2 LDG.E.64 1 R2 8 1 0x7f3354cb2500 8 0 
81 0 0 29 00b0 ffffffff 1 R2 LDG.E.64 1 R2 8 1 0x7f3354ca3d00 8 0 
74 0 0 19 00b0 ffffffff 1 R2 LDG.E.64 1 R2 8 1 0x7f3354c95300 8 0 
50 0 0 7 00b0 ffffffff 1 R2 LDG.E.64 1 R2 8 1 0x7f3354c64700 8 0 
97 0 0 10 00b0 ffffffff 1 R2 LDG.E.64 1 R2 8 1 0x7f3354cc2a00 8 0 
29 0 0 22 00b0 ffffffff 1 R2 LDG.E.64 1 R2 8 1 0x7f3354c3b600 8 0 
26 0 0 6 00b0 ffffffff 1 R2 LDG.E.64 1 R2 8 1 0x7f3354c34600 8 0 
66 0 0 29 00b0 ffffffff 1 R2 LDG.E.64 1 R2 8 1 0x7f3354c85d00 8 0 
5 0 0 27 00b0 ffffffff 1 R2 LDG.E.64 1 R2 8 1 0x7f3354c0bb00 8 0 
57 0 0 16 00b0 ffffffff 1 R2 LDG.E.64 1 R2 8 1 0x7f3354c73000 8 0 
86 0 0 31 00b0 ffffffff 1 R2 LDG.E.64 1 R2 8 1 0x7f3354cadf00 8 0 
14 0 0 13 00b0 ffffffff 1 R2 LDG.E.64 1 R2 8 1 0x7f3354c1cd00 8 0 
49 0 0 2 00b0 ffffffff 1 R2 LDG.E.64 1 R2 8 1 0x7f3354c62200 8 0 
45 0 0 9 00b0 ffffffff 1 R2 LDG.E.64 1 R2 8 1 0x7f3354c5a900 8 0 
54 0 0 12 00b0 ffffffff 1 R2 LDG.E.64 1 R2 8 1 0x7f3354c6cc00 8 0 
42 0 0 1 00b0 ffffffff 1 R2 LDG.E.64 1 R2 8 1 0x7f3354c54100 8 0 
93 0 0 12 00b0 ffffffff 1 R2 LDG.E.64 1 R2 8 1 0x7f3354cbac00 8 0 
73 0 0 10 00b0 ffffffff 1 R2 LDG.E.64 1 R2 8 1 0x7f3354c92a00 8 0 
58 0 0 16 00b0 ffffffff 1 R2 LDG.E.64 1 R2 8 1 0x7f3354c75000 8 0 
62 0 0 19 00b0 ffffffff 1 R2 LDG.E.64 1 R2 8 1 0x7f3354c7d300 8 0 
21 0 0 2 00b0 ffffffff 1 R2 LDG.E.64 1 R2 8 1 0x7f3354c2a200 8 0 
53 0 0 31 00b0 ffffffff 1 R2 LDG.E.64 1 R2 8 1 0x7f3354c6bf00 8 0 
46 0 0 26 00b0 ffffffff 1 R2 LDG.E.64 1 R2 8 1 0x7f3354c5da00 8 0 
90 0 0 28 00b0 ffffffff 1 R2 LDG.E.64 1 R2 8 1 0x7f3354cb5c00 8 0 
65 0 0 23 00b0 ffffffff 1 R2 LDG.E.64 1 R2 8 1 0x7f3354c83700 8 0 
81 0 0 13 00b0 ffffffff 1 R2 LDG.E.64 1 R2 8 1 0x7f3354ca2d00 8 0 
74 0 0 18 00b0 ffffffff 1 R2 LDG.E.64 1 R2 8 1 0x7f3354c95200 8 0 
94 0 0 29 00b0 ffffffff 1 R2 LDG.E.64 1 R2 8 1 0x7f3354cbdd00 8 0 
69 0 0 31 00b0 ffffffff 1 R2 LDG.E.64 1 R2 8 1 0x7f3354c8bf00 8 0 
85 0 0 30 00b0 ffffffff 1 R2 LDG.E.64 1 R2 8 1 0x7f3354cabe00 8 0 
75 0 0 17 00b0 ffffffff 1 R2 LDG.E.64 1 R2 8 1 0x7f3354c97100 8 0 
82 0 0 6 00b0 ffffffff 1 R2 LDG.E.64 1 R2 8 1 0x7f3354ca4600 8 0 
22 0 0 14 00b0 ffffffff 1 R2 LDG.E.64 1 R2 8 1 0x7f3354c2ce00 8 0 
89 0 0 18 00b0 ffffffff 1 R2 LDG.E.64 1 R2 8 1 0x7f3354cb3200 8 0 
57 0 0 26 00b0 ffffffff 1 R2 LDG.E.64 1 R2 8 1 0x7f3354c73a00 8 0 
30 0 0 10 00b0 ffffffff 1 R2 LDG.E.64 1 R2 8 1 0x7f3354c3ca00 8 0 
50 0 0 12 00b0 ffffffff 1 R2 LDG.E.64 1 R2 8 1 0x7f3354c64c00 8 0 
97 0 0 9 00b0 ffffffff 1 R2 LDG.E.64 1 R2 8 1 0x7f3354cc2900 8 0 
45 0 0 20 00b0 ffffffff 1 R2 LDG.E.64 1 R2 8 1 0x7f3354c5b400 8 0 
54 0 0 9 00b0 ffffffff 1 R2 LDG.E.64 1 R2 8 1 0x7f3354c6c900 8 0 
66 0 0 26 00b0 ffffffff 1 R2 LDG.E.64 1 R2 8 1 0x7f3354c85a00 8 0 
61 0 0 23 00b0 ffffffff 1 R2 LDG.E.64 1 R2 8 1 0x7f3354c7b700 8 0 
17 0 0 15 00b0 ffffffff 1 R2 LDG.E.64 1 R2 8 1 0x7f3354c22f00 8 0 
58 0 0 2 00b0 ffffffff 1 R2 LDG.E.64 1 R2 8 1 0x7f3354c74200 8 0 
70 0 0 21 00b0 ffffffff 1 R2 LDG.E.64 1 R2 8 1 0x7f3354c8d500 8 0 
49 0 0 31 00b0 ffffffff 1 R2 LDG.E.64 1 R2 8 1 0x7f3354c63f00 8 0 
53 0 0 22 00b0 ffffffff 1 R2 LDG.E.64 1 R2 8 1 0x7f3354c6b600 8 0 
46 0 0 16 00b0 ffffffff 1 R2 LDG.E.64 1 R2 8 1 0x7f3354c5d000 8 0 
42 0 0 12 00b0 ffffffff 1 R2 LDG.E.64 1 R2 8 1 0x7f3354c54c00 8 0 
37 0 0 23 00b0 ffffffff 1 R2 LDG.E.64 1 R2 8 1 0x7f3354c4b700 8 0 
25 0 0 7 00b0 ffffffff 1 R2 LDG.E.64 1 R2 8 1 0x7f3354c32700 8 0 
18 0 0 20 00b0 ffffffff 1 R2 LDG.E.64 1 R2 8 1 0x7f3354c25400 8 0 
62 0 0 1 00b0 ffffffff 1 R2 LDG.E.64 1 R2 8 1 0x7f3354c7c100 8 0 
21 0 0 16 00b0 ffffffff 1 R2 LDG.E.64 1 R2 8 1 0x7f3354c2b000 8 0 
29 0 0 25 00b0 ffffffff 1 R2 LDG.E.64 1 R2 8 1 0x7f3354c3b900 8 0 
82 0 0 14 00b0 ffffffff 1 R2 LDG.E.64 1 R2 8 1 0x7f3354ca4e00 8 0 
34 0 0 3 00b0 ffffffff 1 R2 LDG.E.64 1 R2 8 1 0x7f3354c44300 8 0 
9 0 0 9 00b0 ffffffff 1 R2 LDG.E.64 1 R2 8 1 0x7f3354c12900 8 0 
1 0 0 26 00b0 ffffffff 1 R2 LDG.E.64 1 R2 8 1 0x7f3354c03a00 8 0 
30 0 0 29 00b0 ffffffff 1 R2 LDG.E.64 1 R2 8 1 0x7f3354c3dd00 8 0 
94 0 0 0 00b0 ffffffff 1 R2 LDG.E.64 1 R2 8 1 0x7f3354cbc000 8 0 
13 0 0 1 00b0 ffffffff 1 R2 LDG.E.64 1 R2 8 1 0x7f3354c1a100 8 0 
45 0 0 25 00b0 ffffffff 1 R2 LDG.E.64 1 R2 8 1 0x7f3354c5b900 8 0 
54 0 0 15 00b0 ffffffff 1 R2 LDG.E.64 1 R2 8 1 0x7f3354c6cf00 8 0 
78 0 0 22 00b0 ffffffff 1 R2 LDG.E.64 1 R2 8 1 0x7f3354c9d600 8 0 
89 0 0 30 00b0 ffffffff 1 R2 LDG.E.64 1 R2 8 1 0x7f3354cb3e00 8 0 
73 0 0 17 00b0 ffffffff 1 R2 LDG.E.64 1 R2 8 1 0x7f3354c93100 8 0 
2 0 0 16 00b0 ffffffff 1 R2 LDG.E.64 1 R2 8 1 0x7f3354c05000 8 0 
50 0 0 5 00b0 ffffffff 1 R2 LDG.E.64 1 R2 8 1 0x7f3354c64500 8 0 
97 0 0 16 00b0 ffffffff 1 R2 LDG.E.64 1 R2 8 1 0x7f3354cc3000 8 0 
53 0 0 15 00b0 ffffffff 1 R2 LDG.E.64 1 R2 8 1 0x7f3354c6af00 8 0 
46 0 0 3 00b0 ffffffff 1 R2 LDG.E.64 1 R2 8 1 0x7f3354c5c300 8 0 
66 0 0 15 00b0 ffffffff 1 R2 LDG.E.64 1 R2 8 1 0x7f3354c84f00 8 0 
5 0 0 11 00b0 ffffffff 1 R2 LDG.E.64 1 R2 8 1 0x7f3354c0ab00 8 0 
25 0 0 9 00b0 ffffffff 1 R2 LDG.E.64 1 R2 8 1 0x7f3354c32900 8 0 
18 0 0 21 00b0 ffffffff 1 R2 LDG.E.64 1 R2 8 1 0x7f3354c25500 8 0 
14 0 0 9 00b0 ffffffff 1 R2 LDG.E.64 1 R2 8 1 0x7f3354c1c900 8 0 
49 0 0 9 00b0 ffffffff 1 R2 LDG.E.64 1 R2 8 1 0x7f3354c62900 8 0 
29 0 0 8 00b0 ffffffff 1 R2 LDG.E.64 1 R2 8 1 0x7f3354c3a800 8 0 
82 0 0 12 00b0 ffffffff 1 R2 LDG.E.64 1 R2 8 1 0x7f3354ca4c00 8 0 
42 0 0 13 00b0 ffffffff 1 R2 LDG.E.64 1 R2 8 1 0x7f3354c54d00 8 0 
37 0 0 7 00b0 ffffffff 1 R2 LDG.E.64 1 R2 8 1 0x7f3354c4a700 8 0 
57 0 0 3 00b0 ffffffff 1 R2 LDG.E.64 1 R2 8 1 0x7f3354c72300 8 0 
86 0 0 2 00b0 ffffffff 1 R2 LDG.E.64 1 R2 8 1 0x7f3354cac200 8 0 
6 0 0 9 00b0 ffffffff 1 R2 LDG.E.64 1 R2 8 1 0x7f3354c0c900 8 0 
77 0 0 20 00b0 ffffffff 1 R2 LDG.E.64 1 R2 8 1 0x7f3354c9b400 8 0 
45 0 0 11 00b0 ffffffff 1 R2 LDG.E.64 1 R2 8 1 0x7f3354c5ab00 8 0 
54 0 0 30 00b0 ffffffff 1 R2 LDG.E.64 1 R2 8 1 0x7f3354c6de00 8 0 
34 0 0 12 00b0 ffffffff 1 R2 LDG.E.64 1 R2 8 1 0x7f3354c44c00 8 0 
9 0 0 7 00b0 ffffffff 1 R2 LDG.E.64 1 R2 8 1 0x7f3354c12700 8 0 
73 0 0 20 00b0 ffffffff 1 R2 LDG.E.64 1 R2 8 1 0x7f3354c93400 8 0 
2 0 0 18 00b0 ffffffff 1 R2 LDG.E.64 1 R2 8 1 0x7f3354c05200 8 0 
94 0 0 18 00b0 ffffffff 1 R2 LDG.E.64 1 R2 8 1 0x7f3354cbd200 8 0 
13 0 0 22 00b0 ffffffff 1 R2 LDG.E.64 1 R2 8 1 0x7f3354c1b600 8 0 
53 0 0 4 00b0 ffffffff 1 R2 LDG.E.64 1 R2 8 1 0x7f3354c6a400 8 0 
46 0 0 29 00b0 ffffffff 1 R2 LDG.E.64 1 R2 8 1 0x7f3354c5dd00 8 0 
78 0 0 23 00b0 ffffffff 1 R2 LDG.E.64 1 R2 8 1 0x7f3354c9d700 8 0 
33 0 0 16 00b0 ffffffff 1 R2 LDG.E.64 1 R2 8 1 0x7f3354c43000 8 0 
81 0 0 11 00b0 ffffffff 1 R2 LDG.E.64 1 R2 8 1 0x7f3354ca2b00 8 0 
18 0 0 23 00b0 ffffffff 1 R2 LDG.E.64 1 R2 8 1 0x7f3354c25700 8 0 
50 0 0 26 00b0 ffffffff 1 R2 LDG.E.64 1 R2 8 1 0x7f3354c65a00 8 0 
41 0 0 28 00b0 ffffffff 1 R2 LDG.E.64 1 R2 8 1 0x7f3354c53c00 8 0 
29 0 0 7 00b0 ffffffff 1 R2 LDG.E.64 1 R2 8 1 0x7f3354c3a700 8 0 
26 0 0 10 00b0 ffffffff 1 R2 LDG.E.64 1 R2 8 1 0x7f3354c34a00 8 0 
10 0 0 2 00b0 ffffffff 1 R2 LDG.E.64 1 R2 8 1 0x7f3354c14200 8 0 
61 0 0 8 00b0 ffffffff 1 R2 LDG.E.64 1 R2 8 1 0x7f3354c7a800 8 0 
57 0 0 6 00b0 ffffffff 1 R2 LDG.E.64 1 R2 8 1 0x7f3354c72600 8 0 
86 0 0 15 00b0 ffffffff 1 R2 LDG.E.64 1 R2 8 1 0x7f3354cacf00 8 0 
14 0 0 31 00b0 ffffffff 1 R2 LDG.E.64 1 R2 8 1 0x7f3354c1df00 8 0 
52 0 0 18 00b0 ffffffff 1 R2 LDG.E.64 1 R2 8 1 0x7f3354c69200 8 0 
49 0 0 26 00b0 ffffffff 1 R2 LDG.E.64 1 R2 8 1 0x7f3354c63a00 8 0 
45 0 0 14 00b0 ffffffff 1 R2 LDG.E.64 1 R2 8 1 0x7f3354c5ae00 8 0 
54 0 0 16 00b0 ffffffff 1 R2 LDG.E.64 1 R2 8 1 0x7f3354c6d000 8 0 
42 0 0 7 00b0 ffffffff 1 R2 LDG.E.64 1 R2 8 1 0x7f3354c54700 8 0 
37 0 0 28 00b0 ffffffff 1 R2 LDG.E.64 1 R2 8 1 0x7f3354c4bc00 8 0 
73 0 0 27 00b0 ffffffff 1 R2 LDG.E.64 1 R2 8 1 0x7f3354c93b00 8 0 
2 0 0 12 00b0 ffffffff 1 R2 LDG.E.64 1 R2 8 1 0x7f3354c04c00 8 0 
6 0 0 30 00b0 ffffffff 1 R2 LDG.E.64 1 R2 8 1 0x7f3354c0de00 8 0 
77 0 0 31 00b0 ffffffff 1 R2 LDG.E.64 1 R2 8 1 0x7f3354c9bf00 8 0 
53 0 0 29 00b0 ffffffff 1 R2 LDG.E.64 1 R2 8 1 0x7f3354c6bd00 8 0 
46 0 0 12 00b0 ffffffff 1 R2 LDG.E.64 1 R2 8 1 0x7f3354c5cc00 8 0 
90 0 0 6 00b0 ffffffff 1 R2 LDG.E.64 1 R2 8 1 0x7f3354cb4600 8 0 
44 0 0 25 00b0 ffffffff 1 R2 LDG.E.64 1 R2 8 1 0x7f3354c59900 8 0 
9 0 0 5 00b0 ffffffff 1 R2 LDG.E.64 1 R2 8 1 0x7f3354c12500 8 0 
25 0 0 24 00b0 ffffffff 1 R2 LDG.E.64 1 R2 8 1 0x7f3354c33800 8 0 
18 0 0 19 00b0 ffffffff 1 R2 LDG.E.64 1 R2 8 1 0x7f3354c25300 8 0 
38 0 0 20 00b0 ffffffff 1 R2 LDG.E.64 1 R2 8 1 0x7f3354c4d400 8 0 
13 0 0 19 00b0 ffffffff 1 R2 LDG.E.64 1 R2 8 1 0x7f3354c1b300 8 0 
85 0 0 0 00b0 ffffffff 1 R2 LDG.E.64 1 R2 8 1 0x7f3354caa000 8 0 
82 0 0 7 00b0 ffffffff 1 R2 LDG.E.64 1 R2 8 1 0x7f3354ca4700 8 0 
78 0 0 17 00b0 ffffffff 1 R2 LDG.E.64 1 R2 8 1 0x7f3354c9d100 8 0 
33 0 0 29 00b0 ffffffff 1 R2 LDG.E.64 1 R2 8 1 0x7f3354c43d00 8 0 
1 0 0 5 00b0 ffffffff 1 R2 LDG.E.64 1 R2 8 1 0x7f3354c02500 8 0 
86 0 0 5 00b0 ffffffff 1 R2 LDG.E.64 1 R2 8 1 0x7f3354cac500 8 0 
50 0 0 0 00b0 ffffffff 1 R2 LDG.E.64 1 R2 8 1 0x7f3354c64000 8 0 
44 0 0 12 00b0 ffffffff 1 R2 LDG.E.64 1 R2 8 1 0x7f3354c58c00 8 0 
55 0 0 20 00b0 ffffffff 1 R2 LDG.E.64 1 R2 8 1 0x7f3354c6f400 8 0 
97 0 0 0 00b0 ffffffff 1 R2 LDG.E.64 1 R2 8 1 0x7f3354cc2000 8 0 
45 0 0 24 00b0 ffffffff 1 R2 LDG.E.64 1 R2 8 1 0x7f3354c5b800 8 0 
54 0 0 31 00b0 ffffffff 1 R2 LDG.E.64 1 R2 8 1 0x7f3354c6df00 8 0 
10 0 0 13 00b0 ffffffff 1 R2 LDG.E.64 1 R2 8 1 0x7f3354c14d00 8 0 
5 0 0 22 00b0 ffffffff 1 R2 LDG.E.64 1 R2 8 1 0x7f3354c0b600 8 0 
73 0 0 26 00b0 ffffffff 1 R2 LDG.E.64 1 R2 8 1 0x7f3354c93a00 8 0 
2 0 0 8 00b0 ffffffff 1 R2 LDG.E.64 1 R2 8 1 0x7f3354c04800 8 0 
14 0 0 18 00b0 ffffffff 1 R2 LDG.E.64 1 R2 8 1 0x7f3354c1d200 8 0 
49 0 0 15 00b0 ffffffff 1 R2 LDG.E.64 1 R2 8 1 0x7f3354c62f00 8 0 
53 0 0 18 00b0 ffffffff 1 R2 LDG.E.64 1 R2 8 1 0x7f3354c6b200 8 0 
46 0 0 21 00b0 ffffffff 1 R2 LDG.E.64 1 R2 8 1 0x7f3354c5d500 8 0 
42 0 0 18 00b0 ffffffff 1 R2 LDG.E.64 1 R2 8 1 0x7f3354c55200 8 0 
47 0 0 30 00b0 ffffffff 1 R2 LDG.E.64 1 R2 8 1 0x7f3354c5fe00 8 0 
93 0 0 20 00b0 ffffffff 1 R2 LDG.E.64 1 R2 8 1 0x7f3354cbb400 8 0 
25 0 0 29 00b0 ffffffff 1 R2 LDG.E.64 1 R2 8 1 0x7f3354c33d00 8 0 
18 0 0 14 00b0 ffffffff 1 R2 LDG.E.64 1 R2 8 1 0x7f3354c24e00 8 0 
44 0 0 2 00b0 ffffffff 1 R2 LDG.E.64 1 R2 8 1 0x7f3354c58200 8 0 
6 0 0 5 00b0 ffffffff 1 R2 LDG.E.64 1 R2 8 1 0x7f3354c0c500 8 0 
77 0 0 24 00b0 ffffffff 1 R2 LDG.E.64 1 R2 8 1 0x7f3354c9b800 8 0 
29 0 0 10 00b0 ffffffff 1 R2 LDG.E.64 1 R2 8 1 0x7f3354c3aa00 8 0 
3 0 0 3 00b0 ffffffff 1 R2 LDG.E.64 1 R2 8 1 0x7f3354c06300 8 0 
26 0 0 21 00b0 ffffffff 1 R2 LDG.E.64 1 R2 8 1 0x7f3354c35500 8 0 
90 0 0 18 00b0 ffffffff 1 R2 LDG.E.64 1 R2 8 1 0x7f3354cb5200 8 0 
9 0 0 21 00b0 ffffffff 1 R2 LDG.E.64 1 R2 8 1 0x7f3354c13500 8 0 
72 0 0 13 00b0 ffffffff 1 R2 LDG.E.64 1 R2 8 1 0x7f3354c90d00 8 0 
55 0 0 9 00b0 ffffffff 1 R2 LDG.E.64 1 R2 8 1 0x7f3354c6e900 8 0 
57 0 0 8 00b0 ffffffff 1 R2 LDG.E.64 1 R2 8 1 0x7f3354c72800 8 0 
86 0 0 24 00b0 ffffffff 1 R2 LDG.E.64 1 R2 8 1 0x7f3354cad800 8 0 
38 0 0 5 00b0 ffffffff 1 R2 LDG.E.64 1 R2 8 1 0x7f3354c4c500 8 0 
48 0 0 25 00b0 ffffffff 1 R2 LDG.E.64 1 R2 8 1 0x7f3354c61900 8 0 
69 0 0 16 00b0 ffffffff 1 R2 LDG.E.64 1 R2 8 1 0x7f3354c8b000 8 0 
45 0 0 6 00b0 ffffffff 1 R2 LDG.E.64 1 R2 8 1 0x7f3354c5a600 8 0 
54 0 0 26 00b0 ffffffff 1 R2 LDG.E.64 1 R2 8 1 0x7f3354c6da00 8 0 
22 0 0 17 00b0 ffffffff 1 R2 LDG.E.64 1 R2 8 1 0x7f3354c2d100 8 0 
33 0 0 31 00b0 ffffffff 1 R2 LDG.E.64 1 R2 8 1 0x7f3354c43f00 8 0 
73 0 0 15 00b0 ffffffff 1 R2 LDG.E.64 1 R2 8 1 0x7f3354c92f00 8 0 
58 0 0 26 00b0 ffffffff 1 R2 LDG.E.64 1 R2 8 1 0x7f3354c75a00 8 0 
50 0 0 1 00b0 ffffffff 1 R2 LDG.E.64 1 R2 8 1 0x7f3354c64100 8 0 
97 0 0 14 00b0 ffffffff 1 R2 LDG.E.64 1 R2 8 1 0x7f3354cc2e00 8 0 
53 0 0 23 00b0 ffffffff 1 R2 LDG.E.64 1 R2 8 1 0x7f3354c6b700 8 0 
46 0 0 15 00b0 ffffffff 1 R2 LDG.E.64 1 R2 8 1 0x7f3354c5cf00 8 0 
10 0 0 15 00b0 ffffffff 1 R2 LDG.E.64 1 R2 8 1 0x7f3354c14f00 8 0 
61 0 0 31 00b0 ffffffff 1 R2 LDG.E.64 1 R2 8 1 0x7f3354c7bf00 8 0 
81 0 0 26 00b0 ffffffff 1 R2 LDG.E.64 1 R2 8 1 0x7f3354ca3a00 8 0 
18 0 0 17 00b0 ffffffff 1 R2 LDG.E.64 1 R2 8 1 0x7f3354c25100 8 0 
3 0 0 29 00b0 ffffffff 1 R2 LDG.E.64 1 R2 8 1 0x7f3354c07d00 8 0 
14 0 0 27 00b0 ffffffff 1 R2 LDG.E.64 1 R2 8 1 0x7f3354c1db00 8 0 
49 0 0 5 00b0 ffffffff 1 R2 LDG.E.64 1 R2 8 1 0x7f3354c62500 8 0 
29 0 0 21 00b0 ffffffff 1 R2 LDG.E.64 1 R2 8 1 0x7f3354c3b500 8 0 
55 0 0 6 00b0 ffffffff 1 R2 LDG.E.64 1 R2 8 1 0x7f3354c6e600 8 0 
82 0 0 22 00b0 ffffffff 1 R2 LDG.E.64 1 R2 8 1 0x7f3354ca5600 8 0 
42 0 0 23 00b0 ffffffff 1 R2 LDG.E.64 1 R2 8 1 0x7f3354c55700 8 0 
37 0 0 26 00b0 ffffffff 1 R2 LDG.E.64 1 R2 8 1 0x7f3354c4ba00 8 0 
52 0 0 13 00b0 ffffffff 1 R2 LDG.E.64 1 R2 8 1 0x7f3354c68d00 8 0 
57 0 0 7 00b0 ffffffff 1 R2 LDG.E.64 1 R2 8 1 0x7f3354c72700 8 0 
86 0 0 27 00b0 ffffffff 1 R2 LDG.E.64 1 R2 8 1 0x7f3354cadb00 8 0 
6 0 0 1 00b0 ffffffff 1 R2 LDG.E.64 1 R2 8 1 0x7f3354c0c100 8 0 
21 0 0 14 00b0 ffffffff 1 R2 LDG.E.64 1 R2 8 1 0x7f3354c2ae00 8 0 
45 0 0 3 00b0 ffffffff 1 R2 LDG.E.64 1 R2 8 1 0x7f3354c5a300 8 0 
54 0 0 24 00b0 ffffffff 1 R2 LDG.E.64 1 R2 8 1 0x7f3354c6d800 8 0 
34 0 0 8 00b0 ffffffff 1 R2 LDG.E.64 1 R2 8 1 0x7f3354c44800 8 0 
9 0 0 1 00b0 ffffffff 1 R2 LDG.E.64 1 R2 8 1 0x7f3354c12100 8 0 
73 0 0 3 00b0 ffffffff 1 R2 LDG.E.64 1 R2 8 1 0x7f3354c92300 8 0 
48 0 0 6 00b0 ffffffff 1 R2 LDG.E.64 1 R2 8 1 0x7f3354c60600 8 0 
2 0 0 9 00b0 ffffffff 1 R2 LDG.E.64 1 R2 8 1 0x7f3354c04900 8 0 
94 0 0 2 00b0 ffffffff 1 R2 LDG.E.64 1 R2 8 1 0x7f3354cbc200 8 0 
13 0 0 20 00b0 ffffffff 1 R2 LDG.E.64 1 R2 8 1 0x7f3354c1b400 8 0 
53 0 0 12 00b0 ffffffff 1 R2 LDG.E.64 1 R2 8 1 0x7f3354c6ac00 8 0 
46 0 0 14 00b0 ffffffff 1 R2 LDG.E.64 1 R2 8 1 0x7f3354c5ce00 8 0 
78 0 0 9 00b0 ffffffff 1 R2 LDG.E.64 1 R2 8 1 0x7f3354c9c900 8 0 
33 0 0 2 00b0 ffffffff 1 R2 LDG.E.64 1 R2 8 1 0x7f3354c42200 8 0 
25 0 0 2 00b0 ffffffff 1 R2 LDG.E.64 1 R2 8 1 0x7f3354c32200 8 0 
18 0 0 28 00b0 ffffffff 1 R2 LDG.E.64 1 R2 8 1 0x7f3354c25c00 8 0 
52 0 0 12 00b0 ffffffff 1 R2 LDG.E.64 1 R2 8 1 0x7f3354c68c00 8 0 
50 0 0 23 00b0 ffffffff 1 R2 LDG.E.64 1 R2 8 1 0x7f3354c65700 8 0 
41 0 0 26 00b0 ffffffff 1 R2 LDG.E.64 1 R2 8 1 0x7f3354c53a00 8 0 
29 0 0 3 00b0 ffffffff 1 R2 LDG.E.64 1 R2 8 1 0x7f3354c3a300 8 0 
82 0 0 3 00b0 ffffffff 1 R2 LDG.E.64 1 R2 8 1 0x7f3354ca4300 8 0 
10 0 0 9 00b0 ffffffff 1 R2 LDG.E.64 1 R2 8 1 0x7f3354c14900 8 0 
5 0 0 23 00b0 ffffffff 1 R2 LDG.E.64 1 R2 8 1 0x7f3354c0b700 8 0 
44 0 0 31 00b0 ffffffff 1 R2 LDG.E.64 1 R2 8 1 0x7f3354c59f00 8 0 
47 0 0 1 00b0 ffffffff 1 R2 LDG.E.64 1 R2 8 1 0x7f3354c5e100 8 0 
1 0 0 15 00b0 ffffffff 1 R2 LDG.E.64 1 R2 8 1 0x7f3354c02f00 8 0 
30 0 0 23 00b0 ffffffff 1 R2 LDG.E.64 1 R2 8 1 0x7f3354c3d700 8 0 
14 0 0 0 00b0 ffffffff 1 R2 LDG.E.64 1 R2 8 1 0x7f3354c1c000 8 0 
49 0 0 3 00b0 ffffffff 1 R2 LDG.E.64 1 R2 8 1 0x7f3354c62300 8 0 
45 0 0 28 00b0 ffffffff 1 R2 LDG.E.64 1 R2 8 1 0x7f3354c5bc00 8 0 
54 0 0 29 00b0 ffffffff 1 R2 LDG.E.64 1 R2 8 1 0x7f3354c6dd00 8 0 
3 0 0 19 00b0 ffffffff 1 R2 LDG.E.64 1 R2 8 1 0x7f3354c07300 8 0 
42 0 0 24 00b0 ffffffff 1 R2 LDG.E.64 1 R2 8 1 0x7f3354c55800 8 0 
93 0 0 16 00b0 ffffffff 1 R2 LDG.E.64 1 R2 8 1 0x7f3354cbb000 8 0 
17 0 0 9 00b0 ffffffff 1 R2 LDG.E.64 1 R2 8 1 0x7f3354c22900 8 0 
55 0 0 31 00b0 ffffffff 1 R2 LDG.E.64 1 R2 8 1 0x7f3354c6ff00 8 0 
58 0 0 18 00b0 ffffffff 1 R2 LDG.E.64 1 R2 8 1 0x7f3354c75200 8 0 
6 0 0 29 00b0 ffffffff 1 R2 LDG.E.64 1 R2 8 1 0x7f3354c0dd00 8 0 
77 0 0 16 00b0 ffffffff 1 R2 LDG.E.64 1 R2 8 1 0x7f3354c9b000 8 0 
3 0 0 16 00b0 ffffffff 1 R2 LDG.E.64 1 R2 8 1 0x7f3354c07000 8 0 
53 0 0 17 00b0 ffffffff 1 R2 LDG.E.64 1 R2 8 1 0x7f3354c6b100 8 0 
46 0 0 28 00b0 ffffffff 1 R2 LDG.E.64 1 R2 8 1 0x7f3354c5dc00 8 0 
34 0 0 31 00b0 ffffffff 1 R2 LDG.E.64 1 R2 8 1 0x7f3354c45f00 8 0 
52 0 0 2 00b0 ffffffff 1 R2 LDG.E.64 1 R2 8 1 0x7f3354c68200 8 0 
9 0 0 31 00b0 ffffffff 1 R2 LDG.E.64 1 R2 8 1 0x7f3354c13f00 8 0 
25 0 0 16 00b0 ffffffff 1 R2 LDG.E.64 1 R2 8 1 0x7f3354c33000 8 0 
74 0 0 26 00b0 ffffffff 1 R2 LDG.E.64 1 R2 8 1 0x7f3354c95a00 8 0 
44 0 0 22 00b0 ffffffff 1 R2 LDG.E.64 1 R2 8 1 0x7f3354c59600 8 0 
48 0 0 28 00b0 ffffffff 1 R2 LDG.E.64 1 R2 8 1 0x7f3354c61c00 8 0 
38 0 0 1 00b0 ffffffff 1 R2 LDG.E.64 1 R2 8 1 0x7f3354c4c100 8 0 
69 0 0 6 00b0 ffffffff 1 R2 LDG.E.64 1 R2 8 1 0x7f3354c8a600 8 0 
29 0 0 0 00b0 ffffffff 1 R2 LDG.E.64 1 R2 8 1 0x7f3354c3a000 8 0 
52 0 0 11 00b0 ffffffff 1 R2 LDG.E.64 1 R2 8 1 0x7f3354c68b00 8 0 
26 0 0 8 00b0 ffffffff 1 R2 LDG.E.64 1 R2 8 1 0x7f3354c34800 8 0 
22 0 0 24 00b0 ffffffff 1 R2 LDG.E.64 1 R2 8 1 0x7f3354c2d800 8 0 
33 0 0 12 00b0 ffffffff 1 R2 LDG.E.64 1 R2 8 1 0x7f3354c42c00 8 0 
57 0 0 23 00b0 ffffffff 1 R2 LDG.E.64 1 R2 8 1 0x7f3354c73700 8 0 
86 0 0 12 00b0 ffffffff 1 R2 LDG.E.64 1 R2 8 1 0x7f3354cacc00 8 0 
50 0 0 2 00b0 ffffffff 1 R2 LDG.E.64 1 R2 8 1 0x7f3354c64200 8 0 
41 0 0 13 00b0 ffffffff 1 R2 LDG.E.64 1 R2 8 1 0x7f3354c52d00 8 0 
45 0 0 5 00b0 ffffffff 1 R2 LDG.E.64 1 R2 8 1 0x7f3354c5a500 8 0 
54 0 0 11 00b0 ffffffff 1 R2 LDG.E.64 1 R2 8 1 0x7f3354c6cb00 8 0 
10 0 0 20 00b0 ffffffff 1 R2 LDG.E.64 1 R2 8 1 0x7f3354c15400 8 0 
5 0 0 30 00b0 ffffffff 1 R2 LDG.E.64 1 R2 8 1 0x7f3354c0be00 8 0 
73 0 0 5 00b0 ffffffff 1 R2 LDG.E.64 1 R2 8 1 0x7f3354c92500 8 0 
2 0 0 14 00b0 ffffffff 1 R2 LDG.E.64 1 R2 8 1 0x7f3354c04e00 8 0 
70 0 0 28 00b0 ffffffff 1 R2 LDG.E.64 1 R2 8 1 0x7f3354c8dc00 8 0 
49 0 0 28 00b0 ffffffff 1 R2 LDG.E.64 1 R2 8 1 0x7f3354c63c00 8 0 
53 0 0 26 00b0 ffffffff 1 R2 LDG.E.64 1 R2 8 1 0x7f3354c6ba00 8 0 
46 0 0 10 00b0 ffffffff 1 R2 LDG.E.64 1 R2 8 1 0x7f3354c5ca00 8 0 
42 0 0 21 00b0 ffffffff 1 R2 LDG.E.64 1 R2 8 1 0x7f3354c55500 8 0 
37 0 0 27 00b0 ffffffff 1 R2 LDG.E.64 1 R2 8 1 0x7f3354c4bb00 8 0 
25 0 0 11 00b0 ffffffff 1 R2 LDG.E.64 1 R2 8 1 0x7f3354c32b00 8 0 
18 0 0 10 00b0 ffffffff 1 R2 LDG.E.64 1 R2 8 1 0x7f3354c24a00 8 0 
6 0 0 26 00b0 ffffffff 1 R2 LDG.E.64 1 R2 8 1 0x7f3354c0da00 8 0 
77 0 0 23 00b0 ffffffff 1 R2 LDG.E.64 1 R2 8 1 0x7f3354c9b700 8 0 
85 0 0 4 00b0 ffffffff 1 R2 LDG.E.64 1 R2 8 1 0x7f3354caa400 8 0 
82 0 0 0 00b0 ffffffff 1 R2 LDG.E.64 1 R2 8 1 0x7f3354ca4000 8 0 
90 0 0 7 00b0 ffffffff 1 R2 LDG.E.64 1 R2 8 1 0x7f3354cb4700 8 0 
65 0 0 4 00b0 ffffffff 1 R2 LDG.E.64 1 R2 8 1 0x7f3354c82400 8 0 
57 0 0 24 00b0 ffffffff 1 R2 LDG.E.64 1 R2 8 1 0x7f3354c73800 8 0 
86 0 0 29 00b0 ffffffff 1 R2 LDG.E.64 1 R2 8 1 0x7f3354cadd00 8 0 
38 0 0 23 00b0 ffffffff 1 R2 LDG.E.64 1 R2 8 1 0x7f3354c4d700 8 0 
69 0 0 21 00b0 ffffffff 1 R2 LDG.E.64 1 R2 8 1 0x7f3354c8b500 8 0 
17 0 0 7 00b0 ffffffff 1 R2 LDG.E.64 1 R2 8 1 0x7f3354c22700 8 0 
54 0 0 20 00b0 ffffffff 1 R2 LDG.E.64 1 R2 8 1 0x7f3354c6d400 8 0 
78 0 0 14 00b0 ffffffff 1 R2 LDG.E.64 1 R2 8 1 0x7f3354c9ce00 8 0 
89 0 0 8 00b0 ffffffff 1 R2 LDG.E.64 1 R2 8 1 0x7f3354cb2800 8 0 
58 0 0 15 00b0 ffffffff 1 R2 LDG.E.64 1 R2 8 1 0x7f3354c74f00 8 0 
81 0 0 8 00b0 ffffffff 1 R2 LDG.E.64 1 R2 8 1 0x7f3354ca2800 8 0 
50 0 0 31 00b0 ffffffff 1 R2 LDG.E.64 1 R2 8 1 0x7f3354c65f00 8 0 
41 0 0 11 00b0 ffffffff 1 R2 LDG.E.64 1 R2 8 1 0x7f3354c52b00 8 0 
46 0 0 9 00b0 ffffffff 1 R2 LDG.E.64 1 R2 8 1 0x7f3354c5c900 8 0 
85 0 0 3 00b0 ffffffff 1 R2 LDG.E.64 1 R2 8 1 0x7f3354caa300 8 0 
10 0 0 11 00b0 ffffffff 1 R2 LDG.E.64 1 R2 8 1 0x7f3354c14b00 8 0 
5 0 0 6 00b0 ffffffff 1 R2 LDG.E.64 1 R2 8 1 0x7f3354c0a600 8 0 
74 0 0 24 00b0 ffffffff 1 R2 LDG.E.64 1 R2 8 1 0x7f3354c95800 8 0 
57 0 0 15 00b0 ffffffff 1 R2 LDG.E.64 1 R2 8 1 0x7f3354c72f00 8 0 
70 0 0 18 00b0 ffffffff 1 R2 LDG.E.64 1 R2 8 1 0x7f3354c8d200 8 0 
49 0 0 10 00b0 ffffffff 1 R2 LDG.E.64 1 R2 8 1 0x7f3354c62a00 8 0 
26 0 0 27 00b0 ffffffff 1 R2 LDG.E.64 1 R2 8 1 0x7f3354c35b00 8 0 
73 0 0 7 00b0 ffffffff 1 R2 LDG.E.64 1 R2 8 1 0x7f3354c92700 8 0 
42 0 0 2 00b0 ffffffff 1 R2 LDG.E.64 1 R2 8 1 0x7f3354c54200 8 0 
93 0 0 2 00b0 ffffffff 1 R2 LDG.E.64 1 R2 8 1 0x7f3354cba200 8 0 
86 0 0 11 00b0 ffffffff 1 R2 LDG.E.64 1 R2 8 1 0x7f3354cacb00 8 0 
81 0 0 22 00b0 ffffffff 1 R2 LDG.E.64 1 R2 8 1 0x7f3354ca3600 8 0 
62 0 0 18 00b0 ffffffff 1 R2 LDG.E.64 1 R2 8 1 0x7f3354c7d200 8 0 
21 0 0 17 00b0 ffffffff 1 R2 LDG.E.64 1 R2 8 1 0x7f3354c2b100 8 0 
44 0 0 27 00b0 ffffffff 1 R2 LDG.E.64 1 R2 8 1 0x7f3354c59b00 8 0 
54 0 0 25 00b0 ffffffff 1 R2 LDG.E.64 1 R2 8 1 0x7f3354c6d900 8 0 
29 0 0 27 00b0 ffffffff 1 R2 LDG.E.64 1 R2 8 1 0x7f3354c3bb00 8 0 
90 0 0 30 00b0 ffffffff 1 R2 LDG.E.64 1 R2 8 1 0x7f3354cb5e00 8 0 
9 0 0 25 00b0 ffffffff 1 R2 LDG.E.64 1 R2 8 1 0x7f3354c13900 8 0 
58 0 0 30 00b0 ffffffff 1 R2 LDG.E.64 1 R2 8 1 0x7f3354c75e00 8 0 
57 0 0 12 00b0 ffffffff 1 R2 LDG.E.64 1 R2 8 1 0x7f3354c72c00 8 0 
20 0 0 19 00a0 ffffffff 1 R4 LDG.E.64 1 R4 8 1 0x7f3354cec900 8 0 
94 0 0 20 00b0 ffffffff 1 R2 LDG.E.64 1 R2 8 1 0x7f3354cbd400 8 0 
69 0 0 8 00b0 ffffffff 1 R2 LDG.E.64 1 R2 8 1 0x7f3354c8a800 8 0 
52 0 0 29 00b0 ffffffff 1 R2 LDG.E.64 1 R2 8 1 0x7f3354c69d00 8 0 
17 0 0 13 00b0 ffffffff 1 R2 LDG.E.64 1 R2 8 1 0x7f3354c22d00 8 0 
78 0 0 24 00b0 ffffffff 1 R2 LDG.E.64 1 R2 8 1 0x7f3354c9d800 8 0 
74 0 0 31 00b0 ffffffff 1 R2 LDG.E.64 1 R2 8 1 0x7f3354c95f00 8 0 
3 0 0 2 00b0 ffffffff 1 R2 LDG.E.64 1 R2 8 1 0x7f3354c06200 8 0 
52 0 0 4 00b0 ffffffff 1 R2 LDG.E.64 1 R2 8 1 0x7f3354c68400 8 0 
33 0 0 30 00b0 ffffffff 1 R2 LDG.E.64 1 R2 8 1 0x7f3354c43e00 8 0 
81 0 0 15 00b0 ffffffff 1 R2 LDG.E.64 1 R2 8 1 0x7f3354ca2f00 8 0 
50 0 0 25 00b0 ffffffff 1 R2 LDG.E.64 1 R2 8 1 0x7f3354c65900 8 0 
82 0 0 17 00b0 ffffffff 1 R2 LDG.E.64 1 R2 8 1 0x7f3354ca5100 8 0 
41 0 0 18 00b0 ffffffff 1 R2 LDG.E.64 1 R2 8 1 0x7f3354c53200 8 0 
29 0 0 2 00b0 ffffffff 1 R2 LDG.E.64 1 R2 8 1 0x7f3354c3a200 8 0 
10 0 0 3 00b0 ffffffff 1 R2 LDG.E.64 1 R2 8 1 0x7f3354c14300 8 0 
86 0 0 25 00b0 ffffffff 1 R2 LDG.E.64 1 R2 8 1 0x7f3354cad900 8 0 
5 0 0 25 00b0 ffffffff 1 R2 LDG.E.64 1 R2 8 1 0x7f3354c0b900 8 0 
8 0 0 5 00a0 ffffffff 1 R4 LDG.E.64 1 R4 8 1 0x7f3354cd3b00 8 0 
1 0 0 6 00b0 ffffffff 1 R2 LDG.E.64 1 R2 8 1 0x7f3354c02600 8 0 
14 0 0 22 00b0 ffffffff 1 R2 LDG.E.64 1 R2 8 1 0x7f3354c1d600 8 0 
54 0 0 18 00b0 ffffffff 1 R2 LDG.E.64 1 R2 8 1 0x7f3354c6d200 8 0 
52 0 0 10 00b0 ffffffff 1 R2 LDG.E.64 1 R2 8 1 0x7f3354c68a00 8 0 
49 0 0 0 00b0 ffffffff 1 R2 LDG.E.64 1 R2 8 1 0x7f3354c62000 8 0 
17 0 0 3 00b0 ffffffff 1 R2 LDG.E.64 1 R2 8 1 0x7f3354c22300 8 0 
42 0 0 15 00b0 ffffffff 1 R2 LDG.E.64 1 R2 8 1 0x7f3354c54f00 8 0 
2 0 0 4 00b0 ffffffff 1 R2 LDG.E.64 1 R2 8 1 0x7f3354c04400 8 0 
37 0 0 29 00b0 ffffffff 1 R2 LDG.E.64 1 R2 8 1 0x7f3354c4bd00 8 0 
81 0 0 17 00b0 ffffffff 1 R2 LDG.E.64 1 R2 8 1 0x7f3354ca3100 8 0 
6 0 0 4 00b0 ffffffff 1 R2 LDG.E.64 1 R2 8 1 0x7f3354c0c400 8 0 
18 0 0 15 00b0 ffffffff 1 R2 LDG.E.64 1 R2 8 1 0x7f3354c24f00 8 0 
77 0 0 1 00b0 ffffffff 1 R2 LDG.E.64 1 R2 8 1 0x7f3354c9a100 8 0 
29 0 0 17 00b0 ffffffff 1 R2 LDG.E.64 1 R2 8 1 0x7f3354c3b100 8 0 
90 0 0 15 00b0 ffffffff 1 R2 LDG.E.64 1 R2 8 1 0x7f3354cb4f00 8 0 
26 0 0 1 00b0 ffffffff 1 R2 LDG.E.64 1 R2 8 1 0x7f3354c34100 8 0 
9 0 0 26 00b0 ffffffff 1 R2 LDG.E.64 1 R2 8 1 0x7f3354c13a00 8 0 
1 0 0 11 00b0 ffffffff 1 R2 LDG.E.64 1 R2 8 1 0x7f3354c02b00 8 0 
38 0 0 26 00b0 ffffffff 1 R2 LDG.E.64 1 R2 8 1 0x7f3354c4da00 8 0 
30 0 0 19 00b0 ffffffff 1 R2 LDG.E.64 1 R2 8 1 0x7f3354c3d300 8 0 
69 0 0 23 00b0 ffffffff 1 R2 LDG.E.64 1 R2 8 1 0x7f3354c8b700 8 0 
73 0 0 13 00b0 ffffffff 1 R2 LDG.E.64 1 R2 8 1 0x7f3354c92d00 8 0 
78 0 0 18 00b0 ffffffff 1 R2 LDG.E.64 1 R2 8 1 0x7f3354c9d200 8 0 
33 0 0 27 00b0 ffffffff 1 R2 LDG.E.64 1 R2 8 1 0x7f3354c43b00 8 0 
81 0 0 3 00b0 ffffffff 1 R2 LDG.E.64 1 R2 8 1 0x7f3354ca2300 8 0 
50 0 0 3 00b0 ffffffff 1 R2 LDG.E.64 1 R2 8 1 0x7f3354c64300 8 0 
2 0 0 19 00b0 ffffffff 1 R2 LDG.E.64 1 R2 8 1 0x7f3354c05300 8 0 
97 0 0 18 00b0 ffffffff 1 R2 LDG.E.64 1 R2 8 1 0x7f3354cc3200 8 0 
29 0 0 15 00b0 ffffffff 1 R2 LDG.E.64 1 R2 8 1 0x7f3354c3af00 8 0 
10 0 0 12 00b0 ffffffff 1 R2 LDG.E.64 1 R2 8 1 0x7f3354c14c00 8 0 
18 0 0 16 00b0 ffffffff 1 R2 LDG.E.64 1 R2 8 1 0x7f3354c25000 8 0 
5 0 0 7 00b0 ffffffff 1 R2 LDG.E.64 1 R2 8 1 0x7f3354c0a700 8 0 
1 0 0 2 00b0 ffffffff 1 R2 LDG.E.64 1 R2 8 1 0x7f3354c02200 8 0 
70 0 0 26 00b0 ffffffff 1 R2 LDG.E.64 1 R2 8 1 0x7f3354c8da00 8 0 
26 0 0 19 00b0 ffffffff 1 R2 LDG.E.64 1 R2 8 1 0x7f3354c35300 8 0 
49 0 0 27 00b0 ffffffff 1 R2 LDG.E.64 1 R2 8 1 0x7f3354c63b00 8 0 
73 0 0 19 00b0 ffffffff 1 R2 LDG.E.64 1 R2 8 1 0x7f3354c93300 8 0 
42 0 0 16 00b0 ffffffff 1 R2 LDG.E.64 1 R2 8 1 0x7f3354c55000 8 0 
86 0 0 19 00b0 ffffffff 1 R2 LDG.E.64 1 R2 8 1 0x7f3354cad300 8 0 
37 0 0 24 00b0 ffffffff 1 R2 LDG.E.64 1 R2 8 1 0x7f3354c4b800 8 0 
81 0 0 28 00b0 ffffffff 1 R2 LDG.E.64 1 R2 8 1 0x7f3354ca3c00 8 0 
62 0 0 14 00b0 ffffffff 1 R2 LDG.E.64 1 R2 8 1 0x7f3354c7ce00 8 0 
58 0 0 23 00b0 ffffffff 1 R2 LDG.E.64 1 R2 8 1 0x7f3354c75700 8 0 
77 0 0 11 00b0 ffffffff 1 R2 LDG.E.64 1 R2 8 1 0x7f3354c9ab00 8 0 
85 0 0 2 00b0 ffffffff 1 R2 LDG.E.64 1 R2 8 1 0x7f3354caa200 8 0 
90 0 0 2 00b0 ffffffff 1 R2 LDG.E.64 1 R2 8 1 0x7f3354cb4200 8 0 
74 0 0 21 00b0 ffffffff 1 R2 LDG.E.64 1 R2 8 1 0x7f3354c95500 8 0 
9 0 0 16 00b0 ffffffff 1 R2 LDG.E.64 1 R2 8 1 0x7f3354c13000 8 0 
57 0 0 11 00b0 ffffffff 1 R2 LDG.E.64 1 R2 8 1 0x7f3354c72b00 8 0 
38 0 0 15 00b0 ffffffff 1 R2 LDG.E.64 1 R2 8 1 0x7f3354c4cf00 8 0 
26 0 0 28 00b0 ffffffff 1 R2 LDG.E.64 1 R2 8 1 0x7f3354c35c00 8 0 
69 0 0 26 00b0 ffffffff 1 R2 LDG.E.64 1 R2 8 1 0x7f3354c8ba00 8 0 
73 0 0 0 00b0 ffffffff 1 R2 LDG.E.64 1 R2 8 1 0x7f3354c92000 8 0 
22 0 0 13 00b0 ffffffff 1 R2 LDG.E.64 1 R2 8 1 0x7f3354c2cd00 8 0 
86 0 0 30 00b0 ffffffff 1 R2 LDG.E.64 1 R2 8 1 0x7f3354cade00 8 0 
33 0 0 5 00b0 ffffffff 1 R2 LDG.E.64 1 R2 8 1 0x7f3354c42500 8 0 
25 0 0 19 00b0 ffffffff 1 R2 LDG.E.64 1 R2 8 1 0x7f3354c33300 8 0 
48 0 0 13 00b0 ffffffff 1 R2 LDG.E.64 1 R2 8 1 0x7f3354c60d00 8 0 
50 0 0 4 00b0 ffffffff 1 R2 LDG.E.64 1 R2 8 1 0x7f3354c64400 8 0 
58 0 0 13 00b0 ffffffff 1 R2 LDG.E.64 1 R2 8 1 0x7f3354c74d00 8 0 
97 0 0 3 00b0 ffffffff 1 R2 LDG.E.64 1 R2 8 1 0x7f3354cc2300 8 0 
29 0 0 14 00b0 ffffffff 1 R2 LDG.E.64 1 R2 8 1 0x7f3354c3ae00 8 0 
10 0 0 8 00b0 ffffffff 1 R2 LDG.E.64 1 R2 8 1 0x7f3354c14800 8 0 
74 0 0 4 00b0 ffffffff 1 R2 LDG.E.64 1 R2 8 1 0x7f3354c94400 8 0 
5 0 0 3 00b0 ffffffff 1 R2 LDG.E.64 1 R2 8 1 0x7f3354c0a300 8 0 
57 0 0 28 00b0 ffffffff 1 R2 LDG.E.64 1 R2 8 1 0x7f3354c73c00 8 0 
70 0 0 9 00b0 ffffffff 1 R2 LDG.E.64 1 R2 8 1 0x7f3354c8c900 8 0 
26 0 0 13 00b0 ffffffff 1 R2 LDG.E.64 1 R2 8 1 0x7f3354c34d00 8 0 
49 0 0 1 00b0 ffffffff 1 R2 LDG.E.64 1 R2 8 1 0x7f3354c62100 8 0 
17 0 0 22 00b0 ffffffff 1 R2 LDG.E.64 1 R2 8 1 0x7f3354c23600 8 0 
42 0 0 17 00b0 ffffffff 1 R2 LDG.E.64 1 R2 8 1 0x7f3354c55100 8 0 
30 0 0 18 00b0 ffffffff 1 R2 LDG.E.64 1 R2 8 1 0x7f3354c3d200 8 0 
93 0 0 5 00b0 ffffffff 1 R2 LDG.E.64 1 R2 8 1 0x7f3354cba500 8 0 
81 0 0 6 00b0 ffffffff 1 R2 LDG.E.64 1 R2 8 1 0x7f3354ca2600 8 0 
6 0 0 22 00b0 ffffffff 1 R2 LDG.E.64 1 R2 8 1 0x7f3354c0d600 8 0 
58 0 0 24 00b0 ffffffff 1 R2 LDG.E.64 1 R2 8 1 0x7f3354c75800 8 0 
77 0 0 9 00b0 ffffffff 1 R2 LDG.E.64 1 R2 8 1 0x7f3354c9a900 8 0 
29 0 0 4 00b0 ffffffff 1 R2 LDG.E.64 1 R2 8 1 0x7f3354c3a400 8 0 
90 0 0 19 00b0 ffffffff 1 R2 LDG.E.64 1 R2 8 1 0x7f3354cb5300 8 0 
74 0 0 8 00b0 ffffffff 1 R2 LDG.E.64 1 R2 8 1 0x7f3354c94800 8 0 
9 0 0 23 00b0 ffffffff 1 R2 LDG.E.64 1 R2 8 1 0x7f3354c13700 8 0 
1 0 0 16 00b0 ffffffff 1 R2 LDG.E.64 1 R2 8 1 0x7f3354c03000 8 0 
38 0 0 11 00b0 ffffffff 1 R2 LDG.E.64 1 R2 8 1 0x7f3354c4cb00 8 0 
26 0 0 11 00b0 ffffffff 1 R2 LDG.E.64 1 R2 8 1 0x7f3354c34b00 8 0 
13 0 0 16 00b0 ffffffff 1 R2 LDG.E.64 1 R2 8 1 0x7f3354c1b000 8 0 
73 0 0 30 00b0 ffffffff 1 R2 LDG.E.64 1 R2 8 1 0x7f3354c93e00 8 0 
22 0 0 9 00b0 ffffffff 1 R2 LDG.E.64 1 R2 8 1 0x7f3354c2c900 8 0 
86 0 0 16 00b0 ffffffff 1 R2 LDG.E.64 1 R2 8 1 0x7f3354cad000 8 0 
33 0 0 26 00b0 ffffffff 1 R2 LDG.E.64 1 R2 8 1 0x7f3354c43a00 8 0 
81 0 0 25 00b0 ffffffff 1 R2 LDG.E.64 1 R2 8 1 0x7f3354ca3900 8 0 
50 0 0 18 00b0 ffffffff 1 R2 LDG.E.64 1 R2 8 1 0x7f3354c65200 8 0 
2 0 0 0 00b0 ffffffff 1 R2 LDG.E.64 1 R2 8 1 0x7f3354c04000 8 0 
41 0 0 7 00b0 ffffffff 1 R2 LDG.E.64 1 R2 8 1 0x7f3354c52700 8 0 
29 0 0 13 00b0 ffffffff 1 R2 LDG.E.64 1 R2 8 1 0x7f3354c3ad00 8 0 
66 0 0 21 00b0 ffffffff 1 R2 LDG.E.64 1 R2 8 1 0x7f3354c85500 8 0 
74 0 0 16 00b0 ffffffff 1 R2 LDG.E.64 1 R2 8 1 0x7f3354c95000 8 0 
61 0 0 15 00b0 ffffffff 1 R2 LDG.E.64 1 R2 8 1 0x7f3354c7af00 8 0 
1 0 0 7 00b0 ffffffff 1 R2 LDG.E.64 1 R2 8 1 0x7f3354c02700 8 0 
70 0 0 8 00b0 ffffffff 1 R2 LDG.E.64 1 R2 8 1 0x7f3354c8c800 8 0 
82 0 0 29 00b0 ffffffff 1 R2 LDG.E.64 1 R2 8 1 0x7f3354ca5d00 8 0 
37 0 0 17 00b0 ffffffff 1 R2 LDG.E.64 1 R2 8 1 0x7f3354c4b100 8 0 
73 0 0 23 00b0 ffffffff 1 R2 LDG.E.64 1 R2 8 1 0x7f3354c93700 8 0 
30 0 0 21 00b0 ffffffff 1 R2 LDG.E.64 1 R2 8 1 0x7f3354c3d500 8 0 
77 0 0 12 00b0 ffffffff 1 R2 LDG.E.64 1 R2 8 1 0x7f3354c9ac00 8 0 
81 0 0 19 00b0 ffffffff 1 R2 LDG.E.64 1 R2 8 1 0x7f3354ca3300 8 0 
6 0 0 28 00b0 ffffffff 1 R2 LDG.E.64 1 R2 8 1 0x7f3354c0dc00 8 0 
2 0 0 10 00b0 ffffffff 1 R2 LDG.E.64 1 R2 8 1 0x7f3354c04a00 8 0 
9 0 0 22 00b0 ffffffff 1 R2 LDG.E.64 1 R2 8 1 0x7f3354c13600 8 0 
85 0 0 9 00b0 ffffffff 1 R2 LDG.E.64 1 R2 8 1 0x7f3354caa900 8 0 
90 0 0 10 00b0 ffffffff 1 R2 LDG.E.64 1 R2 8 1 0x7f3354cb4a00 8 0 
74 0 0 29 00b0 ffffffff 1 R2 LDG.E.64 1 R2 8 1 0x7f3354c95d00 8 0 
13 0 0 27 00b0 ffffffff 1 R2 LDG.E.64 1 R2 8 1 0x7f3354c1bb00 8 0 
1 0 0 25 00b0 ffffffff 1 R2 LDG.E.64 1 R2 8 1 0x7f3354c03900 8 0 
94 0 0 23 00b0 ffffffff 1 R2 LDG.E.64 1 R2 8 1 0x7f3354cbd700 8 0 
26 0 0 22 00b0 ffffffff 1 R2 LDG.E.64 1 R2 8 1 0x7f3354c35600 8 0 
33 0 0 23 00b0 ffffffff 1 R2 LDG.E.64 1 R2 8 1 0x7f3354c43700 8 0 
73 0 0 28 00b0 ffffffff 1 R2 LDG.E.64 1 R2 8 1 0x7f3354c93c00 8 0 
78 0 0 30 00b0 ffffffff 1 R2 LDG.E.64 1 R2 8 1 0x7f3354c9de00 8 0 
30 0 0 24 00b0 ffffffff 1 R2 LDG.E.64 1 R2 8 1 0x7f3354c3d800 8 0 
41 0 0 9 00b0 ffffffff 1 R2 LDG.E.64 1 R2 8 1 0x7f3354c52900 8 0 
25 0 0 21 00b0 ffffffff 1 R2 LDG.E.64 1 R2 8 1 0x7f3354c33500 8 0 
2 0 0 31 00b0 ffffffff 1 R2 LDG.E.64 1 R2 8 1 0x7f3354c05f00 8 0 
5 0 0 31 00b0 ffffffff 1 R2 LDG.E.64 1 R2 8 1 0x7f3354c0bf00 8 0 
85 0 0 14 00b0 ffffffff 1 R2 LDG.E.64 1 R2 8 1 0x7f3354caae00 8 0 
66 0 0 12 00b0 ffffffff 1 R2 LDG.E.64 1 R2 8 1 0x7f3354c84c00 8 0 
74 0 0 23 00b0 ffffffff 1 R2 LDG.E.64 1 R2 8 1 0x7f3354c95700 8 0 
37 0 0 4 00b0 ffffffff 1 R2 LDG.E.64 1 R2 8 1 0x7f3354c4a400 8 0 
1 0 0 12 00b0 ffffffff 1 R2 LDG.E.64 1 R2 8 1 0x7f3354c02c00 8 0 
14 0 0 23 00b0 ffffffff 1 R2 LDG.E.64 1 R2 8 1 0x7f3354c1d700 8 0 
26 0 0 24 00b0 ffffffff 1 R2 LDG.E.64 1 R2 8 1 0x7f3354c35800 8 0 
59 0 0 3 00b0 ffffffff 1 R2 LDG.E.64 1 R2 8 1 0x7f3354c76300 8 0 
51 0 0 30 00b0 ffffffff 1 R2 LDG.E.64 1 R2 8 1 0x7f3354c67e00 8 0 
77 0 0 3 00b0 ffffffff 1 R2 LDG.E.64 1 R2 8 1 0x7f3354c9a300 8 0 
17 0 0 6 00b0 ffffffff 1 R2 LDG.E.64 1 R2 8 1 0x7f3354c22600 8 0 
6 0 0 18 00b0 ffffffff 1 R2 LDG.E.64 1 R2 8 1 0x7f3354c0d200 8 0 
86 0 0 20 00b0 ffffffff 1 R2 LDG.E.64 1 R2 8 1 0x7f3354cad400 8 0 
9 0 0 24 00b0 ffffffff 1 R2 LDG.E.64 1 R2 8 1 0x7f3354c13800 8 0 
81 0 0 21 00b0 ffffffff 1 R2 LDG.E.64 1 R2 8 1 0x7f3354ca3500 8 0 
90 0 0 26 00b0 ffffffff 1 R2 LDG.E.64 1 R2 8 1 0x7f3354cb5a00 8 0 
58 0 0 20 00b0 ffffffff 1 R2 LDG.E.64 1 R2 8 1 0x7f3354c75400 8 0 
13 0 0 12 00b0 ffffffff 1 R2 LDG.E.64 1 R2 8 1 0x7f3354c1ac00 8 0 
59 0 0 0 00b0 ffffffff 1 R2 LDG.E.64 1 R2 8 1 0x7f3354c76000 8 0 
85 0 0 11 00b0 ffffffff 1 R2 LDG.E.64 1 R2 8 1 0x7f3354caab00 8 0 
94 0 0 22 00b0 ffffffff 1 R2 LDG.E.64 1 R2 8 1 0x7f3354cbd600 8 0 
18 0 0 7 00b0 ffffffff 1 R2 LDG.E.64 1 R2 8 1 0x7f3354c24700 8 0 
33 0 0 21 00b0 ffffffff 1 R2 LDG.E.64 1 R2 8 1 0x7f3354c43500 8 0 
1 0 0 13 00b0 ffffffff 1 R2 LDG.E.64 1 R2 8 1 0x7f3354c02d00 8 0 
22 0 0 28 00b0 ffffffff 1 R2 LDG.E.64 1 R2 8 1 0x7f3354c2dc00 8 0 
44 0 0 29 00b0 ffffffff 1 R2 LDG.E.64 1 R2 8 1 0x7f3354c59d00 8 0 
44 0 0 28 00b0 ffffffff 1 R2 LDG.E.64 1 R2 8 1 0x7f3354c59c00 8 0 
82 0 0 16 00b0 ffffffff 1 R2 LDG.E.64 1 R2 8 1 0x7f3354ca5000 8 0 
41 0 0 10 00b0 ffffffff 1 R2 LDG.E.64 1 R2 8 1 0x7f3354c52a00 8 0 
17 0 0 19 00b0 ffffffff 1 R2 LDG.E.64 1 R2 8 1 0x7f3354c23300 8 0 
16 0 0 11 00b0 ffffffff 1 R2 LDG.E.64 1 R2 8 1 0x7f3354c20b00 8 0 
66 0 0 13 00b0 ffffffff 1 R2 LDG.E.64 1 R2 8 1 0x7f3354c84d00 8 0 
30 0 0 16 00b0 ffffffff 1 R2 LDG.E.64 1 R2 8 1 0x7f3354c3d000 8 0 
61 0 0 24 00b0 ffffffff 1 R2 LDG.E.64 1 R2 8 1 0x7f3354c7b800 8 0 
3 0 0 11 00b0 ffffffff 1 R2 LDG.E.64 1 R2 8 1 0x7f3354c06b00 8 0 
81 0 0 7 00b0 ffffffff 1 R2 LDG.E.64 1 R2 8 1 0x7f3354ca2700 8 0 
14 0 0 15 00b0 ffffffff 1 R2 LDG.E.64 1 R2 8 1 0x7f3354c1cf00 8 0 
58 0 0 19 00b0 ffffffff 1 R2 LDG.E.64 1 R2 8 1 0x7f3354c75300 8 0 
48 0 0 23 00b0 ffffffff 1 R2 LDG.E.64 1 R2 8 1 0x7f3354c61700 8 0 
37 0 0 0 00b0 ffffffff 1 R2 LDG.E.64 1 R2 8 1 0x7f3354c4a000 8 0 
29 0 0 5 00b0 ffffffff 1 R2 LDG.E.64 1 R2 8 1 0x7f3354c3a500 8 0 
62 0 0 8 00b0 ffffffff 1 R2 LDG.E.64 1 R2 8 1 0x7f3354c7c800 8 0 
51 0 0 23 00b0 ffffffff 1 R2 LDG.E.64 1 R2 8 1 0x7f3354c67700 8 0 
74 0 0 3 00b0 ffffffff 1 R2 LDG.E.64 1 R2 8 1 0x7f3354c94300 8 0 
77 0 0 5 00b0 ffffffff 1 R2 LDG.E.64 1 R2 8 1 0x7f3354c9a500 8 0 
57 0 0 22 00b0 ffffffff 1 R2 LDG.E.64 1 R2 8 1 0x7f3354c73600 8 0 
43 0 0 3 00b0 ffffffff 1 R2 LDG.E.64 1 R2 8 1 0x7f3354c56300 8 0 
34 0 0 17 00b0 ffffffff 1 R2 LDG.E.64 1 R2 8 1 0x7f3354c45100 8 0 
26 0 0 7 00b0 ffffffff 1 R2 LDG.E.64 1 R2 8 1 0x7f3354c34700 8 0 
9 0 0 11 00b0 ffffffff 1 R2 LDG.E.64 1 R2 8 1 0x7f3354c12b00 8 0 
16 0 0 30 00b0 ffffffff 1 R2 LDG.E.64 1 R2 8 1 0x7f3354c21e00 8 0 
73 0 0 29 00b0 ffffffff 1 R2 LDG.E.64 1 R2 8 1 0x7f3354c93d00 8 0 
94 0 0 27 00b0 ffffffff 1 R2 LDG.E.64 1 R2 8 1 0x7f3354cbdb00 8 0 
30 0 0 14 00b0 ffffffff 1 R2 LDG.E.64 1 R2 8 1 0x7f3354c3ce00 8 0 
52 0 0 31 00b0 ffffffff 1 R2 LDG.E.64 1 R2 8 1 0x7f3354c69f00 8 0 
69 0 0 18 00b0 ffffffff 1 R2 LDG.E.64 1 R2 8 1 0x7f3354c8b200 8 0 
25 0 0 31 00b0 ffffffff 1 R2 LDG.E.64 1 R2 8 1 0x7f3354c33f00 8 0 
22 0 0 5 00b0 ffffffff 1 R2 LDG.E.64 1 R2 8 1 0x7f3354c2c500 8 0 
58 0 0 9 00b0 ffffffff 1 R2 LDG.E.64 1 R2 8 1 0x7f3354c74900 8 0 
33 0 0 19 00b0 ffffffff 1 R2 LDG.E.64 1 R2 8 1 0x7f3354c43300 8 0 
29 0 0 6 00b0 ffffffff 1 R2 LDG.E.64 1 R2 8 1 0x7f3354c3a600 8 0 
59 0 0 25 00b0 ffffffff 1 R2 LDG.E.64 1 R2 8 1 0x7f3354c77900 8 0 
66 0 0 31 00b0 ffffffff 1 R2 LDG.E.64 1 R2 8 1 0x7f3354c85f00 8 0 
18 0 0 9 00b0 ffffffff 1 R2 LDG.E.64 1 R2 8 1 0x7f3354c24900 8 0 
41 0 0 24 00b0 ffffffff 1 R2 LDG.E.64 1 R2 8 1 0x7f3354c53800 8 0 
57 0 0 1 00b0 ffffffff 1 R2 LDG.E.64 1 R2 8 1 0x7f3354c72100 8 0 
70 0 0 25 00b0 ffffffff 1 R2 LDG.E.64 1 R2 8 1 0x7f3354c8d900 8 0 
26 0 0 4 00b0 ffffffff 1 R2 LDG.E.64 1 R2 8 1 0x7f3354c34400 8 0 
51 0 0 17 00b0 ffffffff 1 R2 LDG.E.64 1 R2 8 1 0x7f3354c67100 8 0 
61 0 0 12 00b0 ffffffff 1 R2 LDG.E.64 1 R2 8 1 0x7f3354c7ac00 8 0 
17 0 0 5 00b0 ffffffff 1 R2 LDG.E.64 1 R2 8 1 0x7f3354c22500 8 0 
62 0 0 5 00b0 ffffffff 1 R2 LDG.E.64 1 R2 8 1 0x7f3354c7c500 8 0 
43 0 0 10 00b0 ffffffff 1 R2 LDG.E.64 1 R2 8 1 0x7f3354c56a00 8 0 
86 0 0 26 00b0 ffffffff 1 R2 LDG.E.64 1 R2 8 1 0x7f3354cada00 8 0 
37 0 0 30 00b0 ffffffff 1 R2 LDG.E.64 1 R2 8 1 0x7f3354c4be00 8 0 
81 0 0 0 00b0 ffffffff 1 R2 LDG.E.64 1 R2 8 1 0x7f3354ca2000 8 0 
90 0 0 9 00b0 ffffffff 1 R2 LDG.E.64 1 R2 8 1 0x7f3354cb4900 8 0 
2 0 0 5 00b0 ffffffff 1 R2 LDG.E.64 1 R2 8 1 0x7f3354c04500 8 0 
77 0 0 15 00b0 ffffffff 1 R2 LDG.E.64 1 R2 8 1 0x7f3354c9af00 8 0 
85 0 0 19 00b0 ffffffff 1 R2 LDG.E.64 1 R2 8 1 0x7f3354cab300 8 0 
94 0 0 30 00b0 ffffffff 1 R2 LDG.E.64 1 R2 8 1 0x7f3354cbde00 8 0 
18 0 0 2 00b0 ffffffff 1 R2 LDG.E.64 1 R2 8 1 0x7f3354c24200 8 0 
11 0 0 12 00a0 ffffffff 1 R4 LDG.E.64 1 R4 8 1 0x7f3354cda200 8 0 
59 0 0 20 00b0 ffffffff 1 R2 LDG.E.64 1 R2 8 1 0x7f3354c77400 8 0 
9 0 0 18 00b0 ffffffff 1 R2 LDG.E.64 1 R2 8 1 0x7f3354c13200 8 0 
57 0 0 5 00b0 ffffffff 1 R2 LDG.E.64 1 R2 8 1 0x7f3354c72500 8 0 
22 0 0 20 00b0 ffffffff 1 R2 LDG.E.64 1 R2 8 1 0x7f3354c2d400 8 0 
51 0 0 27 00b0 ffffffff 1 R2 LDG.E.64 1 R2 8 1 0x7f3354c67b00 8 0 
43 0 0 13 00b0 ffffffff 1 R2 LDG.E.64 1 R2 8 1 0x7f3354c56d00 8 0 
82 0 0 31 00b0 ffffffff 1 R2 LDG.E.64 1 R2 8 1 0x7f3354ca5f00 8 0 
13 0 0 18 00b0 ffffffff 1 R2 LDG.E.64 1 R2 8 1 0x7f3354c1b200 8 0 
73 0 0 22 00b0 ffffffff 1 R2 LDG.E.64 1 R2 8 1 0x7f3354c93600 8 0 
52 0 0 5 00b0 ffffffff 1 R2 LDG.E.64 1 R2 8 1 0x7f3354c68500 8 0 
66 0 0 3 00b0 ffffffff 1 R2 LDG.E.64 1 R2 8 1 0x7f3354c84300 8 0 
86 0 0 10 00b0 ffffffff 1 R2 LDG.E.64 1 R2 8 1 0x7f3354caca00 8 0 
33 0 0 17 00b0 ffffffff 1 R2 LDG.E.64 1 R2 8 1 0x7f3354c43100 8 0 
44 0 0 20 00b0 ffffffff 1 R2 LDG.E.64 1 R2 8 1 0x7f3354c59400 8 0 
25 0 0 30 00b0 ffffffff 1 R2 LDG.E.64 1 R2 8 1 0x7f3354c33e00 8 0 
70 0 0 17 00b0 ffffffff 1 R2 LDG.E.64 1 R2 8 1 0x7f3354c8d100 8 0 
58 0 0 7 00b0 ffffffff 1 R2 LDG.E.64 1 R2 8 1 0x7f3354c74700 8 0 
48 0 0 20 00b0 ffffffff 1 R2 LDG.E.64 1 R2 8 1 0x7f3354c61400 8 0 
97 0 0 20 00b0 ffffffff 1 R2 LDG.E.64 1 R2 8 1 0x7f3354cc3400 8 0 
85 0 0 8 00b0 ffffffff 1 R2 LDG.E.64 1 R2 8 1 0x7f3354caa800 8 0 
6 0 0 25 00b0 ffffffff 1 R2 LDG.E.64 1 R2 8 1 0x7f3354c0d900 8 0 
74 0 0 12 00b0 ffffffff 1 R2 LDG.E.64 1 R2 8 1 0x7f3354c94c00 8 0 
61 0 0 18 00b0 ffffffff 1 R2 LDG.E.64 1 R2 8 1 0x7f3354c7b200 8 0 
57 0 0 20 00b0 ffffffff 1 R2 LDG.E.64 1 R2 8 1 0x7f3354c73400 8 0 
90 0 0 11 00b0 ffffffff 1 R2 LDG.E.64 1 R2 8 1 0x7f3354cb4b00 8 0 
82 0 0 13 00b0 ffffffff 1 R2 LDG.E.64 1 R2 8 1 0x7f3354ca4d00 8 0 
37 0 0 13 00b0 ffffffff 1 R2 LDG.E.64 1 R2 8 1 0x7f3354c4ad00 8 0 
16 0 0 18 00b0 ffffffff 1 R2 LDG.E.64 1 R2 8 1 0x7f3354c21200 8 0 
44 0 0 23 00b0 ffffffff 1 R2 LDG.E.64 1 R2 8 1 0x7f3354c59700 8 0 
17 0 0 11 00b0 ffffffff 1 R2 LDG.E.64 1 R2 8 1 0x7f3354c22b00 8 0 
38 0 0 22 00b0 ffffffff 1 R2 LDG.E.64 1 R2 8 1 0x7f3354c4d600 8 0 
86 0 0 23 00b0 ffffffff 1 R2 LDG.E.64 1 R2 8 1 0x7f3354cad700 8 0 
47 0 0 20 00b0 ffffffff 1 R2 LDG.E.64 1 R2 8 1 0x7f3354c5f400 8 0 
21 0 0 5 00b0 ffffffff 1 R2 LDG.E.64 1 R2 8 1 0x7f3354c2a500 8 0 
81 0 0 10 00b0 ffffffff 1 R2 LDG.E.64 1 R2 8 1 0x7f3354ca2a00 8 0 
22 0 0 1 00b0 ffffffff 1 R2 LDG.E.64 1 R2 8 1 0x7f3354c2c100 8 0 
3 0 0 24 00b0 ffffffff 1 R2 LDG.E.64 1 R2 8 1 0x7f3354c07800 8 0 
2 0 0 29 00b0 ffffffff 1 R2 LDG.E.64 1 R2 8 1 0x7f3354c05d00 8 0 
9 0 0 12 00b0 ffffffff 1 R2 LDG.E.64 1 R2 8 1 0x7f3354c12c00 8 0 
85 0 0 21 00b0 ffffffff 1 R2 LDG.E.64 1 R2 8 1 0x7f3354cab500 8 0 
51 0 0 18 00b0 ffffffff 1 R2 LDG.E.64 1 R2 8 1 0x7f3354c67200 8 0 
10 0 0 18 00b0 ffffffff 1 R2 LDG.E.64 1 R2 8 1 0x7f3354c15200 8 0 
18 0 0 12 00b0 ffffffff 1 R2 LDG.E.64 1 R2 8 1 0x7f3354c24c00 8 0 
13 0 0 8 00b0 ffffffff 1 R2 LDG.E.64 1 R2 8 1 0x7f3354c1a800 8 0 
19 0 0 22 00b0 ffffffff 1 R2 LDG.E.64 1 R2 8 1 0x7f3354c27600 8 0 
57 0 0 31 00b0 ffffffff 1 R2 LDG.E.64 1 R2 8 1 0x7f3354c73f00 8 0 
70 0 0 19 00b0 ffffffff 1 R2 LDG.E.64 1 R2 8 1 0x7f3354c8d300 8 0 
26 0 0 9 00b0 ffffffff 1 R2 LDG.E.64 1 R2 8 1 0x7f3354c34900 8 0 
43 0 0 16 00b0 ffffffff 1 R2 LDG.E.64 1 R2 8 1 0x7f3354c57000 8 0 
33 0 0 8 00b0 ffffffff 1 R2 LDG.E.64 1 R2 8 1 0x7f3354c42800 8 0 
73 0 0 1 00b0 ffffffff 1 R2 LDG.E.64 1 R2 8 1 0x7f3354c92100 8 0 
62 0 0 31 00b0 ffffffff 1 R2 LDG.E.64 1 R2 8 1 0x7f3354c7df00 8 0 
16 0 0 27 00b0 ffffffff 1 R2 LDG.E.64 1 R2 8 1 0x7f3354c21b00 8 0 
86 0 0 8 00b0 ffffffff 1 R2 LDG.E.64 1 R2 8 1 0x7f3354cac800 8 0 
41 0 0 0 00b0 ffffffff 1 R2 LDG.E.64 1 R2 8 1 0x7f3354c52000 8 0 
81 0 0 20 00b0 ffffffff 1 R2 LDG.E.64 1 R2 8 1 0x7f3354ca3400 8 0 
55 0 0 16 00b0 ffffffff 1 R2 LDG.E.64 1 R2 8 1 0x7f3354c6f000 8 0 
48 0 0 24 00b0 ffffffff 1 R2 LDG.E.64 1 R2 8 1 0x7f3354c61800 8 0 
34 0 0 22 00b0 ffffffff 1 R2 LDG.E.64 1 R2 8 1 0x7f3354c45600 8 0 
58 0 0 10 00b0 ffffffff 1 R2 LDG.E.64 1 R2 8 1 0x7f3354c74a00 8 0 
61 0 0 27 00b0 ffffffff 1 R2 LDG.E.64 1 R2 8 1 0x7f3354c7bb00 8 0 
47 0 0 6 00b0 ffffffff 1 R2 LDG.E.64 1 R2 8 1 0x7f3354c5e600 8 0 
85 0 0 26 00b0 ffffffff 1 R2 LDG.E.64 1 R2 8 1 0x7f3354caba00 8 0 
38 0 0 18 00b0 ffffffff 1 R2 LDG.E.64 1 R2 8 1 0x7f3354c4d200 8 0 
74 0 0 1 00b0 ffffffff 1 R2 LDG.E.64 1 R2 8 1 0x7f3354c94100 8 0 
52 0 0 19 00b0 ffffffff 1 R2 LDG.E.64 1 R2 8 1 0x7f3354c69300 8 0 
93 0 0 14 00b0 ffffffff 1 R2 LDG.E.64 1 R2 8 1 0x7f3354cbae00 8 0 
57 0 0 0 00b0 ffffffff 1 R2 LDG.E.64 1 R2 8 1 0x7f3354c72000 8 0 
78 0 0 2 00b0 ffffffff 1 R2 LDG.E.64 1 R2 8 1 0x7f3354c9c200 8 0 
3 0 0 13 00b0 ffffffff 1 R2 LDG.E.64 1 R2 8 1 0x7f3354c06d00 8 0 
82 0 0 30 00b0 ffffffff 1 R2 LDG.E.64 1 R2 8 1 0x7f3354ca5e00 8 0 
21 0 0 22 00b0 ffffffff 1 R2 LDG.E.64 1 R2 8 1 0x7f3354c2b600 8 0 
17 0 0 2 00b0 ffffffff 1 R2 LDG.E.64 1 R2 8 1 0x7f3354c22200 8 0 
51 0 0 13 00b0 ffffffff 1 R2 LDG.E.64 1 R2 8 1 0x7f3354c66d00 8 0 
66 0 0 0 00b0 ffffffff 1 R2 LDG.E.64 1 R2 8 1 0x7f3354c84000 8 0 
30 0 0 8 00b0 ffffffff 1 R2 LDG.E.64 1 R2 8 1 0x7f3354c3c800 8 0 
65 0 0 25 00b0 ffffffff 1 R2 LDG.E.64 1 R2 8 1 0x7f3354c83900 8 0 
75 0 0 6 00b0 ffffffff 1 R2 LDG.E.64 1 R2 8 1 0x7f3354c96600 8 0 
81 0 0 23 00b0 ffffffff 1 R2 LDG.E.64 1 R2 8 1 0x7f3354ca3700 8 0 
70 0 0 4 00b0 ffffffff 1 R2 LDG.E.64 1 R2 8 1 0x7f3354c8c400 8 0 
2 0 0 6 00b0 ffffffff 1 R2 LDG.E.64 1 R2 8 1 0x7f3354c04600 8 0 
43 0 0 25 00b0 ffffffff 1 R2 LDG.E.64 1 R2 8 1 0x7f3354c57900 8 0 
55 0 0 21 00b0 ffffffff 1 R2 LDG.E.64 1 R2 8 1 0x7f3354c6f500 8 0 
69 0 0 10 00b0 ffffffff 1 R2 LDG.E.64 1 R2 8 1 0x7f3354c8aa00 8 0 
85 0 0 10 00b0 ffffffff 1 R2 LDG.E.64 1 R2 8 1 0x7f3354caaa00 8 0 
62 0 0 25 00b0 ffffffff 1 R2 LDG.E.64 1 R2 8 1 0x7f3354c7d900 8 0 
48 0 0 15 00b0 ffffffff 1 R2 LDG.E.64 1 R2 8 1 0x7f3354c60f00 8 0 
18 0 0 5 00b0 ffffffff 1 R2 LDG.E.64 1 R2 8 1 0x7f3354c24500 8 0 
33 0 0 22 00b0 ffffffff 1 R2 LDG.E.64 1 R2 8 1 0x7f3354c43600 8 0 
1 0 0 31 00b0 ffffffff 1 R2 LDG.E.64 1 R2 8 1 0x7f3354c03f00 8 0 
34 0 0 13 00b0 ffffffff 1 R2 LDG.E.64 1 R2 8 1 0x7f3354c44d00 8 0 
26 0 0 5 00b0 ffffffff 1 R2 LDG.E.64 1 R2 8 1 0x7f3354c34500 8 0 
41 0 0 3 00b0 ffffffff 1 R2 LDG.E.64 1 R2 8 1 0x7f3354c52300 8 0 
17 0 0 16 00b0 ffffffff 1 R2 LDG.E.64 1 R2 8 1 0x7f3354c23000 8 0 
94 0 0 11 00b0 ffffffff 1 R2 LDG.E.64 1 R2 8 1 0x7f3354cbcb00 8 0 
30 0 0 17 00b0 ffffffff 1 R2 LDG.E.64 1 R2 8 1 0x7f3354c3d100 8 0 
61 0 0 9 00b0 ffffffff 1 R2 LDG.E.64 1 R2 8 1 0x7f3354c7a900 8 0 
25 0 0 22 00b0 ffffffff 1 R2 LDG.E.64 1 R2 8 1 0x7f3354c33600 8 0 
78 0 0 0 00b0 ffffffff 1 R2 LDG.E.64 1 R2 8 1 0x7f3354c9c000 8 0 
2 0 0 13 00b0 ffffffff 1 R2 LDG.E.64 1 R2 8 1 0x7f3354c04d00 8 0 
37 0 0 20 00b0 ffffffff 1 R2 LDG.E.64 1 R2 8 1 0x7f3354c4b400 8 0 
85 0 0 31 00b0 ffffffff 1 R2 LDG.E.64 1 R2 8 1 0x7f3354cabf00 8 0 
10 0 0 6 00b0 ffffffff 1 R2 LDG.E.64 1 R2 8 1 0x7f3354c14600 8 0 
74 0 0 6 00b0 ffffffff 1 R2 LDG.E.64 1 R2 8 1 0x7f3354c94600 8 0 
21 0 0 19 00b0 ffffffff 1 R2 LDG.E.64 1 R2 8 1 0x7f3354c2b300 8 0 
57 0 0 27 00b0 ffffffff 1 R2 LDG.E.64 1 R2 8 1 0x7f3354c73b00 8 0 
70 0 0 13 00b0 ffffffff 1 R2 LDG.E.64 1 R2 8 1 0x7f3354c8cd00 8 0 
82 0 0 1 00b0 ffffffff 1 R2 LDG.E.64 1 R2 8 1 0x7f3354ca4100 8 0 
9 0 0 3 00b0 ffffffff 1 R2 LDG.E.64 1 R2 8 1 0x7f3354c12300 8 0 
73 0 0 4 00b0 ffffffff 1 R2 LDG.E.64 1 R2 8 1 0x7f3354c92400 8 0 
6 0 0 24 00b0 ffffffff 1 R2 LDG.E.64 1 R2 8 1 0x7f3354c0d800 8 0 
30 0 0 15 00b0 ffffffff 1 R2 LDG.E.64 1 R2 8 1 0x7f3354c3cf00 8 0 
69 0 0 30 00b0 ffffffff 1 R2 LDG.E.64 1 R2 8 1 0x7f3354c8be00 8 0 
81 0 0 2 00b0 ffffffff 1 R2 LDG.E.64 1 R2 8 1 0x7f3354ca2200 8 0 
90 0 0 27 00b0 ffffffff 1 R2 LDG.E.64 1 R2 8 1 0x7f3354cb5b00 8 0 
2 0 0 28 00b0 ffffffff 1 R2 LDG.E.64 1 R2 8 1 0x7f3354c05c00 8 0 
33 0 0 25 00b0 ffffffff 1 R2 LDG.E.64 1 R2 8 1 0x7f3354c43900 8 0 
85 0 0 25 00b0 ffffffff 1 R2 LDG.E.64 1 R2 8 1 0x7f3354cab900 8 0 
94 0 0 6 00b0 ffffffff 1 R2 LDG.E.64 1 R2 8 1 0x7f3354cbc600 8 0 
74 0 0 9 00b0 ffffffff 1 R2 LDG.E.64 1 R2 8 1 0x7f3354c94900 8 0 
41 0 0 14 00b0 ffffffff 1 R2 LDG.E.64 1 R2 8 1 0x7f3354c52e00 8 0 
1 0 0 30 00b0 ffffffff 1 R2 LDG.E.64 1 R2 8 1 0x7f3354c03e00 8 0 
78 0 0 29 00b0 ffffffff 1 R2 LDG.E.64 1 R2 8 1 0x7f3354c9dd00 8 0 
82 0 0 26 00b0 ffffffff 1 R2 LDG.E.64 1 R2 8 1 0x7f3354ca5a00 8 0 
5 0 0 21 00b0 ffffffff 1 R2 LDG.E.64 1 R2 8 1 0x7f3354c0b500 8 0 
73 0 0 21 00b0 ffffffff 1 R2 LDG.E.64 1 R2 8 1 0x7f3354c93500 8 0 
66 0 0 14 00b0 ffffffff 1 R2 LDG.E.64 1 R2 8 1 0x7f3354c84e00 8 0 
30 0 0 2 00b0 ffffffff 1 R2 LDG.E.64 1 R2 8 1 0x7f3354c3c200 8 0 
37 0 0 25 00b0 ffffffff 1 R2 LDG.E.64 1 R2 8 1 0x7f3354c4b900 8 0 
25 0 0 17 00b0 ffffffff 1 R2 LDG.E.64 1 R2 8 1 0x7f3354c33100 8 0 
70 0 0 10 00b0 ffffffff 1 R2 LDG.E.64 1 R2 8 1 0x7f3354c8ca00 8 0 
2 0 0 1 00b0 ffffffff 1 R2 LDG.E.64 1 R2 8 1 0x7f3354c04100 8 0 
21 0 0 29 00b0 ffffffff 1 R2 LDG.E.64 1 R2 8 1 0x7f3354c2bd00 8 0 
44 0 0 6 00b0 ffffffff 1 R2 LDG.E.64 1 R2 8 1 0x7f3354c58600 8 0 
47 0 0 10 00b0 ffffffff 1 R2 LDG.E.64 1 R2 8 1 0x7f3354c5ea00 8 0 
85 0 0 17 00b0 ffffffff 1 R2 LDG.E.64 1 R2 8 1 0x7f3354cab100 8 0 
6 0 0 14 00b0 ffffffff 1 R2 LDG.E.64 1 R2 8 1 0x7f3354c0ce00 8 0 
9 0 0 8 00b0 ffffffff 1 R2 LDG.E.64 1 R2 8 1 0x7f3354c12800 8 0 
26 0 0 20 00b0 ffffffff 1 R2 LDG.E.64 1 R2 8 1 0x7f3354c35400 8 0 
57 0 0 4 00b0 ffffffff 1 R2 LDG.E.64 1 R2 8 1 0x7f3354c72400 8 0 
90 0 0 12 00b0 ffffffff 1 R2 LDG.E.64 1 R2 8 1 0x7f3354cb4c00 8 0 
51 0 0 24 00b0 ffffffff 1 R2 LDG.E.64 1 R2 8 1 0x7f3354c67800 8 0 
52 0 0 16 00b0 ffffffff 1 R2 LDG.E.64 1 R2 8 1 0x7f3354c69000 8 0 
13 0 0 0 00b0 ffffffff 1 R2 LDG.E.64 1 R2 8 1 0x7f3354c1a000 8 0 
30 0 0 11 00b0 ffffffff 1 R2 LDG.E.64 1 R2 8 1 0x7f3354c3cb00 8 0 
17 0 0 1 00b0 ffffffff 1 R2 LDG.E.64 1 R2 8 1 0x7f3354c22100 8 0 
3 0 0 20 00b0 ffffffff 1 R2 LDG.E.64 1 R2 8 1 0x7f3354c07400 8 0 
48 0 0 9 00b0 ffffffff 1 R2 LDG.E.64 1 R2 8 1 0x7f3354c60900 8 0 
94 0 0 17 00b0 ffffffff 1 R2 LDG.E.64 1 R2 8 1 0x7f3354cbd100 8 0 
33 0 0 18 00b0 ffffffff 1 R2 LDG.E.64 1 R2 8 1 0x7f3354c43200 8 0 
58 0 0 5 00b0 ffffffff 1 R2 LDG.E.64 1 R2 8 1 0x7f3354c74500 8 0 
25 0 0 3 00b0 ffffffff 1 R2 LDG.E.64 1 R2 8 1 0x7f3354c32300 8 0 
78 0 0 10 00b0 ffffffff 1 R2 LDG.E.64 1 R2 8 1 0x7f3354c9ca00 8 0 
41 0 0 16 00b0 ffffffff 1 R2 LDG.E.64 1 R2 8 1 0x7f3354c53000 8 0 
43 0 0 12 00b0 ffffffff 1 R2 LDG.E.64 1 R2 8 1 0x7f3354c56c00 8 0 
85 0 0 28 00b0 ffffffff 1 R2 LDG.E.64 1 R2 8 1 0x7f3354cabc00 8 0 
18 0 0 1 00b0 ffffffff 1 R2 LDG.E.64 1 R2 8 1 0x7f3354c24100 8 0 
66 0 0 5 00b0 ffffffff 1 R2 LDG.E.64 1 R2 8 1 0x7f3354c84500 8 0 
61 0 0 30 00b0 ffffffff 1 R2 LDG.E.64 1 R2 8 1 0x7f3354c7be00 8 0 
26 0 0 30 00b0 ffffffff 1 R2 LDG.E.64 1 R2 8 1 0x7f3354c35e00 8 0 
1 0 0 3 00b0 ffffffff 1 R2 LDG.E.64 1 R2 8 1 0x7f3354c02300 8 0 
70 0 0 23 00b0 ffffffff 1 R2 LDG.E.64 1 R2 8 1 0x7f3354c8d700 8 0 
37 0 0 16 00b0 ffffffff 1 R2 LDG.E.64 1 R2 8 1 0x7f3354c4b000 8 0 
30 0 0 12 00b0 ffffffff 1 R2 LDG.E.64 1 R2 8 1 0x7f3354c3cc00 8 0 
17 0 0 12 00b0 ffffffff 1 R2 LDG.E.64 1 R2 8 1 0x7f3354c22c00 8 0 
62 0 0 3 00b0 ffffffff 1 R2 LDG.E.64 1 R2 8 1 0x7f3354c7c300 8 0 
21 0 0 15 00b0 ffffffff 1 R2 LDG.E.64 1 R2 8 1 0x7f3354c2af00 8 0 
58 0 0 1 00b0 ffffffff 1 R2 LDG.E.64 1 R2 8 1 0x7f3354c74100 8 0 
81 0 0 12 00b0 ffffffff 1 R2 LDG.E.64 1 R2 8 1 0x7f3354ca2c00 8 0 
34 0 0 18 00b0 ffffffff 1 R2 LDG.E.64 1 R2 8 1 0x7f3354c45200 8 0 
9 0 0 10 00b0 ffffffff 1 R2 LDG.E.64 1 R2 8 1 0x7f3354c12a00 8 0 
29 0 0 11 00b0 ffffffff 1 R2 LDG.E.64 1 R2 8 1 0x7f3354c3ab00 8 0 
94 0 0 14 00b0 ffffffff 1 R2 LDG.E.64 1 R2 8 1 0x7f3354cbce00 8 0 
13 0 0 25 00b0 ffffffff 1 R2 LDG.E.64 1 R2 8 1 0x7f3354c1b900 8 0 
82 0 0 4 00b0 ffffffff 1 R2 LDG.E.64 1 R2 8 1 0x7f3354ca4400 8 0 
1 0 0 22 00b0 ffffffff 1 R2 LDG.E.64 1 R2 8 1 0x7f3354c03600 8 0 
78 0 0 20 00b0 ffffffff 1 R2 LDG.E.64 1 R2 8 1 0x7f3354c9d400 8 0 
89 0 0 7 00b0 ffffffff 1 R2 LDG.E.64 1 R2 8 1 0x7f3354cb2700 8 0 
86 0 0 0 00b0 ffffffff 1 R2 LDG.E.64 1 R2 8 1 0x7f3354cac000 8 0 
10 0 0 4 00b0 ffffffff 1 R2 LDG.E.64 1 R2 8 1 0x7f3354c14400 8 0 
97 0 0 6 00b0 ffffffff 1 R2 LDG.E.64 1 R2 8 1 0x7f3354cc2600 8 0 
58 0 0 14 00b0 ffffffff 1 R2 LDG.E.64 1 R2 8 1 0x7f3354c74e00 8 0 
25 0 0 18 00b0 ffffffff 1 R2 LDG.E.64 1 R2 8 1 0x7f3354c33200 8 0 
70 0 0 16 00b0 ffffffff 1 R2 LDG.E.64 1 R2 8 1 0x7f3354c8d000 8 0 
61 0 0 21 00b0 ffffffff 1 R2 LDG.E.64 1 R2 8 1 0x7f3354c7b500 8 0 
18 0 0 0 00b0 ffffffff 1 R2 LDG.E.64 1 R2 8 1 0x7f3354c24000 8 0 
85 0 0 12 00b0 ffffffff 1 R2 LDG.E.64 1 R2 8 1 0x7f3354caac00 8 0 
62 0 0 30 00b0 ffffffff 1 R2 LDG.E.64 1 R2 8 1 0x7f3354c7de00 8 0 
93 0 0 17 00b0 ffffffff 1 R2 LDG.E.64 1 R2 8 1 0x7f3354cbb100 8 0 
26 0 0 2 00b0 ffffffff 1 R2 LDG.E.64 1 R2 8 1 0x7f3354c34200 8 0 
1 0 0 17 00b0 ffffffff 1 R2 LDG.E.64 1 R2 8 1 0x7f3354c03100 8 0 
34 0 0 9 00b0 ffffffff 1 R2 LDG.E.64 1 R2 8 1 0x7f3354c44900 8 0 
21 0 0 28 00b0 ffffffff 1 R2 LDG.E.64 1 R2 8 1 0x7f3354c2bc00 8 0 
86 0 0 13 00b0 ffffffff 1 R2 LDG.E.64 1 R2 8 1 0x7f3354cacd00 8 0 
73 0 0 14 00b0 ffffffff 1 R2 LDG.E.64 1 R2 8 1 0x7f3354c92e00 8 0 
94 0 0 9 00b0 ffffffff 1 R2 LDG.E.64 1 R2 8 1 0x7f3354cbc900 8 0 
9 0 0 4 00b0 ffffffff 1 R2 LDG.E.64 1 R2 8 1 0x7f3354c12400 8 0 
81 0 0 27 00b0 ffffffff 1 R2 LDG.E.64 1 R2 8 1 0x7f3354ca3b00 8 0 
78 0 0 31 00b0 ffffffff 1 R2 LDG.E.64 1 R2 8 1 0x7f3354c9df00 8 0 
69 0 0 25 00b0 ffffffff 1 R2 LDG.E.64 1 R2 8 1 0x7f3354c8b900 8 0 
18 0 0 6 00b0 ffffffff 1 R2 LDG.E.64 1 R2 8 1 0x7f3354c24600 8 0 
85 0 0 23 00b0 ffffffff 1 R2 LDG.E.64 1 R2 8 1 0x7f3354cab700 8 0 
66 0 0 28 00b0 ffffffff 1 R2 LDG.E.64 1 R2 8 1 0x7f3354c85c00 8 0 
33 0 0 4 00b0 ffffffff 1 R2 LDG.E.64 1 R2 8 1 0x7f3354c42400 8 0 
82 0 0 8 00b0 ffffffff 1 R2 LDG.E.64 1 R2 8 1 0x7f3354ca4800 8 0 
1 0 0 18 00b0 ffffffff 1 R2 LDG.E.64 1 R2 8 1 0x7f3354c03200 8 0 
70 0 0 0 00b0 ffffffff 1 R2 LDG.E.64 1 R2 8 1 0x7f3354c8c000 8 0 
97 0 0 12 00b0 ffffffff 1 R2 LDG.E.64 1 R2 8 1 0x7f3354cc2c00 8 0 
86 0 0 14 00b0 ffffffff 1 R2 LDG.E.64 1 R2 8 1 0x7f3354cace00 8 0 
17 0 0 31 00b0 ffffffff 1 R2 LDG.E.64 1 R2 8 1 0x7f3354c23f00 8 0 
62 0 0 13 00b0 ffffffff 1 R2 LDG.E.64 1 R2 8 1 0x7f3354c7cd00 8 0 
61 0 0 10 00b0 ffffffff 1 R2 LDG.E.64 1 R2 8 1 0x7f3354c7aa00 8 0 
58 0 0 3 00b0 ffffffff 1 R2 LDG.E.64 1 R2 8 1 0x7f3354c74300 8 0 
81 0 0 18 00b0 ffffffff 1 R2 LDG.E.64 1 R2 8 1 0x7f3354ca3200 8 0 
90 0 0 5 00b0 ffffffff 1 R2 LDG.E.64 1 R2 8 1 0x7f3354cb4500 8 0 
16 0 0 31 00b0 ffffffff 1 R2 LDG.E.64 1 R2 8 1 0x7f3354c21f00 8 0 
37 0 0 19 00b0 ffffffff 1 R2 LDG.E.64 1 R2 8 1 0x7f3354c4b300 8 0 
18 0 0 11 00b0 ffffffff 1 R2 LDG.E.64 1 R2 8 1 0x7f3354c24b00 8 0 
85 0 0 1 00b0 ffffffff 1 R2 LDG.E.64 1 R2 8 1 0x7f3354caa100 8 0 
94 0 0 1 00b0 ffffffff 1 R2 LDG.E.64 1 R2 8 1 0x7f3354cbc100 8 0 
21 0 0 25 00b0 ffffffff 1 R2 LDG.E.64 1 R2 8 1 0x7f3354c2b900 8 0 
26 0 0 16 00b0 ffffffff 1 R2 LDG.E.64 1 R2 8 1 0x7f3354c35000 8 0 
75 0 0 3 00b0 ffffffff 1 R2 LDG.E.64 1 R2 8 1 0x7f3354c96300 8 0 
1 0 0 4 00b0 ffffffff 1 R2 LDG.E.64 1 R2 8 1 0x7f3354c02400 8 0 
22 0 0 31 00b0 ffffffff 1 R2 LDG.E.64 1 R2 8 1 0x7f3354c2df00 8 0 
44 0 0 21 00b0 ffffffff 1 R2 LDG.E.64 1 R2 8 1 0x7f3354c59500 8 0 
65 0 0 26 00b0 ffffffff 1 R2 LDG.E.64 1 R2 8 1 0x7f3354c83a00 8 0 
30 0 0 4 00b0 ffffffff 1 R2 LDG.E.64 1 R2 8 1 0x7f3354c3c400 8 0 
25 0 0 25 00b0 ffffffff 1 R2 LDG.E.64 1 R2 8 1 0x7f3354c33900 8 0 
55 0 0 28 00b0 ffffffff 1 R2 LDG.E.64 1 R2 8 1 0x7f3354c6fc00 8 0 
48 0 0 22 00b0 ffffffff 1 R2 LDG.E.64 1 R2 8 1 0x7f3354c61600 8 0 
66 0 0 30 00b0 ffffffff 1 R2 LDG.E.64 1 R2 8 1 0x7f3354c85e00 8 0 
13 0 0 23 00b0 ffffffff 1 R2 LDG.E.64 1 R2 8 1 0x7f3354c1b700 8 0 
2 0 0 2 00b0 ffffffff 1 R2 LDG.E.64 1 R2 8 1 0x7f3354c04200 8 0 
52 0 0 22 00b0 ffffffff 1 R2 LDG.E.64 1 R2 8 1 0x7f3354c69600 8 0 
47 0 0 24 00b0 ffffffff 1 R2 LDG.E.64 1 R2 8 1 0x7f3354c5f800 8 0 
85 0 0 24 00b0 ffffffff 1 R2 LDG.E.64 1 R2 8 1 0x7f3354cab800 8 0 
14 0 0 14 00b0 ffffffff 1 R2 LDG.E.64 1 R2 8 1 0x7f3354c1ce00 8 0 
33 0 0 1 00b0 ffffffff 1 R2 LDG.E.64 1 R2 8 1 0x7f3354c42100 8 0 
51 0 0 10 00b0 ffffffff 1 R2 LDG.E.64 1 R2 8 1 0x7f3354c66a00 8 0 
74 0 0 28 00b0 ffffffff 1 R2 LDG.E.64 1 R2 8 1 0x7f3354c95c00 8 0 
1 0 0 14 00b0 ffffffff 1 R2 LDG.E.64 1 R2 8 1 0x7f3354c02e00 8 0 
62 0 0 11 00b0 ffffffff 1 R2 LDG.E.64 1 R2 8 1 0x7f3354c7cb00 8 0 
72 0 0 4 00b0 ffffffff 1 R2 LDG.E.64 1 R2 8 1 0x7f3354c90400 8 0 
41 0 0 8 00b0 ffffffff 1 R2 LDG.E.64 1 R2 8 1 0x7f3354c52800 8 0 
82 0 0 18 00b0 ffffffff 1 R2 LDG.E.64 1 R2 8 1 0x7f3354ca5200 8 0 
17 0 0 30 00b0 ffffffff 1 R2 LDG.E.64 1 R2 8 1 0x7f3354c23e00 8 0 
43 0 0 2 00b0 ffffffff 1 R2 LDG.E.64 1 R2 8 1 0x7f3354c56200 8 0 
19 0 0 12 00b0 ffffffff 1 R2 LDG.E.64 1 R2 8 1 0x7f3354c26c00 8 0 
48 0 0 27 00b0 ffffffff 1 R2 LDG.E.64 1 R2 8 1 0x7f3354c61b00 8 0 
90 0 0 20 00b0 ffffffff 1 R2 LDG.E.64 1 R2 8 1 0x7f3354cb5400 8 0 
5 0 0 26 00b0 ffffffff 1 R2 LDG.E.64 1 R2 8 1 0x7f3354c0ba00 8 0 
30 0 0 5 00b0 ffffffff 1 R2 LDG.E.64 1 R2 8 1 0x7f3354c3c500 8 0 
52 0 0 20 00b0 ffffffff 1 R2 LDG.E.64 1 R2 8 1 0x7f3354c69400 8 0 
35 0 0 24 00b0 ffffffff 1 R2 LDG.E.64 1 R2 8 1 0x7f3354c47800 8 0 
55 0 0 22 00b0 ffffffff 1 R2 LDG.E.64 1 R2 8 1 0x7f3354c6f600 8 0 
25 0 0 12 00b0 ffffffff 1 R2 LDG.E.64 1 R2 8 1 0x7f3354c32c00 8 0 
94 0 0 5 00b0 ffffffff 1 R2 LDG.E.64 1 R2 8 1 0x7f3354cbc500 8 0 
36 0 0 0 00b0 ffffffff 1 R2 LDG.E.64 1 R2 8 1 0x7f3354c48000 8 0 
18 0 0 24 00b0 ffffffff 1 R2 LDG.E.64 1 R2 8 1 0x7f3354c25800 8 0 
93 0 0 4 00b0 ffffffff 1 R2 LDG.E.64 1 R2 8 1 0x7f3354cba400 8 0 
72 0 0 19 00b0 ffffffff 1 R2 LDG.E.64 1 R2 8 1 0x7f3354c91300 8 0 
19 0 0 14 00b0 ffffffff 1 R2 LDG.E.64 1 R2 8 1 0x7f3354c26e00 8 0 
88 0 0 17 00a0 ffffffff 1 R4 LDG.E.64 1 R4 8 1 0x7f3354d74700 8 0 
22 0 0 6 00b0 ffffffff 1 R2 LDG.E.64 1 R2 8 1 0x7f3354c2c600 8 0 
77 0 0 7 00b0 ffffffff 1 R2 LDG.E.64 1 R2 8 1 0x7f3354c9a700 8 0 
82 0 0 28 00b0 ffffffff 1 R2 LDG.E.64 1 R2 8 1 0x7f3354ca5c00 8 0 
57 0 0 2 00b0 ffffffff 1 R2 LDG.E.64 1 R2 8 1 0x7f3354c72200 8 0 
66 0 0 16 00b0 ffffffff 1 R2 LDG.E.64 1 R2 8 1 0x7f3354c85000 8 0 
65 0 0 18 00b0 ffffffff 1 R2 LDG.E.64 1 R2 8 1 0x7f3354c83200 8 0 
47 0 0 5 00b0 ffffffff 1 R2 LDG.E.64 1 R2 8 1 0x7f3354c5e500 8 0 
86 0 0 3 00b0 ffffffff 1 R2 LDG.E.64 1 R2 8 1 0x7f3354cac300 8 0 
17 0 0 8 00b0 ffffffff 1 R2 LDG.E.64 1 R2 8 1 0x7f3354c22800 8 0 
14 0 0 5 00b0 ffffffff 1 R2 LDG.E.64 1 R2 8 1 0x7f3354c1c500 8 0 
13 0 0 24 00b0 ffffffff 1 R2 LDG.E.64 1 R2 8 1 0x7f3354c1b800 8 0 
74 0 0 5 00b0 ffffffff 1 R2 LDG.E.64 1 R2 8 1 0x7f3354c94500 8 0 
48 0 0 12 00b0 ffffffff 1 R2 LDG.E.64 1 R2 8 1 0x7f3354c60c00 8 0 
6 0 0 10 00b0 ffffffff 1 R2 LDG.E.64 1 R2 8 1 0x7f3354c0ca00 8 0 
33 0 0 14 00b0 ffffffff 1 R2 LDG.E.64 1 R2 8 1 0x7f3354c42e00 8 0 
44 0 0 18 00b0 ffffffff 1 R2 LDG.E.64 1 R2 8 1 0x7f3354c59200 8 0 
55 0 0 19 00b0 ffffffff 1 R2 LDG.E.64 1 R2 8 1 0x7f3354c6f300 8 0 
51 0 0 21 00b0 ffffffff 1 R2 LDG.E.64 1 R2 8 1 0x7f3354c67500 8 0 
29 0 0 31 00b0 ffffffff 1 R2 LDG.E.64 1 R2 8 1 0x7f3354c3bf00 8 0 
90 0 0 22 00b0 ffffffff 1 R2 LDG.E.64 1 R2 8 1 0x7f3354cb5600 8 0 
41 0 0 6 00b0 ffffffff 1 R2 LDG.E.64 1 R2 8 1 0x7f3354c52600 8 0 
16 0 0 23 00b0 ffffffff 1 R2 LDG.E.64 1 R2 8 1 0x7f3354c21700 8 0 
3 0 0 27 00b0 ffffffff 1 R2 LDG.E.64 1 R2 8 1 0x7f3354c07b00 8 0 
57 0 0 29 00b0 ffffffff 1 R2 LDG.E.64 1 R2 8 1 0x7f3354c73d00 8 0 
43 0 0 5 00b0 ffffffff 1 R2 LDG.E.64 1 R2 8 1 0x7f3354c56500 8 0 
38 0 0 12 00b0 ffffffff 1 R2 LDG.E.64 1 R2 8 1 0x7f3354c4cc00 8 0 
5 0 0 19 00b0 ffffffff 1 R2 LDG.E.64 1 R2 8 1 0x7f3354c0b300 8 0 
73 0 0 8 00b0 ffffffff 1 R2 LDG.E.64 1 R2 8 1 0x7f3354c92800 8 0 
48 0 0 18 00b0 ffffffff 1 R2 LDG.E.64 1 R2 8 1 0x7f3354c61200 8 0 
22 0 0 16 00b0 ffffffff 1 R2 LDG.E.64 1 R2 8 1 0x7f3354c2d000 8 0 
37 0 0 22 00b0 ffffffff 1 R2 LDG.E.64 1 R2 8 1 0x7f3354c4b600 8 0 
52 0 0 17 00b0 ffffffff 1 R2 LDG.E.64 1 R2 8 1 0x7f3354c69100 8 0 
10 0 0 0 00b0 ffffffff 1 R2 LDG.E.64 1 R2 8 1 0x7f3354c14000 8 0 
19 0 0 6 00b0 ffffffff 1 R2 LDG.E.64 1 R2 8 1 0x7f3354c26600 8 0 
77 0 0 8 00b0 ffffffff 1 R2 LDG.E.64 1 R2 8 1 0x7f3354c9a800 8 0 
44 0 0 14 00b0 ffffffff 1 R2 LDG.E.64 1 R2 8 1 0x7f3354c58e00 8 0 
88 0 0 28 00b0 ffffffff 1 R2 LDG.E.64 1 R2 8 1 0x7f3354cb1c00 8 0 
70 0 0 30 00b0 ffffffff 1 R2 LDG.E.64 1 R2 8 1 0x7f3354c8de00 8 0 
65 0 0 1 00b0 ffffffff 1 R2 LDG.E.64 1 R2 8 1 0x7f3354c82100 8 0 
17 0 0 17 00b0 ffffffff 1 R2 LDG.E.64 1 R2 8 1 0x7f3354c23100 8 0 
47 0 0 23 00b0 ffffffff 1 R2 LDG.E.64 1 R2 8 1 0x7f3354c5f700 8 0 
6 0 0 6 00b0 ffffffff 1 R2 LDG.E.64 1 R2 8 1 0x7f3354c0c600 8 0 
69 0 0 20 00b0 ffffffff 1 R2 LDG.E.64 1 R2 8 1 0x7f3354c8b400 8 0 
29 0 0 26 00b0 ffffffff 1 R2 LDG.E.64 1 R2 8 1 0x7f3354c3ba00 8 0 
16 0 0 28 00b0 ffffffff 1 R2 LDG.E.64 1 R2 8 1 0x7f3354c21c00 8 0 
51 0 0 20 00b0 ffffffff 1 R2 LDG.E.64 1 R2 8 1 0x7f3354c67400 8 0 
48 0 0 21 00b0 ffffffff 1 R2 LDG.E.64 1 R2 8 1 0x7f3354c61500 8 0 
52 0 0 15 00b0 ffffffff 1 R2 LDG.E.64 1 R2 8 1 0x7f3354c68f00 8 0 
34 0 0 5 00b0 ffffffff 1 R2 LDG.E.64 1 R2 8 1 0x7f3354c44500 8 0 
89 0 0 24 00b0 ffffffff 1 R2 LDG.E.64 1 R2 8 1 0x7f3354cb3800 8 0 
55 0 0 4 00b0 ffffffff 1 R2 LDG.E.64 1 R2 8 1 0x7f3354c6e400 8 0 
44 0 0 4 00b0 ffffffff 1 R2 LDG.E.64 1 R2 8 1 0x7f3354c58400 8 0 
38 0 0 14 00b0 ffffffff 1 R2 LDG.E.64 1 R2 8 1 0x7f3354c4ce00 8 0 
59 0 0 12 00b0 ffffffff 1 R2 LDG.E.64 1 R2 8 1 0x7f3354c76c00 8 0 
41 0 0 5 00b0 ffffffff 1 R2 LDG.E.64 1 R2 8 1 0x7f3354c52500 8 0 
52 0 0 14 00b0 ffffffff 1 R2 LDG.E.64 1 R2 8 1 0x7f3354c68e00 8 0 
78 0 0 28 00b0 ffffffff 1 R2 LDG.E.64 1 R2 8 1 0x7f3354c9dc00 8 0 
19 0 0 17 00b0 ffffffff 1 R2 LDG.E.64 1 R2 8 1 0x7f3354c27100 8 0 
5 0 0 17 00b0 ffffffff 1 R2 LDG.E.64 1 R2 8 1 0x7f3354c0b100 8 0 
51 0 0 6 00b0 ffffffff 1 R2 LDG.E.64 1 R2 8 1 0x7f3354c66600 8 0 
66 0 0 2 00b0 ffffffff 1 R2 LDG.E.64 1 R2 8 1 0x7f3354c84200 8 0 
47 0 0 18 00b0 ffffffff 1 R2 LDG.E.64 1 R2 8 1 0x7f3354c5f200 8 0 
93 0 0 27 00b0 ffffffff 1 R2 LDG.E.64 1 R2 8 1 0x7f3354cbbb00 8 0 
70 0 0 15 00b0 ffffffff 1 R2 LDG.E.64 1 R2 8 1 0x7f3354c8cf00 8 0 
44 0 0 16 00b0 ffffffff 1 R2 LDG.E.64 1 R2 8 1 0x7f3354c59000 8 0 
3 0 0 30 00b0 ffffffff 1 R2 LDG.E.64 1 R2 8 1 0x7f3354c07e00 8 0 
21 0 0 11 00b0 ffffffff 1 R2 LDG.E.64 1 R2 8 1 0x7f3354c2ab00 8 0 
72 0 0 7 00b0 ffffffff 1 R2 LDG.E.64 1 R2 8 1 0x7f3354c90700 8 0 
43 0 0 8 00b0 ffffffff 1 R2 LDG.E.64 1 R2 8 1 0x7f3354c56800 8 0 
62 0 0 23 00b0 ffffffff 1 R2 LDG.E.64 1 R2 8 1 0x7f3354c7d700 8 0 
48 0 0 7 00b0 ffffffff 1 R2 LDG.E.64 1 R2 8 1 0x7f3354c60700 8 0 
9 0 0 0 00b0 ffffffff 1 R2 LDG.E.64 1 R2 8 1 0x7f3354c12000 8 0 
34 0 0 14 00b0 ffffffff 1 R2 LDG.E.64 1 R2 8 1 0x7f3354c44e00 8 0 
52 0 0 21 00b0 ffffffff 1 R2 LDG.E.64 1 R2 8 1 0x7f3354c69500 8 0 
47 0 0 4 00b0 ffffffff 1 R2 LDG.E.64 1 R2 8 1 0x7f3354c5e400 8 0 
13 0 0 31 00b0 ffffffff 1 R2 LDG.E.64 1 R2 8 1 0x7f3354c1bf00 8 0 
24 0 0 6 00b0 ffffffff 1 R2 LDG.E.64 1 R2 8 1 0x7f3354c30600 8 0 
94 0 0 12 00b0 ffffffff 1 R2 LDG.E.64 1 R2 8 1 0x7f3354cbcc00 8 0 
33 0 0 28 00b0 ffffffff 1 R2 LDG.E.64 1 R2 8 1 0x7f3354c43c00 8 0 
51 0 0 9 00b0 ffffffff 1 R2 LDG.E.64 1 R2 8 1 0x7f3354c66900 8 0 
0 0 0 20 00b0 ffffffff 1 R2 LDG.E.64 1 R2 8 1 0x7f3354c01400 8 0 
55 0 0 30 00b0 ffffffff 1 R2 LDG.E.64 1 R2 8 1 0x7f3354c6fe00 8 0 
44 0 0 5 00b0 ffffffff 1 R2 LDG.E.64 1 R2 8 1 0x7f3354c58500 8 0 
78 0 0 7 00b0 ffffffff 1 R2 LDG.E.64 1 R2 8 1 0x7f3354c9c700 8 0 
41 0 0 30 00b0 ffffffff 1 R2 LDG.E.64 1 R2 8 1 0x7f3354c53e00 8 0 
19 0 0 28 00b0 ffffffff 1 R2 LDG.E.64 1 R2 8 1 0x7f3354c27c00 8 0 
66 0 0 19 00b0 ffffffff 1 R2 LDG.E.64 1 R2 8 1 0x7f3354c85300 8 0 
43 0 0 31 00b0 ffffffff 1 R2 LDG.E.64 1 R2 8 1 0x7f3354c57f00 8 0 
61 0 0 7 00b0 ffffffff 1 R2 LDG.E.64 1 R2 8 1 0x7f3354c7a700 8 0 
70 0 0 6 00b0 ffffffff 1 R2 LDG.E.64 1 R2 8 1 0x7f3354c8c600 8 0 
16 0 0 26 00b0 ffffffff 1 R2 LDG.E.64 1 R2 8 1 0x7f3354c21a00 8 0 
37 0 0 9 00b0 ffffffff 1 R2 LDG.E.64 1 R2 8 1 0x7f3354c4a900 8 0 
48 0 0 16 00b0 ffffffff 1 R2 LDG.E.64 1 R2 8 1 0x7f3354c61000 8 0 
47 0 0 27 00b0 ffffffff 1 R2 LDG.E.64 1 R2 8 1 0x7f3354c5fb00 8 0 
51 0 0 19 00b0 ffffffff 1 R2 LDG.E.64 1 R2 8 1 0x7f3354c67300 8 0 
62 0 0 10 00b0 ffffffff 1 R2 LDG.E.64 1 R2 8 1 0x7f3354c7ca00 8 0 
77 0 0 17 00b0 ffffffff 1 R2 LDG.E.64 1 R2 8 1 0x7f3354c9b100 8 0 
52 0 0 0 00b0 ffffffff 1 R2 LDG.E.64 1 R2 8 1 0x7f3354c68000 8 0 
55 0 0 3 00b0 ffffffff 1 R2 LDG.E.64 1 R2 8 1 0x7f3354c6e300 8 0 
35 0 0 14 00a0 ffffffff 1 R4 LDG.E.64 1 R4 8 1 0x7f3354d0a400 8 0 
90 0 0 4 00b0 ffffffff 1 R2 LDG.E.64 1 R2 8 1 0x7f3354cb4400 8 0 
24 0 0 4 00b0 ffffffff 1 R2 LDG.E.64 1 R2 8 1 0x7f3354c30400 8 0 
65 0 0 30 00b0 ffffffff 1 R2 LDG.E.64 1 R2 8 1 0x7f3354c83e00 8 0 
94 0 0 13 00b0 ffffffff 1 R2 LDG.E.64 1 R2 8 1 0x7f3354cbcd00 8 0 
19 0 0 9 00b0 ffffffff 1 R2 LDG.E.64 1 R2 8 1 0x7f3354c26900 8 0 
13 0 0 10 00b0 ffffffff 1 R2 LDG.E.64 1 R2 8 1 0x7f3354c1aa00 8 0 
43 0 0 4 00b0 ffffffff 1 R2 LDG.E.64 1 R2 8 1 0x7f3354c56400 8 0 
22 0 0 27 00b0 ffffffff 1 R2 LDG.E.64 1 R2 8 1 0x7f3354c2db00 8 0 
89 0 0 28 00b0 ffffffff 1 R2 LDG.E.64 1 R2 8 1 0x7f3354cb3c00 8 0 
0 0 0 13 00b0 ffffffff 1 R2 LDG.E.64 1 R2 8 1 0x7f3354c00d00 8 0 
47 0 0 14 00b0 ffffffff 1 R2 LDG.E.64 1 R2 8 1 0x7f3354c5ee00 8 0 
66 0 0 25 00b0 ffffffff 1 R2 LDG.E.64 1 R2 8 1 0x7f3354c85900 8 0 
97 0 0 2 00b0 ffffffff 1 R2 LDG.E.64 1 R2 8 1 0x7f3354cc2200 8 0 
70 0 0 24 00b0 ffffffff 1 R2 LDG.E.64 1 R2 8 1 0x7f3354c8d800 8 0 
51 0 0 26 00b0 ffffffff 1 R2 LDG.E.64 1 R2 8 1 0x7f3354c67a00 8 0 
5 0 0 15 00b0 ffffffff 1 R2 LDG.E.64 1 R2 8 1 0x7f3354c0af00 8 0 
6 0 0 2 00b0 ffffffff 1 R2 LDG.E.64 1 R2 8 1 0x7f3354c0c200 8 0 
93 0 0 13 00b0 ffffffff 1 R2 LDG.E.64 1 R2 8 1 0x7f3354cbad00 8 0 
55 0 0 25 00b0 ffffffff 1 R2 LDG.E.64 1 R2 8 1 0x7f3354c6f900 8 0 
48 0 0 14 00b0 ffffffff 1 R2 LDG.E.64 1 R2 8 1 0x7f3354c60e00 8 0 
90 0 0 24 00b0 ffffffff 1 R2 LDG.E.64 1 R2 8 1 0x7f3354cb5800 8 0 
21 0 0 3 00b0 ffffffff 1 R2 LDG.E.64 1 R2 8 1 0x7f3354c2a300 8 0 
94 0 0 7 00b0 ffffffff 1 R2 LDG.E.64 1 R2 8 1 0x7f3354cbc700 8 0 
35 0 0 26 00a0 ffffffff 1 R4 LDG.E.64 1 R4 8 1 0x7f3354d0b000 8 0 
44 0 0 19 00b0 ffffffff 1 R2 LDG.E.64 1 R2 8 1 0x7f3354c59300 8 0 
9 0 0 30 00b0 ffffffff 1 R2 LDG.E.64 1 R2 8 1 0x7f3354c13e00 8 0 
22 0 0 12 00b0 ffffffff 1 R2 LDG.E.64 1 R2 8 1 0x7f3354c2cc00 8 0 
13 0 0 4 00b0 ffffffff 1 R2 LDG.E.64 1 R2 8 1 0x7f3354c1a400 8 0 
19 0 0 31 00b0 ffffffff 1 R2 LDG.E.64 1 R2 8 1 0x7f3354c27f00 8 0 
43 0 0 29 00b0 ffffffff 1 R2 LDG.E.64 1 R2 8 1 0x7f3354c57d00 8 0 
16 0 0 6 00b0 ffffffff 1 R2 LDG.E.64 1 R2 8 1 0x7f3354c20600 8 0 
66 0 0 7 00b0 ffffffff 1 R2 LDG.E.64 1 R2 8 1 0x7f3354c84700 8 0 
33 0 0 15 00b0 ffffffff 1 R2 LDG.E.64 1 R2 8 1 0x7f3354c42f00 8 0 
70 0 0 3 00b0 ffffffff 1 R2 LDG.E.64 1 R2 8 1 0x7f3354c8c300 8 0 
47 0 0 11 00b0 ffffffff 1 R2 LDG.E.64 1 R2 8 1 0x7f3354c5eb00 8 0 
97 0 0 15 00b0 ffffffff 1 R2 LDG.E.64 1 R2 8 1 0x7f3354cc2f00 8 0 
6 0 0 31 00b0 ffffffff 1 R2 LDG.E.64 1 R2 8 1 0x7f3354c0df00 8 0 
5 0 0 13 00b0 ffffffff 1 R2 LDG.E.64 1 R2 8 1 0x7f3354c0ad00 8 0 
52 0 0 23 00b0 ffffffff 1 R2 LDG.E.64 1 R2 8 1 0x7f3354c69700 8 0 
59 0 0 19 00b0 ffffffff 1 R2 LDG.E.64 1 R2 8 1 0x7f3354c77300 8 0 
34 0 0 10 00b0 ffffffff 1 R2 LDG.E.64 1 R2 8 1 0x7f3354c44a00 8 0 
32 0 0 31 00a0 ffffffff 1 R4 LDG.E.64 1 R4 8 1 0x7f3354d05500 8 0 
51 0 0 0 00b0 ffffffff 1 R2 LDG.E.64 1 R2 8 1 0x7f3354c66000 8 0 
24 0 0 21 00b0 ffffffff 1 R2 LDG.E.64 1 R2 8 1 0x7f3354c31500 8 0 
37 0 0 12 00b0 ffffffff 1 R2 LDG.E.64 1 R2 8 1 0x7f3354c4ac00 8 0 
94 0 0 28 00b0 ffffffff 1 R2 LDG.E.64 1 R2 8 1 0x7f3354cbdc00 8 0 
55 0 0 8 00b0 ffffffff 1 R2 LDG.E.64 1 R2 8 1 0x7f3354c6e800 8 0 
48 0 0 2 00b0 ffffffff 1 R2 LDG.E.64 1 R2 8 1 0x7f3354c60200 8 0 
77 0 0 0 00b0 ffffffff 1 R2 LDG.E.64 1 R2 8 1 0x7f3354c9a000 8 0 
22 0 0 15 00b0 ffffffff 1 R2 LDG.E.64 1 R2 8 1 0x7f3354c2cf00 8 0 
65 0 0 20 00b0 ffffffff 1 R2 LDG.E.64 1 R2 8 1 0x7f3354c83400 8 0 
35 0 0 30 00b0 ffffffff 1 R2 LDG.E.64 1 R2 8 1 0x7f3354c47e00 8 0 
28 0 0 16 00b0 ffffffff 1 R2 LDG.E.64 1 R2 8 1 0x7f3354c39000 8 0 
19 0 0 2 00b0 ffffffff 1 R2 LDG.E.64 1 R2 8 1 0x7f3354c26200 8 0 
66 0 0 4 00b0 ffffffff 1 R2 LDG.E.64 1 R2 8 1 0x7f3354c84400 8 0 
13 0 0 2 00b0 ffffffff 1 R2 LDG.E.64 1 R2 8 1 0x7f3354c1a200 8 0 
70 0 0 20 00b0 ffffffff 1 R2 LDG.E.64 1 R2 8 1 0x7f3354c8d400 8 0 
89 0 0 29 00b0 ffffffff 1 R2 LDG.E.64 1 R2 8 1 0x7f3354cb3d00 8 0 
62 0 0 28 00b0 ffffffff 1 R2 LDG.E.64 1 R2 8 1 0x7f3354c7dc00 8 0 
97 0 0 5 00b0 ffffffff 1 R2 LDG.E.64 1 R2 8 1 0x7f3354cc2500 8 0 
43 0 0 22 00b0 ffffffff 1 R2 LDG.E.64 1 R2 8 1 0x7f3354c57600 8 0 
44 0 0 26 00b0 ffffffff 1 R2 LDG.E.64 1 R2 8 1 0x7f3354c59a00 8 0 
47 0 0 28 00b0 ffffffff 1 R2 LDG.E.64 1 R2 8 1 0x7f3354c5fc00 8 0 
48 0 0 4 00b0 ffffffff 1 R2 LDG.E.64 1 R2 8 1 0x7f3354c60400 8 0 
34 0 0 1 00b0 ffffffff 1 R2 LDG.E.64 1 R2 8 1 0x7f3354c44100 8 0 
5 0 0 9 00b0 ffffffff 1 R2 LDG.E.64 1 R2 8 1 0x7f3354c0a900 8 0 
72 0 0 11 00b0 ffffffff 1 R2 LDG.E.64 1 R2 8 1 0x7f3354c90b00 8 0 
59 0 0 21 00b0 ffffffff 1 R2 LDG.E.64 1 R2 8 1 0x7f3354c77500 8 0 
94 0 0 25 00b0 ffffffff 1 R2 LDG.E.64 1 R2 8 1 0x7f3354cbd900 8 0 
93 0 0 0 00b0 ffffffff 1 R2 LDG.E.64 1 R2 8 1 0x7f3354cba000 8 0 
22 0 0 8 00b0 ffffffff 1 R2 LDG.E.64 1 R2 8 1 0x7f3354c2c800 8 0 
77 0 0 6 00b0 ffffffff 1 R2 LDG.E.64 1 R2 8 1 0x7f3354c9a600 8 0 
10 0 0 26 00b0 ffffffff 1 R2 LDG.E.64 1 R2 8 1 0x7f3354c15a00 8 0 
52 0 0 28 00b0 ffffffff 1 R2 LDG.E.64 1 R2 8 1 0x7f3354c69c00 8 0 
65 0 0 13 00b0 ffffffff 1 R2 LDG.E.64 1 R2 8 1 0x7f3354c82d00 8 0 
14 0 0 10 00b0 ffffffff 1 R2 LDG.E.64 1 R2 8 1 0x7f3354c1ca00 8 0 
13 0 0 21 00b0 ffffffff 1 R2 LDG.E.64 1 R2 8 1 0x7f3354c1b500 8 0 
55 0 0 14 00b0 ffffffff 1 R2 LDG.E.64 1 R2 8 1 0x7f3354c6ee00 8 0 
62 0 0 9 00b0 ffffffff 1 R2 LDG.E.64 1 R2 8 1 0x7f3354c7c900 8 0 
33 0 0 0 00b0 ffffffff 1 R2 LDG.E.64 1 R2 8 1 0x7f3354c42000 8 0 
84 0 0 11 00b0 ffffffff 1 R2 LDG.E.64 1 R2 8 1 0x7f3354ca8b00 8 0 
19 0 0 7 00b0 ffffffff 1 R2 LDG.E.64 1 R2 8 1 0x7f3354c26700 8 0 
34 0 0 28 00b0 ffffffff 1 R2 LDG.E.64 1 R2 8 1 0x7f3354c45c00 8 0 
41 0 0 4 00b0 ffffffff 1 R2 LDG.E.64 1 R2 8 1 0x7f3354c52400 8 0 
51 0 0 3 00b0 ffffffff 1 R2 LDG.E.64 1 R2 8 1 0x7f3354c66300 8 0 
44 0 0 13 00b0 ffffffff 1 R2 LDG.E.64 1 R2 8 1 0x7f3354c58d00 8 0 
48 0 0 10 00b0 ffffffff 1 R2 LDG.E.64 1 R2 8 1 0x7f3354c60a00 8 0 
47 0 0 31 00b0 ffffffff 1 R2 LDG.E.64 1 R2 8 1 0x7f3354c5ff00 8 0 
16 0 0 3 00b0 ffffffff 1 R2 LDG.E.64 1 R2 8 1 0x7f3354c20300 8 0 
38 0 0 8 00b0 ffffffff 1 R2 LDG.E.64 1 R2 8 1 0x7f3354c4c800 8 0 
5 0 0 5 00b0 ffffffff 1 R2 LDG.E.64 1 R2 8 1 0x7f3354c0a500 8 0 
3 0 0 12 00b0 ffffffff 1 R2 LDG.E.64 1 R2 8 1 0x7f3354c06c00 8 0 
43 0 0 0 00b0 ffffffff 1 R2 LDG.E.64 1 R2 8 1 0x7f3354c56000 8 0 
78 0 0 4 00b0 ffffffff 1 R2 LDG.E.64 1 R2 8 1 0x7f3354c9c400 8 0 
93 0 0 29 00b0 ffffffff 1 R2 LDG.E.64 1 R2 8 1 0x7f3354cbbd00 8 0 
10 0 0 17 00b0 ffffffff 1 R2 LDG.E.64 1 R2 8 1 0x7f3354c15100 8 0 
77 0 0 13 00b0 ffffffff 1 R2 LDG.E.64 1 R2 8 1 0x7f3354c9ad00 8 0 
14 0 0 1 00b0 ffffffff 1 R2 LDG.E.64 1 R2 8 1 0x7f3354c1c100 8 0 
52 0 0 6 00b0 ffffffff 1 R2 LDG.E.64 1 R2 8 1 0x7f3354c68600 8 0 
65 0 0 9 00b0 ffffffff 1 R2 LDG.E.64 1 R2 8 1 0x7f3354c82900 8 0 
62 0 0 15 00b0 ffffffff 1 R2 LDG.E.64 1 R2 8 1 0x7f3354c7cf00 8 0 
48 0 0 8 00b0 ffffffff 1 R2 LDG.E.64 1 R2 8 1 0x7f3354c60800 8 0 
55 0 0 11 00b0 ffffffff 1 R2 LDG.E.64 1 R2 8 1 0x7f3354c6eb00 8 0 
69 0 0 11 00b0 ffffffff 1 R2 LDG.E.64 1 R2 8 1 0x7f3354c8ab00 8 0 
24 0 0 2 00b0 ffffffff 1 R2 LDG.E.64 1 R2 8 1 0x7f3354c30200 8 0 
51 0 0 1 00b0 ffffffff 1 R2 LDG.E.64 1 R2 8 1 0x7f3354c66100 8 0 
90 0 0 21 00b0 ffffffff 1 R2 LDG.E.64 1 R2 8 1 0x7f3354cb5500 8 0 
33 0 0 6 00b0 ffffffff 1 R2 LDG.E.64 1 R2 8 1 0x7f3354c42600 8 0 
94 0 0 4 00b0 ffffffff 1 R2 LDG.E.64 1 R2 8 1 0x7f3354cbc400 8 0 
41 0 0 1 00b0 ffffffff 1 R2 LDG.E.64 1 R2 8 1 0x7f3354c52100 8 0 
78 0 0 8 00b0 ffffffff 1 R2 LDG.E.64 1 R2 8 1 0x7f3354c9c800 8 0 
5 0 0 18 00b0 ffffffff 1 R2 LDG.E.64 1 R2 8 1 0x7f3354c0b200 8 0 
10 0 0 31 00b0 ffffffff 1 R2 LDG.E.64 1 R2 8 1 0x7f3354c15f00 8 0 
37 0 0 15 00b0 ffffffff 1 R2 LDG.E.64 1 R2 8 1 0x7f3354c4af00 8 0 
70 0 0 27 00b0 ffffffff 1 R2 LDG.E.64 1 R2 8 1 0x7f3354c8db00 8 0 
21 0 0 13 00b0 ffffffff 1 R2 LDG.E.64 1 R2 8 1 0x7f3354c2ad00 8 0 
6 0 0 27 00b0 ffffffff 1 R2 LDG.E.64 1 R2 8 1 0x7f3354c0db00 8 0 
65 0 0 28 00b0 ffffffff 1 R2 LDG.E.64 1 R2 8 1 0x7f3354c83c00 8 0 
34 0 0 6 00b0 ffffffff 1 R2 LDG.E.64 1 R2 8 1 0x7f3354c44600 8 0 
69 0 0 0 00a0 ffffffff 1 R4 LDG.E.64 1 R4 8 1 0x7f3354d4d600 8 0 
38 0 0 6 00b0 ffffffff 1 R2 LDG.E.64 1 R2 8 1 0x7f3354c4c600 8 0 
33 0 0 24 00b0 ffffffff 1 R2 LDG.E.64 1 R2 8 1 0x7f3354c43800 8 0 
78 0 0 6 00b0 ffffffff 1 R2 LDG.E.64 1 R2 8 1 0x7f3354c9c600 8 0 
41 0 0 19 00b0 ffffffff 1 R2 LDG.E.64 1 R2 8 1 0x7f3354c53300 8 0 
66 0 0 24 00b0 ffffffff 1 R2 LDG.E.64 1 R2 8 1 0x7f3354c85800 8 0 
5 0 0 20 00b0 ffffffff 1 R2 LDG.E.64 1 R2 8 1 0x7f3354c0b400 8 0 
70 0 0 29 00b0 ffffffff 1 R2 LDG.E.64 1 R2 8 1 0x7f3354c8dd00 8 0 
37 0 0 2 00b0 ffffffff 1 R2 LDG.E.64 1 R2 8 1 0x7f3354c4a200 8 0 
62 0 0 24 00b0 ffffffff 1 R2 LDG.E.64 1 R2 8 1 0x7f3354c7d800 8 0 
21 0 0 9 00b0 ffffffff 1 R2 LDG.E.64 1 R2 8 1 0x7f3354c2a900 8 0 
34 0 0 25 00b0 ffffffff 1 R2 LDG.E.64 1 R2 8 1 0x7f3354c45900 8 0 
65 0 0 19 00b0 ffffffff 1 R2 LDG.E.64 1 R2 8 1 0x7f3354c83300 8 0 
38 0 0 29 00b0 ffffffff 1 R2 LDG.E.64 1 R2 8 1 0x7f3354c4dd00 8 0 
13 0 0 14 00b0 ffffffff 1 R2 LDG.E.64 1 R2 8 1 0x7f3354c1ae00 8 0 
35 0 0 10 00a0 ffffffff 1 R4 LDG.E.64 1 R4 8 1 0x7f3354d0a000 8 0 
43 0 0 9 00b0 ffffffff 1 R2 LDG.E.64 1 R2 8 1 0x7f3354c56900 8 0 
28 0 0 18 00b0 ffffffff 1 R2 LDG.E.64 1 R2 8 1 0x7f3354c39200 8 0 
47 0 0 13 00b0 ffffffff 1 R2 LDG.E.64 1 R2 8 1 0x7f3354c5ed00 8 0 
44 0 0 7 00b0 ffffffff 1 R2 LDG.E.64 1 R2 8 1 0x7f3354c58700 8 0 
3 0 0 26 00b0 ffffffff 1 R2 LDG.E.64 1 R2 8 1 0x7f3354c07a00 8 0 
51 0 0 16 00b0 ffffffff 1 R2 LDG.E.64 1 R2 8 1 0x7f3354c67000 8 0 
16 0 0 14 00b0 ffffffff 1 R2 LDG.E.64 1 R2 8 1 0x7f3354c20e00 8 0 
55 0 0 5 00b0 ffffffff 1 R2 LDG.E.64 1 R2 8 1 0x7f3354c6e500 8 0 
32 0 0 19 00a0 ffffffff 1 R4 LDG.E.64 1 R4 8 1 0x7f3354d04900 8 0 
52 0 0 1 00b0 ffffffff 1 R2 LDG.E.64 1 R2 8 1 0x7f3354c68100 8 0 
19 0 0 23 00b0 ffffffff 1 R2 LDG.E.64 1 R2 8 1 0x7f3354c27700 8 0 
96 0 0 4 00a0 ffffffff 1 R4 LDG.E.64 1 R4 8 1 0x7f3354d83a00 8 0 
47 0 0 17 00b0 ffffffff 1 R2 LDG.E.64 1 R2 8 1 0x7f3354c5f100 8 0 
78 0 0 13 00b0 ffffffff 1 R2 LDG.E.64 1 R2 8 1 0x7f3354c9cd00 8 0 
28 0 0 9 00b0 ffffffff 1 R2 LDG.E.64 1 R2 8 1 0x7f3354c38900 8 0 
55 0 0 18 00b0 ffffffff 1 R2 LDG.E.64 1 R2 8 1 0x7f3354c6f200 8 0 
43 0 0 7 00b0 ffffffff 1 R2 LDG.E.64 1 R2 8 1 0x7f3354c56700 8 0 
44 0 0 0 00b0 ffffffff 1 R2 LDG.E.64 1 R2 8 1 0x7f3354c58000 8 0 
19 0 0 25 00b0 ffffffff 1 R2 LDG.E.64 1 R2 8 1 0x7f3354c27900 8 0 
39 0 0 13 00b0 ffffffff 1 R2 LDG.E.64 1 R2 8 1 0x7f3354c4ed00 8 0 
52 0 0 30 00b0 ffffffff 1 R2 LDG.E.64 1 R2 8 1 0x7f3354c69e00 8 0 
89 0 0 4 00b0 ffffffff 1 R2 LDG.E.64 1 R2 8 1 0x7f3354cb2400 8 0 
51 0 0 29 00b0 ffffffff 1 R2 LDG.E.64 1 R2 8 1 0x7f3354c67d00 8 0 
24 0 0 27 00b0 ffffffff 1 R2 LDG.E.64 1 R2 8 1 0x7f3354c31b00 8 0 
10 0 0 28 00b0 ffffffff 1 R2 LDG.E.64 1 R2 8 1 0x7f3354c15c00 8 0 
47 0 0 16 00b0 ffffffff 1 R2 LDG.E.64 1 R2 8 1 0x7f3354c5f000 8 0 
56 0 0 27 00b0 ffffffff 1 R2 LDG.E.64 1 R2 8 1 0x7f3354c71b00 8 0 
61 0 0 26 00b0 ffffffff 1 R2 LDG.E.64 1 R2 8 1 0x7f3354c7ba00 8 0 
14 0 0 21 00b0 ffffffff 1 R2 LDG.E.64 1 R2 8 1 0x7f3354c1d500 8 0 
37 0 0 8 00b0 ffffffff 1 R2 LDG.E.64 1 R2 8 1 0x7f3354c4a800 8 0 
62 0 0 17 00b0 ffffffff 1 R2 LDG.E.64 1 R2 8 1 0x7f3354c7d100 8 0 
44 0 0 1 00b0 ffffffff 1 R2 LDG.E.64 1 R2 8 1 0x7f3354c58100 8 0 
43 0 0 17 00b0 ffffffff 1 R2 LDG.E.64 1 R2 8 1 0x7f3354c57100 8 0 
21 0 0 27 00b0 ffffffff 1 R2 LDG.E.64 1 R2 8 1 0x7f3354c2bb00 8 0 
34 0 0 4 00b0 ffffffff 1 R2 LDG.E.64 1 R2 8 1 0x7f3354c44400 8 0 
65 0 0 17 00b0 ffffffff 1 R2 LDG.E.64 1 R2 8 1 0x7f3354c83100 8 0 
0 0 0 17 00b0 ffffffff 1 R2 LDG.E.64 1 R2 8 1 0x7f3354c01100 8 0 
38 0 0 19 00b0 ffffffff 1 R2 LDG.E.64 1 R2 8 1 0x7f3354c4d300 8 0 
69 0 0 19 00b0 ffffffff 1 R2 LDG.E.64 1 R2 8 1 0x7f3354c8b300 8 0 
22 0 0 4 00b0 ffffffff 1 R2 LDG.E.64 1 R2 8 1 0x7f3354c2c400 8 0 
55 0 0 23 00b0 ffffffff 1 R2 LDG.E.64 1 R2 8 1 0x7f3354c6f700 8 0 
44 0 0 15 00b0 ffffffff 1 R2 LDG.E.64 1 R2 8 1 0x7f3354c58f00 8 0 
33 0 0 20 00b0 ffffffff 1 R2 LDG.E.64 1 R2 8 1 0x7f3354c43400 8 0 
10 0 0 30 00b0 ffffffff 1 R2 LDG.E.64 1 R2 8 1 0x7f3354c15e00 8 0 
97 0 0 13 00b0 ffffffff 1 R2 LDG.E.64 1 R2 8 1 0x7f3354cc2d00 8 0 
19 0 0 3 00b0 ffffffff 1 R2 LDG.E.64 1 R2 8 1 0x7f3354c26300 8 0 
51 0 0 8 00b0 ffffffff 1 R2 LDG.E.64 1 R2 8 1 0x7f3354c66800 8 0 
47 0 0 26 00b0 ffffffff 1 R2 LDG.E.64 1 R2 8 1 0x7f3354c5fa00 8 0 
14 0 0 6 00b0 ffffffff 1 R2 LDG.E.64 1 R2 8 1 0x7f3354c1c600 8 0 
5 0 0 1 00b0 ffffffff 1 R2 LDG.E.64 1 R2 8 1 0x7f3354c0a100 8 0 
24 0 0 23 00b0 ffffffff 1 R2 LDG.E.64 1 R2 8 1 0x7f3354c31700 8 0 
6 0 0 23 00b0 ffffffff 1 R2 LDG.E.64 1 R2 8 1 0x7f3354c0d700 8 0 
93 0 0 21 00b0 ffffffff 1 R2 LDG.E.64 1 R2 8 1 0x7f3354cbb500 8 0 
34 0 0 30 00b0 ffffffff 1 R2 LDG.E.64 1 R2 8 1 0x7f3354c45e00 8 0 
3 0 0 9 00b0 ffffffff 1 R2 LDG.E.64 1 R2 8 1 0x7f3354c06900 8 0 
0 0 0 23 00b0 ffffffff 1 R2 LDG.E.64 1 R2 8 1 0x7f3354c01700 8 0 
77 0 0 4 00b0 ffffffff 1 R2 LDG.E.64 1 R2 8 1 0x7f3354c9a400 8 0 
55 0 0 12 00b0 ffffffff 1 R2 LDG.E.64 1 R2 8 1 0x7f3354c6ec00 8 0 
38 0 0 0 00b0 ffffffff 1 R2 LDG.E.64 1 R2 8 1 0x7f3354c4c000 8 0 
9 0 0 27 00b0 ffffffff 1 R2 LDG.E.64 1 R2 8 1 0x7f3354c13b00 8 0 
44 0 0 8 00b0 ffffffff 1 R2 LDG.E.64 1 R2 8 1 0x7f3354c58800 8 0 
78 0 0 16 00b0 ffffffff 1 R2 LDG.E.64 1 R2 8 1 0x7f3354c9d000 8 0 
13 0 0 7 00b0 ffffffff 1 R2 LDG.E.64 1 R2 8 1 0x7f3354c1a700 8 0 
75 0 0 0 00b0 ffffffff 1 R2 LDG.E.64 1 R2 8 1 0x7f3354c96000 8 0 
48 0 0 19 00b0 ffffffff 1 R2 LDG.E.64 1 R2 8 1 0x7f3354c61300 8 0 
10 0 0 7 00b0 ffffffff 1 R2 LDG.E.64 1 R2 8 1 0x7f3354c14700 8 0 
14 0 0 19 00b0 ffffffff 1 R2 LDG.E.64 1 R2 8 1 0x7f3354c1d300 8 0 
33 0 0 11 00b0 ffffffff 1 R2 LDG.E.64 1 R2 8 1 0x7f3354c42b00 8 0 
16 0 0 9 00b0 ffffffff 1 R2 LDG.E.64 1 R2 8 1 0x7f3354c20900 8 0 
43 0 0 21 00b0 ffffffff 1 R2 LDG.E.64 1 R2 8 1 0x7f3354c57500 8 0 
47 0 0 7 00b0 ffffffff 1 R2 LDG.E.64 1 R2 8 1 0x7f3354c5e700 8 0 
41 0 0 17 00b0 ffffffff 1 R2 LDG.E.64 1 R2 8 1 0x7f3354c53100 8 0 
0 0 0 15 00b0 ffffffff 1 R2 LDG.E.64 1 R2 8 1 0x7f3354c00f00 8 0 
91 0 0 19 00a0 ffffffff 1 R4 LDG.E.64 1 R4 8 1 0x7f3354d7a900 8 0 
62 0 0 7 00b0 ffffffff 1 R2 LDG.E.64 1 R2 8 1 0x7f3354c7c700 8 0 
5 0 0 14 00b0 ffffffff 1 R2 LDG.E.64 1 R2 8 1 0x7f3354c0ae00 8 0 
93 0 0 10 00b0 ffffffff 1 R2 LDG.E.64 1 R2 8 1 0x7f3354cbaa00 8 0 
3 0 0 18 00b0 ffffffff 1 R2 LDG.E.64 1 R2 8 1 0x7f3354c07200 8 0 
34 0 0 24 00b0 ffffffff 1 R2 LDG.E.64 1 R2 8 1 0x7f3354c45800 8 0 
21 0 0 31 00b0 ffffffff 1 R2 LDG.E.64 1 R2 8 1 0x7f3354c2bf00 8 0 
38 0 0 24 00b0 ffffffff 1 R2 LDG.E.64 1 R2 8 1 0x7f3354c4d800 8 0 
65 0 0 7 00b0 ffffffff 1 R2 LDG.E.64 1 R2 8 1 0x7f3354c82700 8 0 
16 0 0 12 00b0 ffffffff 1 R2 LDG.E.64 1 R2 8 1 0x7f3354c20c00 8 0 
35 0 0 23 00b0 ffffffff 1 R2 LDG.E.64 1 R2 8 1 0x7f3354c47700 8 0 
78 0 0 5 00b0 ffffffff 1 R2 LDG.E.64 1 R2 8 1 0x7f3354c9c500 8 0 
55 0 0 26 00b0 ffffffff 1 R2 LDG.E.64 1 R2 8 1 0x7f3354c6fa00 8 0 
13 0 0 6 00b0 ffffffff 1 R2 LDG.E.64 1 R2 8 1 0x7f3354c1a600 8 0 
10 0 0 21 00b0 ffffffff 1 R2 LDG.E.64 1 R2 8 1 0x7f3354c15500 8 0 
89 0 0 9 00b0 ffffffff 1 R2 LDG.E.64 1 R2 8 1 0x7f3354cb2900 8 0 
70 0 0 11 00b0 ffffffff 1 R2 LDG.E.64 1 R2 8 1 0x7f3354c8cb00 8 0 
41 0 0 20 00b0 ffffffff 1 R2 LDG.E.64 1 R2 8 1 0x7f3354c53400 8 0 
61 0 0 4 00b0 ffffffff 1 R2 LDG.E.64 1 R2 8 1 0x7f3354c7a400 8 0 
62 0 0 12 00b0 ffffffff 1 R2 LDG.E.64 1 R2 8 1 0x7f3354c7cc00 8 0 
90 0 0 16 00b0 ffffffff 1 R2 LDG.E.64 1 R2 8 1 0x7f3354cb5000 8 0 
38 0 0 7 00b0 ffffffff 1 R2 LDG.E.64 1 R2 8 1 0x7f3354c4c700 8 0 
93 0 0 15 00b0 ffffffff 1 R2 LDG.E.64 1 R2 8 1 0x7f3354cbaf00 8 0 
22 0 0 0 00b0 ffffffff 1 R2 LDG.E.64 1 R2 8 1 0x7f3354c2c000 8 0 
21 0 0 23 00b0 ffffffff 1 R2 LDG.E.64 1 R2 8 1 0x7f3354c2b700 8 0 
10 0 0 1 00b0 ffffffff 1 R2 LDG.E.64 1 R2 8 1 0x7f3354c14100 8 0 
65 0 0 29 00b0 ffffffff 1 R2 LDG.E.64 1 R2 8 1 0x7f3354c83d00 8 0 
70 0 0 12 00b0 ffffffff 1 R2 LDG.E.64 1 R2 8 1 0x7f3354c8cc00 8 0 
69 0 0 27 00b0 ffffffff 1 R2 LDG.E.64 1 R2 8 1 0x7f3354c8bb00 8 0 
62 0 0 2 00b0 ffffffff 1 R2 LDG.E.64 1 R2 8 1 0x7f3354c7c200 8 0 
89 0 0 20 00b0 ffffffff 1 R2 LDG.E.64 1 R2 8 1 0x7f3354cb3400 8 0 
34 0 0 27 00b0 ffffffff 1 R2 LDG.E.64 1 R2 8 1 0x7f3354c45b00 8 0 
97 0 0 1 00b0 ffffffff 1 R2 LDG.E.64 1 R2 8 1 0x7f3354cc2100 8 0 
94 0 0 3 00b0 ffffffff 1 R2 LDG.E.64 1 R2 8 1 0x7f3354cbc300 8 0 
61 0 0 0 00b0 ffffffff 1 R2 LDG.E.64 1 R2 8 1 0x7f3354c7a000 8 0 
78 0 0 25 00b0 ffffffff 1 R2 LDG.E.64 1 R2 8 1 0x7f3354c9d900 8 0 
93 0 0 25 00b0 ffffffff 1 R2 LDG.E.64 1 R2 8 1 0x7f3354cbb900 8 0 
10 0 0 22 00b0 ffffffff 1 R2 LDG.E.64 1 R2 8 1 0x7f3354c15600 8 0 
21 0 0 1 00b0 ffffffff 1 R2 LDG.E.64 1 R2 8 1 0x7f3354c2a100 8 0 
14 0 0 16 00b0 ffffffff 1 R2 LDG.E.64 1 R2 8 1 0x7f3354c1d000 8 0 
65 0 0 27 00b0 ffffffff 1 R2 LDG.E.64 1 R2 8 1 0x7f3354c83b00 8 0 
62 0 0 27 00b0 ffffffff 1 R2 LDG.E.64 1 R2 8 1 0x7f3354c7db00 8 0 
69 0 0 24 00b0 ffffffff 1 R2 LDG.E.64 1 R2 8 1 0x7f3354c8b800 8 0 
90 0 0 1 00b0 ffffffff 1 R2 LDG.E.64 1 R2 8 1 0x7f3354cb4100 8 0 
89 0 0 15 00b0 ffffffff 1 R2 LDG.E.64 1 R2 8 1 0x7f3354cb2f00 8 0 
38 0 0 25 00b0 ffffffff 1 R2 LDG.E.64 1 R2 8 1 0x7f3354c4d900 8 0 
22 0 0 23 00b0 ffffffff 1 R2 LDG.E.64 1 R2 8 1 0x7f3354c2d700 8 0 
61 0 0 17 00b0 ffffffff 1 R2 LDG.E.64 1 R2 8 1 0x7f3354c7b100 8 0 
10 0 0 5 00b0 ffffffff 1 R2 LDG.E.64 1 R2 8 1 0x7f3354c14500 8 0 
93 0 0 6 00b0 ffffffff 1 R2 LDG.E.64 1 R2 8 1 0x7f3354cba600 8 0 
70 0 0 2 00b0 ffffffff 1 R2 LDG.E.64 1 R2 8 1 0x7f3354c8c200 8 0 
77 0 0 14 00b0 ffffffff 1 R2 LDG.E.64 1 R2 8 1 0x7f3354c9ae00 8 0 
62 0 0 16 00b0 ffffffff 1 R2 LDG.E.64 1 R2 8 1 0x7f3354c7d000 8 0 
65 0 0 14 00b0 ffffffff 1 R2 LDG.E.64 1 R2 8 1 0x7f3354c82e00 8 0 
34 0 0 20 00b0 ffffffff 1 R2 LDG.E.64 1 R2 8 1 0x7f3354c45400 8 0 
69 0 0 29 00b0 ffffffff 1 R2 LDG.E.64 1 R2 8 1 0x7f3354c8bd00 8 0 
94 0 0 31 00b0 ffffffff 1 R2 LDG.E.64 1 R2 8 1 0x7f3354cbdf00 8 0 
89 0 0 22 00b0 ffffffff 1 R2 LDG.E.64 1 R2 8 1 0x7f3354cb3600 8 0 
78 0 0 11 00b0 ffffffff 1 R2 LDG.E.64 1 R2 8 1 0x7f3354c9cb00 8 0 
61 0 0 14 00b0 ffffffff 1 R2 LDG.E.64 1 R2 8 1 0x7f3354c7ae00 8 0 
66 0 0 18 00b0 ffffffff 1 R2 LDG.E.64 1 R2 8 1 0x7f3354c85200 8 0 
93 0 0 24 00b0 ffffffff 1 R2 LDG.E.64 1 R2 8 1 0x7f3354cbb800 8 0 
70 0 0 5 00b0 ffffffff 1 R2 LDG.E.64 1 R2 8 1 0x7f3354c8c500 8 0 
77 0 0 22 00b0 ffffffff 1 R2 LDG.E.64 1 R2 8 1 0x7f3354c9b600 8 0 
62 0 0 22 00b0 ffffffff 1 R2 LDG.E.64 1 R2 8 1 0x7f3354c7d600 8 0 
65 0 0 5 00b0 ffffffff 1 R2 LDG.E.64 1 R2 8 1 0x7f3354c82500 8 0 
90 0 0 25 00b0 ffffffff 1 R2 LDG.E.64 1 R2 8 1 0x7f3354cb5900 8 0 
38 0 0 28 00b0 ffffffff 1 R2 LDG.E.64 1 R2 8 1 0x7f3354c4dc00 8 0 
22 0 0 30 00b0 ffffffff 1 R2 LDG.E.64 1 R2 8 1 0x7f3354c2de00 8 0 
69 0 0 13 00b0 ffffffff 1 R2 LDG.E.64 1 R2 8 1 0x7f3354c8ad00 8 0 
66 0 0 27 00b0 ffffffff 1 R2 LDG.E.64 1 R2 8 1 0x7f3354c85b00 8 0 
89 0 0 11 00b0 ffffffff 1 R2 LDG.E.64 1 R2 8 1 0x7f3354cb2b00 8 0 
5 0 0 2 00b0 ffffffff 1 R2 LDG.E.64 1 R2 8 1 0x7f3354c0a200 8 0 
70 0 0 31 00b0 ffffffff 1 R2 LDG.E.64 1 R2 8 1 0x7f3354c8df00 8 0 
93 0 0 7 00b0 ffffffff 1 R2 LDG.E.64 1 R2 8 1 0x7f3354cba700 8 0 
77 0 0 19 00b0 ffffffff 1 R2 LDG.E.64 1 R2 8 1 0x7f3354c9b300 8 0 
6 0 0 12 00b0 ffffffff 1 R2 LDG.E.64 1 R2 8 1 0x7f3354c0cc00 8 0 
65 0 0 0 00b0 ffffffff 1 R2 LDG.E.64 1 R2 8 1 0x7f3354c82000 8 0 
34 0 0 21 00b0 ffffffff 1 R2 LDG.E.64 1 R2 8 1 0x7f3354c45500 8 0 
69 0 0 2 00b0 ffffffff 1 R2 LDG.E.64 1 R2 8 1 0x7f3354c8a200 8 0 
38 0 0 21 00b0 ffffffff 1 R2 LDG.E.64 1 R2 8 1 0x7f3354c4d500 8 0 
89 0 0 12 00b0 ffffffff 1 R2 LDG.E.64 1 R2 8 1 0x7f3354cb2c00 8 0 
22 0 0 11 00b0 ffffffff 1 R2 LDG.E.64 1 R2 8 1 0x7f3354c2cb00 8 0 
66 0 0 1 00b0 ffffffff 1 R2 LDG.E.64 1 R2 8 1 0x7f3354c84100 8 0 
61 0 0 19 00b0 ffffffff 1 R2 LDG.E.64 1 R2 8 1 0x7f3354c7b300 8 0 
14 0 0 17 00b0 ffffffff 1 R2 LDG.E.64 1 R2 8 1 0x7f3354c1d100 8 0 
93 0 0 30 00b0 ffffffff 1 R2 LDG.E.64 1 R2 8 1 0x7f3354cbbe00 8 0 
77 0 0 28 00b0 ffffffff 1 R2 LDG.E.64 1 R2 8 1 0x7f3354c9bc00 8 0 
62 0 0 4 00b0 ffffffff 1 R2 LDG.E.64 1 R2 8 1 0x7f3354c7c400 8 0 
9 0 0 19 00b0 ffffffff 1 R2 LDG.E.64 1 R2 8 1 0x7f3354c13300 8 0 
69 0 0 17 00b0 ffffffff 1 R2 LDG.E.64 1 R2 8 1 0x7f3354c8b100 8 0 
90 0 0 17 00b0 ffffffff 1 R2 LDG.E.64 1 R2 8 1 0x7f3354cb5100 8 0 
33 0 0 7 00b0 ffffffff 1 R2 LDG.E.64 1 R2 8 1 0x7f3354c42700 8 0 
38 0 0 2 00b0 ffffffff 1 R2 LDG.E.64 1 R2 8 1 0x7f3354c4c200 8 0 
5 0 0 29 00b0 ffffffff 1 R2 LDG.E.64 1 R2 8 1 0x7f3354c0bd00 8 0 
37 0 0 5 00b0 ffffffff 1 R2 LDG.E.64 1 R2 8 1 0x7f3354c4a500 8 0 
78 0 0 1 00b0 ffffffff 1 R2 LDG.E.64 1 R2 8 1 0x7f3354c9c100 8 0 
21 0 0 18 00b0 ffffffff 1 R2 LDG.E.64 1 R2 8 1 0x7f3354c2b200 8 0 
66 0 0 6 00b0 ffffffff 1 R2 LDG.E.64 1 R2 8 1 0x7f3354c84600 8 0 
65 0 0 12 00b0 ffffffff 1 R2 LDG.E.64 1 R2 8 1 0x7f3354c82c00 8 0 
69 0 0 12 00b0 ffffffff 1 R2 LDG.E.64 1 R2 8 1 0x7f3354c8ac00 8 0 
14 0 0 11 00b0 ffffffff 1 R2 LDG.E.64 1 R2 8 1 0x7f3354c1cb00 8 0 
62 0 0 29 00b0 ffffffff 1 R2 LDG.E.64 1 R2 8 1 0x7f3354c7dd00 8 0 
89 0 0 1 00b0 ffffffff 1 R2 LDG.E.64 1 R2 8 1 0x7f3354cb2100 8 0 
90 0 0 0 00b0 ffffffff 1 R2 LDG.E.64 1 R2 8 1 0x7f3354cb4000 8 0 
5 0 0 10 00b0 ffffffff 1 R2 LDG.E.64 1 R2 8 1 0x7f3354c0aa00 8 0 
38 0 0 4 00b0 ffffffff 1 R2 LDG.E.64 1 R2 8 1 0x7f3354c4c400 8 0 
93 0 0 1 00b0 ffffffff 1 R2 LDG.E.64 1 R2 8 1 0x7f3354cba100 8 0 
22 0 0 7 00b0 ffffffff 1 R2 LDG.E.64 1 R2 8 1 0x7f3354c2c700 8 0 
77 0 0 18 00b0 ffffffff 1 R2 LDG.E.64 1 R2 8 1 0x7f3354c9b200 8 0 
66 0 0 20 00b0 ffffffff 1 R2 LDG.E.64 1 R2 8 1 0x7f3354c85400 8 0 
65 0 0 8 00b0 ffffffff 1 R2 LDG.E.64 1 R2 8 1 0x7f3354c82800 8 0 
14 0 0 12 00b0 ffffffff 1 R2 LDG.E.64 1 R2 8 1 0x7f3354c1cc00 8 0 
6 0 0 19 00b0 ffffffff 1 R2 LDG.E.64 1 R2 8 1 0x7f3354c0d300 8 0 
13 0 0 15 00b0 ffffffff 1 R2 LDG.E.64 1 R2 8 1 0x7f3354c1af00 8 0 
90 0 0 29 00b0 ffffffff 1 R2 LDG.E.64 1 R2 8 1 0x7f3354cb5d00 8 0 
89 0 0 2 00b0 ffffffff 1 R2 LDG.E.64 1 R2 8 1 0x7f3354cb2200 8 0 
38 0 0 31 00b0 ffffffff 1 R2 LDG.E.64 1 R2 8 1 0x7f3354c4df00 8 0 
61 0 0 29 00b0 ffffffff 1 R2 LDG.E.64 1 R2 8 1 0x7f3354c7bd00 8 0 
78 0 0 3 00b0 ffffffff 1 R2 LDG.E.64 1 R2 8 1 0x7f3354c9c300 8 0 
93 0 0 19 00b0 ffffffff 1 R2 LDG.E.64 1 R2 8 1 0x7f3354cbb300 8 0 
66 0 0 22 00b0 ffffffff 1 R2 LDG.E.64 1 R2 8 1 0x7f3354c85600 8 0 
21 0 0 24 00b0 ffffffff 1 R2 LDG.E.64 1 R2 8 1 0x7f3354c2b800 8 0 
70 0 0 1 00b0 ffffffff 1 R2 LDG.E.64 1 R2 8 1 0x7f3354c8c100 8 0 
65 0 0 6 00b0 ffffffff 1 R2 LDG.E.64 1 R2 8 1 0x7f3354c82600 8 0 
6 0 0 21 00b0 ffffffff 1 R2 LDG.E.64 1 R2 8 1 0x7f3354c0d500 8 0 
13 0 0 17 00b0 ffffffff 1 R2 LDG.E.64 1 R2 8 1 0x7f3354c1b100 8 0 
34 0 0 0 00b0 ffffffff 1 R2 LDG.E.64 1 R2 8 1 0x7f3354c44000 8 0 
89 0 0 3 00b0 ffffffff 1 R2 LDG.E.64 1 R2 8 1 0x7f3354cb2300 8 0 
38 0 0 17 00b0 ffffffff 1 R2 LDG.E.64 1 R2 8 1 0x7f3354c4d100 8 0 
61 0 0 11 00b0 ffffffff 1 R2 LDG.E.64 1 R2 8 1 0x7f3354c7ab00 8 0 
22 0 0 26 00b0 ffffffff 1 R2 LDG.E.64 1 R2 8 1 0x7f3354c2da00 8 0 
37 0 0 18 00b0 ffffffff 1 R2 LDG.E.64 1 R2 8 1 0x7f3354c4b200 8 0 
66 0 0 23 00b0 ffffffff 1 R2 LDG.E.64 1 R2 8 1 0x7f3354c85700 8 0 
77 0 0 10 00b0 ffffffff 1 R2 LDG.E.64 1 R2 8 1 0x7f3354c9aa00 8 0 
14 0 0 4 00b0 ffffffff 1 R2 LDG.E.64 1 R2 8 1 0x7f3354c1c400 8 0 
65 0 0 16 00b0 ffffffff 1 R2 LDG.E.64 1 R2 8 1 0x7f3354c83000 8 0 
6 0 0 15 00b0 ffffffff 1 R2 LDG.E.64 1 R2 8 1 0x7f3354c0cf00 8 0 
69 0 0 5 00b0 ffffffff 1 R2 LDG.E.64 1 R2 8 1 0x7f3354c8a500 8 0 
34 0 0 26 00b0 ffffffff 1 R2 LDG.E.64 1 R2 8 1 0x7f3354c45a00 8 0 
89 0 0 10 00b0 ffffffff 1 R2 LDG.E.64 1 R2 8 1 0x7f3354cb2a00 8 0 
94 0 0 15 00b0 ffffffff 1 R2 LDG.E.64 1 R2 8 1 0x7f3354cbcf00 8 0 
61 0 0 28 00b0 ffffffff 1 R2 LDG.E.64 1 R2 8 1 0x7f3354c7bc00 8 0 
37 0 0 11 00b0 ffffffff 1 R2 LDG.E.64 1 R2 8 1 0x7f3354c4ab00 8 0 
10 0 0 16 00b0 ffffffff 1 R2 LDG.E.64 1 R2 8 1 0x7f3354c15000 8 0 
21 0 0 10 00b0 ffffffff 1 R2 LDG.E.64 1 R2 8 1 0x7f3354c2aa00 8 0 
14 0 0 3 00b0 ffffffff 1 R2 LDG.E.64 1 R2 8 1 0x7f3354c1c300 8 0 
65 0 0 11 00b0 ffffffff 1 R2 LDG.E.64 1 R2 8 1 0x7f3354c82b00 8 0 
69 0 0 7 00b0 ffffffff 1 R2 LDG.E.64 1 R2 8 1 0x7f3354c8a700 8 0 
33 0 0 13 00b0 ffffffff 1 R2 LDG.E.64 1 R2 8 1 0x7f3354c42d00 8 0 
6 0 0 20 00b0 ffffffff 1 R2 LDG.E.64 1 R2 8 1 0x7f3354c0d400 8 0 
61 0 0 6 00b0 ffffffff 1 R2 LDG.E.64 1 R2 8 1 0x7f3354c7a600 8 0 
34 0 0 23 00b0 ffffffff 1 R2 LDG.E.64 1 R2 8 1 0x7f3354c45700 8 0 
93 0 0 18 00b0 ffffffff 1 R2 LDG.E.64 1 R2 8 1 0x7f3354cbb200 8 0 
38 0 0 30 00b0 ffffffff 1 R2 LDG.E.64 1 R2 8 1 0x7f3354c4de00 8 0 
77 0 0 2 00b0 ffffffff 1 R2 LDG.E.64 1 R2 8 1 0x7f3354c9a200 8 0 
78 0 0 12 00b0 ffffffff 1 R2 LDG.E.64 1 R2 8 1 0x7f3354c9cc00 8 0 
10 0 0 29 00b0 ffffffff 1 R2 LDG.E.64 1 R2 8 1 0x7f3354c15d00 8 0 
65 0 0 24 00b0 ffffffff 1 R2 LDG.E.64 1 R2 8 1 0x7f3354c83800 8 0 
14 0 0 2 00b0 ffffffff 1 R2 LDG.E.64 1 R2 8 1 0x7f3354c1c200 8 0 
69 0 0 28 00b0 ffffffff 1 R2 LDG.E.64 1 R2 8 1 0x7f3354c8bc00 8 0 
62 0 0 26 00b0 ffffffff 1 R2 LDG.E.64 1 R2 8 1 0x7f3354c7da00 8 0 
33 0 0 3 00b0 ffffffff 1 R2 LDG.E.64 1 R2 8 1 0x7f3354c42300 8 0 
34 0 0 19 00b0 ffffffff 1 R2 LDG.E.64 1 R2 8 1 0x7f3354c45300 8 0 
5 0 0 12 00b0 ffffffff 1 R2 LDG.E.64 1 R2 8 1 0x7f3354c0ac00 8 0 
93 0 0 3 00b0 ffffffff 1 R2 LDG.E.64 1 R2 8 1 0x7f3354cba300 8 0 
77 0 0 30 00b0 ffffffff 1 R2 LDG.E.64 1 R2 8 1 0x7f3354c9be00 8 0 
65 0 0 2 00b0 ffffffff 1 R2 LDG.E.64 1 R2 8 1 0x7f3354c82200 8 0 
78 0 0 26 00b0 ffffffff 1 R2 LDG.E.64 1 R2 8 1 0x7f3354c9da00 8 0 
13 0 0 11 00b0 ffffffff 1 R2 LDG.E.64 1 R2 8 1 0x7f3354c1ab00 8 0 
6 0 0 17 00b0 ffffffff 1 R2 LDG.E.64 1 R2 8 1 0x7f3354c0d100 8 0 
94 0 0 8 00b0 ffffffff 1 R2 LDG.E.64 1 R2 8 1 0x7f3354cbc800 8 0 
22 0 0 22 00b0 ffffffff 1 R2 LDG.E.64 1 R2 8 1 0x7f3354c2d600 8 0 
37 0 0 3 00b0 ffffffff 1 R2 LDG.E.64 1 R2 8 1 0x7f3354c4a300 8 0 
21 0 0 20 00b0 ffffffff 1 R2 LDG.E.64 1 R2 8 1 0x7f3354c2b400 8 0 
65 0 0 31 00b0 ffffffff 1 R2 LDG.E.64 1 R2 8 1 0x7f3354c83f00 8 0 
38 0 0 10 00b0 ffffffff 1 R2 LDG.E.64 1 R2 8 1 0x7f3354c4ca00 8 0 
38 0 0 27 00b0 ffffffff 1 R2 LDG.E.64 1 R2 8 1 0x7f3354c4db00 8 0 
48 0 0 26 00b0 ffffffff 1 R2 LDG.E.64 1 R2 8 1 0x7f3354c61a00 8 0 
0 0 0 3 00b0 ffffffff 1 R2 LDG.E.64 1 R2 8 1 0x7f3354c00300 8 0 
4 0 0 30 00a0 ffffffff 1 R4 LDG.E.64 1 R4 8 1 0x7f3354ccd400 8 0 
80 0 0 18 00b0 ffffffff 1 R2 LDG.E.64 1 R2 8 1 0x7f3354ca1200 8 0 
31 0 0 12 00b0 ffffffff 1 R2 LDG.E.64 1 R2 8 1 0x7f3354c3ec00 8 0 
72 0 0 20 00b0 ffffffff 1 R2 LDG.E.64 1 R2 8 1 0x7f3354c91400 8 0 
51 0 0 25 00b0 ffffffff 1 R2 LDG.E.64 1 R2 8 1 0x7f3354c67900 8 0 
48 0 0 5 00b0 ffffffff 1 R2 LDG.E.64 1 R2 8 1 0x7f3354c60500 8 0 
43 0 0 26 00b0 ffffffff 1 R2 LDG.E.64 1 R2 8 1 0x7f3354c57a00 8 0 
19 0 0 27 00b0 ffffffff 1 R2 LDG.E.64 1 R2 8 1 0x7f3354c27b00 8 0 
28 0 0 19 00b0 ffffffff 1 R2 LDG.E.64 1 R2 8 1 0x7f3354c39300 8 0 
69 0 0 1 00b0 ffffffff 1 R2 LDG.E.64 1 R2 8 1 0x7f3354c8a100 8 0 
89 0 0 19 00b0 ffffffff 1 R2 LDG.E.64 1 R2 8 1 0x7f3354cb3300 8 0 
35 0 0 21 00b0 ffffffff 1 R2 LDG.E.64 1 R2 8 1 0x7f3354c47500 8 0 
5 0 0 8 00b0 ffffffff 1 R2 LDG.E.64 1 R2 8 1 0x7f3354c0a800 8 0 
93 0 0 8 00b0 ffffffff 1 R2 LDG.E.64 1 R2 8 1 0x7f3354cba800 8 0 
24 0 0 15 00b0 ffffffff 1 R2 LDG.E.64 1 R2 8 1 0x7f3354c30f00 8 0 
75 0 0 12 00b0 ffffffff 1 R2 LDG.E.64 1 R2 8 1 0x7f3354c96c00 8 0 
77 0 0 25 00b0 ffffffff 1 R2 LDG.E.64 1 R2 8 1 0x7f3354c9b900 8 0 
51 0 0 2 00b0 ffffffff 1 R2 LDG.E.64 1 R2 8 1 0x7f3354c66200 8 0 
28 0 0 27 00b0 ffffffff 1 R2 LDG.E.64 1 R2 8 1 0x7f3354c39b00 8 0 
13 0 0 13 00b0 ffffffff 1 R2 LDG.E.64 1 R2 8 1 0x7f3354c1ad00 8 0 
89 0 0 17 00b0 ffffffff 1 R2 LDG.E.64 1 R2 8 1 0x7f3354cb3100 8 0 
5 0 0 24 00b0 ffffffff 1 R2 LDG.E.64 1 R2 8 1 0x7f3354c0b800 8 0 
43 0 0 11 00b0 ffffffff 1 R2 LDG.E.64 1 R2 8 1 0x7f3354c56b00 8 0 
48 0 0 0 00b0 ffffffff 1 R2 LDG.E.64 1 R2 8 1 0x7f3354c60000 8 0 
93 0 0 31 00b0 ffffffff 1 R2 LDG.E.64 1 R2 8 1 0x7f3354cbbf00 8 0 
19 0 0 8 00b0 ffffffff 1 R2 LDG.E.64 1 R2 8 1 0x7f3354c26800 8 0 
84 0 0 20 00b0 ffffffff 1 R2 LDG.E.64 1 R2 8 1 0x7f3354ca9400 8 0 
9 0 0 14 00b0 ffffffff 1 R2 LDG.E.64 1 R2 8 1 0x7f3354c12e00 8 0 
47 0 0 12 00b0 ffffffff 1 R2 LDG.E.64 1 R2 8 1 0x7f3354c5ec00 8 0 
51 0 0 4 00b0 ffffffff 1 R2 LDG.E.64 1 R2 8 1 0x7f3354c66400 8 0 
84 0 0 26 00b0 ffffffff 1 R2 LDG.E.64 1 R2 8 1 0x7f3354ca9a00 8 0 
31 0 0 23 00b0 ffffffff 1 R2 LDG.E.64 1 R2 8 1 0x7f3354c3f700 8 0 
43 0 0 18 00b0 ffffffff 1 R2 LDG.E.64 1 R2 8 1 0x7f3354c57200 8 0 
80 0 0 13 00b0 ffffffff 1 R2 LDG.E.64 1 R2 8 1 0x7f3354ca0d00 8 0 
32 0 0 5 00a0 ffffffff 1 R4 LDG.E.64 1 R4 8 1 0x7f3354d03b00 8 0 
89 0 0 16 00b0 ffffffff 1 R2 LDG.E.64 1 R2 8 1 0x7f3354cb3000 8 0 
55 0 0 13 00b0 ffffffff 1 R2 LDG.E.64 1 R2 8 1 0x7f3354c6ed00 8 0 
84 0 0 18 00b0 ffffffff 1 R2 LDG.E.64 1 R2 8 1 0x7f3354ca9200 8 0 
93 0 0 11 00b0 ffffffff 1 R2 LDG.E.64 1 R2 8 1 0x7f3354cbab00 8 0 
48 0 0 3 00b0 ffffffff 1 R2 LDG.E.64 1 R2 8 1 0x7f3354c60300 8 0 
19 0 0 21 00b0 ffffffff 1 R2 LDG.E.64 1 R2 8 1 0x7f3354c27500 8 0 
9 0 0 15 00b0 ffffffff 1 R2 LDG.E.64 1 R2 8 1 0x7f3354c12f00 8 0 
69 0 0 22 00b0 ffffffff 1 R2 LDG.E.64 1 R2 8 1 0x7f3354c8b600 8 0 
24 0 0 7 00b0 ffffffff 1 R2 LDG.E.64 1 R2 8 1 0x7f3354c30700 8 0 
89 0 0 26 00b0 ffffffff 1 R2 LDG.E.64 1 R2 8 1 0x7f3354cb3a00 8 0 
51 0 0 7 00b0 ffffffff 1 R2 LDG.E.64 1 R2 8 1 0x7f3354c66700 8 0 
47 0 0 29 00b0 ffffffff 1 R2 LDG.E.64 1 R2 8 1 0x7f3354c5fd00 8 0 
28 0 0 11 00b0 ffffffff 1 R2 LDG.E.64 1 R2 8 1 0x7f3354c38b00 8 0 
93 0 0 22 00b0 ffffffff 1 R2 LDG.E.64 1 R2 8 1 0x7f3354cbb600 8 0 
43 0 0 15 00b0 ffffffff 1 R2 LDG.E.64 1 R2 8 1 0x7f3354c56f00 8 0 
32 0 0 1 00b0 ffffffff 1 R2 LDG.E.64 1 R2 8 1 0x7f3354c40100 8 0 
31 0 0 19 00b0 ffffffff 1 R2 LDG.E.64 1 R2 8 1 0x7f3354c3f300 8 0 
13 0 0 28 00b0 ffffffff 1 R2 LDG.E.64 1 R2 8 1 0x7f3354c1bc00 8 0 
44 0 0 30 00b0 ffffffff 1 R2 LDG.E.64 1 R2 8 1 0x7f3354c59e00 8 0 
89 0 0 14 00b0 ffffffff 1 R2 LDG.E.64 1 R2 8 1 0x7f3354cb2e00 8 0 
55 0 0 27 00b0 ffffffff 1 R2 LDG.E.64 1 R2 8 1 0x7f3354c6fb00 8 0 
48 0 0 17 00b0 ffffffff 1 R2 LDG.E.64 1 R2 8 1 0x7f3354c61100 8 0 
93 0 0 26 00b0 ffffffff 1 R2 LDG.E.64 1 R2 8 1 0x7f3354cbba00 8 0 
52 0 0 24 00b0 ffffffff 1 R2 LDG.E.64 1 R2 8 1 0x7f3354c69800 8 0 
39 0 0 20 00a0 ffffffff 1 R4 LDG.E.64 1 R4 8 1 0x7f3354d12a00 8 0 
3 0 0 21 00b0 ffffffff 1 R2 LDG.E.64 1 R2 8 1 0x7f3354c07500 8 0 
4 0 0 19 00b0 ffffffff 1 R2 LDG.E.64 1 R2 8 1 0x7f3354c09300 8 0 
19 0 0 18 00b0 ffffffff 1 R2 LDG.E.64 1 R2 8 1 0x7f3354c27200 8 0 
9 0 0 20 00b0 ffffffff 1 R2 LDG.E.64 1 R2 8 1 0x7f3354c13400 8 0 
65 0 0 10 00b0 ffffffff 1 R2 LDG.E.64 1 R2 8 1 0x7f3354c82a00 8 0 
44 0 0 17 00b0 ffffffff 1 R2 LDG.E.64 1 R2 8 1 0x7f3354c59100 8 0 
47 0 0 19 00b0 ffffffff 1 R2 LDG.E.64 1 R2 8 1 0x7f3354c5f300 8 0 
51 0 0 11 00b0 ffffffff 1 R2 LDG.E.64 1 R2 8 1 0x7f3354c66b00 8 0 
24 0 0 5 00b0 ffffffff 1 R2 LDG.E.64 1 R2 8 1 0x7f3354c30500 8 0 
55 0 0 2 00b0 ffffffff 1 R2 LDG.E.64 1 R2 8 1 0x7f3354c6e200 8 0 
43 0 0 20 00b0 ffffffff 1 R2 LDG.E.64 1 R2 8 1 0x7f3354c57400 8 0 
52 0 0 9 00b0 ffffffff 1 R2 LDG.E.64 1 R2 8 1 0x7f3354c68900 8 0 
19 0 0 10 00b0 ffffffff 1 R2 LDG.E.64 1 R2 8 1 0x7f3354c26a00 8 0 
47 0 0 2 00b0 ffffffff 1 R2 LDG.E.64 1 R2 8 1 0x7f3354c5e200 8 0 
44 0 0 24 00b0 ffffffff 1 R2 LDG.E.64 1 R2 8 1 0x7f3354c59800 8 0 
31 0 0 30 00b0 ffffffff 1 R2 LDG.E.64 1 R2 8 1 0x7f3354c3fe00 8 0 
51 0 0 22 00b0 ffffffff 1 R2 LDG.E.64 1 R2 8 1 0x7f3354c67600 8 0 
52 0 0 3 00b0 ffffffff 1 R2 LDG.E.64 1 R2 8 1 0x7f3354c68300 8 0 
55 0 0 1 00b0 ffffffff 1 R2 LDG.E.64 1 R2 8 1 0x7f3354c6e100 8 0 
48 0 0 30 00b0 ffffffff 1 R2 LDG.E.64 1 R2 8 1 0x7f3354c61e00 8 0 
43 0 0 1 00b0 ffffffff 1 R2 LDG.E.64 1 R2 8 1 0x7f3354c56100 8 0 
56 0 0 20 00b0 ffffffff 1 R2 LDG.E.64 1 R2 8 1 0x7f3354c71400 8 0 
52 0 0 26 00b0 ffffffff 1 R2 LDG.E.64 1 R2 8 1 0x7f3354c69a00 8 0 
47 0 0 22 00b0 ffffffff 1 R2 LDG.E.64 1 R2 8 1 0x7f3354c5f600 8 0 
31 0 0 18 00b0 ffffffff 1 R2 LDG.E.64 1 R2 8 1 0x7f3354c3f200 8 0 
8 0 0 30 00a0 ffffffff 1 R4 LDG.E.64 1 R4 8 1 0x7f3354cd5400 8 0 
48 0 0 29 00b0 ffffffff 1 R2 LDG.E.64 1 R2 8 1 0x7f3354c61d00 8 0 
55 0 0 7 00b0 ffffffff 1 R2 LDG.E.64 1 R2 8 1 0x7f3354c6e700 8 0 
44 0 0 11 00b0 ffffffff 1 R2 LDG.E.64 1 R2 8 1 0x7f3354c58b00 8 0 
51 0 0 28 00b0 ffffffff 1 R2 LDG.E.64 1 R2 8 1 0x7f3354c67c00 8 0 
52 0 0 7 00b0 ffffffff 1 R2 LDG.E.64 1 R2 8 1 0x7f3354c68700 8 0 
43 0 0 14 00b0 ffffffff 1 R2 LDG.E.64 1 R2 8 1 0x7f3354c56e00 8 0 
47 0 0 9 00b0 ffffffff 1 R2 LDG.E.64 1 R2 8 1 0x7f3354c5e900 8 0 
35 0 0 27 00b0 ffffffff 1 R2 LDG.E.64 1 R2 8 1 0x7f3354c47b00 8 0 
44 0 0 10 00b0 ffffffff 1 R2 LDG.E.64 1 R2 8 1 0x7f3354c58a00 8 0 
51 0 0 5 00b0 ffffffff 1 R2 LDG.E.64 1 R2 8 1 0x7f3354c66500 8 0 
80 0 0 14 00b0 ffffffff 1 R2 LDG.E.64 1 R2 8 1 0x7f3354ca0e00 8 0 
55 0 0 0 00b0 ffffffff 1 R2 LDG.E.64 1 R2 8 1 0x7f3354c6e000 8 0 
43 0 0 28 00b0 ffffffff 1 R2 LDG.E.64 1 R2 8 1 0x7f3354c57c00 8 0 
52 0 0 25 00b0 ffffffff 1 R2 LDG.E.64 1 R2 8 1 0x7f3354c69900 8 0 
3 0 0 5 00b0 ffffffff 1 R2 LDG.E.64 1 R2 8 1 0x7f3354c06500 8 0 
4 0 0 21 00b0 ffffffff 1 R2 LDG.E.64 1 R2 8 1 0x7f3354c09500 8 0 
28 0 0 13 00b0 ffffffff 1 R2 LDG.E.64 1 R2 8 1 0x7f3354c38d00 8 0 
47 0 0 3 00b0 ffffffff 1 R2 LDG.E.64 1 R2 8 1 0x7f3354c5e300 8 0 
87 0 0 8 00b0 ffffffff 1 R2 LDG.E.64 1 R2 8 1 0x7f3354cae800 8 0 
64 0 0 5 0050 00000000 0 EXIT 0 0 0 
24 0 0 9 00b0 ffffffff 1 R2 LDG.E.64 1 R2 8 1 0x7f3354c30900 8 0 
55 0 0 17 00b0 ffffffff 1 R2 LDG.E.64 1 R2 8 1 0x7f3354c6f100 8 0 
52 0 0 27 00b0 ffffffff 1 R2 LDG.E.64 1 R2 8 1 0x7f3354c69b00 8 0 
48 0 0 11 00b0 ffffffff 1 R2 LDG.E.64 1 R2 8 1 0x7f3354c60b00 8 0 
59 0 0 15 00b0 ffffffff 1 R2 LDG.E.64 1 R2 8 1 0x7f3354c76f00 8 0 
51 0 0 15 00b0 ffffffff 1 R2 LDG.E.64 1 R2 8 1 0x7f3354c66f00 8 0 
28 0 0 25 00b0 ffffffff 1 R2 LDG.E.64 1 R2 8 1 0x7f3354c39900 8 0 
47 0 0 25 00b0 ffffffff 1 R2 LDG.E.64 1 R2 8 1 0x7f3354c5f900 8 0 
43 0 0 23 00b0 ffffffff 1 R2 LDG.E.64 1 R2 8 1 0x7f3354c57700 8 0 
44 0 0 9 00b0 ffffffff 1 R2 LDG.E.64 1 R2 8 1 0x7f3354c58900 8 0 
88 0 0 27 00a0 ffffffff 1 R4 LDG.E.64 1 R4 8 1 0x7f3354d75100 8 0 
31 0 0 8 00b0 ffffffff 1 R2 LDG.E.64 1 R2 8 1 0x7f3354c3e800 8 0 
52 0 0 8 00b0 ffffffff 1 R2 LDG.E.64 1 R2 8 1 0x7f3354c68800 8 0 
55 0 0 24 00b0 ffffffff 1 R2 LDG.E.64 1 R2 8 1 0x7f3354c6f800 8 0 
28 0 0 2 00b0 ffffffff 1 R2 LDG.E.64 1 R2 8 1 0x7f3354c38200 8 0 
48 0 0 1 00b0 ffffffff 1 R2 LDG.E.64 1 R2 8 1 0x7f3354c60100 8 0 
59 0 0 14 00b0 ffffffff 1 R2 LDG.E.64 1 R2 8 1 0x7f3354c76e00 8 0 
51 0 0 14 00b0 ffffffff 1 R2 LDG.E.64 1 R2 8 1 0x7f3354c66e00 8 0 
0 0 0 29 00b0 ffffffff 1 R2 LDG.E.64 1 R2 8 1 0x7f3354c01d00 8 0 
19 0 0 16 00b0 ffffffff 1 R2 LDG.E.64 1 R2 8 1 0x7f3354c27000 8 0 
43 0 0 30 00b0 ffffffff 1 R2 LDG.E.64 1 R2 8 1 0x7f3354c57e00 8 0 
44 0 0 3 00b0 ffffffff 1 R2 LDG.E.64 1 R2 8 1 0x7f3354c58300 8 0 
47 0 0 8 00b0 ffffffff 1 R2 LDG.E.64 1 R2 8 1 0x7f3354c5e800 8 0 
31 0 0 7 00b0 ffffffff 1 R2 LDG.E.64 1 R2 8 1 0x7f3354c3e700 8 0 
95 0 0 3 0050 00000000 0 EXIT 0 0 0 
28 0 0 5 00b0 ffffffff 1 R2 LDG.E.64 1 R2 8 1 0x7f3354c38500 8 0 
48 0 0 31 00b0 ffffffff 1 R2 LDG.E.64 1 R2 8 1 0x7f3354c61f00 8 0 
55 0 0 29 00b0 ffffffff 1 R2 LDG.E.64 1 R2 8 1 0x7f3354c6fd00 8 0 
51 0 0 31 00b0 ffffffff 1 R2 LDG.E.64 1 R2 8 1 0x7f3354c67f00 8 0 
28 0 0 6 00b0 ffffffff 1 R2 LDG.E.64 1 R2 8 1 0x7f3354c38600 8 0 
43 0 0 6 00b0 ffffffff 1 R2 LDG.E.64 1 R2 8 1 0x7f3354c56600 8 0 
84 0 0 25 00b0 ffffffff 1 R2 LDG.E.64 1 R2 8 1 0x7f3354ca9900 8 0 
23 0 0 27 00b0 ffffffff 1 R2 LDG.E.64 1 R2 8 1 0x7f3354c2fb00 8 0 
16 0 0 13 00b0 ffffffff 1 R2 LDG.E.64 1 R2 8 1 0x7f3354c20d00 8 0 
47 0 0 21 00b0 ffffffff 1 R2 LDG.E.64 1 R2 8 1 0x7f3354c5f500 8 0 
0 0 0 10 00b0 ffffffff 1 R2 LDG.E.64 1 R2 8 1 0x7f3354c00a00 8 0 
55 0 0 10 00b0 ffffffff 1 R2 LDG.E.64 1 R2 8 1 0x7f3354c6ea00 8 0 
51 0 0 12 00b0 ffffffff 1 R2 LDG.E.64 1 R2 8 1 0x7f3354c66c00 8 0 
3 0 0 6 00b0 ffffffff 1 R2 LDG.E.64 1 R2 8 1 0x7f3354c06600 8 0 
8 0 0 0 00b0 ffffffff 1 R2 LDG.E.64 1 R2 8 1 0x7f3354c10000 8 0 
28 0 0 31 00b0 ffffffff 1 R2 LDG.E.64 1 R2 8 1 0x7f3354c39f00 8 0 
43 0 0 19 00b0 ffffffff 1 R2 LDG.E.64 1 R2 8 1 0x7f3354c57300 8 0 
56 0 0 7 00b0 ffffffff 1 R2 LDG.E.64 1 R2 8 1 0x7f3354c70700 8 0 
55 0 0 15 00b0 ffffffff 1 R2 LDG.E.64 1 R2 8 1 0x7f3354c6ef00 8 0 
16 0 0 5 00b0 ffffffff 1 R2 LDG.E.64 1 R2 8 1 0x7f3354c20500 8 0 
3 0 0 15 00b0 ffffffff 1 R2 LDG.E.64 1 R2 8 1 0x7f3354c06f00 8 0 
28 0 0 7 00b0 ffffffff 1 R2 LDG.E.64 1 R2 8 1 0x7f3354c38700 8 0 
32 0 0 8 00a0 ffffffff 1 R4 LDG.E.64 1 R4 8 1 0x7f3354d03e00 8 0 
47 0 0 15 00b0 ffffffff 1 R2 LDG.E.64 1 R2 8 1 0x7f3354c5ef00 8 0 
56 0 0 11 00b0 ffffffff 1 R2 LDG.E.64 1 R2 8 1 0x7f3354c70b00 8 0 
43 0 0 24 00b0 ffffffff 1 R2 LDG.E.64 1 R2 8 1 0x7f3354c57800 8 0 
27 0 0 25 00b0 ffffffff 1 R2 LDG.E.64 1 R2 8 1 0x7f3354c37900 8 0 
28 0 0 3 00b0 ffffffff 1 R2 LDG.E.64 1 R2 8 1 0x7f3354c38300 8 0 
3 0 0 10 00b0 ffffffff 1 R2 LDG.E.64 1 R2 8 1 0x7f3354c06a00 8 0 
0 0 0 5 00b0 ffffffff 1 R2 LDG.E.64 1 R2 8 1 0x7f3354c00500 8 0 
19 0 0 0 00b0 ffffffff 1 R2 LDG.E.64 1 R2 8 1 0x7f3354c26000 8 0 
16 0 0 1 00b0 ffffffff 1 R2 LDG.E.64 1 R2 8 1 0x7f3354c20100 8 0 
7 0 0 24 00b0 ffffffff 1 R2 LDG.E.64 1 R2 8 1 0x7f3354c0f800 8 0 
47 0 0 0 00b0 ffffffff 1 R2 LDG.E.64 1 R2 8 1 0x7f3354c5e000 8 0 
84 0 0 7 00b0 ffffffff 1 R2 LDG.E.64 1 R2 8 1 0x7f3354ca8700 8 0 
43 0 0 27 00b0 ffffffff 1 R2 LDG.E.64 1 R2 8 1 0x7f3354c57b00 8 0 
59 0 0 17 00b0 ffffffff 1 R2 LDG.E.64 1 R2 8 1 0x7f3354c77100 8 0 
0 0 0 0 00b0 ffffffff 1 R2 LDG.E.64 1 R2 8 1 0x7f3354c00000 8 0 
16 0 0 22 00b0 ffffffff 1 R2 LDG.E.64 1 R2 8 1 0x7f3354c21600 8 0 
36 0 0 5 00a0 ffffffff 1 R4 LDG.E.64 1 R4 8 1 0x7f3354d0bb00 8 0 
39 0 0 14 00b0 ffffffff 1 R2 LDG.E.64 1 R2 8 1 0x7f3354c4ee00 8 0 
24 0 0 28 00b0 ffffffff 1 R2 LDG.E.64 1 R2 8 1 0x7f3354c31c00 8 0 
59 0 0 11 00b0 ffffffff 1 R2 LDG.E.64 1 R2 8 1 0x7f3354c76b00 8 0 
84 0 0 2 00b0 ffffffff 1 R2 LDG.E.64 1 R2 8 1 0x7f3354ca8200 8 0 
31 0 0 22 00b0 ffffffff 1 R2 LDG.E.64 1 R2 8 1 0x7f3354c3f600 8 0 
16 0 0 21 00b0 ffffffff 1 R2 LDG.E.64 1 R2 8 1 0x7f3354c21500 8 0 
59 0 0 30 00b0 ffffffff 1 R2 LDG.E.64 1 R2 8 1 0x7f3354c77e00 8 0 
24 0 0 17 00b0 ffffffff 1 R2 LDG.E.64 1 R2 8 1 0x7f3354c31100 8 0 
31 0 0 15 00b0 ffffffff 1 R2 LDG.E.64 1 R2 8 1 0x7f3354c3ef00 8 0 
28 0 0 30 00b0 ffffffff 1 R2 LDG.E.64 1 R2 8 1 0x7f3354c39e00 8 0 
11 0 0 13 00a0 ffffffff 1 R4 LDG.E.64 1 R4 8 1 0x7f3354cda300 8 0 
24 0 0 0 00b0 ffffffff 1 R2 LDG.E.64 1 R2 8 1 0x7f3354c30000 8 0 
31 0 0 10 00b0 ffffffff 1 R2 LDG.E.64 1 R2 8 1 0x7f3354c3ea00 8 0 
28 0 0 26 00b0 ffffffff 1 R2 LDG.E.64 1 R2 8 1 0x7f3354c39a00 8 0 
31 0 0 4 00b0 ffffffff 1 R2 LDG.E.64 1 R2 8 1 0x7f3354c3e400 8 0 
80 0 0 28 00b0 ffffffff 1 R2 LDG.E.64 1 R2 8 1 0x7f3354ca1c00 8 0 
19 0 0 13 00b0 ffffffff 1 R2 LDG.E.64 1 R2 8 1 0x7f3354c26d00 8 0 
28 0 0 15 00b0 ffffffff 1 R2 LDG.E.64 1 R2 8 1 0x7f3354c38f00 8 0 
31 0 0 29 00b0 ffffffff 1 R2 LDG.E.64 1 R2 8 1 0x7f3354c3fd00 8 0 
28 0 0 4 00b0 ffffffff 1 R2 LDG.E.64 1 R2 8 1 0x7f3354c38400 8 0 
95 0 0 1 0050 00000000 0 EXIT 0 0 0 
3 0 0 25 00b0 ffffffff 1 R2 LDG.E.64 1 R2 8 1 0x7f3354c07900 8 0 
0 0 0 14 00b0 ffffffff 1 R2 LDG.E.64 1 R2 8 1 0x7f3354c00e00 8 0 
19 0 0 5 00b0 ffffffff 1 R2 LDG.E.64 1 R2 8 1 0x7f3354c26500 8 0 
24 0 0 29 00b0 ffffffff 1 R2 LDG.E.64 1 R2 8 1 0x7f3354c31d00 8 0 
87 0 0 12 00b0 ffffffff 1 R2 LDG.E.64 1 R2 8 1 0x7f3354caec00 8 0 
4 0 0 23 00a0 ffffffff 1 R4 LDG.E.64 1 R4 8 1 0x7f3354cccd00 8 0 
28 0 0 22 00b0 ffffffff 1 R2 LDG.E.64 1 R2 8 1 0x7f3354c39600 8 0 
31 0 0 3 00b0 ffffffff 1 R2 LDG.E.64 1 R2 8 1 0x7f3354c3e300 8 0 
24 0 0 1 00b0 ffffffff 1 R2 LDG.E.64 1 R2 8 1 0x7f3354c30100 8 0 
3 0 0 23 00b0 ffffffff 1 R2 LDG.E.64 1 R2 8 1 0x7f3354c07700 8 0 
31 0 0 0 00b0 ffffffff 1 R2 LDG.E.64 1 R2 8 1 0x7f3354c3e000 8 0 
3 0 0 14 00b0 ffffffff 1 R2 LDG.E.64 1 R2 8 1 0x7f3354c06e00 8 0 
84 0 0 8 00b0 ffffffff 1 R2 LDG.E.64 1 R2 8 1 0x7f3354ca8800 8 0 
7 0 0 20 00a0 ffffffff 1 R4 LDG.E.64 1 R4 8 1 0x7f3354cd2a00 8 0 
19 0 0 15 00b0 ffffffff 1 R2 LDG.E.64 1 R2 8 1 0x7f3354c26f00 8 0 
0 0 0 24 00b0 ffffffff 1 R2 LDG.E.64 1 R2 8 1 0x7f3354c01800 8 0 
27 0 0 13 00b0 ffffffff 1 R2 LDG.E.64 1 R2 8 1 0x7f3354c36d00 8 0 
0 0 0 18 00b0 ffffffff 1 R2 LDG.E.64 1 R2 8 1 0x7f3354c01200 8 0 
3 0 0 31 00b0 ffffffff 1 R2 LDG.E.64 1 R2 8 1 0x7f3354c07f00 8 0 
27 0 0 1 00b0 ffffffff 1 R2 LDG.E.64 1 R2 8 1 0x7f3354c36100 8 0 
31 0 0 28 00b0 ffffffff 1 R2 LDG.E.64 1 R2 8 1 0x7f3354c3fc00 8 0 
7 0 0 16 00a0 ffffffff 1 R4 LDG.E.64 1 R4 8 1 0x7f3354cd2600 8 0 
28 0 0 14 00b0 ffffffff 1 R2 LDG.E.64 1 R2 8 1 0x7f3354c38e00 8 0 
19 0 0 1 00b0 ffffffff 1 R2 LDG.E.64 1 R2 8 1 0x7f3354c26100 8 0 
35 0 0 19 00b0 ffffffff 1 R2 LDG.E.64 1 R2 8 1 0x7f3354c47300 8 0 
16 0 0 8 00b0 ffffffff 1 R2 LDG.E.64 1 R2 8 1 0x7f3354c20800 8 0 
27 0 0 20 00b0 ffffffff 1 R2 LDG.E.64 1 R2 8 1 0x7f3354c37400 8 0 
31 0 0 17 00b0 ffffffff 1 R2 LDG.E.64 1 R2 8 1 0x7f3354c3f100 8 0 
60 0 0 22 0050 00000000 0 EXIT 0 0 0 
3 0 0 22 00b0 ffffffff 1 R2 LDG.E.64 1 R2 8 1 0x7f3354c07600 8 0 
80 0 0 22 00b0 ffffffff 1 R2 LDG.E.64 1 R2 8 1 0x7f3354ca1600 8 0 
27 0 0 12 00b0 ffffffff 1 R2 LDG.E.64 1 R2 8 1 0x7f3354c36c00 8 0 
28 0 0 29 00b0 ffffffff 1 R2 LDG.E.64 1 R2 8 1 0x7f3354c39d00 8 0 
3 0 0 17 00b0 ffffffff 1 R2 LDG.E.64 1 R2 8 1 0x7f3354c07100 8 0 
8 0 0 24 00a0 ffffffff 1 R4 LDG.E.64 1 R4 8 1 0x7f3354cd4e00 8 0 
39 0 0 25 00b0 ffffffff 1 R2 LDG.E.64 1 R2 8 1 0x7f3354c4f900 8 0 
24 0 0 11 00b0 ffffffff 1 R2 LDG.E.64 1 R2 8 1 0x7f3354c30b00 8 0 
27 0 0 23 00b0 ffffffff 1 R2 LDG.E.64 1 R2 8 1 0x7f3354c37700 8 0 
23 0 0 28 00a0 ffffffff 1 R4 LDG.E.64 1 R4 8 1 0x7f3354cf3200 8 0 
72 0 0 31 00b0 ffffffff 1 R2 LDG.E.64 1 R2 8 1 0x7f3354c91f00 8 0 
27 0 0 8 00b0 ffffffff 1 R2 LDG.E.64 1 R2 8 1 0x7f3354c36800 8 0 
28 0 0 20 00b0 ffffffff 1 R2 LDG.E.64 1 R2 8 1 0x7f3354c39400 8 0 
3 0 0 7 00b0 ffffffff 1 R2 LDG.E.64 1 R2 8 1 0x7f3354c06700 8 0 
80 0 0 26 00b0 ffffffff 1 R2 LDG.E.64 1 R2 8 1 0x7f3354ca1a00 8 0 
19 0 0 29 00b0 ffffffff 1 R2 LDG.E.64 1 R2 8 1 0x7f3354c27d00 8 0 
16 0 0 16 00b0 ffffffff 1 R2 LDG.E.64 1 R2 8 1 0x7f3354c21000 8 0 
27 0 0 29 00b0 ffffffff 1 R2 LDG.E.64 1 R2 8 1 0x7f3354c37d00 8 0 
28 0 0 10 00b0 ffffffff 1 R2 LDG.E.64 1 R2 8 1 0x7f3354c38a00 8 0 
3 0 0 1 00b0 ffffffff 1 R2 LDG.E.64 1 R2 8 1 0x7f3354c06100 8 0 
24 0 0 13 00b0 ffffffff 1 R2 LDG.E.64 1 R2 8 1 0x7f3354c30d00 8 0 
27 0 0 2 00b0 ffffffff 1 R2 LDG.E.64 1 R2 8 1 0x7f3354c36200 8 0 
23 0 0 18 00b0 ffffffff 1 R2 LDG.E.64 1 R2 8 1 0x7f3354c2f200 8 0 
72 0 0 24 00b0 ffffffff 1 R2 LDG.E.64 1 R2 8 1 0x7f3354c91800 8 0 
59 0 0 26 00b0 ffffffff 1 R2 LDG.E.64 1 R2 8 1 0x7f3354c77a00 8 0 
28 0 0 21 00b0 ffffffff 1 R2 LDG.E.64 1 R2 8 1 0x7f3354c39500 8 0 
83 0 0 13 00b0 ffffffff 1 R2 LDG.E.64 1 R2 8 1 0x7f3354ca6d00 8 0 
80 0 0 2 00b0 ffffffff 1 R2 LDG.E.64 1 R2 8 1 0x7f3354ca0200 8 0 
3 0 0 8 00b0 ffffffff 1 R2 LDG.E.64 1 R2 8 1 0x7f3354c06800 8 0 
16 0 0 29 00b0 ffffffff 1 R2 LDG.E.64 1 R2 8 1 0x7f3354c21d00 8 0 
59 0 0 24 00b0 ffffffff 1 R2 LDG.E.64 1 R2 8 1 0x7f3354c77800 8 0 
28 0 0 0 00b0 ffffffff 1 R2 LDG.E.64 1 R2 8 1 0x7f3354c38000 8 0 
24 0 0 24 00b0 ffffffff 1 R2 LDG.E.64 1 R2 8 1 0x7f3354c31800 8 0 
3 0 0 28 00b0 ffffffff 1 R2 LDG.E.64 1 R2 8 1 0x7f3354c07c00 8 0 
4 0 0 22 00a0 ffffffff 1 R4 LDG.E.64 1 R4 8 1 0x7f3354cccc00 8 0 
16 0 0 0 00b0 ffffffff 1 R2 LDG.E.64 1 R2 8 1 0x7f3354c20000 8 0 
3 0 0 4 00b0 ffffffff 1 R2 LDG.E.64 1 R2 8 1 0x7f3354c06400 8 0 
28 0 0 24 00b0 ffffffff 1 R2 LDG.E.64 1 R2 8 1 0x7f3354c39800 8 0 
32 0 0 4 00a0 ffffffff 1 R4 LDG.E.64 1 R4 8 1 0x7f3354d03a00 8 0 
0 0 0 16 00b0 ffffffff 1 R2 LDG.E.64 1 R2 8 1 0x7f3354c01000 8 0 
3 0 0 0 00b0 ffffffff 1 R2 LDG.E.64 1 R2 8 1 0x7f3354c06000 8 0 
35 0 0 25 00a0 ffffffff 1 R4 LDG.E.64 1 R4 8 1 0x7f3354d0af00 8 0 
28 0 0 1 00b0 ffffffff 1 R2 LDG.E.64 1 R2 8 1 0x7f3354c38100 8 0 
19 0 0 11 00b0 ffffffff 1 R2 LDG.E.64 1 R2 8 1 0x7f3354c26b00 8 0 
0 0 0 4 00b0 ffffffff 1 R2 LDG.E.64 1 R2 8 1 0x7f3354c00400 8 0 
31 0 0 11 00b0 ffffffff 1 R2 LDG.E.64 1 R2 8 1 0x7f3354c3eb00 8 0 
39 0 0 22 00a0 ffffffff 1 R4 LDG.E.64 1 R4 8 1 0x7f3354d12c00 8 0 
59 0 0 23 00b0 ffffffff 1 R2 LDG.E.64 1 R2 8 1 0x7f3354c77700 8 0 
0 0 0 26 00b0 ffffffff 1 R2 LDG.E.64 1 R2 8 1 0x7f3354c01a00 8 0 
31 0 0 13 00b0 ffffffff 1 R2 LDG.E.64 1 R2 8 1 0x7f3354c3ed00 8 0 
8 0 0 21 00a0 ffffffff 1 R4 LDG.E.64 1 R4 8 1 0x7f3354cd4b00 8 0 
87 0 0 21 00b0 ffffffff 1 R2 LDG.E.64 1 R2 8 1 0x7f3354caf500 8 0 
0 0 0 2 00b0 ffffffff 1 R2 LDG.E.64 1 R2 8 1 0x7f3354c00200 8 0 
59 0 0 22 00b0 ffffffff 1 R2 LDG.E.64 1 R2 8 1 0x7f3354c77600 8 0 
72 0 0 26 00b0 ffffffff 1 R2 LDG.E.64 1 R2 8 1 0x7f3354c91a00 8 0 
59 0 0 16 00b0 ffffffff 1 R2 LDG.E.64 1 R2 8 1 0x7f3354c77000 8 0 
16 0 0 7 00b0 ffffffff 1 R2 LDG.E.64 1 R2 8 1 0x7f3354c20700 8 0 
19 0 0 20 00b0 ffffffff 1 R2 LDG.E.64 1 R2 8 1 0x7f3354c27400 8 0 
16 0 0 17 00b0 ffffffff 1 R2 LDG.E.64 1 R2 8 1 0x7f3354c21100 8 0 
75 0 0 7 00b0 ffffffff 1 R2 LDG.E.64 1 R2 8 1 0x7f3354c96700 8 0 
88 0 0 9 00b0 ffffffff 1 R2 LDG.E.64 1 R2 8 1 0x7f3354cb0900 8 0 
39 0 0 1 00a0 ffffffff 1 R4 LDG.E.64 1 R4 8 1 0x7f3354d11700 8 0 
72 0 0 27 00b0 ffffffff 1 R2 LDG.E.64 1 R2 8 1 0x7f3354c91b00 8 0 
27 0 0 6 00b0 ffffffff 1 R2 LDG.E.64 1 R2 8 1 0x7f3354c36600 8 0 
0 0 0 19 00b0 ffffffff 1 R2 LDG.E.64 1 R2 8 1 0x7f3354c01300 8 0 
19 0 0 19 00b0 ffffffff 1 R2 LDG.E.64 1 R2 8 1 0x7f3354c27300 8 0 
16 0 0 25 00b0 ffffffff 1 R2 LDG.E.64 1 R2 8 1 0x7f3354c21900 8 0 
27 0 0 24 00b0 ffffffff 1 R2 LDG.E.64 1 R2 8 1 0x7f3354c37800 8 0 
0 0 0 6 00b0 ffffffff 1 R2 LDG.E.64 1 R2 8 1 0x7f3354c00600 8 0 
19 0 0 24 00b0 ffffffff 1 R2 LDG.E.64 1 R2 8 1 0x7f3354c27800 8 0 
16 0 0 2 00b0 ffffffff 1 R2 LDG.E.64 1 R2 8 1 0x7f3354c20200 8 0 
16 0 0 19 00b0 ffffffff 1 R2 LDG.E.64 1 R2 8 1 0x7f3354c21300 8 0 
19 0 0 30 00b0 ffffffff 1 R2 LDG.E.64 1 R2 8 1 0x7f3354c27e00 8 0 
7 0 0 15 00b0 ffffffff 1 R2 LDG.E.64 1 R2 8 1 0x7f3354c0ef00 8 0 
0 0 0 12 00b0 ffffffff 1 R2 LDG.E.64 1 R2 8 1 0x7f3354c00c00 8 0 
8 0 0 27 00b0 ffffffff 1 R2 LDG.E.64 1 R2 8 1 0x7f3354c11b00 8 0 
75 0 0 21 00b0 ffffffff 1 R2 LDG.E.64 1 R2 8 1 0x7f3354c97500 8 0 
28 0 0 8 00b0 ffffffff 1 R2 LDG.E.64 1 R2 8 1 0x7f3354c38800 8 0 
20 0 0 23 00a0 ffffffff 1 R4 LDG.E.64 1 R4 8 1 0x7f3354cecd00 8 0 
95 0 0 13 00a0 ffffffff 1 R4 LDG.E.64 1 R4 8 1 0x7f3354d82300 8 0 
19 0 0 26 00b0 ffffffff 1 R2 LDG.E.64 1 R2 8 1 0x7f3354c27a00 8 0 
16 0 0 10 00b0 ffffffff 1 R2 LDG.E.64 1 R2 8 1 0x7f3354c20a00 8 0 
19 0 0 4 00b0 ffffffff 1 R2 LDG.E.64 1 R2 8 1 0x7f3354c26400 8 0 
0 0 0 11 00b0 ffffffff 1 R2 LDG.E.64 1 R2 8 1 0x7f3354c00b00 8 0 
0 0 0 30 00b0 ffffffff 1 R2 LDG.E.64 1 R2 8 1 0x7f3354c01e00 8 0 
31 0 0 27 00b0 ffffffff 1 R2 LDG.E.64 1 R2 8 1 0x7f3354c3fb00 8 0 
28 0 0 17 00b0 ffffffff 1 R2 LDG.E.64 1 R2 8 1 0x7f3354c39100 8 0 
39 0 0 28 00b0 ffffffff 1 R2 LDG.E.64 1 R2 8 1 0x7f3354c4fc00 8 0 
31 0 0 5 00b0 ffffffff 1 R2 LDG.E.64 1 R2 8 1 0x7f3354c3e500 8 0 
0 0 0 8 00b0 ffffffff 1 R2 LDG.E.64 1 R2 8 1 0x7f3354c00800 8 0 
24 0 0 16 00b0 ffffffff 1 R2 LDG.E.64 1 R2 8 1 0x7f3354c31000 8 0 
87 0 0 15 00b0 ffffffff 1 R2 LDG.E.64 1 R2 8 1 0x7f3354caef00 8 0 
59 0 0 31 00b0 ffffffff 1 R2 LDG.E.64 1 R2 8 1 0x7f3354c77f00 8 0 
0 0 0 9 00b0 ffffffff 1 R2 LDG.E.64 1 R2 8 1 0x7f3354c00900 8 0 
24 0 0 31 00b0 ffffffff 1 R2 LDG.E.64 1 R2 8 1 0x7f3354c31f00 8 0 
4 0 0 15 00a0 ffffffff 1 R4 LDG.E.64 1 R4 8 1 0x7f3354ccc500 8 0 
39 0 0 2 00b0 ffffffff 1 R2 LDG.E.64 1 R2 8 1 0x7f3354c4e200 8 0 
59 0 0 4 00b0 ffffffff 1 R2 LDG.E.64 1 R2 8 1 0x7f3354c76400 8 0 
56 0 0 18 00b0 ffffffff 1 R2 LDG.E.64 1 R2 8 1 0x7f3354c71200 8 0 
24 0 0 12 00b0 ffffffff 1 R2 LDG.E.64 1 R2 8 1 0x7f3354c30c00 8 0 
75 0 0 29 00b0 ffffffff 1 R2 LDG.E.64 1 R2 8 1 0x7f3354c97d00 8 0 
16 0 0 4 00b0 ffffffff 1 R2 LDG.E.64 1 R2 8 1 0x7f3354c20400 8 0 
27 0 0 9 00b0 ffffffff 1 R2 LDG.E.64 1 R2 8 1 0x7f3354c36900 8 0 
56 0 0 15 00b0 ffffffff 1 R2 LDG.E.64 1 R2 8 1 0x7f3354c70f00 8 0 
11 0 0 30 00a0 ffffffff 1 R4 LDG.E.64 1 R4 8 1 0x7f3354cdb400 8 0 
27 0 0 16 00b0 ffffffff 1 R2 LDG.E.64 1 R2 8 1 0x7f3354c37000 8 0 
80 0 0 0 00b0 ffffffff 1 R2 LDG.E.64 1 R2 8 1 0x7f3354ca0000 8 0 
32 0 0 29 00a0 ffffffff 1 R4 LDG.E.64 1 R4 8 1 0x7f3354d05300 8 0 
95 0 0 24 00a0 ffffffff 1 R4 LDG.E.64 1 R4 8 1 0x7f3354d82e00 8 0 
72 0 0 15 00b0 ffffffff 1 R2 LDG.E.64 1 R2 8 1 0x7f3354c90f00 8 0 
87 0 0 19 00b0 ffffffff 1 R2 LDG.E.64 1 R2 8 1 0x7f3354caf300 8 0 
0 0 0 25 00b0 ffffffff 1 R2 LDG.E.64 1 R2 8 1 0x7f3354c01900 8 0 
27 0 0 5 00b0 ffffffff 1 R2 LDG.E.64 1 R2 8 1 0x7f3354c36500 8 0 
72 0 0 23 00b0 ffffffff 1 R2 LDG.E.64 1 R2 8 1 0x7f3354c91700 8 0 
35 0 0 29 00b0 ffffffff 1 R2 LDG.E.64 1 R2 8 1 0x7f3354c47d00 8 0 
31 0 0 26 00b0 ffffffff 1 R2 LDG.E.64 1 R2 8 1 0x7f3354c3fa00 8 0 
56 0 0 24 00b0 ffffffff 1 R2 LDG.E.64 1 R2 8 1 0x7f3354c71800 8 0 
31 0 0 25 00b0 ffffffff 1 R2 LDG.E.64 1 R2 8 1 0x7f3354c3f900 8 0 
27 0 0 7 00b0 ffffffff 1 R2 LDG.E.64 1 R2 8 1 0x7f3354c36700 8 0 
32 0 0 22 00a0 ffffffff 1 R4 LDG.E.64 1 R4 8 1 0x7f3354d04c00 8 0 
87 0 0 27 00b0 ffffffff 1 R2 LDG.E.64 1 R2 8 1 0x7f3354cafb00 8 0 
16 0 0 24 00b0 ffffffff 1 R2 LDG.E.64 1 R2 8 1 0x7f3354c21800 8 0 
27 0 0 30 00b0 ffffffff 1 R2 LDG.E.64 1 R2 8 1 0x7f3354c37e00 8 0 
31 0 0 14 00b0 ffffffff 1 R2 LDG.E.64 1 R2 8 1 0x7f3354c3ee00 8 0 
40 0 0 17 00a0 ffffffff 1 R4 LDG.E.64 1 R4 8 1 0x7f3354d14700 8 0 
83 0 0 10 00b0 ffffffff 1 R2 LDG.E.64 1 R2 8 1 0x7f3354ca6a00 8 0 
31 0 0 1 00b0 ffffffff 1 R2 LDG.E.64 1 R2 8 1 0x7f3354c3e100 8 0 
56 0 0 31 00b0 ffffffff 1 R2 LDG.E.64 1 R2 8 1 0x7f3354c71f00 8 0 
72 0 0 17 00b0 ffffffff 1 R2 LDG.E.64 1 R2 8 1 0x7f3354c91100 8 0 
0 0 0 21 00b0 ffffffff 1 R2 LDG.E.64 1 R2 8 1 0x7f3354c01500 8 0 
75 0 0 4 00b0 ffffffff 1 R2 LDG.E.64 1 R2 8 1 0x7f3354c96400 8 0 
16 0 0 15 00b0 ffffffff 1 R2 LDG.E.64 1 R2 8 1 0x7f3354c20f00 8 0 
83 0 0 9 00b0 ffffffff 1 R2 LDG.E.64 1 R2 8 1 0x7f3354ca6900 8 0 
16 0 0 20 00b0 ffffffff 1 R2 LDG.E.64 1 R2 8 1 0x7f3354c21400 8 0 
7 0 0 28 00a0 ffffffff 1 R4 LDG.E.64 1 R4 8 1 0x7f3354cd3200 8 0 
31 0 0 2 00b0 ffffffff 1 R2 LDG.E.64 1 R2 8 1 0x7f3354c3e200 8 0 
75 0 0 28 00b0 ffffffff 1 R2 LDG.E.64 1 R2 8 1 0x7f3354c97c00 8 0 
27 0 0 3 00b0 ffffffff 1 R2 LDG.E.64 1 R2 8 1 0x7f3354c36300 8 0 
84 0 0 9 00b0 ffffffff 1 R2 LDG.E.64 1 R2 8 1 0x7f3354ca8900 8 0 
31 0 0 16 00b0 ffffffff 1 R2 LDG.E.64 1 R2 8 1 0x7f3354c3f000 8 0 
40 0 0 8 00a0 ffffffff 1 R4 LDG.E.64 1 R4 8 1 0x7f3354d13e00 8 0 
28 0 0 23 00b0 ffffffff 1 R2 LDG.E.64 1 R2 8 1 0x7f3354c39700 8 0 
31 0 0 21 00b0 ffffffff 1 R2 LDG.E.64 1 R2 8 1 0x7f3354c3f500 8 0 
36 0 0 30 00b0 ffffffff 1 R2 LDG.E.64 1 R2 8 1 0x7f3354c49e00 8 0 
84 0 0 6 00b0 ffffffff 1 R2 LDG.E.64 1 R2 8 1 0x7f3354ca8600 8 0 
32 0 0 12 00b0 ffffffff 1 R2 LDG.E.64 1 R2 8 1 0x7f3354c40c00 8 0 
31 0 0 6 00b0 ffffffff 1 R2 LDG.E.64 1 R2 8 1 0x7f3354c3e600 8 0 
0 0 0 22 00b0 ffffffff 1 R2 LDG.E.64 1 R2 8 1 0x7f3354c01600 8 0 
28 0 0 28 00b0 ffffffff 1 R2 LDG.E.64 1 R2 8 1 0x7f3354c39c00 8 0 
12 0 0 17 00a0 ffffffff 1 R4 LDG.E.64 1 R4 8 1 0x7f3354cdc700 8 0 
31 0 0 24 00b0 ffffffff 1 R2 LDG.E.64 1 R2 8 1 0x7f3354c3f800 8 0 
35 0 0 16 00b0 ffffffff 1 R2 LDG.E.64 1 R2 8 1 0x7f3354c47000 8 0 
31 0 0 20 00b0 ffffffff 1 R2 LDG.E.64 1 R2 8 1 0x7f3354c3f400 8 0 
31 0 0 31 00b0 ffffffff 1 R2 LDG.E.64 1 R2 8 1 0x7f3354c3ff00 8 0 
59 0 0 1 00b0 ffffffff 1 R2 LDG.E.64 1 R2 8 1 0x7f3354c76100 8 0 
39 0 0 23 00b0 ffffffff 1 R2 LDG.E.64 1 R2 8 1 0x7f3354c4f700 8 0 
80 0 0 20 00b0 ffffffff 1 R2 LDG.E.64 1 R2 8 1 0x7f3354ca1400 8 0 
23 0 0 16 00b0 ffffffff 1 R2 LDG.E.64 1 R2 8 1 0x7f3354c2f000 8 0 
27 0 0 17 00b0 ffffffff 1 R2 LDG.E.64 1 R2 8 1 0x7f3354c37100 8 0 
27 0 0 18 00b0 ffffffff 1 R2 LDG.E.64 1 R2 8 1 0x7f3354c37200 8 0 
35 0 0 17 00b0 ffffffff 1 R2 LDG.E.64 1 R2 8 1 0x7f3354c47100 8 0 
80 0 0 19 00b0 ffffffff 1 R2 LDG.E.64 1 R2 8 1 0x7f3354ca1300 8 0 
64 0 0 12 0050 00000000 0 EXIT 0 0 0 
31 0 0 9 00b0 ffffffff 1 R2 LDG.E.64 1 R2 8 1 0x7f3354c3e900 8 0 
56 0 0 5 00b0 ffffffff 1 R2 LDG.E.64 1 R2 8 1 0x7f3354c70500 8 0 
83 0 0 3 00b0 ffffffff 1 R2 LDG.E.64 1 R2 8 1 0x7f3354ca6300 8 0 
39 0 0 11 00b0 ffffffff 1 R2 LDG.E.64 1 R2 8 1 0x7f3354c4eb00 8 0 
7 0 0 18 00a0 ffffffff 1 R4 LDG.E.64 1 R4 8 1 0x7f3354cd2800 8 0 
0 0 0 31 00b0 ffffffff 1 R2 LDG.E.64 1 R2 8 1 0x7f3354c01f00 8 0 
56 0 0 3 00b0 ffffffff 1 R2 LDG.E.64 1 R2 8 1 0x7f3354c70300 8 0 
32 0 0 18 00a0 ffffffff 1 R4 LDG.E.64 1 R4 8 1 0x7f3354d04800 8 0 
27 0 0 31 00b0 ffffffff 1 R2 LDG.E.64 1 R2 8 1 0x7f3354c37f00 8 0 
24 0 0 19 00b0 ffffffff 1 R2 LDG.E.64 1 R2 8 1 0x7f3354c31300 8 0 
27 0 0 10 00b0 ffffffff 1 R2 LDG.E.64 1 R2 8 1 0x7f3354c36a00 8 0 
0 0 0 1 00b0 ffffffff 1 R2 LDG.E.64 1 R2 8 1 0x7f3354c00100 8 0 
83 0 0 31 00b0 ffffffff 1 R2 LDG.E.64 1 R2 8 1 0x7f3354ca7f00 8 0 
24 0 0 25 00b0 ffffffff 1 R2 LDG.E.64 1 R2 8 1 0x7f3354c31900 8 0 
27 0 0 19 00b0 ffffffff 1 R2 LDG.E.64 1 R2 8 1 0x7f3354c37300 8 0 
27 0 0 14 00b0 ffffffff 1 R2 LDG.E.64 1 R2 8 1 0x7f3354c36e00 8 0 
0 0 0 27 00b0 ffffffff 1 R2 LDG.E.64 1 R2 8 1 0x7f3354c01b00 8 0 
27 0 0 27 00b0 ffffffff 1 R2 LDG.E.64 1 R2 8 1 0x7f3354c37b00 8 0 
28 0 0 12 00b0 ffffffff 1 R2 LDG.E.64 1 R2 8 1 0x7f3354c38c00 8 0 
27 0 0 26 00b0 ffffffff 1 R2 LDG.E.64 1 R2 8 1 0x7f3354c37a00 8 0 
83 0 0 11 00b0 ffffffff 1 R2 LDG.E.64 1 R2 8 1 0x7f3354ca6b00 8 0 
27 0 0 28 00b0 ffffffff 1 R2 LDG.E.64 1 R2 8 1 0x7f3354c37c00 8 0 
83 0 0 0 00b0 ffffffff 1 R2 LDG.E.64 1 R2 8 1 0x7f3354ca6000 8 0 
11 0 0 16 00a0 ffffffff 1 R4 LDG.E.64 1 R4 8 1 0x7f3354cda600 8 0 
27 0 0 21 00b0 ffffffff 1 R2 LDG.E.64 1 R2 8 1 0x7f3354c37500 8 0 
27 0 0 22 00b0 ffffffff 1 R2 LDG.E.64 1 R2 8 1 0x7f3354c37600 8 0 
24 0 0 30 00b0 ffffffff 1 R2 LDG.E.64 1 R2 8 1 0x7f3354c31e00 8 0 
27 0 0 4 00b0 ffffffff 1 R2 LDG.E.64 1 R2 8 1 0x7f3354c36400 8 0 
20 0 0 7 0050 00000000 0 EXIT 0 0 0 
0 0 0 28 00b0 ffffffff 1 R2 LDG.E.64 1 R2 8 1 0x7f3354c01c00 8 0 
24 0 0 8 00b0 ffffffff 1 R2 LDG.E.64 1 R2 8 1 0x7f3354c30800 8 0 
24 0 0 26 00b0 ffffffff 1 R2 LDG.E.64 1 R2 8 1 0x7f3354c31a00 8 0 
27 0 0 0 00b0 ffffffff 1 R2 LDG.E.64 1 R2 8 1 0x7f3354c36000 8 0 
83 0 0 8 00b0 ffffffff 1 R2 LDG.E.64 1 R2 8 1 0x7f3354ca6800 8 0 
24 0 0 14 00b0 ffffffff 1 R2 LDG.E.64 1 R2 8 1 0x7f3354c30e00 8 0 
27 0 0 15 00b0 ffffffff 1 R2 LDG.E.64 1 R2 8 1 0x7f3354c36f00 8 0 
56 0 0 1 00b0 ffffffff 1 R2 LDG.E.64 1 R2 8 1 0x7f3354c70100 8 0 
76 0 0 7 00a0 ffffffff 1 R4 LDG.E.64 1 R4 8 1 0x7f3354d5bd00 8 0 
27 0 0 11 00b0 ffffffff 1 R2 LDG.E.64 1 R2 8 1 0x7f3354c36b00 8 0 
24 0 0 20 00b0 ffffffff 1 R2 LDG.E.64 1 R2 8 1 0x7f3354c31400 8 0 
59 0 0 13 00b0 ffffffff 1 R2 LDG.E.64 1 R2 8 1 0x7f3354c76d00 8 0 
39 0 0 5 00a0 ffffffff 1 R4 LDG.E.64 1 R4 8 1 0x7f3354d11b00 8 0 
24 0 0 22 00b0 ffffffff 1 R2 LDG.E.64 1 R2 8 1 0x7f3354c31600 8 0 
4 0 0 27 00a0 ffffffff 1 R4 LDG.E.64 1 R4 8 1 0x7f3354ccd100 8 0 
59 0 0 8 00b0 ffffffff 1 R2 LDG.E.64 1 R2 8 1 0x7f3354c76800 8 0 
24 0 0 18 00b0 ffffffff 1 R2 LDG.E.64 1 R2 8 1 0x7f3354c31200 8 0 
35 0 0 28 00a0 ffffffff 1 R4 LDG.E.64 1 R4 8 1 0x7f3354d0b200 8 0 
87 0 0 17 00b0 ffffffff 1 R2 LDG.E.64 1 R2 8 1 0x7f3354caf100 8 0 
7 0 0 6 00a0 ffffffff 1 R4 LDG.E.64 1 R4 8 1 0x7f3354cd1c00 8 0 
8 0 0 29 00b0 ffffffff 1 R2 LDG.E.64 1 R2 8 1 0x7f3354c11d00 8 0 
35 0 0 13 00b0 ffffffff 1 R2 LDG.E.64 1 R2 8 1 0x7f3354c46d00 8 0 
0 0 0 7 00b0 ffffffff 1 R2 LDG.E.64 1 R2 8 1 0x7f3354c00700 8 0 
24 0 0 10 00b0 ffffffff 1 R2 LDG.E.64 1 R2 8 1 0x7f3354c30a00 8 0 
24 0 0 3 00b0 ffffffff 1 R2 LDG.E.64 1 R2 8 1 0x7f3354c30300 8 0 
35 0 0 7 0050 00000000 0 EXIT 0 0 0 
83 0 0 30 00b0 ffffffff 1 R2 LDG.E.64 1 R2 8 1 0x7f3354ca7e00 8 0 
32 0 0 20 00a0 ffffffff 1 R4 LDG.E.64 1 R4 8 1 0x7f3354d04a00 8 0 
11 0 0 18 00b0 ffffffff 1 R2 LDG.E.64 1 R2 8 1 0x7f3354c17200 8 0 
72 0 0 14 00b0 ffffffff 1 R2 LDG.E.64 1 R2 8 1 0x7f3354c90e00 8 0 
80 0 0 16 00b0 ffffffff 1 R2 LDG.E.64 1 R2 8 1 0x7f3354ca1000 8 0 
39 0 0 15 00b0 ffffffff 1 R2 LDG.E.64 1 R2 8 1 0x7f3354c4ef00 8 0 
32 0 0 13 00a0 ffffffff 1 R4 LDG.E.64 1 R4 8 1 0x7f3354d04300 8 0 
7 0 0 22 00a0 ffffffff 1 R4 LDG.E.64 1 R4 8 1 0x7f3354cd2c00 8 0 
56 0 0 0 00b0 ffffffff 1 R2 LDG.E.64 1 R2 8 1 0x7f3354c70000 8 0 
88 0 0 13 00a0 ffffffff 1 R4 LDG.E.64 1 R4 8 1 0x7f3354d74300 8 0 
15 0 0 23 00a0 ffffffff 1 R4 LDG.E.64 1 R4 8 1 0x7f3354ce2d00 8 0 
80 0 0 5 00b0 ffffffff 1 R2 LDG.E.64 1 R2 8 1 0x7f3354ca0500 8 0 
7 0 0 5 00b0 ffffffff 1 R2 LDG.E.64 1 R2 8 1 0x7f3354c0e500 8 0 
4 0 0 17 00a0 ffffffff 1 R4 LDG.E.64 1 R4 8 1 0x7f3354ccc700 8 0 
35 0 0 12 00b0 ffffffff 1 R2 LDG.E.64 1 R2 8 1 0x7f3354c46c00 8 0 
56 0 0 21 00b0 ffffffff 1 R2 LDG.E.64 1 R2 8 1 0x7f3354c71500 8 0 
23 0 0 20 00a0 ffffffff 1 R4 LDG.E.64 1 R4 8 1 0x7f3354cf2a00 8 0 
60 0 0 24 00a0 ffffffff 1 R4 LDG.E.64 1 R4 8 1 0x7f3354d3ce00 8 0 
60 0 0 12 00a0 ffffffff 1 R4 LDG.E.64 1 R4 8 1 0x7f3354d3c200 8 0 
39 0 0 27 00a0 ffffffff 1 R4 LDG.E.64 1 R4 8 1 0x7f3354d13100 8 0 
4 0 0 13 00b0 ffffffff 1 R2 LDG.E.64 1 R2 8 1 0x7f3354c08d00 8 0 
75 0 0 15 00b0 ffffffff 1 R2 LDG.E.64 1 R2 8 1 0x7f3354c96f00 8 0 
59 0 0 7 00b0 ffffffff 1 R2 LDG.E.64 1 R2 8 1 0x7f3354c76700 8 0 
4 0 0 7 00a0 ffffffff 1 R4 LDG.E.64 1 R4 8 1 0x7f3354ccbd00 8 0 
8 0 0 14 00a0 ffffffff 1 R4 LDG.E.64 1 R4 8 1 0x7f3354cd4400 8 0 
75 0 0 1 00b0 ffffffff 1 R2 LDG.E.64 1 R2 8 1 0x7f3354c96100 8 0 
91 0 0 12 00a0 ffffffff 1 R4 LDG.E.64 1 R4 8 1 0x7f3354d7a200 8 0 
11 0 0 27 00a0 ffffffff 1 R4 LDG.E.64 1 R4 8 1 0x7f3354cdb100 8 0 
12 0 0 8 00a0 ffffffff 1 R4 LDG.E.64 1 R4 8 1 0x7f3354cdbe00 8 0 
11 0 0 11 00b0 ffffffff 1 R2 LDG.E.64 1 R2 8 1 0x7f3354c16b00 8 0 
64 0 0 28 00a0 ffffffff 1 R4 LDG.E.64 1 R4 8 1 0x7f3354d45200 8 0 
68 0 0 29 00b0 ffffffff 1 R2 LDG.E.64 1 R2 8 1 0x7f3354c89d00 8 0 
4 0 0 28 00a0 ffffffff 1 R4 LDG.E.64 1 R4 8 1 0x7f3354ccd200 8 0 
56 0 0 12 00b0 ffffffff 1 R2 LDG.E.64 1 R2 8 1 0x7f3354c70c00 8 0 
83 0 0 6 00b0 ffffffff 1 R2 LDG.E.64 1 R2 8 1 0x7f3354ca6600 8 0 
83 0 0 15 00b0 ffffffff 1 R2 LDG.E.64 1 R2 8 1 0x7f3354ca6f00 8 0 
7 0 0 31 00a0 ffffffff 1 R4 LDG.E.64 1 R4 8 1 0x7f3354cd3500 8 0 
4 0 0 16 00a0 ffffffff 1 R4 LDG.E.64 1 R4 8 1 0x7f3354ccc600 8 0 
7 0 0 23 00b0 ffffffff 1 R2 LDG.E.64 1 R2 8 1 0x7f3354c0f700 8 0 
23 0 0 30 00b0 ffffffff 1 R2 LDG.E.64 1 R2 8 1 0x7f3354c2fe00 8 0 
12 0 0 2 00a0 ffffffff 1 R4 LDG.E.64 1 R4 8 1 0x7f3354cdb800 8 0 
39 0 0 9 00b0 ffffffff 1 R2 LDG.E.64 1 R2 8 1 0x7f3354c4e900 8 0 
8 0 0 6 00a0 ffffffff 1 R4 LDG.E.64 1 R4 8 1 0x7f3354cd3c00 8 0 
12 0 0 4 00b0 ffffffff 1 R2 LDG.E.64 1 R2 8 1 0x7f3354c18400 8 0 
95 0 0 11 00a0 ffffffff 1 R4 LDG.E.64 1 R4 8 1 0x7f3354d82100 8 0 
8 0 0 20 00a0 ffffffff 1 R4 LDG.E.64 1 R4 8 1 0x7f3354cd4a00 8 0 
39 0 0 17 00b0 ffffffff 1 R2 LDG.E.64 1 R2 8 1 0x7f3354c4f100 8 0 
8 0 0 31 00b0 ffffffff 1 R2 LDG.E.64 1 R2 8 1 0x7f3354c11f00 8 0 
39 0 0 26 00a0 ffffffff 1 R4 LDG.E.64 1 R4 8 1 0x7f3354d13000 8 0 
7 0 0 27 00a0 ffffffff 1 R4 LDG.E.64 1 R4 8 1 0x7f3354cd3100 8 0 
8 0 0 25 00b0 ffffffff 1 R2 LDG.E.64 1 R2 8 1 0x7f3354c11900 8 0 
92 0 0 26 0050 00000000 0 EXIT 0 0 0 
76 0 0 10 00a0 ffffffff 1 R4 LDG.E.64 1 R4 8 1 0x7f3354d5c000 8 0 
87 0 0 9 00b0 ffffffff 1 R2 LDG.E.64 1 R2 8 1 0x7f3354cae900 8 0 
87 0 0 30 00b0 ffffffff 1 R2 LDG.E.64 1 R2 8 1 0x7f3354cafe00 8 0 
23 0 0 17 00a0 ffffffff 1 R4 LDG.E.64 1 R4 8 1 0x7f3354cf2700 8 0 
71 0 0 2 00a0 ffffffff 1 R4 LDG.E.64 1 R4 8 1 0x7f3354d51800 8 0 
23 0 0 1 00a0 ffffffff 1 R4 LDG.E.64 1 R4 8 1 0x7f3354cf1700 8 0 
4 0 0 24 00b0 ffffffff 1 R2 LDG.E.64 1 R2 8 1 0x7f3354c09800 8 0 
23 0 0 0 00a0 ffffffff 1 R4 LDG.E.64 1 R4 8 1 0x7f3354cf1600 8 0 
11 0 0 3 00a0 ffffffff 1 R4 LDG.E.64 1 R4 8 1 0x7f3354cd9900 8 0 
15 0 0 3 00a0 ffffffff 1 R4 LDG.E.64 1 R4 8 1 0x7f3354ce1900 8 0 
12 0 0 19 00a0 ffffffff 1 R4 LDG.E.64 1 R4 8 1 0x7f3354cdc900 8 0 
7 0 0 12 00a0 ffffffff 1 R4 LDG.E.64 1 R4 8 1 0x7f3354cd2200 8 0 
56 0 0 30 00b0 ffffffff 1 R2 LDG.E.64 1 R2 8 1 0x7f3354c71e00 8 0 
56 0 0 2 00b0 ffffffff 1 R2 LDG.E.64 1 R2 8 1 0x7f3354c70200 8 0 
95 0 0 30 00a0 ffffffff 1 R4 LDG.E.64 1 R4 8 1 0x7f3354d83400 8 0 
15 0 0 15 00a0 ffffffff 1 R4 LDG.E.64 1 R4 8 1 0x7f3354ce2500 8 0 
7 0 0 26 00a0 ffffffff 1 R4 LDG.E.64 1 R4 8 1 0x7f3354cd3000 8 0 
83 0 0 4 00b0 ffffffff 1 R2 LDG.E.64 1 R2 8 1 0x7f3354ca6400 8 0 
7 0 0 29 00a0 ffffffff 1 R4 LDG.E.64 1 R4 8 1 0x7f3354cd3300 8 0 
12 0 0 12 00b0 ffffffff 1 R2 LDG.E.64 1 R2 8 1 0x7f3354c18c00 8 0 
11 0 0 8 00a0 ffffffff 1 R4 LDG.E.64 1 R4 8 1 0x7f3354cd9e00 8 0 
7 0 0 11 00a0 ffffffff 1 R4 LDG.E.64 1 R4 8 1 0x7f3354cd2100 8 0 
20 0 0 22 00a0 ffffffff 1 R4 LDG.E.64 1 R4 8 1 0x7f3354cecc00 8 0 
11 0 0 10 00a0 ffffffff 1 R4 LDG.E.64 1 R4 8 1 0x7f3354cda000 8 0 
12 0 0 20 00a0 ffffffff 1 R4 LDG.E.64 1 R4 8 1 0x7f3354cdca00 8 0 
11 0 0 19 00b0 ffffffff 1 R2 LDG.E.64 1 R2 8 1 0x7f3354c17300 8 0 
23 0 0 2 00a0 ffffffff 1 R4 LDG.E.64 1 R4 8 1 0x7f3354cf1800 8 0 
63 0 0 9 00b0 ffffffff 1 R2 LDG.E.64 1 R2 8 1 0x7f3354c7e900 8 0 
56 0 0 17 00b0 ffffffff 1 R2 LDG.E.64 1 R2 8 1 0x7f3354c71100 8 0 
96 0 0 13 00a0 ffffffff 1 R4 LDG.E.64 1 R4 8 1 0x7f3354d84300 8 0 
23 0 0 10 00a0 ffffffff 1 R4 LDG.E.64 1 R4 8 1 0x7f3354cf2000 8 0 
64 0 0 30 0050 00000000 0 EXIT 0 0 0 
56 0 0 29 00b0 ffffffff 1 R2 LDG.E.64 1 R2 8 1 0x7f3354c71d00 8 0 
15 0 0 13 00a0 ffffffff 1 R4 LDG.E.64 1 R4 8 1 0x7f3354ce2300 8 0 
8 0 0 2 00b0 ffffffff 1 R2 LDG.E.64 1 R2 8 1 0x7f3354c10200 8 0 
83 0 0 18 00b0 ffffffff 1 R2 LDG.E.64 1 R2 8 1 0x7f3354ca7200 8 0 
40 0 0 30 00a0 ffffffff 1 R4 LDG.E.64 1 R4 8 1 0x7f3354d15400 8 0 
92 0 0 13 0050 00000000 0 EXIT 0 0 0 
36 0 0 31 00b0 ffffffff 1 R2 LDG.E.64 1 R2 8 1 0x7f3354c49f00 8 0 
76 0 0 26 00a0 ffffffff 1 R4 LDG.E.64 1 R4 8 1 0x7f3354d5d000 8 0 
11 0 0 23 00a0 ffffffff 1 R4 LDG.E.64 1 R4 8 1 0x7f3354cdad00 8 0 
15 0 0 18 00b0 ffffffff 1 R2 LDG.E.64 1 R2 8 1 0x7f3354c1f200 8 0 
23 0 0 21 00a0 ffffffff 1 R4 LDG.E.64 1 R4 8 1 0x7f3354cf2b00 8 0 
20 0 0 25 00a0 ffffffff 1 R4 LDG.E.64 1 R4 8 1 0x7f3354cecf00 8 0 
75 0 0 11 00b0 ffffffff 1 R2 LDG.E.64 1 R2 8 1 0x7f3354c96b00 8 0 
75 0 0 24 00b0 ffffffff 1 R2 LDG.E.64 1 R2 8 1 0x7f3354c97800 8 0 
75 0 0 14 00b0 ffffffff 1 R2 LDG.E.64 1 R2 8 1 0x7f3354c96e00 8 0 
11 0 0 15 00b0 ffffffff 1 R2 LDG.E.64 1 R2 8 1 0x7f3354c16f00 8 0 
40 0 0 1 00a0 ffffffff 1 R4 LDG.E.64 1 R4 8 1 0x7f3354d13700 8 0 
92 0 0 30 0050 00000000 0 EXIT 0 0 0 
40 0 0 0 00a0 ffffffff 1 R4 LDG.E.64 1 R4 8 1 0x7f3354d13600 8 0 
20 0 0 8 00b0 ffffffff 1 R2 LDG.E.64 1 R2 8 1 0x7f3354c28800 8 0 
15 0 0 22 00a0 ffffffff 1 R4 LDG.E.64 1 R4 8 1 0x7f3354ce2c00 8 0 
83 0 0 17 00b0 ffffffff 1 R2 LDG.E.64 1 R2 8 1 0x7f3354ca7100 8 0 
20 0 0 12 00a0 ffffffff 1 R4 LDG.E.64 1 R4 8 1 0x7f3354cec200 8 0 
40 0 0 4 00a0 ffffffff 1 R4 LDG.E.64 1 R4 8 1 0x7f3354d13a00 8 0 
36 0 0 10 00a0 ffffffff 1 R4 LDG.E.64 1 R4 8 1 0x7f3354d0c000 8 0 
23 0 0 15 00b0 ffffffff 1 R2 LDG.E.64 1 R2 8 1 0x7f3354c2ef00 8 0 
84 0 0 17 00b0 ffffffff 1 R2 LDG.E.64 1 R2 8 1 0x7f3354ca9100 8 0 
15 0 0 21 00b0 ffffffff 1 R2 LDG.E.64 1 R2 8 1 0x7f3354c1f500 8 0 
96 0 0 22 00b0 ffffffff 1 R2 LDG.E.64 1 R2 8 1 0x7f3354cc1600 8 0 
87 0 0 14 00b0 ffffffff 1 R2 LDG.E.64 1 R2 8 1 0x7f3354caee00 8 0 
80 0 0 1 00b0 ffffffff 1 R2 LDG.E.64 1 R2 8 1 0x7f3354ca0100 8 0 
23 0 0 5 00a0 ffffffff 1 R4 LDG.E.64 1 R4 8 1 0x7f3354cf1b00 8 0 
20 0 0 16 00a0 ffffffff 1 R4 LDG.E.64 1 R4 8 1 0x7f3354cec600 8 0 
36 0 0 13 00a0 ffffffff 1 R4 LDG.E.64 1 R4 8 1 0x7f3354d0c300 8 0 
87 0 0 2 00b0 ffffffff 1 R2 LDG.E.64 1 R2 8 1 0x7f3354cae200 8 0 
15 0 0 2 00a0 ffffffff 1 R4 LDG.E.64 1 R4 8 1 0x7f3354ce1800 8 0 
15 0 0 7 00b0 ffffffff 1 R2 LDG.E.64 1 R2 8 1 0x7f3354c1e700 8 0 
36 0 0 26 00a0 ffffffff 1 R4 LDG.E.64 1 R4 8 1 0x7f3354d0d000 8 0 
96 0 0 7 00a0 ffffffff 1 R4 LDG.E.64 1 R4 8 1 0x7f3354d83d00 8 0 
20 0 0 20 00a0 ffffffff 1 R4 LDG.E.64 1 R4 8 1 0x7f3354ceca00 8 0 
96 0 0 30 00a0 ffffffff 1 R4 LDG.E.64 1 R4 8 1 0x7f3354d85400 8 0 
12 0 0 10 00a0 ffffffff 1 R4 LDG.E.64 1 R4 8 1 0x7f3354cdc000 8 0 
60 0 0 27 00a0 ffffffff 1 R4 LDG.E.64 1 R4 8 1 0x7f3354d3d100 8 0 
23 0 0 31 00b0 ffffffff 1 R2 LDG.E.64 1 R2 8 1 0x7f3354c2ff00 8 0 
11 0 0 7 00a0 ffffffff 1 R4 LDG.E.64 1 R4 8 1 0x7f3354cd9d00 8 0 
36 0 0 25 00a0 ffffffff 1 R4 LDG.E.64 1 R4 8 1 0x7f3354d0cf00 8 0 
59 0 0 5 00b0 ffffffff 1 R2 LDG.E.64 1 R2 8 1 0x7f3354c76500 8 0 
68 0 0 19 00a0 ffffffff 1 R4 LDG.E.64 1 R4 8 1 0x7f3354d4c900 8 0 
95 0 0 9 00b0 ffffffff 1 R2 LDG.E.64 1 R2 8 1 0x7f3354cbe900 8 0 
15 0 0 4 00a0 ffffffff 1 R4 LDG.E.64 1 R4 8 1 0x7f3354ce1a00 8 0 
15 0 0 0 00a0 ffffffff 1 R4 LDG.E.64 1 R4 8 1 0x7f3354ce1600 8 0 
15 0 0 27 00b0 ffffffff 1 R2 LDG.E.64 1 R2 8 1 0x7f3354c1fb00 8 0 
80 0 0 9 00b0 ffffffff 1 R2 LDG.E.64 1 R2 8 1 0x7f3354ca0900 8 0 
11 0 0 24 00b0 ffffffff 1 R2 LDG.E.64 1 R2 8 1 0x7f3354c17800 8 0 
59 0 0 9 00b0 ffffffff 1 R2 LDG.E.64 1 R2 8 1 0x7f3354c76900 8 0 
87 0 0 5 00b0 ffffffff 1 R2 LDG.E.64 1 R2 8 1 0x7f3354cae500 8 0 
11 0 0 1 00b0 ffffffff 1 R2 LDG.E.64 1 R2 8 1 0x7f3354c16100 8 0 
40 0 0 25 00a0 ffffffff 1 R4 LDG.E.64 1 R4 8 1 0x7f3354d14f00 8 0 
36 0 0 11 00a0 ffffffff 1 R4 LDG.E.64 1 R4 8 1 0x7f3354d0c100 8 0 
59 0 0 28 00b0 ffffffff 1 R2 LDG.E.64 1 R2 8 1 0x7f3354c77c00 8 0 
36 0 0 3 00a0 ffffffff 1 R4 LDG.E.64 1 R4 8 1 0x7f3354d0b900 8 0 
75 0 0 9 00b0 ffffffff 1 R2 LDG.E.64 1 R2 8 1 0x7f3354c96900 8 0 
75 0 0 10 00b0 ffffffff 1 R2 LDG.E.64 1 R2 8 1 0x7f3354c96a00 8 0 
23 0 0 6 00a0 ffffffff 1 R4 LDG.E.64 1 R4 8 1 0x7f3354cf1c00 8 0 
36 0 0 14 00b0 ffffffff 1 R2 LDG.E.64 1 R2 8 1 0x7f3354c48e00 8 0 
87 0 0 22 00b0 ffffffff 1 R2 LDG.E.64 1 R2 8 1 0x7f3354caf600 8 0 
80 0 0 17 00b0 ffffffff 1 R2 LDG.E.64 1 R2 8 1 0x7f3354ca1100 8 0 
84 0 0 19 00b0 ffffffff 1 R2 LDG.E.64 1 R2 8 1 0x7f3354ca9300 8 0 
80 0 0 24 00b0 ffffffff 1 R2 LDG.E.64 1 R2 8 1 0x7f3354ca1800 8 0 
80 0 0 10 00b0 ffffffff 1 R2 LDG.E.64 1 R2 8 1 0x7f3354ca0a00 8 0 
83 0 0 20 00b0 ffffffff 1 R2 LDG.E.64 1 R2 8 1 0x7f3354ca7400 8 0 
83 0 0 12 00b0 ffffffff 1 R2 LDG.E.64 1 R2 8 1 0x7f3354ca6c00 8 0 
83 0 0 23 00b0 ffffffff 1 R2 LDG.E.64 1 R2 8 1 0x7f3354ca7700 8 0 
83 0 0 27 00b0 ffffffff 1 R2 LDG.E.64 1 R2 8 1 0x7f3354ca7b00 8 0 
11 0 0 25 00b0 ffffffff 1 R2 LDG.E.64 1 R2 8 1 0x7f3354c17900 8 0 
11 0 0 21 00a0 ffffffff 1 R4 LDG.E.64 1 R4 8 1 0x7f3354cdab00 8 0 
59 0 0 29 00b0 ffffffff 1 R2 LDG.E.64 1 R2 8 1 0x7f3354c77d00 8 0 
87 0 0 4 00b0 ffffffff 1 R2 LDG.E.64 1 R2 8 1 0x7f3354cae400 8 0 
80 0 0 15 00b0 ffffffff 1 R2 LDG.E.64 1 R2 8 1 0x7f3354ca0f00 8 0 
56 0 0 4 00b0 ffffffff 1 R2 LDG.E.64 1 R2 8 1 0x7f3354c70400 8 0 
56 0 0 13 00b0 ffffffff 1 R2 LDG.E.64 1 R2 8 1 0x7f3354c70d00 8 0 
75 0 0 30 00b0 ffffffff 1 R2 LDG.E.64 1 R2 8 1 0x7f3354c97e00 8 0 
15 0 0 19 00b0 ffffffff 1 R2 LDG.E.64 1 R2 8 1 0x7f3354c1f300 8 0 
75 0 0 22 00b0 ffffffff 1 R2 LDG.E.64 1 R2 8 1 0x7f3354c97600 8 0 
72 0 0 18 00b0 ffffffff 1 R2 LDG.E.64 1 R2 8 1 0x7f3354c91200 8 0 
87 0 0 18 00b0 ffffffff 1 R2 LDG.E.64 1 R2 8 1 0x7f3354caf200 8 0 
83 0 0 2 00b0 ffffffff 1 R2 LDG.E.64 1 R2 8 1 0x7f3354ca6200 8 0 
91 0 0 17 00a0 ffffffff 1 R4 LDG.E.64 1 R4 8 1 0x7f3354d7a700 8 0 
84 0 0 12 00b0 ffffffff 1 R2 LDG.E.64 1 R2 8 1 0x7f3354ca8c00 8 0 
84 0 0 4 00b0 ffffffff 1 R2 LDG.E.64 1 R2 8 1 0x7f3354ca8400 8 0 
76 0 0 15 00a0 ffffffff 1 R4 LDG.E.64 1 R4 8 1 0x7f3354d5c500 8 0 
36 0 0 19 00a0 ffffffff 1 R4 LDG.E.64 1 R4 8 1 0x7f3354d0c900 8 0 
36 0 0 16 00b0 ffffffff 1 R2 LDG.E.64 1 R2 8 1 0x7f3354c49000 8 0 
75 0 0 16 00b0 ffffffff 1 R2 LDG.E.64 1 R2 8 1 0x7f3354c97000 8 0 
56 0 0 8 00b0 ffffffff 1 R2 LDG.E.64 1 R2 8 1 0x7f3354c70800 8 0 
75 0 0 31 00b0 ffffffff 1 R2 LDG.E.64 1 R2 8 1 0x7f3354c97f00 8 0 
75 0 0 27 00b0 ffffffff 1 R2 LDG.E.64 1 R2 8 1 0x7f3354c97b00 8 0 
75 0 0 23 00b0 ffffffff 1 R2 LDG.E.64 1 R2 8 1 0x7f3354c97700 8 0 
75 0 0 19 00b0 ffffffff 1 R2 LDG.E.64 1 R2 8 1 0x7f3354c97300 8 0 
56 0 0 19 00b0 ffffffff 1 R2 LDG.E.64 1 R2 8 1 0x7f3354c71300 8 0 
56 0 0 16 00b0 ffffffff 1 R2 LDG.E.64 1 R2 8 1 0x7f3354c71000 8 0 
87 0 0 10 00b0 ffffffff 1 R2 LDG.E.64 1 R2 8 1 0x7f3354caea00 8 0 
84 0 0 5 00b0 ffffffff 1 R2 LDG.E.64 1 R2 8 1 0x7f3354ca8500 8 0 
75 0 0 25 00b0 ffffffff 1 R2 LDG.E.64 1 R2 8 1 0x7f3354c97900 8 0 
75 0 0 13 00b0 ffffffff 1 R2 LDG.E.64 1 R2 8 1 0x7f3354c96d00 8 0 
80 0 0 29 00b0 ffffffff 1 R2 LDG.E.64 1 R2 8 1 0x7f3354ca1d00 8 0 
75 0 0 5 00b0 ffffffff 1 R2 LDG.E.64 1 R2 8 1 0x7f3354c96500 8 0 
72 0 0 1 00b0 ffffffff 1 R2 LDG.E.64 1 R2 8 1 0x7f3354c90100 8 0 
95 0 0 16 00a0 ffffffff 1 R4 LDG.E.64 1 R4 8 1 0x7f3354d82600 8 0 
80 0 0 21 00b0 ffffffff 1 R2 LDG.E.64 1 R2 8 1 0x7f3354ca1500 8 0 
80 0 0 30 00b0 ffffffff 1 R2 LDG.E.64 1 R2 8 1 0x7f3354ca1e00 8 0 
80 0 0 12 00b0 ffffffff 1 R2 LDG.E.64 1 R2 8 1 0x7f3354ca0c00 8 0 
80 0 0 27 00b0 ffffffff 1 R2 LDG.E.64 1 R2 8 1 0x7f3354ca1b00 8 0 
80 0 0 23 00b0 ffffffff 1 R2 LDG.E.64 1 R2 8 1 0x7f3354ca1700 8 0 
15 0 0 17 00a0 ffffffff 1 R4 LDG.E.64 1 R4 8 1 0x7f3354ce2700 8 0 
72 0 0 10 00b0 ffffffff 1 R2 LDG.E.64 1 R2 8 1 0x7f3354c90a00 8 0 
72 0 0 2 00b0 ffffffff 1 R2 LDG.E.64 1 R2 8 1 0x7f3354c90200 8 0 
15 0 0 10 00b0 ffffffff 1 R2 LDG.E.64 1 R2 8 1 0x7f3354c1ea00 8 0 
59 0 0 10 00b0 ffffffff 1 R2 LDG.E.64 1 R2 8 1 0x7f3354c76a00 8 0 
36 0 0 23 00b0 ffffffff 1 R2 LDG.E.64 1 R2 8 1 0x7f3354c49700 8 0 
87 0 0 1 00b0 ffffffff 1 R2 LDG.E.64 1 R2 8 1 0x7f3354cae100 8 0 
87 0 0 28 00b0 ffffffff 1 R2 LDG.E.64 1 R2 8 1 0x7f3354cafc00 8 0 
83 0 0 21 00b0 ffffffff 1 R2 LDG.E.64 1 R2 8 1 0x7f3354ca7500 8 0 
87 0 0 7 00b0 ffffffff 1 R2 LDG.E.64 1 R2 8 1 0x7f3354cae700 8 0 
72 0 0 9 00b0 ffffffff 1 R2 LDG.E.64 1 R2 8 1 0x7f3354c90900 8 0 
83 0 0 14 00b0 ffffffff 1 R2 LDG.E.64 1 R2 8 1 0x7f3354ca6e00 8 0 
11 0 0 6 00b0 ffffffff 1 R2 LDG.E.64 1 R2 8 1 0x7f3354c16600 8 0 
64 0 0 24 00b0 ffffffff 1 R2 LDG.E.64 1 R2 8 1 0x7f3354c81800 8 0 
15 0 0 1 00a0 ffffffff 1 R4 LDG.E.64 1 R4 8 1 0x7f3354ce1700 8 0 
87 0 0 26 00b0 ffffffff 1 R2 LDG.E.64 1 R2 8 1 0x7f3354cafa00 8 0 
56 0 0 22 00b0 ffffffff 1 R2 LDG.E.64 1 R2 8 1 0x7f3354c71600 8 0 
56 0 0 14 00b0 ffffffff 1 R2 LDG.E.64 1 R2 8 1 0x7f3354c70e00 8 0 
87 0 0 20 00b0 ffffffff 1 R2 LDG.E.64 1 R2 8 1 0x7f3354caf400 8 0 
80 0 0 3 00b0 ffffffff 1 R2 LDG.E.64 1 R2 8 1 0x7f3354ca0300 8 0 
15 0 0 29 00b0 ffffffff 1 R2 LDG.E.64 1 R2 8 1 0x7f3354c1fd00 8 0 
15 0 0 30 00b0 ffffffff 1 R2 LDG.E.64 1 R2 8 1 0x7f3354c1fe00 8 0 
84 0 0 3 00b0 ffffffff 1 R2 LDG.E.64 1 R2 8 1 0x7f3354ca8300 8 0 
15 0 0 24 00b0 ffffffff 1 R2 LDG.E.64 1 R2 8 1 0x7f3354c1f800 8 0 
36 0 0 12 00b0 ffffffff 1 R2 LDG.E.64 1 R2 8 1 0x7f3354c48c00 8 0 
87 0 0 13 00b0 ffffffff 1 R2 LDG.E.64 1 R2 8 1 0x7f3354caed00 8 0 
96 0 0 11 00a0 ffffffff 1 R4 LDG.E.64 1 R4 8 1 0x7f3354d84100 8 0 
95 0 0 23 00a0 ffffffff 1 R4 LDG.E.64 1 R4 8 1 0x7f3354d82d00 8 0 
64 0 0 20 00a0 ffffffff 1 R4 LDG.E.64 1 R4 8 1 0x7f3354d44a00 8 0 
56 0 0 6 00b0 ffffffff 1 R2 LDG.E.64 1 R2 8 1 0x7f3354c70600 8 0 
15 0 0 16 00a0 ffffffff 1 R4 LDG.E.64 1 R4 8 1 0x7f3354ce2600 8 0 
87 0 0 24 00b0 ffffffff 1 R2 LDG.E.64 1 R2 8 1 0x7f3354caf800 8 0 
84 0 0 31 00b0 ffffffff 1 R2 LDG.E.64 1 R2 8 1 0x7f3354ca9f00 8 0 
56 0 0 28 00b0 ffffffff 1 R2 LDG.E.64 1 R2 8 1 0x7f3354c71c00 8 0 
72 0 0 8 00b0 ffffffff 1 R2 LDG.E.64 1 R2 8 1 0x7f3354c90800 8 0 
84 0 0 22 00b0 ffffffff 1 R2 LDG.E.64 1 R2 8 1 0x7f3354ca9600 8 0 
83 0 0 7 00b0 ffffffff 1 R2 LDG.E.64 1 R2 8 1 0x7f3354ca6700 8 0 
36 0 0 20 00a0 ffffffff 1 R4 LDG.E.64 1 R4 8 1 0x7f3354d0ca00 8 0 
36 0 0 8 00a0 ffffffff 1 R4 LDG.E.64 1 R4 8 1 0x7f3354d0be00 8 0 
84 0 0 24 00b0 ffffffff 1 R2 LDG.E.64 1 R2 8 1 0x7f3354ca9800 8 0 
84 0 0 13 00b0 ffffffff 1 R2 LDG.E.64 1 R2 8 1 0x7f3354ca8d00 8 0 
83 0 0 26 00b0 ffffffff 1 R2 LDG.E.64 1 R2 8 1 0x7f3354ca7a00 8 0 
68 0 0 17 00a0 ffffffff 1 R4 LDG.E.64 1 R4 8 1 0x7f3354d4c700 8 0 
83 0 0 25 00b0 ffffffff 1 R2 LDG.E.64 1 R2 8 1 0x7f3354ca7900 8 0 
84 0 0 15 00b0 ffffffff 1 R2 LDG.E.64 1 R2 8 1 0x7f3354ca8f00 8 0 
64 0 0 27 00a0 ffffffff 1 R4 LDG.E.64 1 R4 8 1 0x7f3354d45100 8 0 
80 0 0 11 00b0 ffffffff 1 R2 LDG.E.64 1 R2 8 1 0x7f3354ca0b00 8 0 
80 0 0 4 00b0 ffffffff 1 R2 LDG.E.64 1 R2 8 1 0x7f3354ca0400 8 0 
96 0 0 25 00a0 ffffffff 1 R4 LDG.E.64 1 R4 8 1 0x7f3354d84f00 8 0 
95 0 0 27 00a0 ffffffff 1 R4 LDG.E.64 1 R4 8 1 0x7f3354d83100 8 0 
83 0 0 22 00b0 ffffffff 1 R2 LDG.E.64 1 R2 8 1 0x7f3354ca7600 8 0 
84 0 0 28 00b0 ffffffff 1 R2 LDG.E.64 1 R2 8 1 0x7f3354ca9c00 8 0 
72 0 0 28 00b0 ffffffff 1 R2 LDG.E.64 1 R2 8 1 0x7f3354c91c00 8 0 
84 0 0 29 00b0 ffffffff 1 R2 LDG.E.64 1 R2 8 1 0x7f3354ca9d00 8 0 
80 0 0 7 00b0 ffffffff 1 R2 LDG.E.64 1 R2 8 1 0x7f3354ca0700 8 0 
56 0 0 26 00b0 ffffffff 1 R2 LDG.E.64 1 R2 8 1 0x7f3354c71a00 8 0 
75 0 0 26 00b0 ffffffff 1 R2 LDG.E.64 1 R2 8 1 0x7f3354c97a00 8 0 
72 0 0 29 00b0 ffffffff 1 R2 LDG.E.64 1 R2 8 1 0x7f3354c91d00 8 0 
80 0 0 6 00b0 ffffffff 1 R2 LDG.E.64 1 R2 8 1 0x7f3354ca0600 8 0 
72 0 0 25 00b0 ffffffff 1 R2 LDG.E.64 1 R2 8 1 0x7f3354c91900 8 0 
63 0 0 10 00b0 ffffffff 1 R2 LDG.E.64 1 R2 8 1 0x7f3354c7ea00 8 0 
20 0 0 22 00b0 ffffffff 1 R2 LDG.E.64 1 R2 8 1 0x7f3354c29600 8 0 
35 0 0 0 00a0 ffffffff 1 R4 LDG.E.64 1 R4 8 1 0x7f3354d09600 8 0 
92 0 0 12 0050 00000000 0 EXIT 0 0 0 
40 0 0 30 00b0 ffffffff 1 R2 LDG.E.64 1 R2 8 1 0x7f3354c51e00 8 0 
11 0 0 9 00a0 ffffffff 1 R4 LDG.E.64 1 R4 8 1 0x7f3354cd9f00 8 0 
84 0 0 21 00b0 ffffffff 1 R2 LDG.E.64 1 R2 8 1 0x7f3354ca9500 8 0 
63 0 0 3 00b0 ffffffff 1 R2 LDG.E.64 1 R2 8 1 0x7f3354c7e300 8 0 
8 0 0 23 00a0 ffffffff 1 R4 LDG.E.64 1 R4 8 1 0x7f3354cd4d00 8 0 
71 0 0 25 00a0 ffffffff 1 R4 LDG.E.64 1 R4 8 1 0x7f3354d52f00 8 0 
20 0 0 26 00a0 ffffffff 1 R4 LDG.E.64 1 R4 8 1 0x7f3354ced000 8 0 
39 0 0 7 00a0 ffffffff 1 R4 LDG.E.64 1 R4 8 1 0x7f3354d11d00 8 0 
68 0 0 26 00a0 ffffffff 1 R4 LDG.E.64 1 R4 8 1 0x7f3354d4d000 8 0 
32 0 0 5 00b0 ffffffff 1 R2 LDG.E.64 1 R2 8 1 0x7f3354c40500 8 0 
72 0 0 30 00b0 ffffffff 1 R2 LDG.E.64 1 R2 8 1 0x7f3354c91e00 8 0 
56 0 0 23 00b0 ffffffff 1 R2 LDG.E.64 1 R2 8 1 0x7f3354c71700 8 0 
84 0 0 16 00b0 ffffffff 1 R2 LDG.E.64 1 R2 8 1 0x7f3354ca9000 8 0 
11 0 0 14 00a0 ffffffff 1 R4 LDG.E.64 1 R4 8 1 0x7f3354cda400 8 0 
20 0 0 23 00b0 ffffffff 1 R2 LDG.E.64 1 R2 8 1 0x7f3354c29700 8 0 
39 0 0 1 00b0 ffffffff 1 R2 LDG.E.64 1 R2 8 1 0x7f3354c4e100 8 0 
68 0 0 27 00a0 ffffffff 1 R4 LDG.E.64 1 R4 8 1 0x7f3354d4d100 8 0 
56 0 0 25 00b0 ffffffff 1 R2 LDG.E.64 1 R2 8 1 0x7f3354c71900 8 0 
23 0 0 8 00a0 ffffffff 1 R4 LDG.E.64 1 R4 8 1 0x7f3354cf1e00 8 0 
32 0 0 2 00a0 ffffffff 1 R4 LDG.E.64 1 R4 8 1 0x7f3354d03800 8 0 
35 0 0 10 00b0 ffffffff 1 R2 LDG.E.64 1 R2 8 1 0x7f3354c46a00 8 0 
63 0 0 2 00a0 ffffffff 1 R4 LDG.E.64 1 R4 8 1 0x7f3354d41800 8 0 
64 0 0 8 0050 00000000 0 EXIT 0 0 0 
71 0 0 27 00a0 ffffffff 1 R4 LDG.E.64 1 R4 8 1 0x7f3354d53100 8 0 
20 0 0 20 00b0 ffffffff 1 R2 LDG.E.64 1 R2 8 1 0x7f3354c29400 8 0 
84 0 0 27 00b0 ffffffff 1 R2 LDG.E.64 1 R2 8 1 0x7f3354ca9b00 8 0 
68 0 0 24 00a0 ffffffff 1 R4 LDG.E.64 1 R4 8 1 0x7f3354d4ce00 8 0 
23 0 0 4 00a0 ffffffff 1 R4 LDG.E.64 1 R4 8 1 0x7f3354cf1a00 8 0 
72 0 0 21 00b0 ffffffff 1 R2 LDG.E.64 1 R2 8 1 0x7f3354c91500 8 0 
11 0 0 3 00b0 ffffffff 1 R2 LDG.E.64 1 R2 8 1 0x7f3354c16300 8 0 
7 0 0 28 00b0 ffffffff 1 R2 LDG.E.64 1 R2 8 1 0x7f3354c0fc00 8 0 
20 0 0 27 00a0 ffffffff 1 R4 LDG.E.64 1 R4 8 1 0x7f3354ced100 8 0 
32 0 0 4 00b0 ffffffff 1 R2 LDG.E.64 1 R2 8 1 0x7f3354c40400 8 0 
72 0 0 22 00b0 ffffffff 1 R2 LDG.E.64 1 R2 8 1 0x7f3354c91600 8 0 
35 0 0 28 00b0 ffffffff 1 R2 LDG.E.64 1 R2 8 1 0x7f3354c47c00 8 0 
84 0 0 14 00b0 ffffffff 1 R2 LDG.E.64 1 R2 8 1 0x7f3354ca8e00 8 0 
11 0 0 5 00a0 ffffffff 1 R4 LDG.E.64 1 R4 8 1 0x7f3354cd9b00 8 0 
7 0 0 29 00b0 ffffffff 1 R2 LDG.E.64 1 R2 8 1 0x7f3354c0fd00 8 0 
20 0 0 21 00a0 ffffffff 1 R4 LDG.E.64 1 R4 8 1 0x7f3354cecb00 8 0 
39 0 0 3 00a0 ffffffff 1 R4 LDG.E.64 1 R4 8 1 0x7f3354d11900 8 0 
68 0 0 20 00a0 ffffffff 1 R4 LDG.E.64 1 R4 8 1 0x7f3354d4ca00 8 0 
23 0 0 28 00b0 ffffffff 1 R2 LDG.E.64 1 R2 8 1 0x7f3354c2fc00 8 0 
35 0 0 5 00a0 ffffffff 1 R4 LDG.E.64 1 R4 8 1 0x7f3354d09b00 8 0 
40 0 0 25 00b0 ffffffff 1 R2 LDG.E.64 1 R2 8 1 0x7f3354c51900 8 0 
11 0 0 13 00b0 ffffffff 1 R2 LDG.E.64 1 R2 8 1 0x7f3354c16d00 8 0 
72 0 0 16 00b0 ffffffff 1 R2 LDG.E.64 1 R2 8 1 0x7f3354c91000 8 0 
7 0 0 27 00b0 ffffffff 1 R2 LDG.E.64 1 R2 8 1 0x7f3354c0fb00 8 0 
71 0 0 30 00a0 ffffffff 1 R4 LDG.E.64 1 R4 8 1 0x7f3354d53400 8 0 
95 0 0 27 00b0 ffffffff 1 R2 LDG.E.64 1 R2 8 1 0x7f3354cbfb00 8 0 
68 0 0 23 00a0 ffffffff 1 R4 LDG.E.64 1 R4 8 1 0x7f3354d4cd00 8 0 
67 0 0 27 00a0 ffffffff 1 R4 LDG.E.64 1 R4 8 1 0x7f3354d4b100 8 0 
84 0 0 23 00b0 ffffffff 1 R2 LDG.E.64 1 R2 8 1 0x7f3354ca9700 8 0 
7 0 0 25 00a0 ffffffff 1 R4 LDG.E.64 1 R4 8 1 0x7f3354cd2f00 8 0 
20 0 0 16 00b0 ffffffff 1 R2 LDG.E.64 1 R2 8 1 0x7f3354c29000 8 0 
95 0 0 30 00b0 ffffffff 1 R2 LDG.E.64 1 R2 8 1 0x7f3354cbfe00 8 0 
68 0 0 16 00a0 ffffffff 1 R4 LDG.E.64 1 R4 8 1 0x7f3354d4c600 8 0 
23 0 0 5 00b0 ffffffff 1 R2 LDG.E.64 1 R2 8 1 0x7f3354c2e500 8 0 
35 0 0 15 00a0 ffffffff 1 R4 LDG.E.64 1 R4 8 1 0x7f3354d0a500 8 0 
40 0 0 12 00a0 ffffffff 1 R4 LDG.E.64 1 R4 8 1 0x7f3354d14200 8 0 
60 0 0 4 00a0 ffffffff 1 R4 LDG.E.64 1 R4 8 1 0x7f3354d3ba00 8 0 
7 0 0 16 00b0 ffffffff 1 R2 LDG.E.64 1 R2 8 1 0x7f3354c0f000 8 0 
8 0 0 30 00b0 ffffffff 1 R2 LDG.E.64 1 R2 8 1 0x7f3354c11e00 8 0 
71 0 0 12 00a0 ffffffff 1 R4 LDG.E.64 1 R4 8 1 0x7f3354d52200 8 0 
20 0 0 19 00b0 ffffffff 1 R2 LDG.E.64 1 R2 8 1 0x7f3354c29300 8 0 
95 0 0 24 00b0 ffffffff 1 R2 LDG.E.64 1 R2 8 1 0x7f3354cbf800 8 0 
68 0 0 19 00b0 ffffffff 1 R2 LDG.E.64 1 R2 8 1 0x7f3354c89300 8 0 
23 0 0 0 00b0 ffffffff 1 R2 LDG.E.64 1 R2 8 1 0x7f3354c2e000 8 0 
32 0 0 0 00a0 ffffffff 1 R4 LDG.E.64 1 R4 8 1 0x7f3354d03600 8 0 
84 0 0 10 00b0 ffffffff 1 R2 LDG.E.64 1 R2 8 1 0x7f3354ca8a00 8 0 
92 0 0 3 00a0 ffffffff 1 R4 LDG.E.64 1 R4 8 1 0x7f3354d7b900 8 0 
40 0 0 18 00a0 ffffffff 1 R4 LDG.E.64 1 R4 8 1 0x7f3354d14800 8 0 
60 0 0 6 00a0 ffffffff 1 R4 LDG.E.64 1 R4 8 1 0x7f3354d3bc00 8 0 
7 0 0 22 00b0 ffffffff 1 R2 LDG.E.64 1 R2 8 1 0x7f3354c0f600 8 0 
71 0 0 21 00a0 ffffffff 1 R4 LDG.E.64 1 R4 8 1 0x7f3354d52b00 8 0 
68 0 0 22 00a0 ffffffff 1 R4 LDG.E.64 1 R4 8 1 0x7f3354d4cc00 8 0 
88 0 0 27 00b0 ffffffff 1 R2 LDG.E.64 1 R2 8 1 0x7f3354cb1b00 8 0 
35 0 0 1 00a0 ffffffff 1 R4 LDG.E.64 1 R4 8 1 0x7f3354d09700 8 0 
40 0 0 17 00b0 ffffffff 1 R2 LDG.E.64 1 R2 8 1 0x7f3354c51100 8 0 
72 0 0 12 00b0 ffffffff 1 R2 LDG.E.64 1 R2 8 1 0x7f3354c90c00 8 0 
84 0 0 1 00b0 ffffffff 1 R2 LDG.E.64 1 R2 8 1 0x7f3354ca8100 8 0 
7 0 0 11 00b0 ffffffff 1 R2 LDG.E.64 1 R2 8 1 0x7f3354c0eb00 8 0 
20 0 0 18 00a0 ffffffff 1 R4 LDG.E.64 1 R4 8 1 0x7f3354cec800 8 0 
95 0 0 26 00b0 ffffffff 1 R2 LDG.E.64 1 R2 8 1 0x7f3354cbfa00 8 0 
68 0 0 15 00a0 ffffffff 1 R4 LDG.E.64 1 R4 8 1 0x7f3354d4c500 8 0 
23 0 0 1 00b0 ffffffff 1 R2 LDG.E.64 1 R2 8 1 0x7f3354c2e100 8 0 
35 0 0 3 00a0 ffffffff 1 R4 LDG.E.64 1 R4 8 1 0x7f3354d09900 8 0 
67 0 0 24 00a0 ffffffff 1 R4 LDG.E.64 1 R4 8 1 0x7f3354d4ae00 8 0 
8 0 0 26 00a0 ffffffff 1 R4 LDG.E.64 1 R4 8 1 0x7f3354cd5000 8 0 
95 0 0 23 00b0 ffffffff 1 R2 LDG.E.64 1 R2 8 1 0x7f3354cbf700 8 0 
79 0 0 31 00a0 ffffffff 1 R4 LDG.E.64 1 R4 8 1 0x7f3354d63500 8 0 
92 0 0 2 00a0 ffffffff 1 R4 LDG.E.64 1 R4 8 1 0x7f3354d7b800 8 0 
75 0 0 8 00b0 ffffffff 1 R2 LDG.E.64 1 R2 8 1 0x7f3354c96800 8 0 
67 0 0 22 00a0 ffffffff 1 R4 LDG.E.64 1 R4 8 1 0x7f3354d4ac00 8 0 
7 0 0 26 00b0 ffffffff 1 R2 LDG.E.64 1 R2 8 1 0x7f3354c0fa00 8 0 
71 0 0 17 00a0 ffffffff 1 R4 LDG.E.64 1 R4 8 1 0x7f3354d52700 8 0 
95 0 0 13 00b0 ffffffff 1 R2 LDG.E.64 1 R2 8 1 0x7f3354cbed00 8 0 
23 0 0 14 00a0 ffffffff 1 R4 LDG.E.64 1 R4 8 1 0x7f3354cf2400 8 0 
88 0 0 16 00a0 ffffffff 1 R4 LDG.E.64 1 R4 8 1 0x7f3354d74600 8 0 
91 0 0 23 00a0 ffffffff 1 R4 LDG.E.64 1 R4 8 1 0x7f3354d7ad00 8 0 
4 0 0 28 00b0 ffffffff 1 R2 LDG.E.64 1 R2 8 1 0x7f3354c09c00 8 0 
67 0 0 19 00a0 ffffffff 1 R4 LDG.E.64 1 R4 8 1 0x7f3354d4a900 8 0 
71 0 0 16 00a0 ffffffff 1 R4 LDG.E.64 1 R4 8 1 0x7f3354d52600 8 0 
20 0 0 12 00b0 ffffffff 1 R2 LDG.E.64 1 R2 8 1 0x7f3354c28c00 8 0 
68 0 0 25 00a0 ffffffff 1 R4 LDG.E.64 1 R4 8 1 0x7f3354d4cf00 8 0 
87 0 0 29 00b0 ffffffff 1 R2 LDG.E.64 1 R2 8 1 0x7f3354cafd00 8 0 
36 0 0 8 00b0 ffffffff 1 R2 LDG.E.64 1 R2 8 1 0x7f3354c48800 8 0 
40 0 0 8 00b0 ffffffff 1 R2 LDG.E.64 1 R2 8 1 0x7f3354c50800 8 0 
4 0 0 31 00a0 ffffffff 1 R4 LDG.E.64 1 R4 8 1 0x7f3354ccd500 8 0 
67 0 0 29 00a0 ffffffff 1 R4 LDG.E.64 1 R4 8 1 0x7f3354d4b300 8 0 
71 0 0 10 00a0 ffffffff 1 R4 LDG.E.64 1 R4 8 1 0x7f3354d52000 8 0 
72 0 0 5 00b0 ffffffff 1 R2 LDG.E.64 1 R2 8 1 0x7f3354c90500 8 0 
68 0 0 18 00a0 ffffffff 1 R4 LDG.E.64 1 R4 8 1 0x7f3354d4c800 8 0 
56 0 0 9 00b0 ffffffff 1 R2 LDG.E.64 1 R2 8 1 0x7f3354c70900 8 0 
83 0 0 29 00b0 ffffffff 1 R2 LDG.E.64 1 R2 8 1 0x7f3354ca7d00 8 0 
79 0 0 28 00a0 ffffffff 1 R4 LDG.E.64 1 R4 8 1 0x7f3354d63200 8 0 
88 0 0 24 00a0 ffffffff 1 R4 LDG.E.64 1 R4 8 1 0x7f3354d74e00 8 0 
91 0 0 30 00a0 ffffffff 1 R4 LDG.E.64 1 R4 8 1 0x7f3354d7b400 8 0 
40 0 0 7 00a0 ffffffff 1 R4 LDG.E.64 1 R4 8 1 0x7f3354d13d00 8 0 
87 0 0 25 00b0 ffffffff 1 R2 LDG.E.64 1 R2 8 1 0x7f3354caf900 8 0 
7 0 0 21 00a0 ffffffff 1 R4 LDG.E.64 1 R4 8 1 0x7f3354cd2b00 8 0 
83 0 0 24 00b0 ffffffff 1 R2 LDG.E.64 1 R2 8 1 0x7f3354ca7800 8 0 
71 0 0 11 00a0 ffffffff 1 R4 LDG.E.64 1 R4 8 1 0x7f3354d52100 8 0 
84 0 0 0 00b0 ffffffff 1 R2 LDG.E.64 1 R2 8 1 0x7f3354ca8000 8 0 
95 0 0 18 00a0 ffffffff 1 R4 LDG.E.64 1 R4 8 1 0x7f3354d82800 8 0 
68 0 0 7 00a0 ffffffff 1 R4 LDG.E.64 1 R4 8 1 0x7f3354d4bd00 8 0 
79 0 0 23 00b0 ffffffff 1 R2 LDG.E.64 1 R2 8 1 0x7f3354c9f700 8 0 
88 0 0 22 00a0 ffffffff 1 R4 LDG.E.64 1 R4 8 1 0x7f3354d74c00 8 0 
4 0 0 5 00a0 ffffffff 1 R4 LDG.E.64 1 R4 8 1 0x7f3354ccbb00 8 0 
67 0 0 30 00a0 ffffffff 1 R4 LDG.E.64 1 R4 8 1 0x7f3354d4b400 8 0 
84 0 0 30 00b0 ffffffff 1 R2 LDG.E.64 1 R2 8 1 0x7f3354ca9e00 8 0 
7 0 0 18 00b0 ffffffff 1 R2 LDG.E.64 1 R2 8 1 0x7f3354c0f200 8 0 
8 0 0 22 00a0 ffffffff 1 R4 LDG.E.64 1 R4 8 1 0x7f3354cd4c00 8 0 
71 0 0 8 00a0 ffffffff 1 R4 LDG.E.64 1 R4 8 1 0x7f3354d51e00 8 0 
95 0 0 19 00a0 ffffffff 1 R4 LDG.E.64 1 R4 8 1 0x7f3354d82900 8 0 
23 0 0 10 00b0 ffffffff 1 R2 LDG.E.64 1 R2 8 1 0x7f3354c2ea00 8 0 
72 0 0 6 00b0 ffffffff 1 R2 LDG.E.64 1 R2 8 1 0x7f3354c90600 8 0 
40 0 0 5 00a0 ffffffff 1 R4 LDG.E.64 1 R4 8 1 0x7f3354d13b00 8 0 
67 0 0 23 00b0 ffffffff 1 R2 LDG.E.64 1 R2 8 1 0x7f3354c87700 8 0 
7 0 0 20 00b0 ffffffff 1 R2 LDG.E.64 1 R2 8 1 0x7f3354c0f400 8 0 
8 0 0 24 00b0 ffffffff 1 R2 LDG.E.64 1 R2 8 1 0x7f3354c11800 8 0 
87 0 0 31 00b0 ffffffff 1 R2 LDG.E.64 1 R2 8 1 0x7f3354caff00 8 0 
20 0 0 10 00a0 ffffffff 1 R4 LDG.E.64 1 R4 8 1 0x7f3354cec000 8 0 
95 0 0 22 00a0 ffffffff 1 R4 LDG.E.64 1 R4 8 1 0x7f3354d82c00 8 0 
79 0 0 24 00a0 ffffffff 1 R4 LDG.E.64 1 R4 8 1 0x7f3354d62e00 8 0 
75 0 0 2 00b0 ffffffff 1 R2 LDG.E.64 1 R2 8 1 0x7f3354c96200 8 0 
40 0 0 4 00b0 ffffffff 1 R2 LDG.E.64 1 R2 8 1 0x7f3354c50400 8 0 
4 0 0 27 00b0 ffffffff 1 R2 LDG.E.64 1 R2 8 1 0x7f3354c09b00 8 0 
67 0 0 25 00a0 ffffffff 1 R4 LDG.E.64 1 R4 8 1 0x7f3354d4af00 8 0 
68 0 0 14 00a0 ffffffff 1 R4 LDG.E.64 1 R4 8 1 0x7f3354d4c400 8 0 
79 0 0 26 00a0 ffffffff 1 R4 LDG.E.64 1 R4 8 1 0x7f3354d63000 8 0 
40 0 0 3 00a0 ffffffff 1 R4 LDG.E.64 1 R4 8 1 0x7f3354d13900 8 0 
72 0 0 0 00b0 ffffffff 1 R2 LDG.E.64 1 R2 8 1 0x7f3354c90000 8 0 
4 0 0 30 00b0 ffffffff 1 R2 LDG.E.64 1 R2 8 1 0x7f3354c09e00 8 0 
67 0 0 18 00a0 ffffffff 1 R4 LDG.E.64 1 R4 8 1 0x7f3354d4a800 8 0 
7 0 0 19 00a0 ffffffff 1 R4 LDG.E.64 1 R4 8 1 0x7f3354cd2900 8 0 
8 0 0 28 00a0 ffffffff 1 R4 LDG.E.64 1 R4 8 1 0x7f3354cd5200 8 0 
68 0 0 4 00b0 ffffffff 1 R2 LDG.E.64 1 R2 8 1 0x7f3354c88400 8 0 
23 0 0 2 00b0 ffffffff 1 R2 LDG.E.64 1 R2 8 1 0x7f3354c2e200 8 0 
88 0 0 20 00a0 ffffffff 1 R4 LDG.E.64 1 R4 8 1 0x7f3354d74a00 8 0 
72 0 0 3 00b0 ffffffff 1 R2 LDG.E.64 1 R2 8 1 0x7f3354c90300 8 0 
56 0 0 10 00b0 ffffffff 1 R2 LDG.E.64 1 R2 8 1 0x7f3354c70a00 8 0 
91 0 0 19 00b0 ffffffff 1 R2 LDG.E.64 1 R2 8 1 0x7f3354cb7300 8 0 
59 0 0 27 00b0 ffffffff 1 R2 LDG.E.64 1 R2 8 1 0x7f3354c77b00 8 0 
4 0 0 29 00a0 ffffffff 1 R4 LDG.E.64 1 R4 8 1 0x7f3354ccd300 8 0 
67 0 0 16 00a0 ffffffff 1 R4 LDG.E.64 1 R4 8 1 0x7f3354d4a600 8 0 
7 0 0 12 00b0 ffffffff 1 R2 LDG.E.64 1 R2 8 1 0x7f3354c0ec00 8 0 
8 0 0 21 00b0 ffffffff 1 R2 LDG.E.64 1 R2 8 1 0x7f3354c11500 8 0 
20 0 0 6 00a0 ffffffff 1 R4 LDG.E.64 1 R4 8 1 0x7f3354cebc00 8 0 
79 0 0 22 00a0 ffffffff 1 R4 LDG.E.64 1 R4 8 1 0x7f3354d62c00 8 0 
36 0 0 25 00b0 ffffffff 1 R2 LDG.E.64 1 R2 8 1 0x7f3354c49900 8 0 
91 0 0 17 00b0 ffffffff 1 R2 LDG.E.64 1 R2 8 1 0x7f3354cb7100 8 0 
96 0 0 30 00b0 ffffffff 1 R2 LDG.E.64 1 R2 8 1 0x7f3354cc1e00 8 0 
8 0 0 18 00a0 ffffffff 1 R4 LDG.E.64 1 R4 8 1 0x7f3354cd4800 8 0 
95 0 0 15 00a0 ffffffff 1 R4 LDG.E.64 1 R4 8 1 0x7f3354d82500 8 0 
68 0 0 17 00b0 ffffffff 1 R2 LDG.E.64 1 R2 8 1 0x7f3354c89100 8 0 
79 0 0 18 00a0 ffffffff 1 R4 LDG.E.64 1 R4 8 1 0x7f3354d62800 8 0 
88 0 0 17 00b0 ffffffff 1 R2 LDG.E.64 1 R2 8 1 0x7f3354cb1100 8 0 
36 0 0 24 00a0 ffffffff 1 R4 LDG.E.64 1 R4 8 1 0x7f3354d0ce00 8 0 
40 0 0 1 00b0 ffffffff 1 R2 LDG.E.64 1 R2 8 1 0x7f3354c50100 8 0 
4 0 0 20 00a0 ffffffff 1 R4 LDG.E.64 1 R4 8 1 0x7f3354ccca00 8 0 
83 0 0 16 00b0 ffffffff 1 R2 LDG.E.64 1 R2 8 1 0x7f3354ca7000 8 0 
67 0 0 15 00a0 ffffffff 1 R4 LDG.E.64 1 R4 8 1 0x7f3354d4a500 8 0 
8 0 0 20 00b0 ffffffff 1 R2 LDG.E.64 1 R2 8 1 0x7f3354c11400 8 0 
71 0 0 1 00a0 ffffffff 1 R4 LDG.E.64 1 R4 8 1 0x7f3354d51700 8 0 
95 0 0 16 00b0 ffffffff 1 R2 LDG.E.64 1 R2 8 1 0x7f3354cbf000 8 0 
68 0 0 0 00a0 ffffffff 1 R4 LDG.E.64 1 R4 8 1 0x7f3354d4b600 8 0 
79 0 0 27 00b0 ffffffff 1 R2 LDG.E.64 1 R2 8 1 0x7f3354c9fb00 8 0 
88 0 0 13 00b0 ffffffff 1 R2 LDG.E.64 1 R2 8 1 0x7f3354cb0d00 8 0 
40 0 0 0 00b0 ffffffff 1 R2 LDG.E.64 1 R2 8 1 0x7f3354c50000 8 0 
4 0 0 23 00b0 ffffffff 1 R2 LDG.E.64 1 R2 8 1 0x7f3354c09700 8 0 
67 0 0 14 00a0 ffffffff 1 R4 LDG.E.64 1 R4 8 1 0x7f3354d4a400 8 0 
71 0 0 2 00b0 ffffffff 1 R2 LDG.E.64 1 R2 8 1 0x7f3354c8e200 8 0 
76 0 0 30 00a0 ffffffff 1 R4 LDG.E.64 1 R4 8 1 0x7f3354d5d400 8 0 
87 0 0 23 00b0 ffffffff 1 R2 LDG.E.64 1 R2 8 1 0x7f3354caf700 8 0 
68 0 0 10 00a0 ffffffff 1 R4 LDG.E.64 1 R4 8 1 0x7f3354d4c000 8 0 
79 0 0 20 00b0 ffffffff 1 R2 LDG.E.64 1 R2 8 1 0x7f3354c9f400 8 0 
36 0 0 21 00a0 ffffffff 1 R4 LDG.E.64 1 R4 8 1 0x7f3354d0cb00 8 0 
96 0 0 25 00b0 ffffffff 1 R2 LDG.E.64 1 R2 8 1 0x7f3354cc1900 8 0 
4 0 0 26 00a0 ffffffff 1 R4 LDG.E.64 1 R4 8 1 0x7f3354ccd000 8 0 
67 0 0 11 00a0 ffffffff 1 R4 LDG.E.64 1 R4 8 1 0x7f3354d4a100 8 0 
8 0 0 17 00a0 ffffffff 1 R4 LDG.E.64 1 R4 8 1 0x7f3354cd4700 8 0 
71 0 0 3 00a0 ffffffff 1 R4 LDG.E.64 1 R4 8 1 0x7f3354d51900 8 0 
95 0 0 17 00a0 ffffffff 1 R4 LDG.E.64 1 R4 8 1 0x7f3354d82700 8 0 
68 0 0 13 00b0 ffffffff 1 R2 LDG.E.64 1 R2 8 1 0x7f3354c88d00 8 0 
79 0 0 29 00a0 ffffffff 1 R4 LDG.E.64 1 R4 8 1 0x7f3354d63300 8 0 
91 0 0 18 00a0 ffffffff 1 R4 LDG.E.64 1 R4 8 1 0x7f3354d7a800 8 0 
4 0 0 16 00b0 ffffffff 1 R2 LDG.E.64 1 R2 8 1 0x7f3354c09000 8 0 
8 0 0 12 00a0 ffffffff 1 R4 LDG.E.64 1 R4 8 1 0x7f3354cd4200 8 0 
71 0 0 0 00a0 ffffffff 1 R4 LDG.E.64 1 R4 8 1 0x7f3354d51600 8 0 
76 0 0 21 00b0 ffffffff 1 R2 LDG.E.64 1 R2 8 1 0x7f3354c99500 8 0 
12 0 0 20 00b0 ffffffff 1 R2 LDG.E.64 1 R2 8 1 0x7f3354c19400 8 0 
79 0 0 14 00b0 ffffffff 1 R2 LDG.E.64 1 R2 8 1 0x7f3354c9ee00 8 0 
36 0 0 26 00b0 ffffffff 1 R2 LDG.E.64 1 R2 8 1 0x7f3354c49a00 8 0 
91 0 0 15 00a0 ffffffff 1 R4 LDG.E.64 1 R4 8 1 0x7f3354d7a500 8 0 
96 0 0 31 00a0 ffffffff 1 R4 LDG.E.64 1 R4 8 1 0x7f3354d85500 8 0 
67 0 0 17 00a0 ffffffff 1 R4 LDG.E.64 1 R4 8 1 0x7f3354d4a700 8 0 
4 0 0 17 00b0 ffffffff 1 R2 LDG.E.64 1 R2 8 1 0x7f3354c09100 8 0 
15 0 0 31 00a0 ffffffff 1 R4 LDG.E.64 1 R4 8 1 0x7f3354ce3500 8 0 
8 0 0 14 00b0 ffffffff 1 R2 LDG.E.64 1 R2 8 1 0x7f3354c10e00 8 0 
95 0 0 12 00a0 ffffffff 1 R4 LDG.E.64 1 R4 8 1 0x7f3354d82200 8 0 
80 0 0 31 00b0 ffffffff 1 R2 LDG.E.64 1 R2 8 1 0x7f3354ca1f00 8 0 
87 0 0 11 00b0 ffffffff 1 R2 LDG.E.64 1 R2 8 1 0x7f3354caeb00 8 0 
79 0 0 11 00a0 ffffffff 1 R4 LDG.E.64 1 R4 8 1 0x7f3354d62100 8 0 
36 0 0 20 00b0 ffffffff 1 R2 LDG.E.64 1 R2 8 1 0x7f3354c49400 8 0 
91 0 0 9 00a0 ffffffff 1 R4 LDG.E.64 1 R4 8 1 0x7f3354d79f00 8 0 
96 0 0 28 00a0 ffffffff 1 R4 LDG.E.64 1 R4 8 1 0x7f3354d85200 8 0 
67 0 0 10 00a0 ffffffff 1 R4 LDG.E.64 1 R4 8 1 0x7f3354d4a000 8 0 
8 0 0 15 00a0 ffffffff 1 R4 LDG.E.64 1 R4 8 1 0x7f3354cd4500 8 0 
76 0 0 26 00b0 ffffffff 1 R2 LDG.E.64 1 R2 8 1 0x7f3354c99a00 8 0 
15 0 0 5 00b0 ffffffff 1 R2 LDG.E.64 1 R2 8 1 0x7f3354c1e500 8 0 
12 0 0 9 00a0 ffffffff 1 R4 LDG.E.64 1 R4 8 1 0x7f3354cdbf00 8 0 
79 0 0 25 00a0 ffffffff 1 R4 LDG.E.64 1 R4 8 1 0x7f3354d62f00 8 0 
91 0 0 20 00b0 ffffffff 1 R2 LDG.E.64 1 R2 8 1 0x7f3354cb7400 8 0 
36 0 0 17 00b0 ffffffff 1 R2 LDG.E.64 1 R2 8 1 0x7f3354c49100 8 0 
96 0 0 21 00b0 ffffffff 1 R2 LDG.E.64 1 R2 8 1 0x7f3354cc1500 8 0 
7 0 0 7 00a0 ffffffff 1 R4 LDG.E.64 1 R4 8 1 0x7f3354cd1d00 8 0 
4 0 0 22 00b0 ffffffff 1 R2 LDG.E.64 1 R2 8 1 0x7f3354c09600 8 0 
15 0 0 28 00a0 ffffffff 1 R4 LDG.E.64 1 R4 8 1 0x7f3354ce3200 8 0 
69 0 0 0 00b0 ffffffff 1 R2 LDG.E.64 1 R2 8 1 0x7f3354c8a000 8 0 
95 0 0 11 00b0 ffffffff 1 R2 LDG.E.64 1 R2 8 1 0x7f3354cbeb00 8 0 
79 0 0 16 00a0 ffffffff 1 R4 LDG.E.64 1 R4 8 1 0x7f3354d62600 8 0 
91 0 0 14 00a0 ffffffff 1 R4 LDG.E.64 1 R4 8 1 0x7f3354d7a400 8 0 
68 0 0 9 00a0 ffffffff 1 R4 LDG.E.64 1 R4 8 1 0x7f3354d4bf00 8 0 
67 0 0 7 0050 00000000 0 EXIT 0 0 0 
7 0 0 6 00b0 ffffffff 1 R2 LDG.E.64 1 R2 8 1 0x7f3354c0e600 8 0 
96 0 0 27 00a0 ffffffff 1 R4 LDG.E.64 1 R4 8 1 0x7f3354d85100 8 0 
79 0 0 30 00a0 ffffffff 1 R4 LDG.E.64 1 R4 8 1 0x7f3354d63400 8 0 
76 0 0 28 00a0 ffffffff 1 R4 LDG.E.64 1 R4 8 1 0x7f3354d5d200 8 0 
67 0 0 9 00a0 ffffffff 1 R4 LDG.E.64 1 R4 8 1 0x7f3354d49f00 8 0 
12 0 0 28 00a0 ffffffff 1 R4 LDG.E.64 1 R4 8 1 0x7f3354cdd200 8 0 
79 0 0 17 00a0 ffffffff 1 R4 LDG.E.64 1 R4 8 1 0x7f3354d62700 8 0 
8 0 0 11 00a0 ffffffff 1 R4 LDG.E.64 1 R4 8 1 0x7f3354cd4100 8 0 
76 0 0 25 00b0 ffffffff 1 R2 LDG.E.64 1 R2 8 1 0x7f3354c99900 8 0 
12 0 0 25 00a0 ffffffff 1 R4 LDG.E.64 1 R4 8 1 0x7f3354cdcf00 8 0 
80 0 0 25 00b0 ffffffff 1 R2 LDG.E.64 1 R2 8 1 0x7f3354ca1900 8 0 
95 0 0 14 00b0 ffffffff 1 R2 LDG.E.64 1 R2 8 1 0x7f3354cbee00 8 0 
79 0 0 19 00a0 ffffffff 1 R4 LDG.E.64 1 R4 8 1 0x7f3354d62900 8 0 
96 0 0 17 00b0 ffffffff 1 R2 LDG.E.64 1 R2 8 1 0x7f3354cc1100 8 0 
91 0 0 12 00b0 ffffffff 1 R2 LDG.E.64 1 R2 8 1 0x7f3354cb6c00 8 0 
87 0 0 3 00b0 ffffffff 1 R2 LDG.E.64 1 R2 8 1 0x7f3354cae300 8 0 
8 0 0 10 00a0 ffffffff 1 R4 LDG.E.64 1 R4 8 1 0x7f3354cd4000 8 0 
7 0 0 3 00a0 ffffffff 1 R4 LDG.E.64 1 R4 8 1 0x7f3354cd1900 8 0 
83 0 0 5 00b0 ffffffff 1 R2 LDG.E.64 1 R2 8 1 0x7f3354ca6500 8 0 
76 0 0 22 00a0 ffffffff 1 R4 LDG.E.64 1 R4 8 1 0x7f3354d5cc00 8 0 
15 0 0 25 00a0 ffffffff 1 R4 LDG.E.64 1 R4 8 1 0x7f3354ce2f00 8 0 
36 0 0 13 00b0 ffffffff 1 R2 LDG.E.64 1 R2 8 1 0x7f3354c48d00 8 0 
91 0 0 5 00a0 ffffffff 1 R4 LDG.E.64 1 R4 8 1 0x7f3354d79b00 8 0 
96 0 0 24 00a0 ffffffff 1 R4 LDG.E.64 1 R4 8 1 0x7f3354d84e00 8 0 
63 0 0 31 00a0 ffffffff 1 R4 LDG.E.64 1 R4 8 1 0x7f3354d43500 8 0 
8 0 0 8 00a0 ffffffff 1 R4 LDG.E.64 1 R4 8 1 0x7f3354cd3e00 8 0 
76 0 0 31 00a0 ffffffff 1 R4 LDG.E.64 1 R4 8 1 0x7f3354d5d500 8 0 
95 0 0 4 00a0 ffffffff 1 R4 LDG.E.64 1 R4 8 1 0x7f3354d81a00 8 0 
68 0 0 5 00a0 ffffffff 1 R4 LDG.E.64 1 R4 8 1 0x7f3354d4bb00 8 0 
79 0 0 12 00a0 ffffffff 1 R4 LDG.E.64 1 R4 8 1 0x7f3354d62200 8 0 
36 0 0 18 00a0 ffffffff 1 R4 LDG.E.64 1 R4 8 1 0x7f3354d0c800 8 0 
96 0 0 23 00a0 ffffffff 1 R4 LDG.E.64 1 R4 8 1 0x7f3354d84d00 8 0 
83 0 0 1 00b0 ffffffff 1 R2 LDG.E.64 1 R2 8 1 0x7f3354ca6100 8 0 
7 0 0 2 00a0 ffffffff 1 R4 LDG.E.64 1 R4 8 1 0x7f3354cd1800 8 0 
39 0 0 31 00a0 ffffffff 1 R4 LDG.E.64 1 R4 8 1 0x7f3354d13500 8 0 
76 0 0 29 00a0 ffffffff 1 R4 LDG.E.64 1 R4 8 1 0x7f3354d5d300 8 0 
87 0 0 6 00b0 ffffffff 1 R2 LDG.E.64 1 R2 8 1 0x7f3354cae600 8 0 
79 0 0 21 00a0 ffffffff 1 R4 LDG.E.64 1 R4 8 1 0x7f3354d62b00 8 0 
68 0 0 1 00a0 ffffffff 1 R4 LDG.E.64 1 R4 8 1 0x7f3354d4b700 8 0 
88 0 0 18 00a0 ffffffff 1 R4 LDG.E.64 1 R4 8 1 0x7f3354d74800 8 0 
67 0 0 2 00a0 ffffffff 1 R4 LDG.E.64 1 R4 8 1 0x7f3354d49800 8 0 
36 0 0 19 00b0 ffffffff 1 R2 LDG.E.64 1 R2 8 1 0x7f3354c49300 8 0 
63 0 0 0 00b0 ffffffff 1 R2 LDG.E.64 1 R2 8 1 0x7f3354c7e000 8 0 
96 0 0 18 00b0 ffffffff 1 R2 LDG.E.64 1 R2 8 1 0x7f3354cc1200 8 0 
87 0 0 0 00b0 ffffffff 1 R2 LDG.E.64 1 R2 8 1 0x7f3354cae000 8 0 
15 0 0 23 00b0 ffffffff 1 R2 LDG.E.64 1 R2 8 1 0x7f3354c1f700 8 0 
80 0 0 8 00b0 ffffffff 1 R2 LDG.E.64 1 R2 8 1 0x7f3354ca0800 8 0 
4 0 0 8 00a0 ffffffff 1 R4 LDG.E.64 1 R4 8 1 0x7f3354ccbe00 8 0 
8 0 0 6 00b0 ffffffff 1 R2 LDG.E.64 1 R2 8 1 0x7f3354c10600 8 0 
79 0 0 15 00a0 ffffffff 1 R4 LDG.E.64 1 R4 8 1 0x7f3354d62500 8 0 
76 0 0 24 00a0 ffffffff 1 R4 LDG.E.64 1 R4 8 1 0x7f3354d5ce00 8 0 
91 0 0 16 00a0 ffffffff 1 R4 LDG.E.64 1 R4 8 1 0x7f3354d7a600 8 0 
68 0 0 30 00a0 ffffffff 1 R4 LDG.E.64 1 R4 8 1 0x7f3354d4d400 8 0 
67 0 0 4 00a0 ffffffff 1 R4 LDG.E.64 1 R4 8 1 0x7f3354d49a00 8 0 
63 0 0 29 00b0 ffffffff 1 R2 LDG.E.64 1 R2 8 1 0x7f3354c7fd00 8 0 
36 0 0 4 00a0 ffffffff 1 R4 LDG.E.64 1 R4 8 1 0x7f3354d0ba00 8 0 
15 0 0 20 00a0 ffffffff 1 R4 LDG.E.64 1 R4 8 1 0x7f3354ce2a00 8 0 
96 0 0 13 00b0 ffffffff 1 R2 LDG.E.64 1 R2 8 1 0x7f3354cc0d00 8 0 
95 0 0 0 00a0 ffffffff 1 R4 LDG.E.64 1 R4 8 1 0x7f3354d81600 8 0 
4 0 0 15 00b0 ffffffff 1 R2 LDG.E.64 1 R2 8 1 0x7f3354c08f00 8 0 
35 0 0 31 00a0 ffffffff 1 R4 LDG.E.64 1 R4 8 1 0x7f3354d0b500 8 0 
76 0 0 18 00a0 ffffffff 1 R4 LDG.E.64 1 R4 8 1 0x7f3354d5c800 8 0 
67 0 0 1 00a0 ffffffff 1 R4 LDG.E.64 1 R4 8 1 0x7f3354d49700 8 0 
7 0 0 31 00b0 ffffffff 1 R2 LDG.E.64 1 R2 8 1 0x7f3354c0ff00 8 0 
36 0 0 9 00a0 ffffffff 1 R4 LDG.E.64 1 R4 8 1 0x7f3354d0bf00 8 0 
79 0 0 8 00a0 ffffffff 1 R4 LDG.E.64 1 R4 8 1 0x7f3354d61e00 8 0 
4 0 0 14 00a0 ffffffff 1 R4 LDG.E.64 1 R4 8 1 0x7f3354ccc400 8 0 
76 0 0 27 00b0 ffffffff 1 R2 LDG.E.64 1 R2 8 1 0x7f3354c99b00 8 0 
63 0 0 27 00a0 ffffffff 1 R4 LDG.E.64 1 R4 8 1 0x7f3354d43100 8 0 
12 0 0 24 00a0 ffffffff 1 R4 LDG.E.64 1 R4 8 1 0x7f3354cdce00 8 0 
15 0 0 17 00b0 ffffffff 1 R2 LDG.E.64 1 R2 8 1 0x7f3354c1f100 8 0 
88 0 0 3 00a0 ffffffff 1 R4 LDG.E.64 1 R4 8 1 0x7f3354d73900 8 0 
39 0 0 4 00a0 ffffffff 1 R4 LDG.E.64 1 R4 8 1 0x7f3354d11a00 8 0 
79 0 0 13 00a0 ffffffff 1 R4 LDG.E.64 1 R4 8 1 0x7f3354d62300 8 0 
91 0 0 8 00a0 ffffffff 1 R4 LDG.E.64 1 R4 8 1 0x7f3354d79e00 8 0 
11 0 0 28 00a0 ffffffff 1 R4 LDG.E.64 1 R4 8 1 0x7f3354cdb200 8 0 
63 0 0 20 00a0 ffffffff 1 R4 LDG.E.64 1 R4 8 1 0x7f3354d42a00 8 0 
76 0 0 17 00a0 ffffffff 1 R4 LDG.E.64 1 R4 8 1 0x7f3354d5c700 8 0 
12 0 0 31 00a0 ffffffff 1 R4 LDG.E.64 1 R4 8 1 0x7f3354cdd500 8 0 
95 0 0 28 00b0 ffffffff 1 R2 LDG.E.64 1 R2 8 1 0x7f3354cbfc00 8 0 
79 0 0 7 00a0 ffffffff 1 R4 LDG.E.64 1 R4 8 1 0x7f3354d61d00 8 0 
91 0 0 31 00a0 ffffffff 1 R4 LDG.E.64 1 R4 8 1 0x7f3354d7b500 8 0 
96 0 0 16 00a0 ffffffff 1 R4 LDG.E.64 1 R4 8 1 0x7f3354d84600 8 0 
11 0 0 30 00b0 ffffffff 1 R2 LDG.E.64 1 R2 8 1 0x7f3354c17e00 8 0 
63 0 0 6 00a0 ffffffff 1 R4 LDG.E.64 1 R4 8 1 0x7f3354d41c00 8 0 
8 0 0 4 00a0 ffffffff 1 R4 LDG.E.64 1 R4 8 1 0x7f3354cd3a00 8 0 
71 0 0 7 00a0 ffffffff 1 R4 LDG.E.64 1 R4 8 1 0x7f3354d51d00 8 0 
76 0 0 23 00a0 ffffffff 1 R4 LDG.E.64 1 R4 8 1 0x7f3354d5cd00 8 0 
39 0 0 26 00b0 ffffffff 1 R2 LDG.E.64 1 R2 8 1 0x7f3354c4fa00 8 0 
79 0 0 4 00a0 ffffffff 1 R4 LDG.E.64 1 R4 8 1 0x7f3354d61a00 8 0 
32 0 0 23 00a0 ffffffff 1 R4 LDG.E.64 1 R4 8 1 0x7f3354d04d00 8 0 
91 0 0 0 00a0 ffffffff 1 R4 LDG.E.64 1 R4 8 1 0x7f3354d79600 8 0 
36 0 0 15 00a0 ffffffff 1 R4 LDG.E.64 1 R4 8 1 0x7f3354d0c500 8 0 
96 0 0 14 00a0 ffffffff 1 R4 LDG.E.64 1 R4 8 1 0x7f3354d84400 8 0 
63 0 0 24 00a0 ffffffff 1 R4 LDG.E.64 1 R4 8 1 0x7f3354d42e00 8 0 
4 0 0 10 00a0 ffffffff 1 R4 LDG.E.64 1 R4 8 1 0x7f3354ccc000 8 0 
15 0 0 14 00a0 ffffffff 1 R4 LDG.E.64 1 R4 8 1 0x7f3354ce2400 8 0 
39 0 0 29 00a0 ffffffff 1 R4 LDG.E.64 1 R4 8 1 0x7f3354d13300 8 0 
76 0 0 20 00a0 ffffffff 1 R4 LDG.E.64 1 R4 8 1 0x7f3354d5ca00 8 0 
79 0 0 9 00a0 ffffffff 1 R4 LDG.E.64 1 R4 8 1 0x7f3354d61f00 8 0 
12 0 0 17 00b0 ffffffff 1 R2 LDG.E.64 1 R2 8 1 0x7f3354c19100 8 0 
32 0 0 26 00a0 ffffffff 1 R4 LDG.E.64 1 R4 8 1 0x7f3354d05000 8 0 
36 0 0 11 00b0 ffffffff 1 R2 LDG.E.64 1 R2 8 1 0x7f3354c48b00 8 0 
63 0 0 30 00a0 ffffffff 1 R4 LDG.E.64 1 R4 8 1 0x7f3354d43400 8 0 
96 0 0 19 00a0 ffffffff 1 R4 LDG.E.64 1 R4 8 1 0x7f3354d84900 8 0 
15 0 0 13 00b0 ffffffff 1 R2 LDG.E.64 1 R2 8 1 0x7f3354c1ed00 8 0 
4 0 0 25 00a0 ffffffff 1 R4 LDG.E.64 1 R4 8 1 0x7f3354cccf00 8 0 
39 0 0 24 00a0 ffffffff 1 R4 LDG.E.64 1 R4 8 1 0x7f3354d12e00 8 0 
8 0 0 5 00b0 ffffffff 1 R2 LDG.E.64 1 R2 8 1 0x7f3354c10500 8 0 
79 0 0 2 00a0 ffffffff 1 R4 LDG.E.64 1 R4 8 1 0x7f3354d61800 8 0 
76 0 0 16 00a0 ffffffff 1 R4 LDG.E.64 1 R4 8 1 0x7f3354d5c600 8 0 
12 0 0 27 00a0 ffffffff 1 R4 LDG.E.64 1 R4 8 1 0x7f3354cdd100 8 0 
11 0 0 27 00b0 ffffffff 1 R2 LDG.E.64 1 R2 8 1 0x7f3354c17b00 8 0 
32 0 0 28 00a0 ffffffff 1 R4 LDG.E.64 1 R4 8 1 0x7f3354d05200 8 0 
63 0 0 25 00a0 ffffffff 1 R4 LDG.E.64 1 R4 8 1 0x7f3354d42f00 8 0 
36 0 0 10 00b0 ffffffff 1 R2 LDG.E.64 1 R2 8 1 0x7f3354c48a00 8 0 
15 0 0 15 00b0 ffffffff 1 R2 LDG.E.64 1 R2 8 1 0x7f3354c1ef00 8 0 
39 0 0 27 00b0 ffffffff 1 R2 LDG.E.64 1 R2 8 1 0x7f3354c4fb00 8 0 
79 0 0 3 00a0 ffffffff 1 R4 LDG.E.64 1 R4 8 1 0x7f3354d61900 8 0 
4 0 0 7 00b0 ffffffff 1 R2 LDG.E.64 1 R2 8 1 0x7f3354c08700 8 0 
64 0 0 29 00a0 ffffffff 1 R4 LDG.E.64 1 R4 8 1 0x7f3354d45300 8 0 
91 0 0 4 00a0 ffffffff 1 R4 LDG.E.64 1 R4 8 1 0x7f3354d79a00 8 0 
76 0 0 19 00b0 ffffffff 1 R2 LDG.E.64 1 R2 8 1 0x7f3354c99300 8 0 
11 0 0 20 00a0 ffffffff 1 R4 LDG.E.64 1 R4 8 1 0x7f3354cdaa00 8 0 
12 0 0 23 00a0 ffffffff 1 R4 LDG.E.64 1 R4 8 1 0x7f3354cdcd00 8 0 
63 0 0 23 00a0 ffffffff 1 R4 LDG.E.64 1 R4 8 1 0x7f3354d42d00 8 0 
32 0 0 31 00b0 ffffffff 1 R2 LDG.E.64 1 R2 8 1 0x7f3354c41f00 8 0 
15 0 0 12 00a0 ffffffff 1 R4 LDG.E.64 1 R4 8 1 0x7f3354ce2200 8 0 
36 0 0 5 00b0 ffffffff 1 R2 LDG.E.64 1 R2 8 1 0x7f3354c48500 8 0 
96 0 0 9 00a0 ffffffff 1 R4 LDG.E.64 1 R4 8 1 0x7f3354d83f00 8 0 
79 0 0 1 00a0 ffffffff 1 R4 LDG.E.64 1 R4 8 1 0x7f3354d61700 8 0 
91 0 0 13 00a0 ffffffff 1 R4 LDG.E.64 1 R4 8 1 0x7f3354d7a300 8 0 
11 0 0 26 00a0 ffffffff 1 R4 LDG.E.64 1 R4 8 1 0x7f3354cdb000 8 0 
76 0 0 13 00a0 ffffffff 1 R4 LDG.E.64 1 R4 8 1 0x7f3354d5c300 8 0 
15 0 0 22 00b0 ffffffff 1 R2 LDG.E.64 1 R2 8 1 0x7f3354c1f600 8 0 
79 0 0 5 00a0 ffffffff 1 R4 LDG.E.64 1 R4 8 1 0x7f3354d61b00 8 0 
96 0 0 12 00a0 ffffffff 1 R4 LDG.E.64 1 R4 8 1 0x7f3354d84200 8 0 
4 0 0 6 00a0 ffffffff 1 R4 LDG.E.64 1 R4 8 1 0x7f3354ccbc00 8 0 
11 0 0 29 00a0 ffffffff 1 R4 LDG.E.64 1 R4 8 1 0x7f3354cdb300 8 0 
8 0 0 1 00b0 ffffffff 1 R2 LDG.E.64 1 R2 8 1 0x7f3354c10100 8 0 
63 0 0 26 00a0 ffffffff 1 R4 LDG.E.64 1 R4 8 1 0x7f3354d43000 8 0 
76 0 0 12 00a0 ffffffff 1 R4 LDG.E.64 1 R4 8 1 0x7f3354d5c200 8 0 
15 0 0 11 00b0 ffffffff 1 R2 LDG.E.64 1 R2 8 1 0x7f3354c1eb00 8 0 
39 0 0 20 00b0 ffffffff 1 R2 LDG.E.64 1 R2 8 1 0x7f3354c4f400 8 0 
32 0 0 20 00b0 ffffffff 1 R2 LDG.E.64 1 R2 8 1 0x7f3354c41400 8 0 
36 0 0 6 00a0 ffffffff 1 R4 LDG.E.64 1 R4 8 1 0x7f3354d0bc00 8 0 
96 0 0 15 00a0 ffffffff 1 R4 LDG.E.64 1 R4 8 1 0x7f3354d84500 8 0 
11 0 0 22 00a0 ffffffff 1 R4 LDG.E.64 1 R4 8 1 0x7f3354cdac00 8 0 
63 0 0 21 00a0 ffffffff 1 R4 LDG.E.64 1 R4 8 1 0x7f3354d42b00 8 0 
64 0 0 25 00a0 ffffffff 1 R4 LDG.E.64 1 R4 8 1 0x7f3354d44f00 8 0 
15 0 0 4 00b0 ffffffff 1 R2 LDG.E.64 1 R2 8 1 0x7f3354c1e400 8 0 
76 0 0 14 00a0 ffffffff 1 R4 LDG.E.64 1 R4 8 1 0x7f3354d5c400 8 0 
39 0 0 21 00a0 ffffffff 1 R4 LDG.E.64 1 R4 8 1 0x7f3354d12b00 8 0 
79 0 0 0 00a0 ffffffff 1 R4 LDG.E.64 1 R4 8 1 0x7f3354d61600 8 0 
32 0 0 27 00a0 ffffffff 1 R4 LDG.E.64 1 R4 8 1 0x7f3354d05100 8 0 
15 0 0 16 00b0 ffffffff 1 R2 LDG.E.64 1 R2 8 1 0x7f3354c1f000 8 0 
64 0 0 28 00b0 ffffffff 1 R2 LDG.E.64 1 R2 8 1 0x7f3354c81c00 8 0 
39 0 0 22 00b0 ffffffff 1 R2 LDG.E.64 1 R2 8 1 0x7f3354c4f600 8 0 
76 0 0 15 00b0 ffffffff 1 R2 LDG.E.64 1 R2 8 1 0x7f3354c98f00 8 0 
23 0 0 29 00a0 ffffffff 1 R4 LDG.E.64 1 R4 8 1 0x7f3354cf3300 8 0 
63 0 0 28 00a0 ffffffff 1 R4 LDG.E.64 1 R4 8 1 0x7f3354d43200 8 0 
96 0 0 5 00a0 ffffffff 1 R4 LDG.E.64 1 R4 8 1 0x7f3354d83b00 8 0 
15 0 0 9 00b0 ffffffff 1 R2 LDG.E.64 1 R2 8 1 0x7f3354c1e900 8 0 
60 0 0 27 00b0 ffffffff 1 R2 LDG.E.64 1 R2 8 1 0x7f3354c79b00 8 0 
64 0 0 26 00a0 ffffffff 1 R4 LDG.E.64 1 R4 8 1 0x7f3354d45000 8 0 
76 0 0 9 00a0 ffffffff 1 R4 LDG.E.64 1 R4 8 1 0x7f3354d5bf00 8 0 
35 0 0 25 00b0 ffffffff 1 R2 LDG.E.64 1 R2 8 1 0x7f3354c47900 8 0 
12 0 0 16 00a0 ffffffff 1 R4 LDG.E.64 1 R4 8 1 0x7f3354cdc600 8 0 
32 0 0 22 00b0 ffffffff 1 R2 LDG.E.64 1 R2 8 1 0x7f3354c41600 8 0 
63 0 0 17 00a0 ffffffff 1 R4 LDG.E.64 1 R4 8 1 0x7f3354d42700 8 0 
36 0 0 1 00a0 ffffffff 1 R4 LDG.E.64 1 R4 8 1 0x7f3354d0b700 8 0 
39 0 0 16 00a0 ffffffff 1 R4 LDG.E.64 1 R4 8 1 0x7f3354d12600 8 0 
64 0 0 21 00a0 ffffffff 1 R4 LDG.E.64 1 R4 8 1 0x7f3354d44b00 8 0 
35 0 0 11 00a0 ffffffff 1 R4 LDG.E.64 1 R4 8 1 0x7f3354d0a100 8 0 
76 0 0 0 00a0 ffffffff 1 R4 LDG.E.64 1 R4 8 1 0x7f3354d5b600 8 0 
11 0 0 16 00b0 ffffffff 1 R2 LDG.E.64 1 R2 8 1 0x7f3354c17000 8 0 
12 0 0 22 00a0 ffffffff 1 R4 LDG.E.64 1 R4 8 1 0x7f3354cdcc00 8 0 
32 0 0 29 00b0 ffffffff 1 R2 LDG.E.64 1 R2 8 1 0x7f3354c41d00 8 0 
36 0 0 2 00a0 ffffffff 1 R4 LDG.E.64 1 R4 8 1 0x7f3354d0b800 8 0 
23 0 0 25 00a0 ffffffff 1 R4 LDG.E.64 1 R4 8 1 0x7f3354cf2f00 8 0 
35 0 0 20 00a0 ffffffff 1 R4 LDG.E.64 1 R4 8 1 0x7f3354d0aa00 8 0 
11 0 0 21 00b0 ffffffff 1 R2 LDG.E.64 1 R2 8 1 0x7f3354c17500 8 0 
76 0 0 10 00b0 ffffffff 1 R2 LDG.E.64 1 R2 8 1 0x7f3354c98a00 8 0 
63 0 0 15 00a0 ffffffff 1 R4 LDG.E.64 1 R4 8 1 0x7f3354d42500 8 0 
12 0 0 3 00a0 ffffffff 1 R4 LDG.E.64 1 R4 8 1 0x7f3354cdb900 8 0 
15 0 0 8 00a0 ffffffff 1 R4 LDG.E.64 1 R4 8 1 0x7f3354ce1e00 8 0 
32 0 0 19 00b0 ffffffff 1 R2 LDG.E.64 1 R2 8 1 0x7f3354c41300 8 0 
39 0 0 18 00a0 ffffffff 1 R4 LDG.E.64 1 R4 8 1 0x7f3354d12800 8 0 
36 0 0 3 00b0 ffffffff 1 R2 LDG.E.64 1 R2 8 1 0x7f3354c48300 8 0 
96 0 0 11 00b0 ffffffff 1 R2 LDG.E.64 1 R2 8 1 0x7f3354cc0b00 8 0 
35 0 0 26 00b0 ffffffff 1 R2 LDG.E.64 1 R2 8 1 0x7f3354c47a00 8 0 
60 0 0 24 00b0 ffffffff 1 R2 LDG.E.64 1 R2 8 1 0x7f3354c79800 8 0 
11 0 0 23 00b0 ffffffff 1 R2 LDG.E.64 1 R2 8 1 0x7f3354c17700 8 0 
76 0 0 11 00a0 ffffffff 1 R4 LDG.E.64 1 R4 8 1 0x7f3354d5c100 8 0 
12 0 0 5 00a0 ffffffff 1 R4 LDG.E.64 1 R4 8 1 0x7f3354cdbb00 8 0 
32 0 0 18 00b0 ffffffff 1 R2 LDG.E.64 1 R2 8 1 0x7f3354c41200 8 0 
23 0 0 26 00a0 ffffffff 1 R4 LDG.E.64 1 R4 8 1 0x7f3354cf3000 8 0 
36 0 0 29 00a0 ffffffff 1 R4 LDG.E.64 1 R4 8 1 0x7f3354d0d300 8 0 
96 0 0 4 00b0 ffffffff 1 R2 LDG.E.64 1 R2 8 1 0x7f3354cc0400 8 0 
11 0 0 12 00b0 ffffffff 1 R2 LDG.E.64 1 R2 8 1 0x7f3354c16c00 8 0 
63 0 0 13 00a0 ffffffff 1 R4 LDG.E.64 1 R4 8 1 0x7f3354d42300 8 0 
15 0 0 6 00a0 ffffffff 1 R4 LDG.E.64 1 R4 8 1 0x7f3354ce1c00 8 0 
76 0 0 8 00a0 ffffffff 1 R4 LDG.E.64 1 R4 8 1 0x7f3354d5be00 8 0 
12 0 0 8 00b0 ffffffff 1 R2 LDG.E.64 1 R2 8 1 0x7f3354c18800 8 0 
92 0 0 27 00a0 ffffffff 1 R4 LDG.E.64 1 R4 8 1 0x7f3354d7d100 8 0 
23 0 0 20 00b0 ffffffff 1 R2 LDG.E.64 1 R2 8 1 0x7f3354c2f400 8 0 
23 0 0 17 00b0 ffffffff 1 R2 LDG.E.64 1 R2 8 1 0x7f3354c2f100 8 0 
88 0 0 8 00a0 ffffffff 1 R4 LDG.E.64 1 R4 8 1 0x7f3354d73e00 8 0 
40 0 0 7 00b0 ffffffff 1 R2 LDG.E.64 1 R2 8 1 0x7f3354c50700 8 0 
92 0 0 0 00a0 ffffffff 1 R4 LDG.E.64 1 R4 8 1 0x7f3354d7b600 8 0 
35 0 0 11 00b0 ffffffff 1 R2 LDG.E.64 1 R2 8 1 0x7f3354c46b00 8 0 
68 0 0 26 00b0 ffffffff 1 R2 LDG.E.64 1 R2 8 1 0x7f3354c89a00 8 0 
23 0 0 11 00a0 ffffffff 1 R4 LDG.E.64 1 R4 8 1 0x7f3354cf2100 8 0 
88 0 0 19 00a0 ffffffff 1 R4 LDG.E.64 1 R4 8 1 0x7f3354d74900 8 0 
39 0 0 29 00b0 ffffffff 1 R2 LDG.E.64 1 R2 8 1 0x7f3354c4fd00 8 0 
67 0 0 9 00b0 ffffffff 1 R2 LDG.E.64 1 R2 8 1 0x7f3354c86900 8 0 
35 0 0 22 00a0 ffffffff 1 R4 LDG.E.64 1 R4 8 1 0x7f3354d0ac00 8 0 
23 0 0 22 00a0 ffffffff 1 R4 LDG.E.64 1 R4 8 1 0x7f3354cf2c00 8 0 
15 0 0 8 00b0 ffffffff 1 R2 LDG.E.64 1 R2 8 1 0x7f3354c1e800 8 0 
4 0 0 6 00b0 ffffffff 1 R2 LDG.E.64 1 R2 8 1 0x7f3354c08600 8 0 
76 0 0 14 00b0 ffffffff 1 R2 LDG.E.64 1 R2 8 1 0x7f3354c98e00 8 0 
8 0 0 4 00b0 ffffffff 1 R2 LDG.E.64 1 R2 8 1 0x7f3354c10400 8 0 
67 0 0 22 00b0 ffffffff 1 R2 LDG.E.64 1 R2 8 1 0x7f3354c87600 8 0 
36 0 0 15 00b0 ffffffff 1 R2 LDG.E.64 1 R2 8 1 0x7f3354c48f00 8 0 
68 0 0 20 00b0 ffffffff 1 R2 LDG.E.64 1 R2 8 1 0x7f3354c89400 8 0 
15 0 0 2 00b0 ffffffff 1 R2 LDG.E.64 1 R2 8 1 0x7f3354c1e200 8 0 
76 0 0 17 00b0 ffffffff 1 R2 LDG.E.64 1 R2 8 1 0x7f3354c99100 8 0 
39 0 0 21 00b0 ffffffff 1 R2 LDG.E.64 1 R2 8 1 0x7f3354c4f500 8 0 
67 0 0 18 00b0 ffffffff 1 R2 LDG.E.64 1 R2 8 1 0x7f3354c87200 8 0 
35 0 0 2 00a0 ffffffff 1 R4 LDG.E.64 1 R4 8 1 0x7f3354d09800 8 0 
23 0 0 13 00a0 ffffffff 1 R4 LDG.E.64 1 R4 8 1 0x7f3354cf2300 8 0 
68 0 0 18 00b0 ffffffff 1 R2 LDG.E.64 1 R2 8 1 0x7f3354c89200 8 0 
88 0 0 18 00b0 ffffffff 1 R2 LDG.E.64 1 R2 8 1 0x7f3354cb1200 8 0 
4 0 0 3 00a0 ffffffff 1 R4 LDG.E.64 1 R4 8 1 0x7f3354ccb900 8 0 
39 0 0 31 00b0 ffffffff 1 R2 LDG.E.64 1 R2 8 1 0x7f3354c4ff00 8 0 
76 0 0 16 00b0 ffffffff 1 R2 LDG.E.64 1 R2 8 1 0x7f3354c99000 8 0 
67 0 0 28 00a0 ffffffff 1 R4 LDG.E.64 1 R4 8 1 0x7f3354d4b200 8 0 
63 0 0 17 00b0 ffffffff 1 R2 LDG.E.64 1 R2 8 1 0x7f3354c7f100 8 0 
92 0 0 2 00b0 ffffffff 1 R2 LDG.E.64 1 R2 8 1 0x7f3354cb8200 8 0 
35 0 0 1 00b0 ffffffff 1 R2 LDG.E.64 1 R2 8 1 0x7f3354c46100 8 0 
15 0 0 1 00b0 ffffffff 1 R2 LDG.E.64 1 R2 8 1 0x7f3354c1e100 8 0 
88 0 0 15 00a0 ffffffff 1 R4 LDG.E.64 1 R4 8 1 0x7f3354d74500 8 0 
4 0 0 4 00a0 ffffffff 1 R4 LDG.E.64 1 R4 8 1 0x7f3354ccba00 8 0 
39 0 0 16 00b0 ffffffff 1 R2 LDG.E.64 1 R2 8 1 0x7f3354c4f000 8 0 
76 0 0 13 00b0 ffffffff 1 R2 LDG.E.64 1 R2 8 1 0x7f3354c98d00 8 0 
67 0 0 24 00b0 ffffffff 1 R2 LDG.E.64 1 R2 8 1 0x7f3354c87800 8 0 
8 0 0 28 00b0 ffffffff 1 R2 LDG.E.64 1 R2 8 1 0x7f3354c11c00 8 0 
63 0 0 18 00a0 ffffffff 1 R4 LDG.E.64 1 R4 8 1 0x7f3354d42800 8 0 
23 0 0 19 00a0 ffffffff 1 R4 LDG.E.64 1 R4 8 1 0x7f3354cf2900 8 0 
68 0 0 22 00b0 ffffffff 1 R2 LDG.E.64 1 R2 8 1 0x7f3354c89600 8 0 
15 0 0 3 00b0 ffffffff 1 R2 LDG.E.64 1 R2 8 1 0x7f3354c1e300 8 0 
4 0 0 14 00b0 ffffffff 1 R2 LDG.E.64 1 R2 8 1 0x7f3354c08e00 8 0 
76 0 0 12 00b0 ffffffff 1 R2 LDG.E.64 1 R2 8 1 0x7f3354c98c00 8 0 
23 0 0 12 00a0 ffffffff 1 R4 LDG.E.64 1 R4 8 1 0x7f3354cf2200 8 0 
68 0 0 16 00b0 ffffffff 1 R2 LDG.E.64 1 R2 8 1 0x7f3354c89000 8 0 
88 0 0 10 00a0 ffffffff 1 R4 LDG.E.64 1 R4 8 1 0x7f3354d74000 8 0 
40 0 0 9 00a0 ffffffff 1 R4 LDG.E.64 1 R4 8 1 0x7f3354d13f00 8 0 
4 0 0 10 00b0 ffffffff 1 R2 LDG.E.64 1 R2 8 1 0x7f3354c08a00 8 0 
67 0 0 1 00b0 ffffffff 1 R2 LDG.E.64 1 R2 8 1 0x7f3354c86100 8 0 
8 0 0 26 00b0 ffffffff 1 R2 LDG.E.64 1 R2 8 1 0x7f3354c11a00 8 0 
63 0 0 12 00a0 ffffffff 1 R4 LDG.E.64 1 R4 8 1 0x7f3354d42200 8 0 
36 0 0 18 00b0 ffffffff 1 R2 LDG.E.64 1 R2 8 1 0x7f3354c49200 8 0 
35 0 0 4 00a0 ffffffff 1 R4 LDG.E.64 1 R4 8 1 0x7f3354d09a00 8 0 
68 0 0 27 00b0 ffffffff 1 R2 LDG.E.64 1 R2 8 1 0x7f3354c89b00 8 0 
71 0 0 27 00b0 ffffffff 1 R2 LDG.E.64 1 R2 8 1 0x7f3354c8fb00 8 0 
40 0 0 3 00b0 ffffffff 1 R2 LDG.E.64 1 R2 8 1 0x7f3354c50300 8 0 
4 0 0 0 00a0 ffffffff 1 R4 LDG.E.64 1 R4 8 1 0x7f3354ccb600 8 0 
76 0 0 9 00b0 ffffffff 1 R2 LDG.E.64 1 R2 8 1 0x7f3354c98900 8 0 
67 0 0 14 00b0 ffffffff 1 R2 LDG.E.64 1 R2 8 1 0x7f3354c86e00 8 0 
63 0 0 8 00a0 ffffffff 1 R4 LDG.E.64 1 R4 8 1 0x7f3354d41e00 8 0 
35 0 0 14 00b0 ffffffff 1 R2 LDG.E.64 1 R2 8 1 0x7f3354c46e00 8 0 
68 0 0 23 00b0 ffffffff 1 R2 LDG.E.64 1 R2 8 1 0x7f3354c89700 8 0 
71 0 0 29 00a0 ffffffff 1 R4 LDG.E.64 1 R4 8 1 0x7f3354d53300 8 0 
4 0 0 1 00a0 ffffffff 1 R4 LDG.E.64 1 R4 8 1 0x7f3354ccb700 8 0 
39 0 0 12 00a0 ffffffff 1 R4 LDG.E.64 1 R4 8 1 0x7f3354d12200 8 0 
76 0 0 11 00b0 ffffffff 1 R2 LDG.E.64 1 R2 8 1 0x7f3354c98b00 8 0 
67 0 0 20 00a0 ffffffff 1 R4 LDG.E.64 1 R4 8 1 0x7f3354d4aa00 8 0 
8 0 0 22 00b0 ffffffff 1 R2 LDG.E.64 1 R2 8 1 0x7f3354c11600 8 0 
35 0 0 9 00a0 ffffffff 1 R4 LDG.E.64 1 R4 8 1 0x7f3354d09f00 8 0 
23 0 0 9 00a0 ffffffff 1 R4 LDG.E.64 1 R4 8 1 0x7f3354cf1f00 8 0 
40 0 0 5 00b0 ffffffff 1 R2 LDG.E.64 1 R2 8 1 0x7f3354c50500 8 0 
4 0 0 2 00a0 ffffffff 1 R4 LDG.E.64 1 R4 8 1 0x7f3354ccb800 8 0 
67 0 0 10 00b0 ffffffff 1 R2 LDG.E.64 1 R2 8 1 0x7f3354c86a00 8 0 
76 0 0 5 00a0 ffffffff 1 R4 LDG.E.64 1 R4 8 1 0x7f3354d5bb00 8 0 
36 0 0 28 00a0 ffffffff 1 R4 LDG.E.64 1 R4 8 1 0x7f3354d0d200 8 0 
71 0 0 25 00b0 ffffffff 1 R2 LDG.E.64 1 R2 8 1 0x7f3354c8f900 8 0 
68 0 0 5 00b0 ffffffff 1 R2 LDG.E.64 1 R2 8 1 0x7f3354c88500 8 0 
88 0 0 5 00a0 ffffffff 1 R4 LDG.E.64 1 R4 8 1 0x7f3354d73b00 8 0 
60 0 0 30 00a0 ffffffff 1 R4 LDG.E.64 1 R4 8 1 0x7f3354d3d400 8 0 
67 0 0 16 00b0 ffffffff 1 R2 LDG.E.64 1 R2 8 1 0x7f3354c87000 8 0 
76 0 0 7 00b0 ffffffff 1 R2 LDG.E.64 1 R2 8 1 0x7f3354c98700 8 0 
63 0 0 4 00a0 ffffffff 1 R4 LDG.E.64 1 R4 8 1 0x7f3354d41a00 8 0 
35 0 0 0 00b0 ffffffff 1 R2 LDG.E.64 1 R2 8 1 0x7f3354c46000 8 0 
36 0 0 29 00b0 ffffffff 1 R2 LDG.E.64 1 R2 8 1 0x7f3354c49d00 8 0 
23 0 0 8 00b0 ffffffff 1 R2 LDG.E.64 1 R2 8 1 0x7f3354c2e800 8 0 
71 0 0 26 00a0 ffffffff 1 R4 LDG.E.64 1 R4 8 1 0x7f3354d53000 8 0 
68 0 0 15 00b0 ffffffff 1 R2 LDG.E.64 1 R2 8 1 0x7f3354c88f00 8 0 
96 0 0 28 00b0 ffffffff 1 R2 LDG.E.64 1 R2 8 1 0x7f3354cc1c00 8 0 
39 0 0 19 00a0 ffffffff 1 R4 LDG.E.64 1 R4 8 1 0x7f3354d12900 8 0 
63 0 0 13 00b0 ffffffff 1 R2 LDG.E.64 1 R2 8 1 0x7f3354c7ed00 8 0 
8 0 0 18 00b0 ffffffff 1 R2 LDG.E.64 1 R2 8 1 0x7f3354c11200 8 0 
35 0 0 15 00b0 ffffffff 1 R2 LDG.E.64 1 R2 8 1 0x7f3354c46f00 8 0 
36 0 0 27 00a0 ffffffff 1 R4 LDG.E.64 1 R4 8 1 0x7f3354d0d100 8 0 
68 0 0 0 00b0 ffffffff 1 R2 LDG.E.64 1 R2 8 1 0x7f3354c88000 8 0 
88 0 0 1 00a0 ffffffff 1 R4 LDG.E.64 1 R4 8 1 0x7f3354d73700 8 0 
96 0 0 27 00b0 ffffffff 1 R2 LDG.E.64 1 R2 8 1 0x7f3354cc1b00 8 0 
67 0 0 11 00b0 ffffffff 1 R2 LDG.E.64 1 R2 8 1 0x7f3354c86b00 8 0 
76 0 0 8 00b0 ffffffff 1 R2 LDG.E.64 1 R2 8 1 0x7f3354c98800 8 0 
63 0 0 15 00b0 ffffffff 1 R2 LDG.E.64 1 R2 8 1 0x7f3354c7ef00 8 0 
8 0 0 23 00b0 ffffffff 1 R2 LDG.E.64 1 R2 8 1 0x7f3354c11700 8 0 
36 0 0 24 00b0 ffffffff 1 R2 LDG.E.64 1 R2 8 1 0x7f3354c49800 8 0 
23 0 0 4 00b0 ffffffff 1 R2 LDG.E.64 1 R2 8 1 0x7f3354c2e400 8 0 
71 0 0 28 00a0 ffffffff 1 R4 LDG.E.64 1 R4 8 1 0x7f3354d53200 8 0 
68 0 0 14 00b0 ffffffff 1 R2 LDG.E.64 1 R2 8 1 0x7f3354c88e00 8 0 
88 0 0 2 00a0 ffffffff 1 R4 LDG.E.64 1 R4 8 1 0x7f3354d73800 8 0 
40 0 0 2 00a0 ffffffff 1 R4 LDG.E.64 1 R4 8 1 0x7f3354d13800 8 0 
63 0 0 11 00a0 ffffffff 1 R4 LDG.E.64 1 R4 8 1 0x7f3354d42100 8 0 
8 0 0 17 00b0 ffffffff 1 R2 LDG.E.64 1 R2 8 1 0x7f3354c11100 8 0 
35 0 0 5 00b0 ffffffff 1 R2 LDG.E.64 1 R2 8 1 0x7f3354c46500 8 0 
71 0 0 24 00a0 ffffffff 1 R4 LDG.E.64 1 R4 8 1 0x7f3354d52e00 8 0 
88 0 0 3 00b0 ffffffff 1 R2 LDG.E.64 1 R2 8 1 0x7f3354cb0300 8 0 
39 0 0 8 00a0 ffffffff 1 R4 LDG.E.64 1 R4 8 1 0x7f3354d11e00 8 0 
67 0 0 29 00b0 ffffffff 1 R2 LDG.E.64 1 R2 8 1 0x7f3354c87d00 8 0 
76 0 0 4 00a0 ffffffff 1 R4 LDG.E.64 1 R4 8 1 0x7f3354d5ba00 8 0 
63 0 0 5 00a0 ffffffff 1 R4 LDG.E.64 1 R4 8 1 0x7f3354d41b00 8 0 
71 0 0 20 00a0 ffffffff 1 R4 LDG.E.64 1 R4 8 1 0x7f3354d52a00 8 0 
68 0 0 11 00a0 ffffffff 1 R4 LDG.E.64 1 R4 8 1 0x7f3354d4c100 8 0 
39 0 0 30 00a0 ffffffff 1 R4 LDG.E.64 1 R4 8 1 0x7f3354d13400 8 0 
67 0 0 12 00a0 ffffffff 1 R4 LDG.E.64 1 R4 8 1 0x7f3354d4a200 8 0 
63 0 0 14 00a0 ffffffff 1 R4 LDG.E.64 1 R4 8 1 0x7f3354d42400 8 0 
8 0 0 16 00a0 ffffffff 1 R4 LDG.E.64 1 R4 8 1 0x7f3354cd4600 8 0 
71 0 0 12 00b0 ffffffff 1 R2 LDG.E.64 1 R2 8 1 0x7f3354c8ec00 8 0 
68 0 0 7 00b0 ffffffff 1 R2 LDG.E.64 1 R2 8 1 0x7f3354c88700 8 0 
32 0 0 2 00b0 ffffffff 1 R2 LDG.E.64 1 R2 8 1 0x7f3354c40200 8 0 
39 0 0 10 00a0 ffffffff 1 R4 LDG.E.64 1 R4 8 1 0x7f3354d12000 8 0 
60 0 0 14 00a0 ffffffff 1 R4 LDG.E.64 1 R4 8 1 0x7f3354d3c400 8 0 
67 0 0 2 00b0 ffffffff 1 R2 LDG.E.64 1 R2 8 1 0x7f3354c86200 8 0 
76 0 0 0 00b0 ffffffff 1 R2 LDG.E.64 1 R2 8 1 0x7f3354c98000 8 0 
63 0 0 6 00b0 ffffffff 1 R2 LDG.E.64 1 R2 8 1 0x7f3354c7e600 8 0 
8 0 0 9 00a0 ffffffff 1 R4 LDG.E.64 1 R4 8 1 0x7f3354cd3f00 8 0 
36 0 0 6 00b0 ffffffff 1 R2 LDG.E.64 1 R2 8 1 0x7f3354c48600 8 0 
71 0 0 17 00b0 ffffffff 1 R2 LDG.E.64 1 R2 8 1 0x7f3354c8f100 8 0 
39 0 0 4 00b0 ffffffff 1 R2 LDG.E.64 1 R2 8 1 0x7f3354c4e400 8 0 
60 0 0 6 00b0 ffffffff 1 R2 LDG.E.64 1 R2 8 1 0x7f3354c78600 8 0 
67 0 0 8 00a0 ffffffff 1 R4 LDG.E.64 1 R4 8 1 0x7f3354d49e00 8 0 
35 0 0 3 00b0 ffffffff 1 R2 LDG.E.64 1 R2 8 1 0x7f3354c46300 8 0 
68 0 0 9 00b0 ffffffff 1 R2 LDG.E.64 1 R2 8 1 0x7f3354c88900 8 0 
32 0 0 15 00a0 ffffffff 1 R4 LDG.E.64 1 R4 8 1 0x7f3354d04500 8 0 
96 0 0 20 00a0 ffffffff 1 R4 LDG.E.64 1 R4 8 1 0x7f3354d84a00 8 0 
39 0 0 6 00a0 ffffffff 1 R4 LDG.E.64 1 R4 8 1 0x7f3354d11c00 8 0 
60 0 0 25 00a0 ffffffff 1 R4 LDG.E.64 1 R4 8 1 0x7f3354d3cf00 8 0 
63 0 0 2 00b0 ffffffff 1 R2 LDG.E.64 1 R2 8 1 0x7f3354c7e200 8 0 
8 0 0 10 00b0 ffffffff 1 R2 LDG.E.64 1 R2 8 1 0x7f3354c10a00 8 0 
71 0 0 21 00b0 ffffffff 1 R2 LDG.E.64 1 R2 8 1 0x7f3354c8f500 8 0 
68 0 0 10 00b0 ffffffff 1 R2 LDG.E.64 1 R2 8 1 0x7f3354c88a00 8 0 
96 0 0 14 00b0 ffffffff 1 R2 LDG.E.64 1 R2 8 1 0x7f3354cc0e00 8 0 
39 0 0 5 00b0 ffffffff 1 R2 LDG.E.64 1 R2 8 1 0x7f3354c4e500 8 0 
67 0 0 4 00b0 ffffffff 1 R2 LDG.E.64 1 R2 8 1 0x7f3354c86400 8 0 
20 0 0 15 00a0 ffffffff 1 R4 LDG.E.64 1 R4 8 1 0x7f3354cec500 8 0 
63 0 0 28 00b0 ffffffff 1 R2 LDG.E.64 1 R2 8 1 0x7f3354c7fc00 8 0 
8 0 0 19 00a0 ffffffff 1 R4 LDG.E.64 1 R4 8 1 0x7f3354cd4900 8 0 
91 0 0 25 00a0 ffffffff 1 R4 LDG.E.64 1 R4 8 1 0x7f3354d7af00 8 0 
36 0 0 2 00b0 ffffffff 1 R2 LDG.E.64 1 R2 8 1 0x7f3354c48200 8 0 
23 0 0 14 00b0 ffffffff 1 R2 LDG.E.64 1 R2 8 1 0x7f3354c2ee00 8 0 
71 0 0 19 00a0 ffffffff 1 R4 LDG.E.64 1 R4 8 1 0x7f3354d52900 8 0 
68 0 0 3 00a0 ffffffff 1 R4 LDG.E.64 1 R4 8 1 0x7f3354d4b900 8 0 
32 0 0 30 00a0 ffffffff 1 R4 LDG.E.64 1 R4 8 1 0x7f3354d05400 8 0 
96 0 0 16 00b0 ffffffff 1 R2 LDG.E.64 1 R2 8 1 0x7f3354cc1000 8 0 
67 0 0 0 00a0 ffffffff 1 R4 LDG.E.64 1 R4 8 1 0x7f3354d49600 8 0 
63 0 0 1 00a0 ffffffff 1 R4 LDG.E.64 1 R4 8 1 0x7f3354d41700 8 0 
23 0 0 6 00b0 ffffffff 1 R2 LDG.E.64 1 R2 8 1 0x7f3354c2e600 8 0 
71 0 0 15 00a0 ffffffff 1 R4 LDG.E.64 1 R4 8 1 0x7f3354d52500 8 0 
60 0 0 28 00a0 ffffffff 1 R4 LDG.E.64 1 R4 8 1 0x7f3354d3d200 8 0 
8 0 0 12 00b0 ffffffff 1 R2 LDG.E.64 1 R2 8 1 0x7f3354c10c00 8 0 
91 0 0 30 00b0 ffffffff 1 R2 LDG.E.64 1 R2 8 1 0x7f3354cb7e00 8 0 
36 0 0 21 00b0 ffffffff 1 R2 LDG.E.64 1 R2 8 1 0x7f3354c49500 8 0 
79 0 0 26 00b0 ffffffff 1 R2 LDG.E.64 1 R2 8 1 0x7f3354c9fa00 8 0 
71 0 0 30 00b0 ffffffff 1 R2 LDG.E.64 1 R2 8 1 0x7f3354c8fe00 8 0 
68 0 0 1 00b0 ffffffff 1 R2 LDG.E.64 1 R2 8 1 0x7f3354c88100 8 0 
32 0 0 13 00b0 ffffffff 1 R2 LDG.E.64 1 R2 8 1 0x7f3354c40d00 8 0 
20 0 0 29 00a0 ffffffff 1 R4 LDG.E.64 1 R4 8 1 0x7f3354ced300 8 0 
8 0 0 15 00b0 ffffffff 1 R2 LDG.E.64 1 R2 8 1 0x7f3354c10f00 8 0 
79 0 0 21 00b0 ffffffff 1 R2 LDG.E.64 1 R2 8 1 0x7f3354c9f500 8 0 
71 0 0 13 00a0 ffffffff 1 R4 LDG.E.64 1 R4 8 1 0x7f3354d52300 8 0 
32 0 0 26 00b0 ffffffff 1 R2 LDG.E.64 1 R2 8 1 0x7f3354c41a00 8 0 
96 0 0 10 00a0 ffffffff 1 R4 LDG.E.64 1 R4 8 1 0x7f3354d84000 8 0 
95 0 0 25 00a0 ffffffff 1 R4 LDG.E.64 1 R4 8 1 0x7f3354d82f00 8 0 
11 0 0 26 00b0 ffffffff 1 R2 LDG.E.64 1 R2 8 1 0x7f3354c17a00 8 0 
20 0 0 26 00b0 ffffffff 1 R2 LDG.E.64 1 R2 8 1 0x7f3354c29a00 8 0 
7 0 0 19 00b0 ffffffff 1 R2 LDG.E.64 1 R2 8 1 0x7f3354c0f300 8 0 
8 0 0 8 00b0 ffffffff 1 R2 LDG.E.64 1 R2 8 1 0x7f3354c10800 8 0 
91 0 0 18 00b0 ffffffff 1 R2 LDG.E.64 1 R2 8 1 0x7f3354cb7200 8 0 
79 0 0 17 00b0 ffffffff 1 R2 LDG.E.64 1 R2 8 1 0x7f3354c9f100 8 0 
71 0 0 16 00b0 ffffffff 1 R2 LDG.E.64 1 R2 8 1 0x7f3354c8f000 8 0 
68 0 0 6 00a0 ffffffff 1 R4 LDG.E.64 1 R4 8 1 0x7f3354d4bc00 8 0 
96 0 0 23 00b0 ffffffff 1 R2 LDG.E.64 1 R2 8 1 0x7f3354cc1700 8 0 
39 0 0 7 00b0 ffffffff 1 R2 LDG.E.64 1 R2 8 1 0x7f3354c4e700 8 0 
7 0 0 7 00b0 ffffffff 1 R2 LDG.E.64 1 R2 8 1 0x7f3354c0e700 8 0 
91 0 0 21 00a0 ffffffff 1 R4 LDG.E.64 1 R4 8 1 0x7f3354d7ab00 8 0 
79 0 0 28 00b0 ffffffff 1 R2 LDG.E.64 1 R2 8 1 0x7f3354c9fc00 8 0 
71 0 0 8 00b0 ffffffff 1 R2 LDG.E.64 1 R2 8 1 0x7f3354c8e800 8 0 
68 0 0 2 00a0 ffffffff 1 R4 LDG.E.64 1 R4 8 1 0x7f3354d4b800 8 0 
96 0 0 19 00b0 ffffffff 1 R2 LDG.E.64 1 R2 8 1 0x7f3354cc1300 8 0 
11 0 0 29 00b0 ffffffff 1 R2 LDG.E.64 1 R2 8 1 0x7f3354c17d00 8 0 
20 0 0 25 00b0 ffffffff 1 R2 LDG.E.64 1 R2 8 1 0x7f3354c29900 8 0 
7 0 0 17 00a0 ffffffff 1 R4 LDG.E.64 1 R4 8 1 0x7f3354cd2700 8 0 
91 0 0 26 00a0 ffffffff 1 R4 LDG.E.64 1 R4 8 1 0x7f3354d7b000 8 0 
79 0 0 13 00b0 ffffffff 1 R2 LDG.E.64 1 R2 8 1 0x7f3354c9ed00 8 0 
71 0 0 14 00a0 ffffffff 1 R4 LDG.E.64 1 R4 8 1 0x7f3354d52400 8 0 
32 0 0 27 00b0 ffffffff 1 R2 LDG.E.64 1 R2 8 1 0x7f3354c41b00 8 0 
96 0 0 9 00b0 ffffffff 1 R2 LDG.E.64 1 R2 8 1 0x7f3354cc0900 8 0 
39 0 0 3 00b0 ffffffff 1 R2 LDG.E.64 1 R2 8 1 0x7f3354c4e300 8 0 
60 0 0 17 00a0 ffffffff 1 R4 LDG.E.64 1 R4 8 1 0x7f3354d3c700 8 0 
91 0 0 31 00b0 ffffffff 1 R2 LDG.E.64 1 R2 8 1 0x7f3354cb7f00 8 0 
79 0 0 24 00b0 ffffffff 1 R2 LDG.E.64 1 R2 8 1 0x7f3354c9f800 8 0 
12 0 0 28 00b0 ffffffff 1 R2 LDG.E.64 1 R2 8 1 0x7f3354c19c00 8 0 
39 0 0 0 00a0 ffffffff 1 R4 LDG.E.64 1 R4 8 1 0x7f3354d11600 8 0 
96 0 0 12 00b0 ffffffff 1 R2 LDG.E.64 1 R2 8 1 0x7f3354cc0c00 8 0 
11 0 0 22 00b0 ffffffff 1 R2 LDG.E.64 1 R2 8 1 0x7f3354c17600 8 0 
91 0 0 27 00a0 ffffffff 1 R4 LDG.E.64 1 R4 8 1 0x7f3354d7b100 8 0 
8 0 0 7 00a0 ffffffff 1 R4 LDG.E.64 1 R4 8 1 0x7f3354cd3d00 8 0 
71 0 0 11 00b0 ffffffff 1 R2 LDG.E.64 1 R2 8 1 0x7f3354c8eb00 8 0 
32 0 0 24 00a0 ffffffff 1 R4 LDG.E.64 1 R4 8 1 0x7f3354d04e00 8 0 
96 0 0 15 00b0 ffffffff 1 R2 LDG.E.64 1 R2 8 1 0x7f3354cc0f00 8 0 
60 0 0 16 00a0 ffffffff 1 R4 LDG.E.64 1 R4 8 1 0x7f3354d3c600 8 0 
79 0 0 16 00b0 ffffffff 1 R2 LDG.E.64 1 R2 8 1 0x7f3354c9f000 8 0 
71 0 0 10 00b0 ffffffff 1 R2 LDG.E.64 1 R2 8 1 0x7f3354c8ea00 8 0 
12 0 0 25 00b0 ffffffff 1 R2 LDG.E.64 1 R2 8 1 0x7f3354c19900 8 0 
32 0 0 23 00b0 ffffffff 1 R2 LDG.E.64 1 R2 8 1 0x7f3354c41700 8 0 
91 0 0 23 00b0 ffffffff 1 R2 LDG.E.64 1 R2 8 1 0x7f3354cb7700 8 0 
79 0 0 30 00b0 ffffffff 1 R2 LDG.E.64 1 R2 8 1 0x7f3354c9fe00 8 0 
71 0 0 5 00a0 ffffffff 1 R4 LDG.E.64 1 R4 8 1 0x7f3354d51b00 8 0 
20 0 0 27 00b0 ffffffff 1 R2 LDG.E.64 1 R2 8 1 0x7f3354c29b00 8 0 
95 0 0 20 00a0 ffffffff 1 R4 LDG.E.64 1 R4 8 1 0x7f3354d82a00 8 0 
8 0 0 13 00a0 ffffffff 1 R4 LDG.E.64 1 R4 8 1 0x7f3354cd4300 8 0 
11 0 0 20 00b0 ffffffff 1 R2 LDG.E.64 1 R2 8 1 0x7f3354c17400 8 0 
36 0 0 4 00b0 ffffffff 1 R2 LDG.E.64 1 R2 8 1 0x7f3354c48400 8 0 
7 0 0 25 00b0 ffffffff 1 R2 LDG.E.64 1 R2 8 1 0x7f3354c0f900 8 0 
12 0 0 22 00b0 ffffffff 1 R2 LDG.E.64 1 R2 8 1 0x7f3354c19600 8 0 
91 0 0 16 00b0 ffffffff 1 R2 LDG.E.64 1 R2 8 1 0x7f3354cb7000 8 0 
32 0 0 25 00a0 ffffffff 1 R4 LDG.E.64 1 R4 8 1 0x7f3354d04f00 8 0 
79 0 0 9 00b0 ffffffff 1 R2 LDG.E.64 1 R2 8 1 0x7f3354c9e900 8 0 
96 0 0 5 00b0 ffffffff 1 R2 LDG.E.64 1 R2 8 1 0x7f3354cc0500 8 0 
71 0 0 7 00b0 ffffffff 1 R2 LDG.E.64 1 R2 8 1 0x7f3354c8e700 8 0 
95 0 0 31 00a0 ffffffff 1 R4 LDG.E.64 1 R4 8 1 0x7f3354d83500 8 0 
20 0 0 18 00b0 ffffffff 1 R2 LDG.E.64 1 R2 8 1 0x7f3354c29200 8 0 
8 0 0 11 00b0 ffffffff 1 R2 LDG.E.64 1 R2 8 1 0x7f3354c10b00 8 0 
91 0 0 22 00a0 ffffffff 1 R4 LDG.E.64 1 R4 8 1 0x7f3354d7ac00 8 0 
12 0 0 31 00b0 ffffffff 1 R2 LDG.E.64 1 R2 8 1 0x7f3354c19f00 8 0 
79 0 0 12 00b0 ffffffff 1 R2 LDG.E.64 1 R2 8 1 0x7f3354c9ec00 8 0 
71 0 0 6 00a0 ffffffff 1 R4 LDG.E.64 1 R4 8 1 0x7f3354d51c00 8 0 
96 0 0 8 00a0 ffffffff 1 R4 LDG.E.64 1 R4 8 1 0x7f3354d83e00 8 0 
60 0 0 13 00a0 ffffffff 1 R4 LDG.E.64 1 R4 8 1 0x7f3354d3c300 8 0 
36 0 0 9 00b0 ffffffff 1 R2 LDG.E.64 1 R2 8 1 0x7f3354c48900 8 0 
79 0 0 31 00b0 ffffffff 1 R2 LDG.E.64 1 R2 8 1 0x7f3354c9ff00 8 0 
12 0 0 24 00b0 ffffffff 1 R2 LDG.E.64 1 R2 8 1 0x7f3354c19800 8 0 
11 0 0 28 00b0 ffffffff 1 R2 LDG.E.64 1 R2 8 1 0x7f3354c17c00 8 0 
60 0 0 12 00b0 ffffffff 1 R2 LDG.E.64 1 R2 8 1 0x7f3354c78c00 8 0 
7 0 0 10 00a0 ffffffff 1 R4 LDG.E.64 1 R4 8 1 0x7f3354cd2000 8 0 
91 0 0 15 00b0 ffffffff 1 R2 LDG.E.64 1 R2 8 1 0x7f3354cb6f00 8 0 
36 0 0 7 00a0 ffffffff 1 R4 LDG.E.64 1 R4 8 1 0x7f3354d0bd00 8 0 
95 0 0 21 00a0 ffffffff 1 R4 LDG.E.64 1 R4 8 1 0x7f3354d82b00 8 0 
96 0 0 29 00b0 ffffffff 1 R2 LDG.E.64 1 R2 8 1 0x7f3354cc1d00 8 0 
60 0 0 5 00a0 ffffffff 1 R4 LDG.E.64 1 R4 8 1 0x7f3354d3bb00 8 0 
91 0 0 14 00b0 ffffffff 1 R2 LDG.E.64 1 R2 8 1 0x7f3354cb6e00 8 0 
20 0 0 21 00b0 ffffffff 1 R2 LDG.E.64 1 R2 8 1 0x7f3354c29500 8 0 
79 0 0 22 00b0 ffffffff 1 R2 LDG.E.64 1 R2 8 1 0x7f3354c9f600 8 0 
71 0 0 3 00b0 ffffffff 1 R2 LDG.E.64 1 R2 8 1 0x7f3354c8e300 8 0 
36 0 0 1 00b0 ffffffff 1 R2 LDG.E.64 1 R2 8 1 0x7f3354c48100 8 0 
95 0 0 19 00b0 ffffffff 1 R2 LDG.E.64 1 R2 8 1 0x7f3354cbf300 8 0 
12 0 0 18 00a0 ffffffff 1 R4 LDG.E.64 1 R4 8 1 0x7f3354cdc800 8 0 
96 0 0 7 00b0 ffffffff 1 R2 LDG.E.64 1 R2 8 1 0x7f3354cc0700 8 0 
60 0 0 8 00a0 ffffffff 1 R4 LDG.E.64 1 R4 8 1 0x7f3354d3be00 8 0 
79 0 0 8 00b0 ffffffff 1 R2 LDG.E.64 1 R2 8 1 0x7f3354c9e800 8 0 
71 0 0 1 00b0 ffffffff 1 R2 LDG.E.64 1 R2 8 1 0x7f3354c8e100 8 0 
92 0 0 3 00b0 ffffffff 1 R2 LDG.E.64 1 R2 8 1 0x7f3354cb8300 8 0 
11 0 0 14 00b0 ffffffff 1 R2 LDG.E.64 1 R2 8 1 0x7f3354c16e00 8 0 
12 0 0 27 00b0 ffffffff 1 R2 LDG.E.64 1 R2 8 1 0x7f3354c19b00 8 0 
32 0 0 10 00a0 ffffffff 1 R4 LDG.E.64 1 R4 8 1 0x7f3354d04000 8 0 
96 0 0 3 00a0 ffffffff 1 R4 LDG.E.64 1 R4 8 1 0x7f3354d83900 8 0 
60 0 0 10 00a0 ffffffff 1 R4 LDG.E.64 1 R4 8 1 0x7f3354d3c000 8 0 
71 0 0 0 00b0 ffffffff 1 R2 LDG.E.64 1 R2 8 1 0x7f3354c8e000 8 0 
95 0 0 17 00b0 ffffffff 1 R2 LDG.E.64 1 R2 8 1 0x7f3354cbf100 8 0 
7 0 0 21 00b0 ffffffff 1 R2 LDG.E.64 1 R2 8 1 0x7f3354c0f500 8 0 
91 0 0 7 00a0 ffffffff 1 R4 LDG.E.64 1 R4 8 1 0x7f3354d79d00 8 0 
32 0 0 6 00a0 ffffffff 1 R4 LDG.E.64 1 R4 8 1 0x7f3354d03c00 8 0 
79 0 0 18 00b0 ffffffff 1 R2 LDG.E.64 1 R2 8 1 0x7f3354c9f200 8 0 
60 0 0 4 00b0 ffffffff 1 R2 LDG.E.64 1 R2 8 1 0x7f3354c78400 8 0 
95 0 0 22 00b0 ffffffff 1 R2 LDG.E.64 1 R2 8 1 0x7f3354cbf600 8 0 
20 0 0 17 00a0 ffffffff 1 R4 LDG.E.64 1 R4 8 1 0x7f3354cec700 8 0 
64 0 0 20 00b0 ffffffff 1 R2 LDG.E.64 1 R2 8 1 0x7f3354c81400 8 0 
91 0 0 13 00b0 ffffffff 1 R2 LDG.E.64 1 R2 8 1 0x7f3354cb6d00 8 0 
12 0 0 14 00a0 ffffffff 1 R4 LDG.E.64 1 R4 8 1 0x7f3354cdc400 8 0 
79 0 0 4 00b0 ffffffff 1 R2 LDG.E.64 1 R2 8 1 0x7f3354c9e400 8 0 
32 0 0 11 00a0 ffffffff 1 R4 LDG.E.64 1 R4 8 1 0x7f3354d04100 8 0 
15 0 0 0 00b0 ffffffff 1 R2 LDG.E.64 1 R2 8 1 0x7f3354c1e000 8 0 
96 0 0 0 00a0 ffffffff 1 R4 LDG.E.64 1 R4 8 1 0x7f3354d83600 8 0 
11 0 0 17 00a0 ffffffff 1 R4 LDG.E.64 1 R4 8 1 0x7f3354cda700 8 0 
91 0 0 8 00b0 ffffffff 1 R2 LDG.E.64 1 R2 8 1 0x7f3354cb6800 8 0 
15 0 0 6 00b0 ffffffff 1 R2 LDG.E.64 1 R2 8 1 0x7f3354c1e600 8 0 
32 0 0 8 00b0 ffffffff 1 R2 LDG.E.64 1 R2 8 1 0x7f3354c40800 8 0 
95 0 0 15 00b0 ffffffff 1 R2 LDG.E.64 1 R2 8 1 0x7f3354cbef00 8 0 
96 0 0 6 00a0 ffffffff 1 R4 LDG.E.64 1 R4 8 1 0x7f3354d83c00 8 0 
11 0 0 8 00b0 ffffffff 1 R2 LDG.E.64 1 R2 8 1 0x7f3354c16800 8 0 
7 0 0 14 00a0 ffffffff 1 R4 LDG.E.64 1 R4 8 1 0x7f3354cd2400 8 0 
91 0 0 9 00b0 ffffffff 1 R2 LDG.E.64 1 R2 8 1 0x7f3354cb6900 8 0 
64 0 0 29 00b0 ffffffff 1 R2 LDG.E.64 1 R2 8 1 0x7f3354c81d00 8 0 
79 0 0 19 00b0 ffffffff 1 R2 LDG.E.64 1 R2 8 1 0x7f3354c9f300 8 0 
92 0 0 21 00a0 ffffffff 1 R4 LDG.E.64 1 R4 8 1 0x7f3354d7cb00 8 0 
15 0 0 31 00b0 ffffffff 1 R2 LDG.E.64 1 R2 8 1 0x7f3354c1ff00 8 0 
95 0 0 5 00a0 ffffffff 1 R4 LDG.E.64 1 R4 8 1 0x7f3354d81b00 8 0 
32 0 0 7 00a0 ffffffff 1 R4 LDG.E.64 1 R4 8 1 0x7f3354d03d00 8 0 
96 0 0 2 00a0 ffffffff 1 R4 LDG.E.64 1 R4 8 1 0x7f3354d83800 8 0 
7 0 0 3 00b0 ffffffff 1 R2 LDG.E.64 1 R2 8 1 0x7f3354c0e300 8 0 
20 0 0 14 00a0 ffffffff 1 R4 LDG.E.64 1 R4 8 1 0x7f3354cec400 8 0 
79 0 0 15 00b0 ffffffff 1 R2 LDG.E.64 1 R2 8 1 0x7f3354c9ef00 8 0 
64 0 0 25 00b0 ffffffff 1 R2 LDG.E.64 1 R2 8 1 0x7f3354c81900 8 0 
15 0 0 28 00b0 ffffffff 1 R2 LDG.E.64 1 R2 8 1 0x7f3354c1fc00 8 0 
12 0 0 23 00b0 ffffffff 1 R2 LDG.E.64 1 R2 8 1 0x7f3354c19700 8 0 
32 0 0 0 00b0 ffffffff 1 R2 LDG.E.64 1 R2 8 1 0x7f3354c40000 8 0 
7 0 0 13 00a0 ffffffff 1 R4 LDG.E.64 1 R4 8 1 0x7f3354cd2300 8 0 
96 0 0 1 00a0 ffffffff 1 R4 LDG.E.64 1 R4 8 1 0x7f3354d83700 8 0 
91 0 0 5 00b0 ffffffff 1 R2 LDG.E.64 1 R2 8 1 0x7f3354cb6500 8 0 
60 0 0 0 00a0 ffffffff 1 R4 LDG.E.64 1 R4 8 1 0x7f3354d3b600 8 0 
79 0 0 6 00a0 ffffffff 1 R4 LDG.E.64 1 R4 8 1 0x7f3354d61c00 8 0 
20 0 0 0 00a0 ffffffff 1 R4 LDG.E.64 1 R4 8 1 0x7f3354ceb600 8 0 
7 0 0 9 00a0 ffffffff 1 R4 LDG.E.64 1 R4 8 1 0x7f3354cd1f00 8 0 
32 0 0 17 00a0 ffffffff 1 R4 LDG.E.64 1 R4 8 1 0x7f3354d04700 8 0 
91 0 0 4 00b0 ffffffff 1 R2 LDG.E.64 1 R2 8 1 0x7f3354cb6400 8 0 
96 0 0 31 00b0 ffffffff 1 R2 LDG.E.64 1 R2 8 1 0x7f3354cc1f00 8 0 
79 0 0 2 00b0 ffffffff 1 R2 LDG.E.64 1 R2 8 1 0x7f3354c9e200 8 0 
60 0 0 1 00a0 ffffffff 1 R4 LDG.E.64 1 R4 8 1 0x7f3354d3b700 8 0 
20 0 0 1 00a0 ffffffff 1 R4 LDG.E.64 1 R4 8 1 0x7f3354ceb700 8 0 
95 0 0 18 00b0 ffffffff 1 R2 LDG.E.64 1 R2 8 1 0x7f3354cbf200 8 0 
64 0 0 21 00b0 ffffffff 1 R2 LDG.E.64 1 R2 8 1 0x7f3354c81500 8 0 
12 0 0 15 00a0 ffffffff 1 R4 LDG.E.64 1 R4 8 1 0x7f3354cdc500 8 0 
32 0 0 28 00b0 ffffffff 1 R2 LDG.E.64 1 R2 8 1 0x7f3354c41c00 8 0 
79 0 0 11 00b0 ffffffff 1 R2 LDG.E.64 1 R2 8 1 0x7f3354c9eb00 8 0 
96 0 0 24 00b0 ffffffff 1 R2 LDG.E.64 1 R2 8 1 0x7f3354cc1800 8 0 
15 0 0 25 00b0 ffffffff 1 R2 LDG.E.64 1 R2 8 1 0x7f3354c1f900 8 0 
4 0 0 31 00b0 ffffffff 1 R2 LDG.E.64 1 R2 8 1 0x7f3354c09f00 8 0 
95 0 0 29 00a0 ffffffff 1 R4 LDG.E.64 1 R4 8 1 0x7f3354d83300 8 0 
20 0 0 10 00b0 ffffffff 1 R2 LDG.E.64 1 R2 8 1 0x7f3354c28a00 8 0 
11 0 0 4 00a0 ffffffff 1 R4 LDG.E.64 1 R4 8 1 0x7f3354cd9a00 8 0 
12 0 0 10 00b0 ffffffff 1 R2 LDG.E.64 1 R2 8 1 0x7f3354c18a00 8 0 
79 0 0 5 00b0 ffffffff 1 R2 LDG.E.64 1 R2 8 1 0x7f3354c9e500 8 0 
95 0 0 12 00b0 ffffffff 1 R2 LDG.E.64 1 R2 8 1 0x7f3354cbec00 8 0 
11 0 0 7 00b0 ffffffff 1 R2 LDG.E.64 1 R2 8 1 0x7f3354c16700 8 0 
64 0 0 27 00b0 ffffffff 1 R2 LDG.E.64 1 R2 8 1 0x7f3354c81b00 8 0 
91 0 0 2 00a0 ffffffff 1 R4 LDG.E.64 1 R4 8 1 0x7f3354d79800 8 0 
92 0 0 14 00a0 ffffffff 1 R4 LDG.E.64 1 R4 8 1 0x7f3354d7c400 8 0 
79 0 0 7 00b0 ffffffff 1 R2 LDG.E.64 1 R2 8 1 0x7f3354c9e700 8 0 
12 0 0 9 00b0 ffffffff 1 R2 LDG.E.64 1 R2 8 1 0x7f3354c18900 8 0 
4 0 0 29 00b0 ffffffff 1 R2 LDG.E.64 1 R2 8 1 0x7f3354c09d00 8 0 
7 0 0 4 00a0 ffffffff 1 R4 LDG.E.64 1 R4 8 1 0x7f3354cd1a00 8 0 
20 0 0 6 00b0 ffffffff 1 R2 LDG.E.64 1 R2 8 1 0x7f3354c28600 8 0 
79 0 0 0 00b0 ffffffff 1 R2 LDG.E.64 1 R2 8 1 0x7f3354c9e000 8 0 
92 0 0 24 00a0 ffffffff 1 R4 LDG.E.64 1 R4 8 1 0x7f3354d7ce00 8 0 
15 0 0 20 00b0 ffffffff 1 R2 LDG.E.64 1 R2 8 1 0x7f3354c1f400 8 0 
12 0 0 16 00b0 ffffffff 1 R2 LDG.E.64 1 R2 8 1 0x7f3354c19000 8 0 
11 0 0 10 00b0 ffffffff 1 R2 LDG.E.64 1 R2 8 1 0x7f3354c16a00 8 0 
40 0 0 18 00b0 ffffffff 1 R2 LDG.E.64 1 R2 8 1 0x7f3354c51200 8 0 
91 0 0 0 00b0 ffffffff 1 R2 LDG.E.64 1 R2 8 1 0x7f3354cb6000 8 0 
79 0 0 3 00b0 ffffffff 1 R2 LDG.E.64 1 R2 8 1 0x7f3354c9e300 8 0 
64 0 0 23 00a0 ffffffff 1 R4 LDG.E.64 1 R4 8 1 0x7f3354d44d00 8 0 
12 0 0 19 00b0 ffffffff 1 R2 LDG.E.64 1 R2 8 1 0x7f3354c19300 8 0 
11 0 0 9 00b0 ffffffff 1 R2 LDG.E.64 1 R2 8 1 0x7f3354c16900 8 0 
7 0 0 30 00a0 ffffffff 1 R4 LDG.E.64 1 R4 8 1 0x7f3354cd3400 8 0 
40 0 0 23 00a0 ffffffff 1 R4 LDG.E.64 1 R4 8 1 0x7f3354d14d00 8 0 
91 0 0 1 00a0 ffffffff 1 R4 LDG.E.64 1 R4 8 1 0x7f3354d79700 8 0 
4 0 0 20 00b0 ffffffff 1 R2 LDG.E.64 1 R2 8 1 0x7f3354c09400 8 0 
79 0 0 1 00b0 ffffffff 1 R2 LDG.E.64 1 R2 8 1 0x7f3354c9e100 8 0 
20 0 0 2 00a0 ffffffff 1 R4 LDG.E.64 1 R4 8 1 0x7f3354ceb800 8 0 
11 0 0 0 00a0 ffffffff 1 R4 LDG.E.64 1 R4 8 1 0x7f3354cd9600 8 0 
12 0 0 6 00a0 ffffffff 1 R4 LDG.E.64 1 R4 8 1 0x7f3354cdbc00 8 0 
88 0 0 31 00a0 ffffffff 1 R4 LDG.E.64 1 R4 8 1 0x7f3354d75500 8 0 
79 0 0 29 00b0 ffffffff 1 R2 LDG.E.64 1 R2 8 1 0x7f3354c9fd00 8 0 
40 0 0 28 00a0 ffffffff 1 R4 LDG.E.64 1 R4 8 1 0x7f3354d15200 8 0 
95 0 0 4 00b0 ffffffff 1 R2 LDG.E.64 1 R2 8 1 0x7f3354cbe400 8 0 
11 0 0 5 00b0 ffffffff 1 R2 LDG.E.64 1 R2 8 1 0x7f3354c16500 8 0 
92 0 0 27 00b0 ffffffff 1 R2 LDG.E.64 1 R2 8 1 0x7f3354cb9b00 8 0 
35 0 0 31 00b0 ffffffff 1 R2 LDG.E.64 1 R2 8 1 0x7f3354c47f00 8 0 
79 0 0 25 00b0 ffffffff 1 R2 LDG.E.64 1 R2 8 1 0x7f3354c9f900 8 0 
32 0 0 3 00a0 ffffffff 1 R4 LDG.E.64 1 R4 8 1 0x7f3354d03900 8 0 
95 0 0 7 00a0 ffffffff 1 R4 LDG.E.64 1 R4 8 1 0x7f3354d81d00 8 0 
4 0 0 25 00b0 ffffffff 1 R2 LDG.E.64 1 R2 8 1 0x7f3354c09900 8 0 
64 0 0 26 00b0 ffffffff 1 R2 LDG.E.64 1 R2 8 1 0x7f3354c81a00 8 0 
7 0 0 1 00a0 ffffffff 1 R4 LDG.E.64 1 R4 8 1 0x7f3354cd1700 8 0 
23 0 0 29 00b0 ffffffff 1 R2 LDG.E.64 1 R2 8 1 0x7f3354c2fd00 8 0 
88 0 0 29 00a0 ffffffff 1 R4 LDG.E.64 1 R4 8 1 0x7f3354d75300 8 0 
4 0 0 26 00b0 ffffffff 1 R2 LDG.E.64 1 R2 8 1 0x7f3354c09a00 8 0 
67 0 0 21 00a0 ffffffff 1 R4 LDG.E.64 1 R4 8 1 0x7f3354d4ab00 8 0 
64 0 0 22 00a0 ffffffff 1 R4 LDG.E.64 1 R4 8 1 0x7f3354d44c00 8 0 
7 0 0 2 00b0 ffffffff 1 R2 LDG.E.64 1 R2 8 1 0x7f3354c0e200 8 0 
12 0 0 11 00a0 ffffffff 1 R4 LDG.E.64 1 R4 8 1 0x7f3354cdc100 8 0 
79 0 0 10 00a0 ffffffff 1 R4 LDG.E.64 1 R4 8 1 0x7f3354d62000 8 0 
95 0 0 0 00b0 ffffffff 1 R2 LDG.E.64 1 R2 8 1 0x7f3354cbe000 8 0 
67 0 0 30 00b0 ffffffff 1 R2 LDG.E.64 1 R2 8 1 0x7f3354c87e00 8 0 
46 0 0 29 00e0 ffffffff 0 STG.E.64 2 R8 R6 8 1 0x7f3354e5dd00 8 0 
86 0 0 13 00e0 ffffffff 0 STG.E.64 2 R8 R6 8 1 0x7f3354eacd00 8 0 
46 0 0 26 00e0 ffffffff 0 STG.E.64 2 R8 R6 8 1 0x7f3354e5da00 8 0 
74 0 0 19 00e0 ffffffff 0 STG.E.64 2 R8 R6 8 1 0x7f3354e95300 8 0 
58 0 0 19 00e0 ffffffff 0 STG.E.64 2 R8 R6 8 1 0x7f3354e75300 8 0 
46 0 0 27 00e0 ffffffff 0 STG.E.64 2 R8 R6 8 1 0x7f3354e5db00 8 0 
74 0 0 4 00e0 ffffffff 0 STG.E.64 2 R8 R6 8 1 0x7f3354e94400 8 0 
26 0 0 24 00e0 ffffffff 0 STG.E.64 2 R8 R6 8 1 0x7f3354e35800 8 0 
86 0 0 23 00e0 ffffffff 0 STG.E.64 2 R8 R6 8 1 0x7f3354ead700 8 0 
58 0 0 18 00e0 ffffffff 0 STG.E.64 2 R8 R6 8 1 0x7f3354e75200 8 0 
46 0 0 20 00e0 ffffffff 0 STG.E.64 2 R8 R6 8 1 0x7f3354e5d400 8 0 
85 0 0 19 00e0 ffffffff 0 STG.E.64 2 R8 R6 8 1 0x7f3354eab300 8 0 
58 0 0 28 00e0 ffffffff 0 STG.E.64 2 R8 R6 8 1 0x7f3354e75c00 8 0 
85 0 0 31 00e0 ffffffff 0 STG.E.64 2 R8 R6 8 1 0x7f3354eabf00 8 0 
86 0 0 14 00e0 ffffffff 0 STG.E.64 2 R8 R6 8 1 0x7f3354eace00 8 0 
44 0 0 22 00e0 ffffffff 0 STG.E.64 2 R8 R6 8 1 0x7f3354e59600 8 0 
57 0 0 24 00e0 ffffffff 0 STG.E.64 2 R8 R6 8 1 0x7f3354e73800 8 0 
72 0 0 11 00e0 ffffffff 0 STG.E.64 2 R8 R6 8 1 0x7f3354e90b00 8 0 
72 0 0 4 00e0 ffffffff 0 STG.E.64 2 R8 R6 8 1 0x7f3354e90400 8 0 
74 0 0 15 00e0 ffffffff 0 STG.E.64 2 R8 R6 8 1 0x7f3354e94f00 8 0 
45 0 0 7 00e0 ffffffff 0 STG.E.64 2 R8 R6 8 1 0x7f3354e5a700 8 0 
44 0 0 9 00e0 ffffffff 0 STG.E.64 2 R8 R6 8 1 0x7f3354e58900 8 0 
58 0 0 3 00e0 ffffffff 0 STG.E.64 2 R8 R6 8 1 0x7f3354e74300 8 0 
52 0 0 24 00e0 ffffffff 0 STG.E.64 2 R8 R6 8 1 0x7f3354e69800 8 0 
85 0 0 9 00e0 ffffffff 0 STG.E.64 2 R8 R6 8 1 0x7f3354eaa900 8 0 
28 0 0 16 00e0 ffffffff 0 STG.E.64 2 R8 R6 8 1 0x7f3354e39000 8 0 
26 0 0 28 00e0 ffffffff 0 STG.E.64 2 R8 R6 8 1 0x7f3354e35c00 8 0 
72 0 0 7 00e0 ffffffff 0 STG.E.64 2 R8 R6 8 1 0x7f3354e90700 8 0 
85 0 0 22 00e0 ffffffff 0 STG.E.64 2 R8 R6 8 1 0x7f3354eab600 8 0 
56 0 0 0 00e0 ffffffff 0 STG.E.64 2 R8 R6 8 1 0x7f3354e70000 8 0 
86 0 0 28 00e0 ffffffff 0 STG.E.64 2 R8 R6 8 1 0x7f3354eadc00 8 0 
72 0 0 2 00e0 ffffffff 0 STG.E.64 2 R8 R6 8 1 0x7f3354e90200 8 0 
57 0 0 27 00e0 ffffffff 0 STG.E.64 2 R8 R6 8 1 0x7f3354e73b00 8 0 
24 0 0 8 00e0 ffffffff 0 STG.E.64 2 R8 R6 8 1 0x7f3354e30800 8 0 
54 0 0 4 00e0 ffffffff 0 STG.E.64 2 R8 R6 8 1 0x7f3354e6c400 8 0 
56 0 0 7 00e0 ffffffff 0 STG.E.64 2 R8 R6 8 1 0x7f3354e70700 8 0 
45 0 0 2 00e0 ffffffff 0 STG.E.64 2 R8 R6 8 1 0x7f3354e5a200 8 0 
72 0 0 1 00e0 ffffffff 0 STG.E.64 2 R8 R6 8 1 0x7f3354e90100 8 0 
74 0 0 0 00e0 ffffffff 0 STG.E.64 2 R8 R6 8 1 0x7f3354e94000 8 0 
44 0 0 21 00e0 ffffffff 0 STG.E.64 2 R8 R6 8 1 0x7f3354e59500 8 0 
17 0 0 13 00e0 ffffffff 0 STG.E.64 2 R8 R6 8 1 0x7f3354e22d00 8 0 
52 0 0 19 00e0 ffffffff 0 STG.E.64 2 R8 R6 8 1 0x7f3354e69300 8 0 
58 0 0 14 00e0 ffffffff 0 STG.E.64 2 R8 R6 8 1 0x7f3354e74e00 8 0 
53 0 0 4 00e0 ffffffff 0 STG.E.64 2 R8 R6 8 1 0x7f3354e6a400 8 0 
56 0 0 3 00e0 ffffffff 0 STG.E.64 2 R8 R6 8 1 0x7f3354e70300 8 0 
86 0 0 19 00e0 ffffffff 0 STG.E.64 2 R8 R6 8 1 0x7f3354ead300 8 0 
31 0 0 22 00e0 ffffffff 0 STG.E.64 2 R8 R6 8 1 0x7f3354e3f600 8 0 
45 0 0 21 00e0 ffffffff 0 STG.E.64 2 R8 R6 8 1 0x7f3354e5b500 8 0 
24 0 0 18 00e0 ffffffff 0 STG.E.64 2 R8 R6 8 1 0x7f3354e31200 8 0 
54 0 0 7 00e0 ffffffff 0 STG.E.64 2 R8 R6 8 1 0x7f3354e6c700 8 0 
55 0 0 12 00e0 ffffffff 0 STG.E.64 2 R8 R6 8 1 0x7f3354e6ec00 8 0 
57 0 0 30 00e0 ffffffff 0 STG.E.64 2 R8 R6 8 1 0x7f3354e73e00 8 0 
24 0 0 17 00e0 ffffffff 0 STG.E.64 2 R8 R6 8 1 0x7f3354e31100 8 0 
58 0 0 24 00e0 ffffffff 0 STG.E.64 2 R8 R6 8 1 0x7f3354e75800 8 0 
31 0 0 13 00e0 ffffffff 0 STG.E.64 2 R8 R6 8 1 0x7f3354e3ed00 8 0 
85 0 0 15 00e0 ffffffff 0 STG.E.64 2 R8 R6 8 1 0x7f3354eaaf00 8 0 
28 0 0 14 00e0 ffffffff 0 STG.E.64 2 R8 R6 8 1 0x7f3354e38e00 8 0 
82 0 0 4 00e0 ffffffff 0 STG.E.64 2 R8 R6 8 1 0x7f3354ea4400 8 0 
31 0 0 20 00e0 ffffffff 0 STG.E.64 2 R8 R6 8 1 0x7f3354e3f400 8 0 
17 0 0 18 00e0 ffffffff 0 STG.E.64 2 R8 R6 8 1 0x7f3354e23200 8 0 
28 0 0 13 00e0 ffffffff 0 STG.E.64 2 R8 R6 8 1 0x7f3354e38d00 8 0 
74 0 0 29 00e0 ffffffff 0 STG.E.64 2 R8 R6 8 1 0x7f3354e95d00 8 0 
55 0 0 11 00e0 ffffffff 0 STG.E.64 2 R8 R6 8 1 0x7f3354e6eb00 8 0 
1 0 0 2 00e0 ffffffff 0 STG.E.64 2 R8 R6 8 1 0x7f3354e02200 8 0 
24 0 0 4 00e0 ffffffff 0 STG.E.64 2 R8 R6 8 1 0x7f3354e30400 8 0 
86 0 0 24 00e0 ffffffff 0 STG.E.64 2 R8 R6 8 1 0x7f3354ead800 8 0 
31 0 0 23 00e0 ffffffff 0 STG.E.64 2 R8 R6 8 1 0x7f3354e3f700 8 0 
85 0 0 13 00e0 ffffffff 0 STG.E.64 2 R8 R6 8 1 0x7f3354eaad00 8 0 
52 0 0 16 00e0 ffffffff 0 STG.E.64 2 R8 R6 8 1 0x7f3354e69000 8 0 
54 0 0 6 00e0 ffffffff 0 STG.E.64 2 R8 R6 8 1 0x7f3354e6c600 8 0 
55 0 0 5 00e0 ffffffff 0 STG.E.64 2 R8 R6 8 1 0x7f3354e6e500 8 0 
53 0 0 9 00e0 ffffffff 0 STG.E.64 2 R8 R6 8 1 0x7f3354e6a900 8 0 
44 0 0 16 00e0 ffffffff 0 STG.E.64 2 R8 R6 8 1 0x7f3354e59000 8 0 
58 0 0 23 00e0 ffffffff 0 STG.E.64 2 R8 R6 8 1 0x7f3354e75700 8 0 
75 0 0 28 00e0 ffffffff 0 STG.E.64 2 R8 R6 8 1 0x7f3354e97c00 8 0 
45 0 0 13 00e0 ffffffff 0 STG.E.64 2 R8 R6 8 1 0x7f3354e5ad00 8 0 
72 0 0 8 00e0 ffffffff 0 STG.E.64 2 R8 R6 8 1 0x7f3354e90800 8 0 
82 0 0 5 00e0 ffffffff 0 STG.E.64 2 R8 R6 8 1 0x7f3354ea4500 8 0 
75 0 0 22 00e0 ffffffff 0 STG.E.64 2 R8 R6 8 1 0x7f3354e97600 8 0 
17 0 0 16 00e0 ffffffff 0 STG.E.64 2 R8 R6 8 1 0x7f3354e23000 8 0 
44 0 0 14 00e0 ffffffff 0 STG.E.64 2 R8 R6 8 1 0x7f3354e58e00 8 0 
74 0 0 11 00e0 ffffffff 0 STG.E.64 2 R8 R6 8 1 0x7f3354e94b00 8 0 
19 0 0 4 00e0 ffffffff 0 STG.E.64 2 R8 R6 8 1 0x7f3354e26400 8 0 
25 0 0 22 00e0 ffffffff 0 STG.E.64 2 R8 R6 8 1 0x7f3354e33600 8 0 
44 0 0 27 00e0 ffffffff 0 STG.E.64 2 R8 R6 8 1 0x7f3354e59b00 8 0 
86 0 0 29 00e0 ffffffff 0 STG.E.64 2 R8 R6 8 1 0x7f3354eadd00 8 0 
31 0 0 4 00e0 ffffffff 0 STG.E.64 2 R8 R6 8 1 0x7f3354e3e400 8 0 
57 0 0 20 00e0 ffffffff 0 STG.E.64 2 R8 R6 8 1 0x7f3354e73400 8 0 
24 0 0 13 00e0 ffffffff 0 STG.E.64 2 R8 R6 8 1 0x7f3354e30d00 8 0 
50 0 0 8 00e0 ffffffff 0 STG.E.64 2 R8 R6 8 1 0x7f3354e64800 8 0 
54 0 0 19 00e0 ffffffff 0 STG.E.64 2 R8 R6 8 1 0x7f3354e6d300 8 0 
53 0 0 0 00e0 ffffffff 0 STG.E.64 2 R8 R6 8 1 0x7f3354e6a000 8 0 
19 0 0 29 00e0 ffffffff 0 STG.E.64 2 R8 R6 8 1 0x7f3354e27d00 8 0 
49 0 0 28 00e0 ffffffff 0 STG.E.64 2 R8 R6 8 1 0x7f3354e63c00 8 0 
48 0 0 28 00e0 ffffffff 0 STG.E.64 2 R8 R6 8 1 0x7f3354e61c00 8 0 
42 0 0 17 00e0 ffffffff 0 STG.E.64 2 R8 R6 8 1 0x7f3354e55100 8 0 
44 0 0 13 00e0 ffffffff 0 STG.E.64 2 R8 R6 8 1 0x7f3354e58d00 8 0 
58 0 0 25 00e0 ffffffff 0 STG.E.64 2 R8 R6 8 1 0x7f3354e75900 8 0 
31 0 0 18 00e0 ffffffff 0 STG.E.64 2 R8 R6 8 1 0x7f3354e3f200 8 0 
85 0 0 18 00e0 ffffffff 0 STG.E.64 2 R8 R6 8 1 0x7f3354eab200 8 0 
28 0 0 12 00e0 ffffffff 0 STG.E.64 2 R8 R6 8 1 0x7f3354e38c00 8 0 
46 0 0 10 00e0 ffffffff 0 STG.E.64 2 R8 R6 8 1 0x7f3354e5ca00 8 0 
27 0 0 14 00e0 ffffffff 0 STG.E.64 2 R8 R6 8 1 0x7f3354e36e00 8 0 
17 0 0 23 00e0 ffffffff 0 STG.E.64 2 R8 R6 8 1 0x7f3354e23700 8 0 
44 0 0 4 00e0 ffffffff 0 STG.E.64 2 R8 R6 8 1 0x7f3354e58400 8 0 
26 0 0 29 00e0 ffffffff 0 STG.E.64 2 R8 R6 8 1 0x7f3354e35d00 8 0 
19 0 0 6 00e0 ffffffff 0 STG.E.64 2 R8 R6 8 1 0x7f3354e26600 8 0 
45 0 0 28 00e0 ffffffff 0 STG.E.64 2 R8 R6 8 1 0x7f3354e5bc00 8 0 
52 0 0 6 00e0 ffffffff 0 STG.E.64 2 R8 R6 8 1 0x7f3354e68600 8 0 
74 0 0 17 00e0 ffffffff 0 STG.E.64 2 R8 R6 8 1 0x7f3354e95100 8 0 
27 0 0 16 00e0 ffffffff 0 STG.E.64 2 R8 R6 8 1 0x7f3354e37000 8 0 
25 0 0 19 00e0 ffffffff 0 STG.E.64 2 R8 R6 8 1 0x7f3354e33300 8 0 
24 0 0 9 00e0 ffffffff 0 STG.E.64 2 R8 R6 8 1 0x7f3354e30900 8 0 
86 0 0 20 00e0 ffffffff 0 STG.E.64 2 R8 R6 8 1 0x7f3354ead400 8 0 
19 0 0 11 00e0 ffffffff 0 STG.E.64 2 R8 R6 8 1 0x7f3354e26b00 8 0 
57 0 0 19 00e0 ffffffff 0 STG.E.64 2 R8 R6 8 1 0x7f3354e73300 8 0 
28 0 0 9 00e0 ffffffff 0 STG.E.64 2 R8 R6 8 1 0x7f3354e38900 8 0 
49 0 0 13 00e0 ffffffff 0 STG.E.64 2 R8 R6 8 1 0x7f3354e62d00 8 0 
31 0 0 25 00e0 ffffffff 0 STG.E.64 2 R8 R6 8 1 0x7f3354e3f900 8 0 
54 0 0 18 00e0 ffffffff 0 STG.E.64 2 R8 R6 8 1 0x7f3354e6d200 8 0 
24 0 0 0 00e0 ffffffff 0 STG.E.64 2 R8 R6 8 1 0x7f3354e30000 8 0 
53 0 0 6 00e0 ffffffff 0 STG.E.64 2 R8 R6 8 1 0x7f3354e6a600 8 0 
27 0 0 11 00e0 ffffffff 0 STG.E.64 2 R8 R6 8 1 0x7f3354e36b00 8 0 
50 0 0 1 00e0 ffffffff 0 STG.E.64 2 R8 R6 8 1 0x7f3354e64100 8 0 
24 0 0 14 00e0 ffffffff 0 STG.E.64 2 R8 R6 8 1 0x7f3354e30e00 8 0 
58 0 0 20 00e0 ffffffff 0 STG.E.64 2 R8 R6 8 1 0x7f3354e75400 8 0 
48 0 0 30 00e0 ffffffff 0 STG.E.64 2 R8 R6 8 1 0x7f3354e61e00 8 0 
85 0 0 1 00e0 ffffffff 0 STG.E.64 2 R8 R6 8 1 0x7f3354eaa100 8 0 
19 0 0 2 00e0 ffffffff 0 STG.E.64 2 R8 R6 8 1 0x7f3354e26200 8 0 
42 0 0 20 00e0 ffffffff 0 STG.E.64 2 R8 R6 8 1 0x7f3354e55400 8 0 
44 0 0 15 00e0 ffffffff 0 STG.E.64 2 R8 R6 8 1 0x7f3354e58f00 8 0 
46 0 0 17 00e0 ffffffff 0 STG.E.64 2 R8 R6 8 1 0x7f3354e5d100 8 0 
27 0 0 10 00e0 ffffffff 0 STG.E.64 2 R8 R6 8 1 0x7f3354e36a00 8 0 
17 0 0 10 00e0 ffffffff 0 STG.E.64 2 R8 R6 8 1 0x7f3354e22a00 8 0 
52 0 0 25 00e0 ffffffff 0 STG.E.64 2 R8 R6 8 1 0x7f3354e69900 8 0 
49 0 0 26 00e0 ffffffff 0 STG.E.64 2 R8 R6 8 1 0x7f3354e63a00 8 0 
19 0 0 0 00e0 ffffffff 0 STG.E.64 2 R8 R6 8 1 0x7f3354e26000 8 0 
26 0 0 27 00e0 ffffffff 0 STG.E.64 2 R8 R6 8 1 0x7f3354e35b00 8 0 
28 0 0 5 00e0 ffffffff 0 STG.E.64 2 R8 R6 8 1 0x7f3354e38500 8 0 
25 0 0 24 00e0 ffffffff 0 STG.E.64 2 R8 R6 8 1 0x7f3354e33800 8 0 
31 0 0 21 00e0 ffffffff 0 STG.E.64 2 R8 R6 8 1 0x7f3354e3f500 8 0 
41 0 0 8 00e0 ffffffff 0 STG.E.64 2 R8 R6 8 1 0x7f3354e52800 8 0 
24 0 0 15 00e0 ffffffff 0 STG.E.64 2 R8 R6 8 1 0x7f3354e30f00 8 0 
74 0 0 13 00e0 ffffffff 0 STG.E.64 2 R8 R6 8 1 0x7f3354e94d00 8 0 
27 0 0 12 00e0 ffffffff 0 STG.E.64 2 R8 R6 8 1 0x7f3354e36c00 8 0 
45 0 0 3 00e0 ffffffff 0 STG.E.64 2 R8 R6 8 1 0x7f3354e5a300 8 0 
44 0 0 1 00e0 ffffffff 0 STG.E.64 2 R8 R6 8 1 0x7f3354e58100 8 0 
50 0 0 22 00e0 ffffffff 0 STG.E.64 2 R8 R6 8 1 0x7f3354e65600 8 0 
19 0 0 5 00e0 ffffffff 0 STG.E.64 2 R8 R6 8 1 0x7f3354e26500 8 0 
86 0 0 16 00e0 ffffffff 0 STG.E.64 2 R8 R6 8 1 0x7f3354ead000 8 0 
52 0 0 31 00e0 ffffffff 0 STG.E.64 2 R8 R6 8 1 0x7f3354e69f00 8 0 
57 0 0 26 00e0 ffffffff 0 STG.E.64 2 R8 R6 8 1 0x7f3354e73a00 8 0 
31 0 0 15 00e0 ffffffff 0 STG.E.64 2 R8 R6 8 1 0x7f3354e3ef00 8 0 
42 0 0 31 00e0 ffffffff 0 STG.E.64 2 R8 R6 8 1 0x7f3354e55f00 8 0 
0 0 0 23 00e0 ffffffff 0 STG.E.64 2 R8 R6 8 1 0x7f3354e01700 8 0 
54 0 0 29 00e0 ffffffff 0 STG.E.64 2 R8 R6 8 1 0x7f3354e6dd00 8 0 
75 0 0 25 00e0 ffffffff 0 STG.E.64 2 R8 R6 8 1 0x7f3354e97900 8 0 
53 0 0 23 00e0 ffffffff 0 STG.E.64 2 R8 R6 8 1 0x7f3354e6b700 8 0 
48 0 0 31 00e0 ffffffff 0 STG.E.64 2 R8 R6 8 1 0x7f3354e61f00 8 0 
49 0 0 18 00e0 ffffffff 0 STG.E.64 2 R8 R6 8 1 0x7f3354e63200 8 0 
28 0 0 15 00e0 ffffffff 0 STG.E.64 2 R8 R6 8 1 0x7f3354e38f00 8 0 
58 0 0 21 00e0 ffffffff 0 STG.E.64 2 R8 R6 8 1 0x7f3354e75500 8 0 
19 0 0 7 00e0 ffffffff 0 STG.E.64 2 R8 R6 8 1 0x7f3354e26700 8 0 
85 0 0 12 00e0 ffffffff 0 STG.E.64 2 R8 R6 8 1 0x7f3354eaac00 8 0 
43 0 0 18 00e0 ffffffff 0 STG.E.64 2 R8 R6 8 1 0x7f3354e57200 8 0 
41 0 0 11 00e0 ffffffff 0 STG.E.64 2 R8 R6 8 1 0x7f3354e52b00 8 0 
24 0 0 10 00e0 ffffffff 0 STG.E.64 2 R8 R6 8 1 0x7f3354e30a00 8 0 
46 0 0 16 00e0 ffffffff 0 STG.E.64 2 R8 R6 8 1 0x7f3354e5d000 8 0 
27 0 0 9 00e0 ffffffff 0 STG.E.64 2 R8 R6 8 1 0x7f3354e36900 8 0 
17 0 0 12 00e0 ffffffff 0 STG.E.64 2 R8 R6 8 1 0x7f3354e22c00 8 0 
16 0 0 28 00e0 ffffffff 0 STG.E.64 2 R8 R6 8 1 0x7f3354e21c00 8 0 
50 0 0 7 00e0 ffffffff 0 STG.E.64 2 R8 R6 8 1 0x7f3354e64700 8 0 
51 0 0 12 00e0 ffffffff 0 STG.E.64 2 R8 R6 8 1 0x7f3354e66c00 8 0 
26 0 0 31 00e0 ffffffff 0 STG.E.64 2 R8 R6 8 1 0x7f3354e35f00 8 0 
27 0 0 7 00e0 ffffffff 0 STG.E.64 2 R8 R6 8 1 0x7f3354e36700 8 0 
25 0 0 21 00e0 ffffffff 0 STG.E.64 2 R8 R6 8 1 0x7f3354e33500 8 0 
44 0 0 0 00e0 ffffffff 0 STG.E.64 2 R8 R6 8 1 0x7f3354e58000 8 0 
42 0 0 14 00e0 ffffffff 0 STG.E.64 2 R8 R6 8 1 0x7f3354e54e00 8 0 
48 0 0 25 00e0 ffffffff 0 STG.E.64 2 R8 R6 8 1 0x7f3354e61900 8 0 
74 0 0 7 00e0 ffffffff 0 STG.E.64 2 R8 R6 8 1 0x7f3354e94700 8 0 
31 0 0 27 00e0 ffffffff 0 STG.E.64 2 R8 R6 8 1 0x7f3354e3fb00 8 0 
45 0 0 12 00e0 ffffffff 0 STG.E.64 2 R8 R6 8 1 0x7f3354e5ac00 8 0 
52 0 0 20 00e0 ffffffff 0 STG.E.64 2 R8 R6 8 1 0x7f3354e69400 8 0 
49 0 0 20 00e0 ffffffff 0 STG.E.64 2 R8 R6 8 1 0x7f3354e63400 8 0 
19 0 0 3 00e0 ffffffff 0 STG.E.64 2 R8 R6 8 1 0x7f3354e26300 8 0 
86 0 0 15 00e0 ffffffff 0 STG.E.64 2 R8 R6 8 1 0x7f3354eacf00 8 0 
0 0 0 18 00e0 ffffffff 0 STG.E.64 2 R8 R6 8 1 0x7f3354e01200 8 0 
57 0 0 29 00e0 ffffffff 0 STG.E.64 2 R8 R6 8 1 0x7f3354e73d00 8 0 
27 0 0 6 00e0 ffffffff 0 STG.E.64 2 R8 R6 8 1 0x7f3354e36600 8 0 
41 0 0 6 00e0 ffffffff 0 STG.E.64 2 R8 R6 8 1 0x7f3354e52600 8 0 
28 0 0 10 00e0 ffffffff 0 STG.E.64 2 R8 R6 8 1 0x7f3354e38a00 8 0 
54 0 0 15 00e0 ffffffff 0 STG.E.64 2 R8 R6 8 1 0x7f3354e6cf00 8 0 
43 0 0 11 00e0 ffffffff 0 STG.E.64 2 R8 R6 8 1 0x7f3354e56b00 8 0 
53 0 0 7 00e0 ffffffff 0 STG.E.64 2 R8 R6 8 1 0x7f3354e6a700 8 0 
31 0 0 17 00e0 ffffffff 0 STG.E.64 2 R8 R6 8 1 0x7f3354e3f100 8 0 
50 0 0 9 00e0 ffffffff 0 STG.E.64 2 R8 R6 8 1 0x7f3354e64900 8 0 
24 0 0 11 00e0 ffffffff 0 STG.E.64 2 R8 R6 8 1 0x7f3354e30b00 8 0 
58 0 0 16 00e0 ffffffff 0 STG.E.64 2 R8 R6 8 1 0x7f3354e75000 8 0 
27 0 0 5 00e0 ffffffff 0 STG.E.64 2 R8 R6 8 1 0x7f3354e36500 8 0 
85 0 0 8 00e0 ffffffff 0 STG.E.64 2 R8 R6 8 1 0x7f3354eaa800 8 0 
51 0 0 21 00e0 ffffffff 0 STG.E.64 2 R8 R6 8 1 0x7f3354e67500 8 0 
42 0 0 16 00e0 ffffffff 0 STG.E.64 2 R8 R6 8 1 0x7f3354e55000 8 0 
16 0 0 14 00e0 ffffffff 0 STG.E.64 2 R8 R6 8 1 0x7f3354e20e00 8 0 
46 0 0 23 00e0 ffffffff 0 STG.E.64 2 R8 R6 8 1 0x7f3354e5d700 8 0 
75 0 0 24 00e0 ffffffff 0 STG.E.64 2 R8 R6 8 1 0x7f3354e97800 8 0 
17 0 0 15 00e0 ffffffff 0 STG.E.64 2 R8 R6 8 1 0x7f3354e22f00 8 0 
48 0 0 26 00e0 ffffffff 0 STG.E.64 2 R8 R6 8 1 0x7f3354e61a00 8 0 
49 0 0 19 00e0 ffffffff 0 STG.E.64 2 R8 R6 8 1 0x7f3354e63300 8 0 
82 0 0 2 00e0 ffffffff 0 STG.E.64 2 R8 R6 8 1 0x7f3354ea4200 8 0 
44 0 0 10 00e0 ffffffff 0 STG.E.64 2 R8 R6 8 1 0x7f3354e58a00 8 0 
25 0 0 20 00e0 ffffffff 0 STG.E.64 2 R8 R6 8 1 0x7f3354e33400 8 0 
31 0 0 19 00e0 ffffffff 0 STG.E.64 2 R8 R6 8 1 0x7f3354e3f300 8 0 
41 0 0 29 00e0 ffffffff 0 STG.E.64 2 R8 R6 8 1 0x7f3354e53d00 8 0 
74 0 0 9 00e0 ffffffff 0 STG.E.64 2 R8 R6 8 1 0x7f3354e94900 8 0 
52 0 0 30 00e0 ffffffff 0 STG.E.64 2 R8 R6 8 1 0x7f3354e69e00 8 0 
45 0 0 17 00e0 ffffffff 0 STG.E.64 2 R8 R6 8 1 0x7f3354e5b100 8 0 
27 0 0 3 00e0 ffffffff 0 STG.E.64 2 R8 R6 8 1 0x7f3354e36300 8 0 
50 0 0 10 00e0 ffffffff 0 STG.E.64 2 R8 R6 8 1 0x7f3354e64a00 8 0 
43 0 0 16 00e0 ffffffff 0 STG.E.64 2 R8 R6 8 1 0x7f3354e57000 8 0 
86 0 0 12 00e0 ffffffff 0 STG.E.64 2 R8 R6 8 1 0x7f3354eacc00 8 0 
0 0 0 11 00e0 ffffffff 0 STG.E.64 2 R8 R6 8 1 0x7f3354e00b00 8 0 
57 0 0 25 00e0 ffffffff 0 STG.E.64 2 R8 R6 8 1 0x7f3354e73900 8 0 
42 0 0 25 00e0 ffffffff 0 STG.E.64 2 R8 R6 8 1 0x7f3354e55900 8 0 
28 0 0 19 00e0 ffffffff 0 STG.E.64 2 R8 R6 8 1 0x7f3354e39300 8 0 
51 0 0 2 00e0 ffffffff 0 STG.E.64 2 R8 R6 8 1 0x7f3354e66200 8 0 
31 0 0 10 00e0 ffffffff 0 STG.E.64 2 R8 R6 8 1 0x7f3354e3ea00 8 0 
54 0 0 24 00e0 ffffffff 0 STG.E.64 2 R8 R6 8 1 0x7f3354e6d800 8 0 
48 0 0 9 00e0 ffffffff 0 STG.E.64 2 R8 R6 8 1 0x7f3354e60900 8 0 
53 0 0 1 00e0 ffffffff 0 STG.E.64 2 R8 R6 8 1 0x7f3354e6a100 8 0 
24 0 0 5 00e0 ffffffff 0 STG.E.64 2 R8 R6 8 1 0x7f3354e30500 8 0 
49 0 0 5 00e0 ffffffff 0 STG.E.64 2 R8 R6 8 1 0x7f3354e62500 8 0 
67 0 0 3 00a0 ffffffff 1 R4 LDG.E.64 1 R4 8 1 0x7f3354d49900 8 0 
58 0 0 15 00e0 ffffffff 0 STG.E.64 2 R8 R6 8 1 0x7f3354e74f00 8 0 
27 0 0 8 00e0 ffffffff 0 STG.E.64 2 R8 R6 8 1 0x7f3354e36800 8 0 
85 0 0 10 00e0 ffffffff 0 STG.E.64 2 R8 R6 8 1 0x7f3354eaaa00 8 0 
16 0 0 30 00e0 ffffffff 0 STG.E.64 2 R8 R6 8 1 0x7f3354e21e00 8 0 
41 0 0 2 00e0 ffffffff 0 STG.E.64 2 R8 R6 8 1 0x7f3354e52200 8 0 
46 0 0 13 00e0 ffffffff 0 STG.E.64 2 R8 R6 8 1 0x7f3354e5cd00 8 0 
17 0 0 8 00e0 ffffffff 0 STG.E.64 2 R8 R6 8 1 0x7f3354e22800 8 0 
75 0 0 31 00e0 ffffffff 0 STG.E.64 2 R8 R6 8 1 0x7f3354e97f00 8 0 
50 0 0 12 00e0 ffffffff 0 STG.E.64 2 R8 R6 8 1 0x7f3354e64c00 8 0 
44 0 0 7 00e0 ffffffff 0 STG.E.64 2 R8 R6 8 1 0x7f3354e58700 8 0 
48 0 0 27 00e0 ffffffff 0 STG.E.64 2 R8 R6 8 1 0x7f3354e61b00 8 0 
26 0 0 30 00e0 ffffffff 0 STG.E.64 2 R8 R6 8 1 0x7f3354e35e00 8 0 
25 0 0 17 00e0 ffffffff 0 STG.E.64 2 R8 R6 8 1 0x7f3354e33100 8 0 
31 0 0 9 00e0 ffffffff 0 STG.E.64 2 R8 R6 8 1 0x7f3354e3e900 8 0 
42 0 0 13 00e0 ffffffff 0 STG.E.64 2 R8 R6 8 1 0x7f3354e54d00 8 0 
35 0 0 22 00b0 ffffffff 1 R2 LDG.E.64 1 R2 8 1 0x7f3354c47600 8 0 
52 0 0 1 00e0 ffffffff 0 STG.E.64 2 R8 R6 8 1 0x7f3354e68100 8 0 
3 0 0 29 00e0 ffffffff 0 STG.E.64 2 R8 R6 8 1 0x7f3354e07d00 8 0 
74 0 0 18 00e0 ffffffff 0 STG.E.64 2 R8 R6 8 1 0x7f3354e95200 8 0 
43 0 0 17 00e0 ffffffff 0 STG.E.64 2 R8 R6 8 1 0x7f3354e57100 8 0 
45 0 0 31 00e0 ffffffff 0 STG.E.64 2 R8 R6 8 1 0x7f3354e5bf00 8 0 
0 0 0 30 00e0 ffffffff 0 STG.E.64 2 R8 R6 8 1 0x7f3354e01e00 8 0 
27 0 0 1 00e0 ffffffff 0 STG.E.64 2 R8 R6 8 1 0x7f3354e36100 8 0 
49 0 0 10 00e0 ffffffff 0 STG.E.64 2 R8 R6 8 1 0x7f3354e62a00 8 0 
64 0 0 23 00b0 ffffffff 1 R2 LDG.E.64 1 R2 8 1 0x7f3354c81700 8 0 
51 0 0 13 00e0 ffffffff 0 STG.E.64 2 R8 R6 8 1 0x7f3354e66d00 8 0 
28 0 0 1 00e0 ffffffff 0 STG.E.64 2 R8 R6 8 1 0x7f3354e38100 8 0 
86 0 0 4 00e0 ffffffff 0 STG.E.64 2 R8 R6 8 1 0x7f3354eac400 8 0 
75 0 0 27 00e0 ffffffff 0 STG.E.64 2 R8 R6 8 1 0x7f3354e97b00 8 0 
57 0 0 31 00e0 ffffffff 0 STG.E.64 2 R8 R6 8 1 0x7f3354e73f00 8 0 
41 0 0 9 00e0 ffffffff 0 STG.E.64 2 R8 R6 8 1 0x7f3354e52900 8 0 
24 0 0 7 00e0 ffffffff 0 STG.E.64 2 R8 R6 8 1 0x7f3354e30700 8 0 
31 0 0 31 00e0 ffffffff 0 STG.E.64 2 R8 R6 8 1 0x7f3354e3ff00 8 0 
48 0 0 24 00e0 ffffffff 0 STG.E.64 2 R8 R6 8 1 0x7f3354e61800 8 0 
94 0 0 26 00e0 ffffffff 0 STG.E.64 2 R8 R6 8 1 0x7f3354ebda00 8 0 
54 0 0 26 00e0 ffffffff 0 STG.E.64 2 R8 R6 8 1 0x7f3354e6da00 8 0 
16 0 0 31 00e0 ffffffff 0 STG.E.64 2 R8 R6 8 1 0x7f3354e21f00 8 0 
27 0 0 0 00e0 ffffffff 0 STG.E.64 2 R8 R6 8 1 0x7f3354e36000 8 0 
53 0 0 25 00e0 ffffffff 0 STG.E.64 2 R8 R6 8 1 0x7f3354e6b900 8 0 
22 0 0 2 00e0 ffffffff 0 STG.E.64 2 R8 R6 8 1 0x7f3354e2c200 8 0 
58 0 0 17 00e0 ffffffff 0 STG.E.64 2 R8 R6 8 1 0x7f3354e75100 8 0 
44 0 0 5 00e0 ffffffff 0 STG.E.64 2 R8 R6 8 1 0x7f3354e58500 8 0 
75 0 0 21 00e0 ffffffff 0 STG.E.64 2 R8 R6 8 1 0x7f3354e97500 8 0 
85 0 0 3 00e0 ffffffff 0 STG.E.64 2 R8 R6 8 1 0x7f3354eaa300 8 0 
37 0 0 18 00e0 ffffffff 0 STG.E.64 2 R8 R6 8 1 0x7f3354e4b200 8 0 
50 0 0 17 00e0 ffffffff 0 STG.E.64 2 R8 R6 8 1 0x7f3354e65100 8 0 
52 0 0 23 00e0 ffffffff 0 STG.E.64 2 R8 R6 8 1 0x7f3354e69700 8 0 
46 0 0 30 00e0 ffffffff 0 STG.E.64 2 R8 R6 8 1 0x7f3354e5de00 8 0 
17 0 0 11 00e0 ffffffff 0 STG.E.64 2 R8 R6 8 1 0x7f3354e22b00 8 0 
49 0 0 16 00e0 ffffffff 0 STG.E.64 2 R8 R6 8 1 0x7f3354e63000 8 0 
31 0 0 30 00e0 ffffffff 0 STG.E.64 2 R8 R6 8 1 0x7f3354e3fe00 8 0 
64 0 0 22 00b0 ffffffff 1 R2 LDG.E.64 1 R2 8 1 0x7f3354c81600 8 0 
43 0 0 25 00e0 ffffffff 0 STG.E.64 2 R8 R6 8 1 0x7f3354e57900 8 0 
42 0 0 19 00e0 ffffffff 0 STG.E.64 2 R8 R6 8 1 0x7f3354e55300 8 0 
0 0 0 16 00e0 ffffffff 0 STG.E.64 2 R8 R6 8 1 0x7f3354e01000 8 0 
27 0 0 2 00e0 ffffffff 0 STG.E.64 2 R8 R6 8 1 0x7f3354e36200 8 0 
92 0 0 29 00a0 ffffffff 1 R4 LDG.E.64 1 R4 8 1 0x7f3354d7d300 8 0 
26 0 0 25 00e0 ffffffff 0 STG.E.64 2 R8 R6 8 1 0x7f3354e35900 8 0 
39 0 0 6 00b0 ffffffff 1 R2 LDG.E.64 1 R2 8 1 0x7f3354c4e600 8 0 
25 0 0 16 00e0 ffffffff 0 STG.E.64 2 R8 R6 8 1 0x7f3354e33000 8 0 
41 0 0 5 00e0 ffffffff 0 STG.E.64 2 R8 R6 8 1 0x7f3354e52500 8 0 
66 0 0 8 00e0 ffffffff 0 STG.E.64 2 R8 R6 8 1 0x7f3354e84800 8 0 
28 0 0 22 00e0 ffffffff 0 STG.E.64 2 R8 R6 8 1 0x7f3354e39600 8 0 
75 0 0 20 00e0 ffffffff 0 STG.E.64 2 R8 R6 8 1 0x7f3354e97400 8 0 
48 0 0 10 00e0 ffffffff 0 STG.E.64 2 R8 R6 8 1 0x7f3354e60a00 8 0 
74 0 0 5 00e0 ffffffff 0 STG.E.64 2 R8 R6 8 1 0x7f3354e94500 8 0 
45 0 0 14 00e0 ffffffff 0 STG.E.64 2 R8 R6 8 1 0x7f3354e5ae00 8 0 
69 0 0 17 00e0 ffffffff 0 STG.E.64 2 R8 R6 8 1 0x7f3354e8b100 8 0 
51 0 0 8 00e0 ffffffff 0 STG.E.64 2 R8 R6 8 1 0x7f3354e66800 8 0 
24 0 0 6 00e0 ffffffff 0 STG.E.64 2 R8 R6 8 1 0x7f3354e30600 8 0 
31 0 0 0 00e0 ffffffff 0 STG.E.64 2 R8 R6 8 1 0x7f3354e3e000 8 0 
94 0 0 30 00e0 ffffffff 0 STG.E.64 2 R8 R6 8 1 0x7f3354ebde00 8 0 
86 0 0 8 00e0 ffffffff 0 STG.E.64 2 R8 R6 8 1 0x7f3354eac800 8 0 
57 0 0 22 00e0 ffffffff 0 STG.E.64 2 R8 R6 8 1 0x7f3354e73600 8 0 
77 0 0 2 00e0 ffffffff 0 STG.E.64 2 R8 R6 8 1 0x7f3354e9a200 8 0 
22 0 0 15 00e0 ffffffff 0 STG.E.64 2 R8 R6 8 1 0x7f3354e2cf00 8 0 
54 0 0 23 00e0 ffffffff 0 STG.E.64 2 R8 R6 8 1 0x7f3354e6d700 8 0 
67 0 0 13 00a0 ffffffff 1 R4 LDG.E.64 1 R4 8 1 0x7f3354d4a300 8 0 
53 0 0 30 00e0 ffffffff 0 STG.E.64 2 R8 R6 8 1 0x7f3354e6be00 8 0 
65 0 0 29 00e0 ffffffff 0 STG.E.64 2 R8 R6 8 1 0x7f3354e83d00 8 0 
16 0 0 26 00e0 ffffffff 0 STG.E.64 2 R8 R6 8 1 0x7f3354e21a00 8 0 
27 0 0 27 00e0 ffffffff 0 STG.E.64 2 R8 R6 8 1 0x7f3354e37b00 8 0 
44 0 0 2 00e0 ffffffff 0 STG.E.64 2 R8 R6 8 1 0x7f3354e58200 8 0 
47 0 0 11 00e0 ffffffff 0 STG.E.64 2 R8 R6 8 1 0x7f3354e5eb00 8 0 
34 0 0 12 00e0 ffffffff 0 STG.E.64 2 R8 R6 8 1 0x7f3354e44c00 8 0 
58 0 0 12 00e0 ffffffff 0 STG.E.64 2 R8 R6 8 1 0x7f3354e74c00 8 0 
85 0 0 6 00e0 ffffffff 0 STG.E.64 2 R8 R6 8 1 0x7f3354eaa600 8 0 
52 0 0 28 00e0 ffffffff 0 STG.E.64 2 R8 R6 8 1 0x7f3354e69c00 8 0 
37 0 0 13 00e0 ffffffff 0 STG.E.64 2 R8 R6 8 1 0x7f3354e4ad00 8 0 
50 0 0 30 00e0 ffffffff 0 STG.E.64 2 R8 R6 8 1 0x7f3354e65e00 8 0 
46 0 0 12 00e0 ffffffff 0 STG.E.64 2 R8 R6 8 1 0x7f3354e5cc00 8 0 
75 0 0 16 00e0 ffffffff 0 STG.E.64 2 R8 R6 8 1 0x7f3354e97000 8 0 
92 0 0 25 00a0 ffffffff 1 R4 LDG.E.64 1 R4 8 1 0x7f3354d7cf00 8 0 
15 0 0 30 00e0 ffffffff 0 STG.E.64 2 R8 R6 8 1 0x7f3354e1fe00 8 0 
17 0 0 9 00e0 ffffffff 0 STG.E.64 2 R8 R6 8 1 0x7f3354e22900 8 0 
49 0 0 1 00e0 ffffffff 0 STG.E.64 2 R8 R6 8 1 0x7f3354e62100 8 0 
42 0 0 15 00e0 ffffffff 0 STG.E.64 2 R8 R6 8 1 0x7f3354e54f00 8 0 
0 0 0 26 00e0 ffffffff 0 STG.E.64 2 R8 R6 8 1 0x7f3354e01a00 8 0 
26 0 0 23 00e0 ffffffff 0 STG.E.64 2 R8 R6 8 1 0x7f3354e35700 8 0 
55 0 0 23 00e0 ffffffff 0 STG.E.64 2 R8 R6 8 1 0x7f3354e6f700 8 0 
35 0 0 16 00e0 ffffffff 0 STG.E.64 2 R8 R6 8 1 0x7f3354e47000 8 0 
48 0 0 13 00e0 ffffffff 0 STG.E.64 2 R8 R6 8 1 0x7f3354e60d00 8 0 
25 0 0 13 00e0 ffffffff 0 STG.E.64 2 R8 R6 8 1 0x7f3354e32d00 8 0 
41 0 0 4 00e0 ffffffff 0 STG.E.64 2 R8 R6 8 1 0x7f3354e52400 8 0 
70 0 0 5 00e0 ffffffff 0 STG.E.64 2 R8 R6 8 1 0x7f3354e8c500 8 0 
28 0 0 3 00e0 ffffffff 0 STG.E.64 2 R8 R6 8 1 0x7f3354e38300 8 0 
31 0 0 12 00e0 ffffffff 0 STG.E.64 2 R8 R6 8 1 0x7f3354e3ec00 8 0 
43 0 0 28 00e0 ffffffff 0 STG.E.64 2 R8 R6 8 1 0x7f3354e57c00 8 0 
74 0 0 1 00e0 ffffffff 0 STG.E.64 2 R8 R6 8 1 0x7f3354e94100 8 0 
45 0 0 24 00e0 ffffffff 0 STG.E.64 2 R8 R6 8 1 0x7f3354e5b800 8 0 
69 0 0 18 00e0 ffffffff 0 STG.E.64 2 R8 R6 8 1 0x7f3354e8b200 8 0 
4 0 0 9 00a0 ffffffff 1 R4 LDG.E.64 1 R4 8 1 0x7f3354ccbf00 8 0 
24 0 0 28 00e0 ffffffff 0 STG.E.64 2 R8 R6 8 1 0x7f3354e31c00 8 0 
66 0 0 3 00e0 ffffffff 0 STG.E.64 2 R8 R6 8 1 0x7f3354e84300 8 0 
86 0 0 9 00e0 ffffffff 0 STG.E.64 2 R8 R6 8 1 0x7f3354eac900 8 0 
57 0 0 23 00e0 ffffffff 0 STG.E.64 2 R8 R6 8 1 0x7f3354e73700 8 0 
3 0 0 27 00e0 ffffffff 0 STG.E.64 2 R8 R6 8 1 0x7f3354e07b00 8 0 
77 0 0 5 00e0 ffffffff 0 STG.E.64 2 R8 R6 8 1 0x7f3354e9a500 8 0 
94 0 0 25 00e0 ffffffff 0 STG.E.64 2 R8 R6 8 1 0x7f3354ebd900 8 0 
54 0 0 25 00e0 ffffffff 0 STG.E.64 2 R8 R6 8 1 0x7f3354e6d900 8 0 
16 0 0 29 00e0 ffffffff 0 STG.E.64 2 R8 R6 8 1 0x7f3354e21d00 8 0 
83 0 0 28 00e0 ffffffff 0 STG.E.64 2 R8 R6 8 1 0x7f3354ea7c00 8 0 
51 0 0 23 00e0 ffffffff 0 STG.E.64 2 R8 R6 8 1 0x7f3354e67700 8 0 
53 0 0 31 00e0 ffffffff 0 STG.E.64 2 R8 R6 8 1 0x7f3354e6bf00 8 0 
65 0 0 6 00e0 ffffffff 0 STG.E.64 2 R8 R6 8 1 0x7f3354e82600 8 0 
22 0 0 0 00e0 ffffffff 0 STG.E.64 2 R8 R6 8 1 0x7f3354e2c000 8 0 
40 0 0 21 00a0 ffffffff 1 R4 LDG.E.64 1 R4 8 1 0x7f3354d14b00 8 0 
52 0 0 26 00e0 ffffffff 0 STG.E.64 2 R8 R6 8 1 0x7f3354e69a00 8 0 
47 0 0 26 00e0 ffffffff 0 STG.E.64 2 R8 R6 8 1 0x7f3354e5fa00 8 0 
58 0 0 6 00e0 ffffffff 0 STG.E.64 2 R8 R6 8 1 0x7f3354e74600 8 0 
85 0 0 5 00e0 ffffffff 0 STG.E.64 2 R8 R6 8 1 0x7f3354eaa500 8 0 
33 0 0 23 00e0 ffffffff 0 STG.E.64 2 R8 R6 8 1 0x7f3354e43700 8 0 
11 0 0 17 00b0 ffffffff 1 R2 LDG.E.64 1 R2 8 1 0x7f3354c17100 8 0 
0 0 0 29 00e0 ffffffff 0 STG.E.64 2 R8 R6 8 1 0x7f3354e01d00 8 0 
34 0 0 14 00e0 ffffffff 0 STG.E.64 2 R8 R6 8 1 0x7f3354e44e00 8 0 
75 0 0 17 00e0 ffffffff 0 STG.E.64 2 R8 R6 8 1 0x7f3354e97100 8 0 
92 0 0 14 00b0 ffffffff 1 R2 LDG.E.64 1 R2 8 1 0x7f3354cb8e00 8 0 
46 0 0 5 00e0 ffffffff 0 STG.E.64 2 R8 R6 8 1 0x7f3354e5c500 8 0 
17 0 0 6 00e0 ffffffff 0 STG.E.64 2 R8 R6 8 1 0x7f3354e22600 8 0 
37 0 0 20 00e0 ffffffff 0 STG.E.64 2 R8 R6 8 1 0x7f3354e4b400 8 0 
28 0 0 8 00e0 ffffffff 0 STG.E.64 2 R8 R6 8 1 0x7f3354e38800 8 0 
55 0 0 27 00e0 ffffffff 0 STG.E.64 2 R8 R6 8 1 0x7f3354e6fb00 8 0 
7 0 0 17 00b0 ffffffff 1 R2 LDG.E.64 1 R2 8 1 0x7f3354c0f100 8 0 
50 0 0 3 00e0 ffffffff 0 STG.E.64 2 R8 R6 8 1 0x7f3354e64300 8 0 
26 0 0 26 00e0 ffffffff 0 STG.E.64 2 R8 R6 8 1 0x7f3354e35a00 8 0 
25 0 0 15 00e0 ffffffff 0 STG.E.64 2 R8 R6 8 1 0x7f3354e32f00 8 0 
68 0 0 8 00a0 ffffffff 1 R4 LDG.E.64 1 R4 8 1 0x7f3354d4be00 8 0 
24 0 0 2 00e0 ffffffff 0 STG.E.64 2 R8 R6 8 1 0x7f3354e30200 8 0 
31 0 0 11 00e0 ffffffff 0 STG.E.64 2 R8 R6 8 1 0x7f3354e3eb00 8 0 
49 0 0 15 00e0 ffffffff 0 STG.E.64 2 R8 R6 8 1 0x7f3354e62f00 8 0 
42 0 0 2 00e0 ffffffff 0 STG.E.64 2 R8 R6 8 1 0x7f3354e54200 8 0 
74 0 0 14 00e0 ffffffff 0 STG.E.64 2 R8 R6 8 1 0x7f3354e94e00 8 0 
15 0 0 19 00e0 ffffffff 0 STG.E.64 2 R8 R6 8 1 0x7f3354e1f300 8 0 
48 0 0 23 00e0 ffffffff 0 STG.E.64 2 R8 R6 8 1 0x7f3354e61700 8 0 
52 0 0 21 00e0 ffffffff 0 STG.E.64 2 R8 R6 8 1 0x7f3354e69500 8 0 
45 0 0 30 00e0 ffffffff 0 STG.E.64 2 R8 R6 8 1 0x7f3354e5be00 8 0 
41 0 0 1 00e0 ffffffff 0 STG.E.64 2 R8 R6 8 1 0x7f3354e52100 8 0 
62 0 0 30 00e0 ffffffff 0 STG.E.64 2 R8 R6 8 1 0x7f3354e7de00 8 0 
3 0 0 28 00e0 ffffffff 0 STG.E.64 2 R8 R6 8 1 0x7f3354e07c00 8 0 
4 0 0 2 00b0 ffffffff 1 R2 LDG.E.64 1 R2 8 1 0x7f3354c08200 8 0 
86 0 0 10 00e0 ffffffff 0 STG.E.64 2 R8 R6 8 1 0x7f3354eaca00 8 0 
57 0 0 16 00e0 ffffffff 0 STG.E.64 2 R8 R6 8 1 0x7f3354e73000 8 0 
69 0 0 16 00e0 ffffffff 0 STG.E.64 2 R8 R6 8 1 0x7f3354e8b000 8 0 
0 0 0 28 00e0 ffffffff 0 STG.E.64 2 R8 R6 8 1 0x7f3354e01c00 8 0 
83 0 0 30 00e0 ffffffff 0 STG.E.64 2 R8 R6 8 1 0x7f3354ea7e00 8 0 
43 0 0 23 00e0 ffffffff 0 STG.E.64 2 R8 R6 8 1 0x7f3354e57700 8 0 
70 0 0 4 00e0 ffffffff 0 STG.E.64 2 R8 R6 8 1 0x7f3354e8c400 8 0 
54 0 0 22 00e0 ffffffff 0 STG.E.64 2 R8 R6 8 1 0x7f3354e6d600 8 0 
53 0 0 22 00e0 ffffffff 0 STG.E.64 2 R8 R6 8 1 0x7f3354e6b600 8 0 
16 0 0 22 00e0 ffffffff 0 STG.E.64 2 R8 R6 8 1 0x7f3354e21600 8 0 
47 0 0 13 00e0 ffffffff 0 STG.E.64 2 R8 R6 8 1 0x7f3354e5ed00 8 0 
77 0 0 4 00e0 ffffffff 0 STG.E.64 2 R8 R6 8 1 0x7f3354e9a400 8 0 
66 0 0 14 00e0 ffffffff 0 STG.E.64 2 R8 R6 8 1 0x7f3354e84e00 8 0 
58 0 0 9 00e0 ffffffff 0 STG.E.64 2 R8 R6 8 1 0x7f3354e74900 8 0 
88 0 0 2 00b0 ffffffff 1 R2 LDG.E.64 1 R2 8 1 0x7f3354cb0200 8 0 
28 0 0 29 00e0 ffffffff 0 STG.E.64 2 R8 R6 8 1 0x7f3354e39d00 8 0 
85 0 0 30 00e0 ffffffff 0 STG.E.64 2 R8 R6 8 1 0x7f3354eabe00 8 0 
65 0 0 11 00e0 ffffffff 0 STG.E.64 2 R8 R6 8 1 0x7f3354e82b00 8 0 
94 0 0 23 00e0 ffffffff 0 STG.E.64 2 R8 R6 8 1 0x7f3354ebd700 8 0 
75 0 0 23 00e0 ffffffff 0 STG.E.64 2 R8 R6 8 1 0x7f3354e97700 8 0 
51 0 0 20 00e0 ffffffff 0 STG.E.64 2 R8 R6 8 1 0x7f3354e67400 8 0 
46 0 0 15 00e0 ffffffff 0 STG.E.64 2 R8 R6 8 1 0x7f3354e5cf00 8 0 
17 0 0 7 00e0 ffffffff 0 STG.E.64 2 R8 R6 8 1 0x7f3354e22700 8 0 
33 0 0 17 00e0 ffffffff 0 STG.E.64 2 R8 R6 8 1 0x7f3354e43100 8 0 
24 0 0 1 00e0 ffffffff 0 STG.E.64 2 R8 R6 8 1 0x7f3354e30100 8 0 
55 0 0 21 00e0 ffffffff 0 STG.E.64 2 R8 R6 8 1 0x7f3354e6f500 8 0 
67 0 0 6 00a0 ffffffff 1 R4 LDG.E.64 1 R4 8 1 0x7f3354d49c00 8 0 
22 0 0 30 00e0 ffffffff 0 STG.E.64 2 R8 R6 8 1 0x7f3354e2de00 8 0 
26 0 0 20 00e0 ffffffff 0 STG.E.64 2 R8 R6 8 1 0x7f3354e35400 8 0 
64 0 0 19 00a0 ffffffff 1 R4 LDG.E.64 1 R4 8 1 0x7f3354d44900 8 0 
52 0 0 15 00e0 ffffffff 0 STG.E.64 2 R8 R6 8 1 0x7f3354e68f00 8 0 
31 0 0 5 00e0 ffffffff 0 STG.E.64 2 R8 R6 8 1 0x7f3354e3e500 8 0 
25 0 0 12 00e0 ffffffff 0 STG.E.64 2 R8 R6 8 1 0x7f3354e32c00 8 0 
34 0 0 17 00e0 ffffffff 0 STG.E.64 2 R8 R6 8 1 0x7f3354e45100 8 0 
74 0 0 16 00e0 ffffffff 0 STG.E.64 2 R8 R6 8 1 0x7f3354e95000 8 0 
0 0 0 22 00e0 ffffffff 0 STG.E.64 2 R8 R6 8 1 0x7f3354e01600 8 0 
37 0 0 12 00e0 ffffffff 0 STG.E.64 2 R8 R6 8 1 0x7f3354e4ac00 8 0 
45 0 0 20 00e0 ffffffff 0 STG.E.64 2 R8 R6 8 1 0x7f3354e5b400 8 0 
50 0 0 31 00e0 ffffffff 0 STG.E.64 2 R8 R6 8 1 0x7f3354e65f00 8 0 
3 0 0 25 00e0 ffffffff 0 STG.E.64 2 R8 R6 8 1 0x7f3354e07900 8 0 
7 0 0 24 00e0 ffffffff 0 STG.E.64 2 R8 R6 8 1 0x7f3354e0f800 8 0 
68 0 0 3 00b0 ffffffff 1 R2 LDG.E.64 1 R2 8 1 0x7f3354c88300 8 0 
86 0 0 5 00e0 ffffffff 0 STG.E.64 2 R8 R6 8 1 0x7f3354eac500 8 0 
49 0 0 2 00e0 ffffffff 0 STG.E.64 2 R8 R6 8 1 0x7f3354e62200 8 0 
57 0 0 21 00e0 ffffffff 0 STG.E.64 2 R8 R6 8 1 0x7f3354e73500 8 0 
16 0 0 27 00e0 ffffffff 0 STG.E.64 2 R8 R6 8 1 0x7f3354e21b00 8 0 
42 0 0 24 00e0 ffffffff 0 STG.E.64 2 R8 R6 8 1 0x7f3354e55800 8 0 
54 0 0 28 00e0 ffffffff 0 STG.E.64 2 R8 R6 8 1 0x7f3354e6dc00 8 0 
41 0 0 0 00e0 ffffffff 0 STG.E.64 2 R8 R6 8 1 0x7f3354e52000 8 0 
48 0 0 2 00e0 ffffffff 0 STG.E.64 2 R8 R6 8 1 0x7f3354e60200 8 0 
28 0 0 0 00e0 ffffffff 0 STG.E.64 2 R8 R6 8 1 0x7f3354e38000 8 0 
47 0 0 27 00e0 ffffffff 0 STG.E.64 2 R8 R6 8 1 0x7f3354e5fb00 8 0 
53 0 0 16 00e0 ffffffff 0 STG.E.64 2 R8 R6 8 1 0x7f3354e6b000 8 0 
62 0 0 23 00e0 ffffffff 0 STG.E.64 2 R8 R6 8 1 0x7f3354e7d700 8 0 
58 0 0 8 00e0 ffffffff 0 STG.E.64 2 R8 R6 8 1 0x7f3354e74800 8 0 
35 0 0 18 00a0 ffffffff 1 R4 LDG.E.64 1 R4 8 1 0x7f3354d0a800 8 0 
4 0 0 5 00b0 ffffffff 1 R2 LDG.E.64 1 R2 8 1 0x7f3354c08500 8 0 
24 0 0 3 00e0 ffffffff 0 STG.E.64 2 R8 R6 8 1 0x7f3354e30300 8 0 
69 0 0 19 00e0 ffffffff 0 STG.E.64 2 R8 R6 8 1 0x7f3354e8b300 8 0 
85 0 0 4 00e0 ffffffff 0 STG.E.64 2 R8 R6 8 1 0x7f3354eaa400 8 0 
70 0 0 10 00e0 ffffffff 0 STG.E.64 2 R8 R6 8 1 0x7f3354e8ca00 8 0 
75 0 0 13 00e0 ffffffff 0 STG.E.64 2 R8 R6 8 1 0x7f3354e96d00 8 0 
43 0 0 20 00e0 ffffffff 0 STG.E.64 2 R8 R6 8 1 0x7f3354e57400 8 0 
46 0 0 8 00e0 ffffffff 0 STG.E.64 2 R8 R6 8 1 0x7f3354e5c800 8 0 
21 0 0 28 00e0 ffffffff 0 STG.E.64 2 R8 R6 8 1 0x7f3354e2bc00 8 0 
17 0 0 0 00e0 ffffffff 0 STG.E.64 2 R8 R6 8 1 0x7f3354e22000 8 0 
52 0 0 22 00e0 ffffffff 0 STG.E.64 2 R8 R6 8 1 0x7f3354e69600 8 0 
55 0 0 26 00e0 ffffffff 0 STG.E.64 2 R8 R6 8 1 0x7f3354e6fa00 8 0 
66 0 0 17 00e0 ffffffff 0 STG.E.64 2 R8 R6 8 1 0x7f3354e85100 8 0 
26 0 0 21 00e0 ffffffff 0 STG.E.64 2 R8 R6 8 1 0x7f3354e35500 8 0 
65 0 0 1 00e0 ffffffff 0 STG.E.64 2 R8 R6 8 1 0x7f3354e82100 8 0 
88 0 0 9 00e0 ffffffff 0 STG.E.64 2 R8 R6 8 1 0x7f3354eb0900 8 0 
0 0 0 17 00e0 ffffffff 0 STG.E.64 2 R8 R6 8 1 0x7f3354e01100 8 0 
31 0 0 8 00e0 ffffffff 0 STG.E.64 2 R8 R6 8 1 0x7f3354e3e800 8 0 
25 0 0 18 00e0 ffffffff 0 STG.E.64 2 R8 R6 8 1 0x7f3354e33200 8 0 
94 0 0 28 00e0 ffffffff 0 STG.E.64 2 R8 R6 8 1 0x7f3354ebdc00 8 0 
74 0 0 10 00e0 ffffffff 0 STG.E.64 2 R8 R6 8 1 0x7f3354e94a00 8 0 
51 0 0 22 00e0 ffffffff 0 STG.E.64 2 R8 R6 8 1 0x7f3354e67600 8 0 
16 0 0 25 00e0 ffffffff 0 STG.E.64 2 R8 R6 8 1 0x7f3354e21900 8 0 
3 0 0 30 00e0 ffffffff 0 STG.E.64 2 R8 R6 8 1 0x7f3354e07e00 8 0 
28 0 0 6 00e0 ffffffff 0 STG.E.64 2 R8 R6 8 1 0x7f3354e38600 8 0 
83 0 0 26 00e0 ffffffff 0 STG.E.64 2 R8 R6 8 1 0x7f3354ea7a00 8 0 
80 0 0 28 00e0 ffffffff 0 STG.E.64 2 R8 R6 8 1 0x7f3354ea1c00 8 0 
47 0 0 30 00e0 ffffffff 0 STG.E.64 2 R8 R6 8 1 0x7f3354e5fe00 8 0 
7 0 0 9 00b0 ffffffff 1 R2 LDG.E.64 1 R2 8 1 0x7f3354c0e900 8 0 
52 0 0 4 00e0 ffffffff 0 STG.E.64 2 R8 R6 8 1 0x7f3354e68400 8 0 
75 0 0 18 00e0 ffffffff 0 STG.E.64 2 R8 R6 8 1 0x7f3354e97200 8 0 
48 0 0 8 00e0 ffffffff 0 STG.E.64 2 R8 R6 8 1 0x7f3354e60800 8 0 
33 0 0 19 00e0 ffffffff 0 STG.E.64 2 R8 R6 8 1 0x7f3354e43300 8 0 
45 0 0 25 00e0 ffffffff 0 STG.E.64 2 R8 R6 8 1 0x7f3354e5b900 8 0 
22 0 0 11 00e0 ffffffff 0 STG.E.64 2 R8 R6 8 1 0x7f3354e2cb00 8 0 
0 0 0 14 00e0 ffffffff 0 STG.E.64 2 R8 R6 8 1 0x7f3354e00e00 8 0 
55 0 0 20 00e0 ffffffff 0 STG.E.64 2 R8 R6 8 1 0x7f3354e6f400 8 0 
35 0 0 12 00e0 ffffffff 0 STG.E.64 2 R8 R6 8 1 0x7f3354e46c00 8 0 
86 0 0 11 00e0 ffffffff 0 STG.E.64 2 R8 R6 8 1 0x7f3354eacb00 8 0 
61 0 0 26 00e0 ffffffff 0 STG.E.64 2 R8 R6 8 1 0x7f3354e7ba00 8 0 
57 0 0 28 00e0 ffffffff 0 STG.E.64 2 R8 R6 8 1 0x7f3354e73c00 8 0 
4 0 0 3 00b0 ffffffff 1 R2 LDG.E.64 1 R2 8 1 0x7f3354c08300 8 0 
16 0 0 20 00e0 ffffffff 0 STG.E.64 2 R8 R6 8 1 0x7f3354e21400 8 0 
31 0 0 7 00e0 ffffffff 0 STG.E.64 2 R8 R6 8 1 0x7f3354e3e700 8 0 
34 0 0 15 00e0 ffffffff 0 STG.E.64 2 R8 R6 8 1 0x7f3354e44f00 8 0 
54 0 0 11 00e0 ffffffff 0 STG.E.64 2 R8 R6 8 1 0x7f3354e6cb00 8 0 
37 0 0 14 00e0 ffffffff 0 STG.E.64 2 R8 R6 8 1 0x7f3354e4ae00 8 0 
43 0 0 21 00e0 ffffffff 0 STG.E.64 2 R8 R6 8 1 0x7f3354e57500 8 0 
28 0 0 2 00e0 ffffffff 0 STG.E.64 2 R8 R6 8 1 0x7f3354e38200 8 0 
53 0 0 15 00e0 ffffffff 0 STG.E.64 2 R8 R6 8 1 0x7f3354e6af00 8 0 
50 0 0 4 00e0 ffffffff 0 STG.E.64 2 R8 R6 8 1 0x7f3354e64400 8 0 
58 0 0 11 00e0 ffffffff 0 STG.E.64 2 R8 R6 8 1 0x7f3354e74b00 8 0 
3 0 0 23 00e0 ffffffff 0 STG.E.64 2 R8 R6 8 1 0x7f3354e07700 8 0 
32 0 0 9 00a0 ffffffff 1 R4 LDG.E.64 1 R4 8 1 0x7f3354d03f00 8 0 
49 0 0 11 00e0 ffffffff 0 STG.E.64 2 R8 R6 8 1 0x7f3354e62b00 8 0 
85 0 0 7 00e0 ffffffff 0 STG.E.64 2 R8 R6 8 1 0x7f3354eaa700 8 0 
42 0 0 9 00e0 ffffffff 0 STG.E.64 2 R8 R6 8 1 0x7f3354e54900 8 0 
83 0 0 20 00e0 ffffffff 0 STG.E.64 2 R8 R6 8 1 0x7f3354ea7400 8 0 
51 0 0 17 00e0 ffffffff 0 STG.E.64 2 R8 R6 8 1 0x7f3354e67100 8 0 
46 0 0 6 00e0 ffffffff 0 STG.E.64 2 R8 R6 8 1 0x7f3354e5c600 8 0 
41 0 0 7 00e0 ffffffff 0 STG.E.64 2 R8 R6 8 1 0x7f3354e52700 8 0 
17 0 0 5 00e0 ffffffff 0 STG.E.64 2 R8 R6 8 1 0x7f3354e22500 8 0 
52 0 0 17 00e0 ffffffff 0 STG.E.64 2 R8 R6 8 1 0x7f3354e69100 8 0 
47 0 0 1 00e0 ffffffff 0 STG.E.64 2 R8 R6 8 1 0x7f3354e5e100 8 0 
62 0 0 26 00e0 ffffffff 0 STG.E.64 2 R8 R6 8 1 0x7f3354e7da00 8 0 
26 0 0 22 00e0 ffffffff 0 STG.E.64 2 R8 R6 8 1 0x7f3354e35600 8 0 
69 0 0 13 00e0 ffffffff 0 STG.E.64 2 R8 R6 8 1 0x7f3354e8ad00 8 0 
0 0 0 25 00e0 ffffffff 0 STG.E.64 2 R8 R6 8 1 0x7f3354e01900 8 0 
25 0 0 9 00e0 ffffffff 0 STG.E.64 2 R8 R6 8 1 0x7f3354e32900 8 0 
70 0 0 0 00e0 ffffffff 0 STG.E.64 2 R8 R6 8 1 0x7f3354e8c000 8 0 
74 0 0 3 00e0 ffffffff 0 STG.E.64 2 R8 R6 8 1 0x7f3354e94300 8 0 
75 0 0 19 00e0 ffffffff 0 STG.E.64 2 R8 R6 8 1 0x7f3354e97300 8 0 
92 0 0 10 00a0 ffffffff 1 R4 LDG.E.64 1 R4 8 1 0x7f3354d7c000 8 0 
77 0 0 1 00e0 ffffffff 0 STG.E.64 2 R8 R6 8 1 0x7f3354e9a100 8 0 
45 0 0 27 00e0 ffffffff 0 STG.E.64 2 R8 R6 8 1 0x7f3354e5bb00 8 0 
66 0 0 4 00e0 ffffffff 0 STG.E.64 2 R8 R6 8 1 0x7f3354e84400 8 0 
16 0 0 17 00e0 ffffffff 0 STG.E.64 2 R8 R6 8 1 0x7f3354e21100 8 0 
55 0 0 2 00e0 ffffffff 0 STG.E.64 2 R8 R6 8 1 0x7f3354e6e200 8 0 
86 0 0 0 00e0 ffffffff 0 STG.E.64 2 R8 R6 8 1 0x7f3354eac000 8 0 
65 0 0 2 00e0 ffffffff 0 STG.E.64 2 R8 R6 8 1 0x7f3354e82200 8 0 
57 0 0 12 00e0 ffffffff 0 STG.E.64 2 R8 R6 8 1 0x7f3354e72c00 8 0 
28 0 0 4 00e0 ffffffff 0 STG.E.64 2 R8 R6 8 1 0x7f3354e38400 8 0 
31 0 0 1 00e0 ffffffff 0 STG.E.64 2 R8 R6 8 1 0x7f3354e3e100 8 0 
94 0 0 21 00e0 ffffffff 0 STG.E.64 2 R8 R6 8 1 0x7f3354ebd500 8 0 
54 0 0 2 00e0 ffffffff 0 STG.E.64 2 R8 R6 8 1 0x7f3354e6c200 8 0 
33 0 0 10 00e0 ffffffff 0 STG.E.64 2 R8 R6 8 1 0x7f3354e42a00 8 0 
15 0 0 14 00b0 ffffffff 1 R2 LDG.E.64 1 R2 8 1 0x7f3354c1ee00 8 0 
48 0 0 22 00e0 ffffffff 0 STG.E.64 2 R8 R6 8 1 0x7f3354e61600 8 0 
80 0 0 24 00e0 ffffffff 0 STG.E.64 2 R8 R6 8 1 0x7f3354ea1800 8 0 
53 0 0 26 00e0 ffffffff 0 STG.E.64 2 R8 R6 8 1 0x7f3354e6ba00 8 0 
22 0 0 1 00e0 ffffffff 0 STG.E.64 2 R8 R6 8 1 0x7f3354e2c100 8 0 
58 0 0 5 00e0 ffffffff 0 STG.E.64 2 R8 R6 8 1 0x7f3354e74500 8 0 
3 0 0 24 00e0 ffffffff 0 STG.E.64 2 R8 R6 8 1 0x7f3354e07800 8 0 
4 0 0 4 00b0 ffffffff 1 R2 LDG.E.64 1 R2 8 1 0x7f3354c08400 8 0 
61 0 0 21 00e0 ffffffff 0 STG.E.64 2 R8 R6 8 1 0x7f3354e7b500 8 0 
85 0 0 0 00e0 ffffffff 0 STG.E.64 2 R8 R6 8 1 0x7f3354eaa000 8 0 
34 0 0 4 00e0 ffffffff 0 STG.E.64 2 R8 R6 8 1 0x7f3354e44400 8 0 
52 0 0 12 00e0 ffffffff 0 STG.E.64 2 R8 R6 8 1 0x7f3354e68c00 8 0 
43 0 0 7 00e0 ffffffff 0 STG.E.64 2 R8 R6 8 1 0x7f3354e56700 8 0 
46 0 0 9 00e0 ffffffff 0 STG.E.64 2 R8 R6 8 1 0x7f3354e5c900 8 0 
37 0 0 8 00e0 ffffffff 0 STG.E.64 2 R8 R6 8 1 0x7f3354e4a800 8 0 
17 0 0 4 00e0 ffffffff 0 STG.E.64 2 R8 R6 8 1 0x7f3354e22400 8 0 
0 0 0 27 00e0 ffffffff 0 STG.E.64 2 R8 R6 8 1 0x7f3354e01b00 8 0 
47 0 0 12 00e0 ffffffff 0 STG.E.64 2 R8 R6 8 1 0x7f3354e5ec00 8 0 
50 0 0 6 00e0 ffffffff 0 STG.E.64 2 R8 R6 8 1 0x7f3354e64600 8 0 
26 0 0 19 00e0 ffffffff 0 STG.E.64 2 R8 R6 8 1 0x7f3354e35300 8 0 
49 0 0 4 00e0 ffffffff 0 STG.E.64 2 R8 R6 8 1 0x7f3354e62400 8 0 
39 0 0 0 00b0 ffffffff 1 R2 LDG.E.64 1 R2 8 1 0x7f3354c4e000 8 0 
32 0 0 30 00b0 ffffffff 1 R2 LDG.E.64 1 R2 8 1 0x7f3354c41e00 8 0 
16 0 0 23 00e0 ffffffff 0 STG.E.64 2 R8 R6 8 1 0x7f3354e21700 8 0 
25 0 0 5 00e0 ffffffff 0 STG.E.64 2 R8 R6 8 1 0x7f3354e32500 8 0 
42 0 0 22 00e0 ffffffff 0 STG.E.64 2 R8 R6 8 1 0x7f3354e55600 8 0 
74 0 0 12 00e0 ffffffff 0 STG.E.64 2 R8 R6 8 1 0x7f3354e94c00 8 0 
75 0 0 15 00e0 ffffffff 0 STG.E.64 2 R8 R6 8 1 0x7f3354e96f00 8 0 
51 0 0 19 00e0 ffffffff 0 STG.E.64 2 R8 R6 8 1 0x7f3354e67300 8 0 
40 0 0 19 00a0 ffffffff 1 R4 LDG.E.64 1 R4 8 1 0x7f3354d14900 8 0 
41 0 0 18 00e0 ffffffff 0 STG.E.64 2 R8 R6 8 1 0x7f3354e53200 8 0 
45 0 0 16 00e0 ffffffff 0 STG.E.64 2 R8 R6 8 1 0x7f3354e5b000 8 0 
62 0 0 22 00e0 ffffffff 0 STG.E.64 2 R8 R6 8 1 0x7f3354e7d600 8 0 
28 0 0 11 00e0 ffffffff 0 STG.E.64 2 R8 R6 8 1 0x7f3354e38b00 8 0 
31 0 0 6 00e0 ffffffff 0 STG.E.64 2 R8 R6 8 1 0x7f3354e3e600 8 0 
80 0 0 20 00e0 ffffffff 0 STG.E.64 2 R8 R6 8 1 0x7f3354ea1400 8 0 
3 0 0 21 00e0 ffffffff 0 STG.E.64 2 R8 R6 8 1 0x7f3354e07500 8 0 
92 0 0 6 00a0 ffffffff 1 R4 LDG.E.64 1 R4 8 1 0x7f3354d7bc00 8 0 
52 0 0 11 00e0 ffffffff 0 STG.E.64 2 R8 R6 8 1 0x7f3354e68b00 8 0 
0 0 0 24 00e0 ffffffff 0 STG.E.64 2 R8 R6 8 1 0x7f3354e01800 8 0 
47 0 0 23 00e0 ffffffff 0 STG.E.64 2 R8 R6 8 1 0x7f3354e5f700 8 0 
71 0 0 19 00b0 ffffffff 1 R2 LDG.E.64 1 R2 8 1 0x7f3354c8f300 8 0 
48 0 0 5 00e0 ffffffff 0 STG.E.64 2 R8 R6 8 1 0x7f3354e60500 8 0 
16 0 0 10 00e0 ffffffff 0 STG.E.64 2 R8 R6 8 1 0x7f3354e20a00 8 0 
86 0 0 1 00e0 ffffffff 0 STG.E.64 2 R8 R6 8 1 0x7f3354eac100 8 0 
69 0 0 15 00e0 ffffffff 0 STG.E.64 2 R8 R6 8 1 0x7f3354e8af00 8 0 
57 0 0 15 00e0 ffffffff 0 STG.E.64 2 R8 R6 8 1 0x7f3354e72f00 8 0 
75 0 0 11 00e0 ffffffff 0 STG.E.64 2 R8 R6 8 1 0x7f3354e96b00 8 0 
60 0 0 26 00a0 ffffffff 1 R4 LDG.E.64 1 R4 8 1 0x7f3354d3d000 8 0 
70 0 0 6 00e0 ffffffff 0 STG.E.64 2 R8 R6 8 1 0x7f3354e8c600 8 0 
54 0 0 9 00e0 ffffffff 0 STG.E.64 2 R8 R6 8 1 0x7f3354e6c900 8 0 
77 0 0 0 00e0 ffffffff 0 STG.E.64 2 R8 R6 8 1 0x7f3354e9a000 8 0 
43 0 0 4 00e0 ffffffff 0 STG.E.64 2 R8 R6 8 1 0x7f3354e56400 8 0 
53 0 0 17 00e0 ffffffff 0 STG.E.64 2 R8 R6 8 1 0x7f3354e6b100 8 0 
66 0 0 10 00e0 ffffffff 0 STG.E.64 2 R8 R6 8 1 0x7f3354e84a00 8 0 
58 0 0 4 00e0 ffffffff 0 STG.E.64 2 R8 R6 8 1 0x7f3354e74400 8 0 
80 0 0 26 00e0 ffffffff 0 STG.E.64 2 R8 R6 8 1 0x7f3354ea1a00 8 0 
3 0 0 26 00e0 ffffffff 0 STG.E.64 2 R8 R6 8 1 0x7f3354e07a00 8 0 
65 0 0 7 00e0 ffffffff 0 STG.E.64 2 R8 R6 8 1 0x7f3354e82700 8 0 
85 0 0 2 00e0 ffffffff 0 STG.E.64 2 R8 R6 8 1 0x7f3354eaa200 8 0 
94 0 0 19 00e0 ffffffff 0 STG.E.64 2 R8 R6 8 1 0x7f3354ebd300 8 0 
52 0 0 2 00e0 ffffffff 0 STG.E.64 2 R8 R6 8 1 0x7f3354e68200 8 0 
46 0 0 28 00e0 ffffffff 0 STG.E.64 2 R8 R6 8 1 0x7f3354e5dc00 8 0 
33 0 0 13 00e0 ffffffff 0 STG.E.64 2 R8 R6 8 1 0x7f3354e42d00 8 0 
17 0 0 2 00e0 ffffffff 0 STG.E.64 2 R8 R6 8 1 0x7f3354e22200 8 0 
51 0 0 14 00e0 ffffffff 0 STG.E.64 2 R8 R6 8 1 0x7f3354e66e00 8 0 
40 0 0 14 00a0 ffffffff 1 R4 LDG.E.64 1 R4 8 1 0x7f3354d14400 8 0 
22 0 0 7 00e0 ffffffff 0 STG.E.64 2 R8 R6 8 1 0x7f3354e2c700 8 0 
26 0 0 13 00e0 ffffffff 0 STG.E.64 2 R8 R6 8 1 0x7f3354e34d00 8 0 
61 0 0 23 00e0 ffffffff 0 STG.E.64 2 R8 R6 8 1 0x7f3354e7b700 8 0 
0 0 0 19 00e0 ffffffff 0 STG.E.64 2 R8 R6 8 1 0x7f3354e01300 8 0 
47 0 0 22 00e0 ffffffff 0 STG.E.64 2 R8 R6 8 1 0x7f3354e5f600 8 0 
11 0 0 25 00e0 ffffffff 0 STG.E.64 2 R8 R6 8 1 0x7f3354e17900 8 0 
25 0 0 14 00e0 ffffffff 0 STG.E.64 2 R8 R6 8 1 0x7f3354e32e00 8 0 
34 0 0 7 00e0 ffffffff 0 STG.E.64 2 R8 R6 8 1 0x7f3354e44700 8 0 
74 0 0 6 00e0 ffffffff 0 STG.E.64 2 R8 R6 8 1 0x7f3354e94600 8 0 
64 0 0 14 00a0 ffffffff 1 R4 LDG.E.64 1 R4 8 1 0x7f3354d44400 8 0 
16 0 0 15 00e0 ffffffff 0 STG.E.64 2 R8 R6 8 1 0x7f3354e20f00 8 0 
75 0 0 14 00e0 ffffffff 0 STG.E.64 2 R8 R6 8 1 0x7f3354e96e00 8 0 
37 0 0 15 00e0 ffffffff 0 STG.E.64 2 R8 R6 8 1 0x7f3354e4af00 8 0 
45 0 0 6 00e0 ffffffff 0 STG.E.64 2 R8 R6 8 1 0x7f3354e5a600 8 0 
50 0 0 0 00e0 ffffffff 0 STG.E.64 2 R8 R6 8 1 0x7f3354e64000 8 0 
92 0 0 21 00b0 ffffffff 1 R2 LDG.E.64 1 R2 8 1 0x7f3354cb9500 8 0 
28 0 0 7 00e0 ffffffff 0 STG.E.64 2 R8 R6 8 1 0x7f3354e38700 8 0 
86 0 0 6 00e0 ffffffff 0 STG.E.64 2 R8 R6 8 1 0x7f3354eac600 8 0 
49 0 0 12 00e0 ffffffff 0 STG.E.64 2 R8 R6 8 1 0x7f3354e62c00 8 0 
57 0 0 17 00e0 ffffffff 0 STG.E.64 2 R8 R6 8 1 0x7f3354e73100 8 0 
31 0 0 3 00e0 ffffffff 0 STG.E.64 2 R8 R6 8 1 0x7f3354e3e300 8 0 
7 0 0 15 00e0 ffffffff 0 STG.E.64 2 R8 R6 8 1 0x7f3354e0ef00 8 0 
42 0 0 11 00e0 ffffffff 0 STG.E.64 2 R8 R6 8 1 0x7f3354e54b00 8 0 
54 0 0 8 00e0 ffffffff 0 STG.E.64 2 R8 R6 8 1 0x7f3354e6c800 8 0 
41 0 0 3 00e0 ffffffff 0 STG.E.64 2 R8 R6 8 1 0x7f3354e52300 8 0 
80 0 0 29 00e0 ffffffff 0 STG.E.64 2 R8 R6 8 1 0x7f3354ea1d00 8 0 
55 0 0 29 00e0 ffffffff 0 STG.E.64 2 R8 R6 8 1 0x7f3354e6fd00 8 0 
53 0 0 12 00e0 ffffffff 0 STG.E.64 2 R8 R6 8 1 0x7f3354e6ac00 8 0 
62 0 0 19 00e0 ffffffff 0 STG.E.64 2 R8 R6 8 1 0x7f3354e7d300 8 0 
58 0 0 2 00e0 ffffffff 0 STG.E.64 2 R8 R6 8 1 0x7f3354e74200 8 0 
48 0 0 19 00e0 ffffffff 0 STG.E.64 2 R8 R6 8 1 0x7f3354e61300 8 0 
52 0 0 13 00e0 ffffffff 0 STG.E.64 2 R8 R6 8 1 0x7f3354e68d00 8 0 
3 0 0 19 00e0 ffffffff 0 STG.E.64 2 R8 R6 8 1 0x7f3354e07300 8 0 
69 0 0 14 00e0 ffffffff 0 STG.E.64 2 R8 R6 8 1 0x7f3354e8ae00 8 0 
29 0 0 25 00e0 ffffffff 0 STG.E.64 2 R8 R6 8 1 0x7f3354e3b900 8 0 
70 0 0 1 00e0 ffffffff 0 STG.E.64 2 R8 R6 8 1 0x7f3354e8c100 8 0 
0 0 0 20 00e0 ffffffff 0 STG.E.64 2 R8 R6 8 1 0x7f3354e01400 8 0 
46 0 0 11 00e0 ffffffff 0 STG.E.64 2 R8 R6 8 1 0x7f3354e5cb00 8 0 
21 0 0 24 00e0 ffffffff 0 STG.E.64 2 R8 R6 8 1 0x7f3354e2b800 8 0 
17 0 0 29 00e0 ffffffff 0 STG.E.64 2 R8 R6 8 1 0x7f3354e23d00 8 0 
83 0 0 31 00e0 ffffffff 0 STG.E.64 2 R8 R6 8 1 0x7f3354ea7f00 8 0 
43 0 0 14 00e0 ffffffff 0 STG.E.64 2 R8 R6 8 1 0x7f3354e56e00 8 0 
20 0 0 14 00b0 ffffffff 1 R2 LDG.E.64 1 R2 8 1 0x7f3354c28e00 8 0 
66 0 0 13 00e0 ffffffff 0 STG.E.64 2 R8 R6 8 1 0x7f3354e84d00 8 0 
26 0 0 16 00e0 ffffffff 0 STG.E.64 2 R8 R6 8 1 0x7f3354e35000 8 0 
9 0 0 29 00e0 ffffffff 0 STG.E.64 2 R8 R6 8 1 0x7f3354e13d00 8 0 
16 0 0 13 00e0 ffffffff 0 STG.E.64 2 R8 R6 8 1 0x7f3354e20d00 8 0 
47 0 0 25 00e0 ffffffff 0 STG.E.64 2 R8 R6 8 1 0x7f3354e5f900 8 0 
25 0 0 4 00e0 ffffffff 0 STG.E.64 2 R8 R6 8 1 0x7f3354e32400 8 0 
94 0 0 24 00e0 ffffffff 0 STG.E.64 2 R8 R6 8 1 0x7f3354ebd800 8 0 
74 0 0 2 00e0 ffffffff 0 STG.E.64 2 R8 R6 8 1 0x7f3354e94200 8 0 
75 0 0 29 00e0 ffffffff 0 STG.E.64 2 R8 R6 8 1 0x7f3354e97d00 8 0 
51 0 0 4 00e0 ffffffff 0 STG.E.64 2 R8 R6 8 1 0x7f3354e66400 8 0 
80 0 0 27 00e0 ffffffff 0 STG.E.64 2 R8 R6 8 1 0x7f3354ea1b00 8 0 
31 0 0 2 00e0 ffffffff 0 STG.E.64 2 R8 R6 8 1 0x7f3354e3e200 8 0 
52 0 0 14 00e0 ffffffff 0 STG.E.64 2 R8 R6 8 1 0x7f3354e68e00 8 0 
55 0 0 22 00e0 ffffffff 0 STG.E.64 2 R8 R6 8 1 0x7f3354e6f600 8 0 
0 0 0 21 00e0 ffffffff 0 STG.E.64 2 R8 R6 8 1 0x7f3354e01500 8 0 
3 0 0 22 00e0 ffffffff 0 STG.E.64 2 R8 R6 8 1 0x7f3354e07600 8 0 
33 0 0 15 00e0 ffffffff 0 STG.E.64 2 R8 R6 8 1 0x7f3354e42f00 8 0 
45 0 0 9 00e0 ffffffff 0 STG.E.64 2 R8 R6 8 1 0x7f3354e5a900 8 0 
78 0 0 31 00e0 ffffffff 0 STG.E.64 2 R8 R6 8 1 0x7f3354e9df00 8 0 
16 0 0 16 00e0 ffffffff 0 STG.E.64 2 R8 R6 8 1 0x7f3354e21000 8 0 
83 0 0 25 00e0 ffffffff 0 STG.E.64 2 R8 R6 8 1 0x7f3354ea7900 8 0 
86 0 0 2 00e0 ffffffff 0 STG.E.64 2 R8 R6 8 1 0x7f3354eac200 8 0 
61 0 0 17 00e0 ffffffff 0 STG.E.64 2 R8 R6 8 1 0x7f3354e7b100 8 0 
57 0 0 14 00e0 ffffffff 0 STG.E.64 2 R8 R6 8 1 0x7f3354e72e00 8 0 
48 0 0 1 00e0 ffffffff 0 STG.E.64 2 R8 R6 8 1 0x7f3354e60100 8 0 
47 0 0 0 00e0 ffffffff 0 STG.E.64 2 R8 R6 8 1 0x7f3354e5e000 8 0 
34 0 0 3 00e0 ffffffff 0 STG.E.64 2 R8 R6 8 1 0x7f3354e44300 8 0 
54 0 0 30 00e0 ffffffff 0 STG.E.64 2 R8 R6 8 1 0x7f3354e6de00 8 0 
37 0 0 9 00e0 ffffffff 0 STG.E.64 2 R8 R6 8 1 0x7f3354e4a900 8 0 
4 0 0 0 00b0 ffffffff 1 R2 LDG.E.64 1 R2 8 1 0x7f3354c08000 8 0 
80 0 0 22 00e0 ffffffff 0 STG.E.64 2 R8 R6 8 1 0x7f3354ea1600 8 0 
53 0 0 20 00e0 ffffffff 0 STG.E.64 2 R8 R6 8 1 0x7f3354e6b400 8 0 
50 0 0 13 00e0 ffffffff 0 STG.E.64 2 R8 R6 8 1 0x7f3354e64d00 8 0 
58 0 0 7 00e0 ffffffff 0 STG.E.64 2 R8 R6 8 1 0x7f3354e74700 8 0 
75 0 0 12 00e0 ffffffff 0 STG.E.64 2 R8 R6 8 1 0x7f3354e96c00 8 0 
43 0 0 5 00e0 ffffffff 0 STG.E.64 2 R8 R6 8 1 0x7f3354e56500 8 0 
20 0 0 17 00b0 ffffffff 1 R2 LDG.E.64 1 R2 8 1 0x7f3354c29100 8 0 
49 0 0 3 00e0 ffffffff 0 STG.E.64 2 R8 R6 8 1 0x7f3354e62300 8 0 
29 0 0 28 00e0 ffffffff 0 STG.E.64 2 R8 R6 8 1 0x7f3354e3bc00 8 0 
42 0 0 12 00e0 ffffffff 0 STG.E.64 2 R8 R6 8 1 0x7f3354e54c00 8 0 
52 0 0 9 00e0 ffffffff 0 STG.E.64 2 R8 R6 8 1 0x7f3354e68900 8 0 
87 0 0 28 00e0 ffffffff 0 STG.E.64 2 R8 R6 8 1 0x7f3354eafc00 8 0 
46 0 0 14 00e0 ffffffff 0 STG.E.64 2 R8 R6 8 1 0x7f3354e5ce00 8 0 
97 0 0 13 00e0 ffffffff 0 STG.E.64 2 R8 R6 8 1 0x7f3354ec2d00 8 0 
17 0 0 19 00e0 ffffffff 0 STG.E.64 2 R8 R6 8 1 0x7f3354e23300 8 0 
32 0 0 25 00b0 ffffffff 1 R2 LDG.E.64 1 R2 8 1 0x7f3354c41900 8 0 
0 0 0 13 00e0 ffffffff 0 STG.E.64 2 R8 R6 8 1 0x7f3354e00d00 8 0 
55 0 0 19 00e0 ffffffff 0 STG.E.64 2 R8 R6 8 1 0x7f3354e6f300 8 0 
62 0 0 18 00e0 ffffffff 0 STG.E.64 2 R8 R6 8 1 0x7f3354e7d200 8 0 
26 0 0 14 00e0 ffffffff 0 STG.E.64 2 R8 R6 8 1 0x7f3354e34e00 8 0 
69 0 0 12 00e0 ffffffff 0 STG.E.64 2 R8 R6 8 1 0x7f3354e8ac00 8 0 
51 0 0 9 00e0 ffffffff 0 STG.E.64 2 R8 R6 8 1 0x7f3354e66900 8 0 
40 0 0 23 00b0 ffffffff 1 R2 LDG.E.64 1 R2 8 1 0x7f3354c51700 8 0 
16 0 0 11 00e0 ffffffff 0 STG.E.64 2 R8 R6 8 1 0x7f3354e20b00 8 0 
25 0 0 11 00e0 ffffffff 0 STG.E.64 2 R8 R6 8 1 0x7f3354e32b00 8 0 
70 0 0 2 00e0 ffffffff 0 STG.E.64 2 R8 R6 8 1 0x7f3354e8c200 8 0 
18 0 0 24 00e0 ffffffff 0 STG.E.64 2 R8 R6 8 1 0x7f3354e25800 8 0 
3 0 0 20 00e0 ffffffff 0 STG.E.64 2 R8 R6 8 1 0x7f3354e07400 8 0 
21 0 0 30 00e0 ffffffff 0 STG.E.64 2 R8 R6 8 1 0x7f3354e2be00 8 0 
45 0 0 23 00e0 ffffffff 0 STG.E.64 2 R8 R6 8 1 0x7f3354e5b700 8 0 
66 0 0 6 00e0 ffffffff 0 STG.E.64 2 R8 R6 8 1 0x7f3354e84600 8 0 
83 0 0 12 00e0 ffffffff 0 STG.E.64 2 R8 R6 8 1 0x7f3354ea6c00 8 0 
86 0 0 7 00e0 ffffffff 0 STG.E.64 2 R8 R6 8 1 0x7f3354eac700 8 0 
9 0 0 22 00e0 ffffffff 0 STG.E.64 2 R8 R6 8 1 0x7f3354e13600 8 0 
57 0 0 13 00e0 ffffffff 0 STG.E.64 2 R8 R6 8 1 0x7f3354e72d00 8 0 
92 0 0 16 00a0 ffffffff 1 R4 LDG.E.64 1 R4 8 1 0x7f3354d7c600 8 0 
47 0 0 24 00e0 ffffffff 0 STG.E.64 2 R8 R6 8 1 0x7f3354e5f800 8 0 
94 0 0 20 00e0 ffffffff 0 STG.E.64 2 R8 R6 8 1 0x7f3354ebd400 8 0 
54 0 0 31 00e0 ffffffff 0 STG.E.64 2 R8 R6 8 1 0x7f3354e6df00 8 0 
89 0 0 23 00e0 ffffffff 0 STG.E.64 2 R8 R6 8 1 0x7f3354eb3700 8 0 
52 0 0 7 00e0 ffffffff 0 STG.E.64 2 R8 R6 8 1 0x7f3354e68700 8 0 
53 0 0 13 00e0 ffffffff 0 STG.E.64 2 R8 R6 8 1 0x7f3354e6ad00 8 0 
78 0 0 24 00e0 ffffffff 0 STG.E.64 2 R8 R6 8 1 0x7f3354e9d800 8 0 
58 0 0 1 00e0 ffffffff 0 STG.E.64 2 R8 R6 8 1 0x7f3354e74100 8 0 
48 0 0 15 00e0 ffffffff 0 STG.E.64 2 R8 R6 8 1 0x7f3354e60f00 8 0 
61 0 0 19 00e0 ffffffff 0 STG.E.64 2 R8 R6 8 1 0x7f3354e7b300 8 0 
29 0 0 30 00e0 ffffffff 0 STG.E.64 2 R8 R6 8 1 0x7f3354e3be00 8 0 
34 0 0 6 00e0 ffffffff 0 STG.E.64 2 R8 R6 8 1 0x7f3354e44600 8 0 
0 0 0 10 00e0 ffffffff 0 STG.E.64 2 R8 R6 8 1 0x7f3354e00a00 8 0 
87 0 0 27 00e0 ffffffff 0 STG.E.64 2 R8 R6 8 1 0x7f3354eafb00 8 0 
46 0 0 0 00e0 ffffffff 0 STG.E.64 2 R8 R6 8 1 0x7f3354e5c000 8 0 
37 0 0 23 00e0 ffffffff 0 STG.E.64 2 R8 R6 8 1 0x7f3354e4b700 8 0 
73 0 0 31 00e0 ffffffff 0 STG.E.64 2 R8 R6 8 1 0x7f3354e93f00 8 0 
4 0 0 1 00b0 ffffffff 1 R2 LDG.E.64 1 R2 8 1 0x7f3354c08100 8 0 
16 0 0 6 00e0 ffffffff 0 STG.E.64 2 R8 R6 8 1 0x7f3354e20600 8 0 
55 0 0 16 00e0 ffffffff 0 STG.E.64 2 R8 R6 8 1 0x7f3354e6f000 8 0 
50 0 0 5 00e0 ffffffff 0 STG.E.64 2 R8 R6 8 1 0x7f3354e64500 8 0 
26 0 0 15 00e0 ffffffff 0 STG.E.64 2 R8 R6 8 1 0x7f3354e34f00 8 0 
49 0 0 29 00e0 ffffffff 0 STG.E.64 2 R8 R6 8 1 0x7f3354e63d00 8 0 
43 0 0 22 00e0 ffffffff 0 STG.E.64 2 R8 R6 8 1 0x7f3354e57600 8 0 
20 0 0 13 00a0 ffffffff 1 R4 LDG.E.64 1 R4 8 1 0x7f3354cec300 8 0 
84 0 0 19 00e0 ffffffff 0 STG.E.64 2 R8 R6 8 1 0x7f3354ea9300 8 0 
3 0 0 18 00e0 ffffffff 0 STG.E.64 2 R8 R6 8 1 0x7f3354e07200 8 0 
83 0 0 27 00e0 ffffffff 0 STG.E.64 2 R8 R6 8 1 0x7f3354ea7b00 8 0 
51 0 0 3 00e0 ffffffff 0 STG.E.64 2 R8 R6 8 1 0x7f3354e66300 8 0 
52 0 0 0 00e0 ffffffff 0 STG.E.64 2 R8 R6 8 1 0x7f3354e68000 8 0 
47 0 0 21 00e0 ffffffff 0 STG.E.64 2 R8 R6 8 1 0x7f3354e5f500 8 0 
0 0 0 12 00e0 ffffffff 0 STG.E.64 2 R8 R6 8 1 0x7f3354e00c00 8 0 
75 0 0 9 00e0 ffffffff 0 STG.E.64 2 R8 R6 8 1 0x7f3354e96900 8 0 
25 0 0 7 00e0 ffffffff 0 STG.E.64 2 R8 R6 8 1 0x7f3354e32700 8 0 
42 0 0 30 00e0 ffffffff 0 STG.E.64 2 R8 R6 8 1 0x7f3354e55e00 8 0 
18 0 0 29 00e0 ffffffff 0 STG.E.64 2 R8 R6 8 1 0x7f3354e25d00 8 0 
16 0 0 21 00e0 ffffffff 0 STG.E.64 2 R8 R6 8 1 0x7f3354e21500 8 0 
87 0 0 24 00e0 ffffffff 0 STG.E.64 2 R8 R6 8 1 0x7f3354eaf800 8 0 
97 0 0 18 00e0 ffffffff 0 STG.E.64 2 R8 R6 8 1 0x7f3354ec3200 8 0 
45 0 0 26 00e0 ffffffff 0 STG.E.64 2 R8 R6 8 1 0x7f3354e5ba00 8 0 
62 0 0 12 00e0 ffffffff 0 STG.E.64 2 R8 R6 8 1 0x7f3354e7cc00 8 0 
7 0 0 5 00e0 ffffffff 0 STG.E.64 2 R8 R6 8 1 0x7f3354e0e500 8 0 
12 0 0 12 00e0 ffffffff 0 STG.E.64 2 R8 R6 8 1 0x7f3354e18c00 8 0 
84 0 0 26 00e0 ffffffff 0 STG.E.64 2 R8 R6 8 1 0x7f3354ea9a00 8 0 
86 0 0 3 00e0 ffffffff 0 STG.E.64 2 R8 R6 8 1 0x7f3354eac300 8 0 
69 0 0 8 00e0 ffffffff 0 STG.E.64 2 R8 R6 8 1 0x7f3354e8a800 8 0 
57 0 0 8 00e0 ffffffff 0 STG.E.64 2 R8 R6 8 1 0x7f3354e72800 8 0 
55 0 0 1 00e0 ffffffff 0 STG.E.64 2 R8 R6 8 1 0x7f3354e6e100 8 0 
48 0 0 16 00e0 ffffffff 0 STG.E.64 2 R8 R6 8 1 0x7f3354e61000 8 0 
70 0 0 30 00e0 ffffffff 0 STG.E.64 2 R8 R6 8 1 0x7f3354e8de00 8 0 
54 0 0 21 00e0 ffffffff 0 STG.E.64 2 R8 R6 8 1 0x7f3354e6d500 8 0 
21 0 0 25 00e0 ffffffff 0 STG.E.64 2 R8 R6 8 1 0x7f3354e2b900 8 0 
80 0 0 23 00e0 ffffffff 0 STG.E.64 2 R8 R6 8 1 0x7f3354ea1700 8 0 
3 0 0 15 00e0 ffffffff 0 STG.E.64 2 R8 R6 8 1 0x7f3354e06f00 8 0 
35 0 0 6 00a0 ffffffff 1 R4 LDG.E.64 1 R4 8 1 0x7f3354d09c00 8 0 
53 0 0 14 00e0 ffffffff 0 STG.E.64 2 R8 R6 8 1 0x7f3354e6ae00 8 0 
66 0 0 7 00e0 ffffffff 0 STG.E.64 2 R8 R6 8 1 0x7f3354e84700 8 0 
58 0 0 10 00e0 ffffffff 0 STG.E.64 2 R8 R6 8 1 0x7f3354e74a00 8 0 
60 0 0 29 00a0 ffffffff 1 R4 LDG.E.64 1 R4 8 1 0x7f3354d3d300 8 0 
52 0 0 10 00e0 ffffffff 0 STG.E.64 2 R8 R6 8 1 0x7f3354e68a00 8 0 
83 0 0 18 00e0 ffffffff 0 STG.E.64 2 R8 R6 8 1 0x7f3354ea7200 8 0 
9 0 0 9 00e0 ffffffff 0 STG.E.64 2 R8 R6 8 1 0x7f3354e12900 8 0 
29 0 0 24 00e0 ffffffff 0 STG.E.64 2 R8 R6 8 1 0x7f3354e3b800 8 0 
94 0 0 22 00e0 ffffffff 0 STG.E.64 2 R8 R6 8 1 0x7f3354ebd600 8 0 
43 0 0 15 00e0 ffffffff 0 STG.E.64 2 R8 R6 8 1 0x7f3354e56f00 8 0 
44 0 0 28 00e0 ffffffff 0 STG.E.64 2 R8 R6 8 1 0x7f3354e59c00 8 0 
46 0 0 22 00e0 ffffffff 0 STG.E.64 2 R8 R6 8 1 0x7f3354e5d600 8 0 
33 0 0 12 00e0 ffffffff 0 STG.E.64 2 R8 R6 8 1 0x7f3354e42c00 8 0 
17 0 0 1 00e0 ffffffff 0 STG.E.64 2 R8 R6 8 1 0x7f3354e22100 8 0 
47 0 0 19 00e0 ffffffff 0 STG.E.64 2 R8 R6 8 1 0x7f3354e5f300 8 0 
78 0 0 20 00e0 ffffffff 0 STG.E.64 2 R8 R6 8 1 0x7f3354e9d400 8 0 
26 0 0 18 00e0 ffffffff 0 STG.E.64 2 R8 R6 8 1 0x7f3354e35200 8 0 
61 0 0 15 00e0 ffffffff 0 STG.E.64 2 R8 R6 8 1 0x7f3354e7af00 8 0 
0 0 0 15 00e0 ffffffff 0 STG.E.64 2 R8 R6 8 1 0x7f3354e00f00 8 0 
75 0 0 7 00e0 ffffffff 0 STG.E.64 2 R8 R6 8 1 0x7f3354e96700 8 0 
51 0 0 5 00e0 ffffffff 0 STG.E.64 2 R8 R6 8 1 0x7f3354e66500 8 0 
25 0 0 1 00e0 ffffffff 0 STG.E.64 2 R8 R6 8 1 0x7f3354e32100 8 0 
34 0 0 9 00e0 ffffffff 0 STG.E.64 2 R8 R6 8 1 0x7f3354e44900 8 0 
18 0 0 23 00e0 ffffffff 0 STG.E.64 2 R8 R6 8 1 0x7f3354e25700 8 0 
16 0 0 12 00e0 ffffffff 0 STG.E.64 2 R8 R6 8 1 0x7f3354e20c00 8 0 
37 0 0 6 00e0 ffffffff 0 STG.E.64 2 R8 R6 8 1 0x7f3354e4a600 8 0 
45 0 0 19 00e0 ffffffff 0 STG.E.64 2 R8 R6 8 1 0x7f3354e5b300 8 0 
50 0 0 26 00e0 ffffffff 0 STG.E.64 2 R8 R6 8 1 0x7f3354e65a00 8 0 
84 0 0 24 00e0 ffffffff 0 STG.E.64 2 R8 R6 8 1 0x7f3354ea9800 8 0 
30 0 0 14 00e0 ffffffff 0 STG.E.64 2 R8 R6 8 1 0x7f3354e3ce00 8 0 
49 0 0 21 00e0 ffffffff 0 STG.E.64 2 R8 R6 8 1 0x7f3354e63500 8 0 
57 0 0 9 00e0 ffffffff 0 STG.E.64 2 R8 R6 8 1 0x7f3354e72900 8 0 
55 0 0 30 00e0 ffffffff 0 STG.E.64 2 R8 R6 8 1 0x7f3354e6fe00 8 0 
42 0 0 8 00e0 ffffffff 0 STG.E.64 2 R8 R6 8 1 0x7f3354e54800 8 0 
54 0 0 16 00e0 ffffffff 0 STG.E.64 2 R8 R6 8 1 0x7f3354e6d000 8 0 
97 0 0 9 00e0 ffffffff 0 STG.E.64 2 R8 R6 8 1 0x7f3354ec2900 8 0 
80 0 0 21 00e0 ffffffff 0 STG.E.64 2 R8 R6 8 1 0x7f3354ea1500 8 0 
3 0 0 17 00e0 ffffffff 0 STG.E.64 2 R8 R6 8 1 0x7f3354e07100 8 0 
7 0 0 8 00a0 ffffffff 1 R4 LDG.E.64 1 R4 8 1 0x7f3354cd1e00 8 0 
53 0 0 11 00e0 ffffffff 0 STG.E.64 2 R8 R6 8 1 0x7f3354e6ab00 8 0 
62 0 0 28 00e0 ffffffff 0 STG.E.64 2 R8 R6 8 1 0x7f3354e7dc00 8 0 
58 0 0 0 00e0 ffffffff 0 STG.E.64 2 R8 R6 8 1 0x7f3354e74000 8 0 
12 0 0 18 00b0 ffffffff 1 R2 LDG.E.64 1 R2 8 1 0x7f3354c19200 8 0 
52 0 0 3 00e0 ffffffff 0 STG.E.64 2 R8 R6 8 1 0x7f3354e68300 8 0 
83 0 0 8 00e0 ffffffff 0 STG.E.64 2 R8 R6 8 1 0x7f3354ea6800 8 0 
69 0 0 9 00e0 ffffffff 0 STG.E.64 2 R8 R6 8 1 0x7f3354e8a900 8 0 
29 0 0 31 00e0 ffffffff 0 STG.E.64 2 R8 R6 8 1 0x7f3354e3bf00 8 0 
14 0 0 28 00e0 ffffffff 0 STG.E.64 2 R8 R6 8 1 0x7f3354e1dc00 8 0 
48 0 0 18 00e0 ffffffff 0 STG.E.64 2 R8 R6 8 1 0x7f3354e61200 8 0 
44 0 0 31 00e0 ffffffff 0 STG.E.64 2 R8 R6 8 1 0x7f3354e59f00 8 0 
46 0 0 3 00e0 ffffffff 0 STG.E.64 2 R8 R6 8 1 0x7f3354e5c300 8 0 
21 0 0 26 00e0 ffffffff 0 STG.E.64 2 R8 R6 8 1 0x7f3354e2ba00 8 0 
73 0 0 29 00e0 ffffffff 0 STG.E.64 2 R8 R6 8 1 0x7f3354e93d00 8 0 
47 0 0 18 00e0 ffffffff 0 STG.E.64 2 R8 R6 8 1 0x7f3354e5f200 8 0 
0 0 0 31 00e0 ffffffff 0 STG.E.64 2 R8 R6 8 1 0x7f3354e01f00 8 0 
75 0 0 5 00e0 ffffffff 0 STG.E.64 2 R8 R6 8 1 0x7f3354e96500 8 0 
43 0 0 12 00e0 ffffffff 0 STG.E.64 2 R8 R6 8 1 0x7f3354e56c00 8 0 
16 0 0 19 00e0 ffffffff 0 STG.E.64 2 R8 R6 8 1 0x7f3354e21300 8 0 
87 0 0 21 00e0 ffffffff 0 STG.E.64 2 R8 R6 8 1 0x7f3354eaf500 8 0 
95 0 0 29 00b0 ffffffff 1 R2 LDG.E.64 1 R2 8 1 0x7f3354cbfd00 8 0 
84 0 0 22 00e0 ffffffff 0 STG.E.64 2 R8 R6 8 1 0x7f3354ea9600 8 0 
55 0 0 18 00e0 ffffffff 0 STG.E.64 2 R8 R6 8 1 0x7f3354e6f200 8 0 
51 0 0 28 00e0 ffffffff 0 STG.E.64 2 R8 R6 8 1 0x7f3354e67c00 8 0 
40 0 0 9 00b0 ffffffff 1 R2 LDG.E.64 1 R2 8 1 0x7f3354c50900 8 0 
80 0 0 16 00e0 ffffffff 0 STG.E.64 2 R8 R6 8 1 0x7f3354ea1000 8 0 
3 0 0 16 00e0 ffffffff 0 STG.E.64 2 R8 R6 8 1 0x7f3354e07000 8 0 
66 0 0 0 00e0 ffffffff 0 STG.E.64 2 R8 R6 8 1 0x7f3354e84000 8 0 
26 0 0 11 00e0 ffffffff 0 STG.E.64 2 R8 R6 8 1 0x7f3354e34b00 8 0 
9 0 0 6 00e0 ffffffff 0 STG.E.64 2 R8 R6 8 1 0x7f3354e12600 8 0 
52 0 0 5 00e0 ffffffff 0 STG.E.64 2 R8 R6 8 1 0x7f3354e68500 8 0 
25 0 0 10 00e0 ffffffff 0 STG.E.64 2 R8 R6 8 1 0x7f3354e32a00 8 0 
94 0 0 15 00e0 ffffffff 0 STG.E.64 2 R8 R6 8 1 0x7f3354ebcf00 8 0 
18 0 0 30 00e0 ffffffff 0 STG.E.64 2 R8 R6 8 1 0x7f3354e25e00 8 0 
83 0 0 23 00e0 ffffffff 0 STG.E.64 2 R8 R6 8 1 0x7f3354ea7700 8 0 
33 0 0 8 00e0 ffffffff 0 STG.E.64 2 R8 R6 8 1 0x7f3354e42800 8 0 
45 0 0 5 00e0 ffffffff 0 STG.E.64 2 R8 R6 8 1 0x7f3354e5a500 8 0 
22 0 0 3 00e0 ffffffff 0 STG.E.64 2 R8 R6 8 1 0x7f3354e2c300 8 0 
44 0 0 26 00e0 ffffffff 0 STG.E.64 2 R8 R6 8 1 0x7f3354e59a00 8 0 
47 0 0 16 00e0 ffffffff 0 STG.E.64 2 R8 R6 8 1 0x7f3354e5f000 8 0 
7 0 0 23 00e0 ffffffff 0 STG.E.64 2 R8 R6 8 1 0x7f3354e0f700 8 0 
30 0 0 18 00e0 ffffffff 0 STG.E.64 2 R8 R6 8 1 0x7f3354e3d200 8 0 
61 0 0 16 00e0 ffffffff 0 STG.E.64 2 R8 R6 8 1 0x7f3354e7b000 8 0 
57 0 0 4 00e0 ffffffff 0 STG.E.64 2 R8 R6 8 1 0x7f3354e72400 8 0 
0 0 0 0 00e0 ffffffff 0 STG.E.64 2 R8 R6 8 1 0x7f3354e00000 8 0 
75 0 0 4 00e0 ffffffff 0 STG.E.64 2 R8 R6 8 1 0x7f3354e96400 8 0 
34 0 0 2 00e0 ffffffff 0 STG.E.64 2 R8 R6 8 1 0x7f3354e44200 8 0 
54 0 0 17 00e0 ffffffff 0 STG.E.64 2 R8 R6 8 1 0x7f3354e6d100 8 0 
37 0 0 4 00e0 ffffffff 0 STG.E.64 2 R8 R6 8 1 0x7f3354e4a400 8 0 
48 0 0 7 00e0 ffffffff 0 STG.E.64 2 R8 R6 8 1 0x7f3354e60700 8 0 
16 0 0 0 00e0 ffffffff 0 STG.E.64 2 R8 R6 8 1 0x7f3354e20000 8 0 
53 0 0 28 00e0 ffffffff 0 STG.E.64 2 R8 R6 8 1 0x7f3354e6bc00 8 0 
50 0 0 2 00e0 ffffffff 0 STG.E.64 2 R8 R6 8 1 0x7f3354e64200 8 0 
58 0 0 31 00e0 ffffffff 0 STG.E.64 2 R8 R6 8 1 0x7f3354e75f00 8 0 
35 0 0 8 00a0 ffffffff 1 R4 LDG.E.64 1 R4 8 1 0x7f3354d09e00 8 0 
60 0 0 18 00a0 ffffffff 1 R4 LDG.E.64 1 R4 8 1 0x7f3354d3c800 8 0 
49 0 0 30 00e0 ffffffff 0 STG.E.64 2 R8 R6 8 1 0x7f3354e63e00 8 0 
29 0 0 17 00e0 ffffffff 0 STG.E.64 2 R8 R6 8 1 0x7f3354e3b100 8 0 
42 0 0 7 00e0 ffffffff 0 STG.E.64 2 R8 R6 8 1 0x7f3354e54700 8 0 
84 0 0 18 00e0 ffffffff 0 STG.E.64 2 R8 R6 8 1 0x7f3354ea9200 8 0 
55 0 0 0 00e0 ffffffff 0 STG.E.64 2 R8 R6 8 1 0x7f3354e6e000 8 0 
43 0 0 13 00e0 ffffffff 0 STG.E.64 2 R8 R6 8 1 0x7f3354e56d00 8 0 
46 0 0 31 00e0 ffffffff 0 STG.E.64 2 R8 R6 8 1 0x7f3354e5df00 8 0 
97 0 0 20 00e0 ffffffff 0 STG.E.64 2 R8 R6 8 1 0x7f3354ec3400 8 0 
73 0 0 27 00e0 ffffffff 0 STG.E.64 2 R8 R6 8 1 0x7f3354e93b00 8 0 
62 0 0 27 00e0 ffffffff 0 STG.E.64 2 R8 R6 8 1 0x7f3354e7db00 8 0 
26 0 0 8 00e0 ffffffff 0 STG.E.64 2 R8 R6 8 1 0x7f3354e34800 8 0 
69 0 0 11 00e0 ffffffff 0 STG.E.64 2 R8 R6 8 1 0x7f3354e8ab00 8 0 
25 0 0 0 00e0 ffffffff 0 STG.E.64 2 R8 R6 8 1 0x7f3354e32000 8 0 
14 0 0 21 00e0 ffffffff 0 STG.E.64 2 R8 R6 8 1 0x7f3354e1d500 8 0 
18 0 0 16 00e0 ffffffff 0 STG.E.64 2 R8 R6 8 1 0x7f3354e25000 8 0 
21 0 0 20 00e0 ffffffff 0 STG.E.64 2 R8 R6 8 1 0x7f3354e2b400 8 0 
45 0 0 8 00e0 ffffffff 0 STG.E.64 2 R8 R6 8 1 0x7f3354e5a800 8 0 
66 0 0 5 00e0 ffffffff 0 STG.E.64 2 R8 R6 8 1 0x7f3354e84500 8 0 
30 0 0 19 00e0 ffffffff 0 STG.E.64 2 R8 R6 8 1 0x7f3354e3d300 8 0 
9 0 0 24 00e0 ffffffff 0 STG.E.64 2 R8 R6 8 1 0x7f3354e13800 8 0 
57 0 0 1 00e0 ffffffff 0 STG.E.64 2 R8 R6 8 1 0x7f3354e72100 8 0 
94 0 0 18 00e0 ffffffff 0 STG.E.64 2 R8 R6 8 1 0x7f3354ebd200 8 0 
54 0 0 14 00e0 ffffffff 0 STG.E.64 2 R8 R6 8 1 0x7f3354e6ce00 8 0 
33 0 0 9 00e0 ffffffff 0 STG.E.64 2 R8 R6 8 1 0x7f3354e42900 8 0 
53 0 0 18 00e0 ffffffff 0 STG.E.64 2 R8 R6 8 1 0x7f3354e6b200 8 0 
78 0 0 29 00e0 ffffffff 0 STG.E.64 2 R8 R6 8 1 0x7f3354e9dd00 8 0 
58 0 0 26 00e0 ffffffff 0 STG.E.64 2 R8 R6 8 1 0x7f3354e75a00 8 0 
61 0 0 22 00e0 ffffffff 0 STG.E.64 2 R8 R6 8 1 0x7f3354e7b600 8 0 
29 0 0 16 00e0 ffffffff 0 STG.E.64 2 R8 R6 8 1 0x7f3354e3b000 8 0 
34 0 0 1 00e0 ffffffff 0 STG.E.64 2 R8 R6 8 1 0x7f3354e44100 8 0 
46 0 0 2 00e0 ffffffff 0 STG.E.64 2 R8 R6 8 1 0x7f3354e5c200 8 0 
37 0 0 1 00e0 ffffffff 0 STG.E.64 2 R8 R6 8 1 0x7f3354e4a100 8 0 
73 0 0 26 00e0 ffffffff 0 STG.E.64 2 R8 R6 8 1 0x7f3354e93a00 8 0 
50 0 0 19 00e0 ffffffff 0 STG.E.64 2 R8 R6 8 1 0x7f3354e65300 8 0 
26 0 0 9 00e0 ffffffff 0 STG.E.64 2 R8 R6 8 1 0x7f3354e34900 8 0 
49 0 0 17 00e0 ffffffff 0 STG.E.64 2 R8 R6 8 1 0x7f3354e63100 8 0 
25 0 0 3 00e0 ffffffff 0 STG.E.64 2 R8 R6 8 1 0x7f3354e32300 8 0 
42 0 0 1 00e0 ffffffff 0 STG.E.64 2 R8 R6 8 1 0x7f3354e54100 8 0 
18 0 0 31 00e0 ffffffff 0 STG.E.64 2 R8 R6 8 1 0x7f3354e25f00 8 0 
97 0 0 5 00e0 ffffffff 0 STG.E.64 2 R8 R6 8 1 0x7f3354ec2500 8 0 
45 0 0 22 00e0 ffffffff 0 STG.E.64 2 R8 R6 8 1 0x7f3354e5b600 8 0 
62 0 0 16 00e0 ffffffff 0 STG.E.64 2 R8 R6 8 1 0x7f3354e7d000 8 0 
30 0 0 16 00e0 ffffffff 0 STG.E.64 2 R8 R6 8 1 0x7f3354e3d000 8 0 
69 0 0 5 00e0 ffffffff 0 STG.E.64 2 R8 R6 8 1 0x7f3354e8a500 8 0 
57 0 0 11 00e0 ffffffff 0 STG.E.64 2 R8 R6 8 1 0x7f3354e72b00 8 0 
14 0 0 25 00e0 ffffffff 0 STG.E.64 2 R8 R6 8 1 0x7f3354e1d900 8 0 
54 0 0 27 00e0 ffffffff 0 STG.E.64 2 R8 R6 8 1 0x7f3354e6db00 8 0 
21 0 0 16 00e0 ffffffff 0 STG.E.64 2 R8 R6 8 1 0x7f3354e2b000 8 0 
53 0 0 5 00e0 ffffffff 0 STG.E.64 2 R8 R6 8 1 0x7f3354e6a500 8 0 
66 0 0 2 00e0 ffffffff 0 STG.E.64 2 R8 R6 8 1 0x7f3354e84200 8 0 
2 0 0 30 00e0 ffffffff 0 STG.E.64 2 R8 R6 8 1 0x7f3354e05e00 8 0 
9 0 0 21 00e0 ffffffff 0 STG.E.64 2 R8 R6 8 1 0x7f3354e13500 8 0 
29 0 0 26 00e0 ffffffff 0 STG.E.64 2 R8 R6 8 1 0x7f3354e3ba00 8 0 
94 0 0 11 00e0 ffffffff 0 STG.E.64 2 R8 R6 8 1 0x7f3354ebcb00 8 0 
46 0 0 1 00e0 ffffffff 0 STG.E.64 2 R8 R6 8 1 0x7f3354e5c100 8 0 
33 0 0 6 00e0 ffffffff 0 STG.E.64 2 R8 R6 8 1 0x7f3354e42600 8 0 
73 0 0 22 00e0 ffffffff 0 STG.E.64 2 R8 R6 8 1 0x7f3354e93600 8 0 
78 0 0 30 00e0 ffffffff 0 STG.E.64 2 R8 R6 8 1 0x7f3354e9de00 8 0 
26 0 0 7 00e0 ffffffff 0 STG.E.64 2 R8 R6 8 1 0x7f3354e34700 8 0 
61 0 0 4 00e0 ffffffff 0 STG.E.64 2 R8 R6 8 1 0x7f3354e7a400 8 0 
25 0 0 8 00e0 ffffffff 0 STG.E.64 2 R8 R6 8 1 0x7f3354e32800 8 0 
34 0 0 0 00e0 ffffffff 0 STG.E.64 2 R8 R6 8 1 0x7f3354e44000 8 0 
18 0 0 20 00e0 ffffffff 0 STG.E.64 2 R8 R6 8 1 0x7f3354e25400 8 0 
37 0 0 29 00e0 ffffffff 0 STG.E.64 2 R8 R6 8 1 0x7f3354e4bd00 8 0 
45 0 0 15 00e0 ffffffff 0 STG.E.64 2 R8 R6 8 1 0x7f3354e5af00 8 0 
50 0 0 23 00e0 ffffffff 0 STG.E.64 2 R8 R6 8 1 0x7f3354e65700 8 0 
30 0 0 29 00e0 ffffffff 0 STG.E.64 2 R8 R6 8 1 0x7f3354e3dd00 8 0 
49 0 0 22 00e0 ffffffff 0 STG.E.64 2 R8 R6 8 1 0x7f3354e63600 8 0 
57 0 0 18 00e0 ffffffff 0 STG.E.64 2 R8 R6 8 1 0x7f3354e73200 8 0 
42 0 0 6 00e0 ffffffff 0 STG.E.64 2 R8 R6 8 1 0x7f3354e54600 8 0 
54 0 0 0 00e0 ffffffff 0 STG.E.64 2 R8 R6 8 1 0x7f3354e6c000 8 0 
97 0 0 19 00e0 ffffffff 0 STG.E.64 2 R8 R6 8 1 0x7f3354ec3300 8 0 
53 0 0 27 00e0 ffffffff 0 STG.E.64 2 R8 R6 8 1 0x7f3354e6bb00 8 0 
62 0 0 14 00e0 ffffffff 0 STG.E.64 2 R8 R6 8 1 0x7f3354e7ce00 8 0 
2 0 0 26 00e0 ffffffff 0 STG.E.64 2 R8 R6 8 1 0x7f3354e05a00 8 0 
80 0 0 18 00e0 ffffffff 0 STG.E.64 2 R8 R6 8 1 0x7f3354ea1200 8 0 
3 0 0 13 00e0 ffffffff 0 STG.E.64 2 R8 R6 8 1 0x7f3354e06d00 8 0 
69 0 0 10 00e0 ffffffff 0 STG.E.64 2 R8 R6 8 1 0x7f3354e8aa00 8 0 
29 0 0 21 00e0 ffffffff 0 STG.E.64 2 R8 R6 8 1 0x7f3354e3b500 8 0 
14 0 0 31 00e0 ffffffff 0 STG.E.64 2 R8 R6 8 1 0x7f3354e1df00 8 0 
44 0 0 25 00e0 ffffffff 0 STG.E.64 2 R8 R6 8 1 0x7f3354e59900 8 0 
83 0 0 21 00e0 ffffffff 0 STG.E.64 2 R8 R6 8 1 0x7f3354ea7500 8 0 
46 0 0 7 00e0 ffffffff 0 STG.E.64 2 R8 R6 8 1 0x7f3354e5c700 8 0 
21 0 0 31 00e0 ffffffff 0 STG.E.64 2 R8 R6 8 1 0x7f3354e2bf00 8 0 
73 0 0 28 00e0 ffffffff 0 STG.E.64 2 R8 R6 8 1 0x7f3354e93c00 8 0 
51 0 0 24 00e0 ffffffff 0 STG.E.64 2 R8 R6 8 1 0x7f3354e67800 8 0 
0 0 0 7 00e0 ffffffff 0 STG.E.64 2 R8 R6 8 1 0x7f3354e00700 8 0 
66 0 0 1 00e0 ffffffff 0 STG.E.64 2 R8 R6 8 1 0x7f3354e84100 8 0 
26 0 0 5 00e0 ffffffff 0 STG.E.64 2 R8 R6 8 1 0x7f3354e34500 8 0 
9 0 0 18 00e0 ffffffff 0 STG.E.64 2 R8 R6 8 1 0x7f3354e13200 8 0 
47 0 0 7 00e0 ffffffff 0 STG.E.64 2 R8 R6 8 1 0x7f3354e5e700 8 0 
11 0 0 24 00e0 ffffffff 0 STG.E.64 2 R8 R6 8 1 0x7f3354e17800 8 0 
25 0 0 29 00e0 ffffffff 0 STG.E.64 2 R8 R6 8 1 0x7f3354e33d00 8 0 
94 0 0 14 00e0 ffffffff 0 STG.E.64 2 R8 R6 8 1 0x7f3354ebce00 8 0 
18 0 0 26 00e0 ffffffff 0 STG.E.64 2 R8 R6 8 1 0x7f3354e25a00 8 0 
16 0 0 5 00e0 ffffffff 0 STG.E.64 2 R8 R6 8 1 0x7f3354e20500 8 0 
75 0 0 3 00e0 ffffffff 0 STG.E.64 2 R8 R6 8 1 0x7f3354e96300 8 0 
79 0 0 10 00b0 ffffffff 1 R2 LDG.E.64 1 R2 8 1 0x7f3354c9ea00 8 0 
33 0 0 5 00e0 ffffffff 0 STG.E.64 2 R8 R6 8 1 0x7f3354e42500 8 0 
45 0 0 1 00e0 ffffffff 0 STG.E.64 2 R8 R6 8 1 0x7f3354e5a100 8 0 
78 0 0 27 00e0 ffffffff 0 STG.E.64 2 R8 R6 8 1 0x7f3354e9db00 8 0 
87 0 0 17 00e0 ffffffff 0 STG.E.64 2 R8 R6 8 1 0x7f3354eaf100 8 0 
30 0 0 31 00e0 ffffffff 0 STG.E.64 2 R8 R6 8 1 0x7f3354e3df00 8 0 
61 0 0 13 00e0 ffffffff 0 STG.E.64 2 R8 R6 8 1 0x7f3354e7ad00 8 0 
57 0 0 0 00e0 ffffffff 0 STG.E.64 2 R8 R6 8 1 0x7f3354e72000 8 0 
7 0 0 14 00b0 ffffffff 1 R2 LDG.E.64 1 R2 8 1 0x7f3354c0ee00 8 0 
12 0 0 30 00a0 ffffffff 1 R4 LDG.E.64 1 R4 8 1 0x7f3354cdd400 8 0 
80 0 0 19 00e0 ffffffff 0 STG.E.64 2 R8 R6 8 1 0x7f3354ea1300 8 0 
34 0 0 5 00e0 ffffffff 0 STG.E.64 2 R8 R6 8 1 0x7f3354e44500 8 0 
54 0 0 10 00e0 ffffffff 0 STG.E.64 2 R8 R6 8 1 0x7f3354e6ca00 8 0 
55 0 0 25 00e0 ffffffff 0 STG.E.64 2 R8 R6 8 1 0x7f3354e6f900 8 0 
48 0 0 12 00e0 ffffffff 0 STG.E.64 2 R8 R6 8 1 0x7f3354e60c00 8 0 
44 0 0 24 00e0 ffffffff 0 STG.E.64 2 R8 R6 8 1 0x7f3354e59800 8 0 
3 0 0 11 00e0 ffffffff 0 STG.E.64 2 R8 R6 8 1 0x7f3354e06b00 8 0 
35 0 0 9 00b0 ffffffff 1 R2 LDG.E.64 1 R2 8 1 0x7f3354c46900 8 0 
60 0 0 25 00b0 ffffffff 1 R2 LDG.E.64 1 R2 8 1 0x7f3354c79900 8 0 
0 0 0 6 00e0 ffffffff 0 STG.E.64 2 R8 R6 8 1 0x7f3354e00600 8 0 
83 0 0 17 00e0 ffffffff 0 STG.E.64 2 R8 R6 8 1 0x7f3354ea7100 8 0 
43 0 0 3 00e0 ffffffff 0 STG.E.64 2 R8 R6 8 1 0x7f3354e56300 8 0 
16 0 0 2 00e0 ffffffff 0 STG.E.64 2 R8 R6 8 1 0x7f3354e20200 8 0 
47 0 0 14 00e0 ffffffff 0 STG.E.64 2 R8 R6 8 1 0x7f3354e5ee00 8 0 
95 0 0 20 00b0 ffffffff 1 R2 LDG.E.64 1 R2 8 1 0x7f3354cbf400 8 0 
37 0 0 16 00e0 ffffffff 0 STG.E.64 2 R8 R6 8 1 0x7f3354e4b000 8 0 
53 0 0 10 00e0 ffffffff 0 STG.E.64 2 R8 R6 8 1 0x7f3354e6aa00 8 0 
50 0 0 21 00e0 ffffffff 0 STG.E.64 2 R8 R6 8 1 0x7f3354e65500 8 0 
32 0 0 16 00a0 ffffffff 1 R4 LDG.E.64 1 R4 8 1 0x7f3354d04600 8 0 
84 0 0 20 00e0 ffffffff 0 STG.E.64 2 R8 R6 8 1 0x7f3354ea9400 8 0 
75 0 0 0 00e0 ffffffff 0 STG.E.64 2 R8 R6 8 1 0x7f3354e96000 8 0 
2 0 0 28 00e0 ffffffff 0 STG.E.64 2 R8 R6 8 1 0x7f3354e05c00 8 0 
49 0 0 25 00e0 ffffffff 0 STG.E.64 2 R8 R6 8 1 0x7f3354e63900 8 0 
29 0 0 15 00e0 ffffffff 0 STG.E.64 2 R8 R6 8 1 0x7f3354e3af00 8 0 
51 0 0 10 00e0 ffffffff 0 STG.E.64 2 R8 R6 8 1 0x7f3354e66a00 8 0 
80 0 0 14 00e0 ffffffff 0 STG.E.64 2 R8 R6 8 1 0x7f3354ea0e00 8 0 
42 0 0 4 00e0 ffffffff 0 STG.E.64 2 R8 R6 8 1 0x7f3354e54400 8 0 
46 0 0 4 00e0 ffffffff 0 STG.E.64 2 R8 R6 8 1 0x7f3354e5c400 8 0 
97 0 0 14 00e0 ffffffff 0 STG.E.64 2 R8 R6 8 1 0x7f3354ec2e00 8 0 
87 0 0 13 00e0 ffffffff 0 STG.E.64 2 R8 R6 8 1 0x7f3354eaed00 8 0 
64 0 0 13 00a0 ffffffff 1 R4 LDG.E.64 1 R4 8 1 0x7f3354d44300 8 0 
73 0 0 25 00e0 ffffffff 0 STG.E.64 2 R8 R6 8 1 0x7f3354e93900 8 0 
62 0 0 10 00e0 ffffffff 0 STG.E.64 2 R8 R6 8 1 0x7f3354e7ca00 8 0 
26 0 0 10 00e0 ffffffff 0 STG.E.64 2 R8 R6 8 1 0x7f3354e34a00 8 0 
52 0 0 8 00e0 ffffffff 0 STG.E.64 2 R8 R6 8 1 0x7f3354e68800 8 0 
55 0 0 7 00e0 ffffffff 0 STG.E.64 2 R8 R6 8 1 0x7f3354e6e700 8 0 
69 0 0 4 00e0 ffffffff 0 STG.E.64 2 R8 R6 8 1 0x7f3354e8a400 8 0 
25 0 0 6 00e0 ffffffff 0 STG.E.64 2 R8 R6 8 1 0x7f3354e32600 8 0 
14 0 0 24 00e0 ffffffff 0 STG.E.64 2 R8 R6 8 1 0x7f3354e1d800 8 0 
44 0 0 23 00e0 ffffffff 0 STG.E.64 2 R8 R6 8 1 0x7f3354e59700 8 0 
3 0 0 9 00e0 ffffffff 0 STG.E.64 2 R8 R6 8 1 0x7f3354e06900 8 0 
18 0 0 27 00e0 ffffffff 0 STG.E.64 2 R8 R6 8 1 0x7f3354e25b00 8 0 
21 0 0 21 00e0 ffffffff 0 STG.E.64 2 R8 R6 8 1 0x7f3354e2b500 8 0 
45 0 0 4 00e0 ffffffff 0 STG.E.64 2 R8 R6 8 1 0x7f3354e5a400 8 0 
7 0 0 10 00b0 ffffffff 1 R2 LDG.E.64 1 R2 8 1 0x7f3354c0ea00 8 0 
0 0 0 8 00e0 ffffffff 0 STG.E.64 2 R8 R6 8 1 0x7f3354e00800 8 0 
10 0 0 15 00e0 ffffffff 0 STG.E.64 2 R8 R6 8 1 0x7f3354e14f00 8 0 
30 0 0 30 00e0 ffffffff 0 STG.E.64 2 R8 R6 8 1 0x7f3354e3de00 8 0 
9 0 0 28 00e0 ffffffff 0 STG.E.64 2 R8 R6 8 1 0x7f3354e13c00 8 0 
83 0 0 9 00e0 ffffffff 0 STG.E.64 2 R8 R6 8 1 0x7f3354ea6900 8 0 
48 0 0 14 00e0 ffffffff 0 STG.E.64 2 R8 R6 8 1 0x7f3354e60e00 8 0 
57 0 0 10 00e0 ffffffff 0 STG.E.64 2 R8 R6 8 1 0x7f3354e72a00 8 0 
94 0 0 17 00e0 ffffffff 0 STG.E.64 2 R8 R6 8 1 0x7f3354ebd100 8 0 
54 0 0 1 00e0 ffffffff 0 STG.E.64 2 R8 R6 8 1 0x7f3354e6c100 8 0 
16 0 0 9 00e0 ffffffff 0 STG.E.64 2 R8 R6 8 1 0x7f3354e20900 8 0 
47 0 0 17 00e0 ffffffff 0 STG.E.64 2 R8 R6 8 1 0x7f3354e5f100 8 0 
33 0 0 11 00e0 ffffffff 0 STG.E.64 2 R8 R6 8 1 0x7f3354e42b00 8 0 
53 0 0 3 00e0 ffffffff 0 STG.E.64 2 R8 R6 8 1 0x7f3354e6a300 8 0 
78 0 0 25 00e0 ffffffff 0 STG.E.64 2 R8 R6 8 1 0x7f3354e9d900 8 0 
60 0 0 21 00a0 ffffffff 1 R4 LDG.E.64 1 R4 8 1 0x7f3354d3cb00 8 0 
84 0 0 17 00e0 ffffffff 0 STG.E.64 2 R8 R6 8 1 0x7f3354ea9100 8 0 
75 0 0 1 00e0 ffffffff 0 STG.E.64 2 R8 R6 8 1 0x7f3354e96100 8 0 
2 0 0 22 00e0 ffffffff 0 STG.E.64 2 R8 R6 8 1 0x7f3354e05600 8 0 
61 0 0 9 00e0 ffffffff 0 STG.E.64 2 R8 R6 8 1 0x7f3354e7a900 8 0 
29 0 0 20 00e0 ffffffff 0 STG.E.64 2 R8 R6 8 1 0x7f3354e3b400 8 0 
43 0 0 0 00e0 ffffffff 0 STG.E.64 2 R8 R6 8 1 0x7f3354e56000 8 0 
20 0 0 9 00a0 ffffffff 1 R4 LDG.E.64 1 R4 8 1 0x7f3354cebf00 8 0 
80 0 0 10 00e0 ffffffff 0 STG.E.64 2 R8 R6 8 1 0x7f3354ea0a00 8 0 
90 0 0 26 00e0 ffffffff 0 STG.E.64 2 R8 R6 8 1 0x7f3354eb5a00 8 0 
46 0 0 21 00e0 ffffffff 0 STG.E.64 2 R8 R6 8 1 0x7f3354e5d500 8 0 
37 0 0 3 00e0 ffffffff 0 STG.E.64 2 R8 R6 8 1 0x7f3354e4a300 8 0 
87 0 0 30 00e0 ffffffff 0 STG.E.64 2 R8 R6 8 1 0x7f3354eafe00 8 0 
32 0 0 24 00b0 ffffffff 1 R2 LDG.E.64 1 R2 8 1 0x7f3354c41800 8 0 
73 0 0 24 00e0 ffffffff 0 STG.E.64 2 R8 R6 8 1 0x7f3354e93800 8 0 
50 0 0 20 00e0 ffffffff 0 STG.E.64 2 R8 R6 8 1 0x7f3354e65400 8 0 
26 0 0 3 00e0 ffffffff 0 STG.E.64 2 R8 R6 8 1 0x7f3354e34300 8 0 
52 0 0 27 00e0 ffffffff 0 STG.E.64 2 R8 R6 8 1 0x7f3354e69b00 8 0 
55 0 0 6 00e0 ffffffff 0 STG.E.64 2 R8 R6 8 1 0x7f3354e6e600 8 0 
51 0 0 0 00e0 ffffffff 0 STG.E.64 2 R8 R6 8 1 0x7f3354e66000 8 0 
49 0 0 23 00e0 ffffffff 0 STG.E.64 2 R8 R6 8 1 0x7f3354e63700 8 0 
81 0 0 30 00e0 ffffffff 0 STG.E.64 2 R8 R6 8 1 0x7f3354ea3e00 8 0 
42 0 0 3 00e0 ffffffff 0 STG.E.64 2 R8 R6 8 1 0x7f3354e54300 8 0 
40 0 0 12 00b0 ffffffff 1 R2 LDG.E.64 1 R2 8 1 0x7f3354c50c00 8 0 
44 0 0 6 00e0 ffffffff 0 STG.E.64 2 R8 R6 8 1 0x7f3354e58600 8 0 
3 0 0 14 00e0 ffffffff 0 STG.E.64 2 R8 R6 8 1 0x7f3354e06e00 8 0 
18 0 0 12 00e0 ffffffff 0 STG.E.64 2 R8 R6 8 1 0x7f3354e24c00 8 0 
97 0 0 17 00e0 ffffffff 0 STG.E.64 2 R8 R6 8 1 0x7f3354ec3100 8 0 
45 0 0 18 00e0 ffffffff 0 STG.E.64 2 R8 R6 8 1 0x7f3354e5b200 8 0 
64 0 0 2 00a0 ffffffff 1 R4 LDG.E.64 1 R4 8 1 0x7f3354d43800 8 0 
0 0 0 5 00e0 ffffffff 0 STG.E.64 2 R8 R6 8 1 0x7f3354e00500 8 0 
62 0 0 29 00e0 ffffffff 0 STG.E.64 2 R8 R6 8 1 0x7f3354e7dd00 8 0 
30 0 0 28 00e0 ffffffff 0 STG.E.64 2 R8 R6 8 1 0x7f3354e3dc00 8 0 
83 0 0 19 00e0 ffffffff 0 STG.E.64 2 R8 R6 8 1 0x7f3354ea7300 8 0 
79 0 0 6 00b0 ffffffff 1 R2 LDG.E.64 1 R2 8 1 0x7f3354c9e600 8 0 
16 0 0 7 00e0 ffffffff 0 STG.E.64 2 R8 R6 8 1 0x7f3354e20700 8 0 
47 0 0 2 00e0 ffffffff 0 STG.E.64 2 R8 R6 8 1 0x7f3354e5e200 8 0 
7 0 0 1 00b0 ffffffff 1 R2 LDG.E.64 1 R2 8 1 0x7f3354c0e100 8 0 
12 0 0 21 00a0 ffffffff 1 R4 LDG.E.64 1 R4 8 1 0x7f3354cdcb00 8 0 
84 0 0 15 00e0 ffffffff 0 STG.E.64 2 R8 R6 8 1 0x7f3354ea8f00 8 0 
75 0 0 10 00e0 ffffffff 0 STG.E.64 2 R8 R6 8 1 0x7f3354e96a00 8 0 
48 0 0 4 00e0 ffffffff 0 STG.E.64 2 R8 R6 8 1 0x7f3354e60400 8 0 
80 0 0 12 00e0 ffffffff 0 STG.E.64 2 R8 R6 8 1 0x7f3354ea0c00 8 0 
69 0 0 6 00e0 ffffffff 0 STG.E.64 2 R8 R6 8 1 0x7f3354e8a600 8 0 
57 0 0 7 00e0 ffffffff 0 STG.E.64 2 R8 R6 8 1 0x7f3354e72700 8 0 
14 0 0 27 00e0 ffffffff 0 STG.E.64 2 R8 R6 8 1 0x7f3354e1db00 8 0 
60 0 0 31 00a0 ffffffff 1 R4 LDG.E.64 1 R4 8 1 0x7f3354d3d500 8 0 
54 0 0 3 00e0 ffffffff 0 STG.E.64 2 R8 R6 8 1 0x7f3354e6c300 8 0 
21 0 0 27 00e0 ffffffff 0 STG.E.64 2 R8 R6 8 1 0x7f3354e2bb00 8 0 
53 0 0 8 00e0 ffffffff 0 STG.E.64 2 R8 R6 8 1 0x7f3354e6a800 8 0 
10 0 0 28 00e0 ffffffff 0 STG.E.64 2 R8 R6 8 1 0x7f3354e15c00 8 0 
2 0 0 29 00e0 ffffffff 0 STG.E.64 2 R8 R6 8 1 0x7f3354e05d00 8 0 
9 0 0 31 00e0 ffffffff 0 STG.E.64 2 R8 R6 8 1 0x7f3354e13f00 8 0 
29 0 0 18 00e0 ffffffff 0 STG.E.64 2 R8 R6 8 1 0x7f3354e3b200 8 0 
94 0 0 10 00e0 ffffffff 0 STG.E.64 2 R8 R6 8 1 0x7f3354ebca00 8 0 
46 0 0 18 00e0 ffffffff 0 STG.E.64 2 R8 R6 8 1 0x7f3354e5d200 8 0 
33 0 0 2 00e0 ffffffff 0 STG.E.64 2 R8 R6 8 1 0x7f3354e42200 8 0 
73 0 0 21 00e0 ffffffff 0 STG.E.64 2 R8 R6 8 1 0x7f3354e93500 8 0 
78 0 0 23 00e0 ffffffff 0 STG.E.64 2 R8 R6 8 1 0x7f3354e9d700 8 0 
26 0 0 1 00e0 ffffffff 0 STG.E.64 2 R8 R6 8 1 0x7f3354e34100 8 0 
61 0 0 12 00e0 ffffffff 0 STG.E.64 2 R8 R6 8 1 0x7f3354e7ac00 8 0 
81 0 0 13 00e0 ffffffff 0 STG.E.64 2 R8 R6 8 1 0x7f3354ea2d00 8 0 
90 0 0 31 00e0 ffffffff 0 STG.E.64 2 R8 R6 8 1 0x7f3354eb5f00 8 0 
18 0 0 25 00e0 ffffffff 0 STG.E.64 2 R8 R6 8 1 0x7f3354e25900 8 0 
37 0 0 10 00e0 ffffffff 0 STG.E.64 2 R8 R6 8 1 0x7f3354e4aa00 8 0 
45 0 0 11 00e0 ffffffff 0 STG.E.64 2 R8 R6 8 1 0x7f3354e5ab00 8 0 
50 0 0 28 00e0 ffffffff 0 STG.E.64 2 R8 R6 8 1 0x7f3354e65c00 8 0 
30 0 0 25 00e0 ffffffff 0 STG.E.64 2 R8 R6 8 1 0x7f3354e3d900 8 0 
49 0 0 24 00e0 ffffffff 0 STG.E.64 2 R8 R6 8 1 0x7f3354e63800 8 0 
57 0 0 3 00e0 ffffffff 0 STG.E.64 2 R8 R6 8 1 0x7f3354e72300 8 0 
42 0 0 5 00e0 ffffffff 0 STG.E.64 2 R8 R6 8 1 0x7f3354e54500 8 0 
54 0 0 13 00e0 ffffffff 0 STG.E.64 2 R8 R6 8 1 0x7f3354e6cd00 8 0 
97 0 0 12 00e0 ffffffff 0 STG.E.64 2 R8 R6 8 1 0x7f3354ec2c00 8 0 
53 0 0 21 00e0 ffffffff 0 STG.E.64 2 R8 R6 8 1 0x7f3354e6b500 8 0 
62 0 0 15 00e0 ffffffff 0 STG.E.64 2 R8 R6 8 1 0x7f3354e7cf00 8 0 
2 0 0 24 00e0 ffffffff 0 STG.E.64 2 R8 R6 8 1 0x7f3354e05800 8 0 
69 0 0 25 00e0 ffffffff 0 STG.E.64 2 R8 R6 8 1 0x7f3354e8b900 8 0 
29 0 0 29 00e0 ffffffff 0 STG.E.64 2 R8 R6 8 1 0x7f3354e3bd00 8 0 
14 0 0 29 00e0 ffffffff 0 STG.E.64 2 R8 R6 8 1 0x7f3354e1dd00 8 0 
46 0 0 24 00e0 ffffffff 0 STG.E.64 2 R8 R6 8 1 0x7f3354e5d800 8 0 
21 0 0 17 00e0 ffffffff 0 STG.E.64 2 R8 R6 8 1 0x7f3354e2b100 8 0 
73 0 0 30 00e0 ffffffff 0 STG.E.64 2 R8 R6 8 1 0x7f3354e93e00 8 0 
10 0 0 24 00e0 ffffffff 0 STG.E.64 2 R8 R6 8 1 0x7f3354e15800 8 0 
26 0 0 6 00e0 ffffffff 0 STG.E.64 2 R8 R6 8 1 0x7f3354e34600 8 0 
9 0 0 16 00e0 ffffffff 0 STG.E.64 2 R8 R6 8 1 0x7f3354e13000 8 0 
81 0 0 31 00e0 ffffffff 0 STG.E.64 2 R8 R6 8 1 0x7f3354ea3f00 8 0 
94 0 0 13 00e0 ffffffff 0 STG.E.64 2 R8 R6 8 1 0x7f3354ebcd00 8 0 
18 0 0 22 00e0 ffffffff 0 STG.E.64 2 R8 R6 8 1 0x7f3354e25600 8 0 
33 0 0 4 00e0 ffffffff 0 STG.E.64 2 R8 R6 8 1 0x7f3354e42400 8 0 
45 0 0 29 00e0 ffffffff 0 STG.E.64 2 R8 R6 8 1 0x7f3354e5bd00 8 0 
78 0 0 21 00e0 ffffffff 0 STG.E.64 2 R8 R6 8 1 0x7f3354e9d500 8 0 
30 0 0 26 00e0 ffffffff 0 STG.E.64 2 R8 R6 8 1 0x7f3354e3da00 8 0 
61 0 0 14 00e0 ffffffff 0 STG.E.64 2 R8 R6 8 1 0x7f3354e7ae00 8 0 
57 0 0 6 00e0 ffffffff 0 STG.E.64 2 R8 R6 8 1 0x7f3354e72600 8 0 
90 0 0 28 00e0 ffffffff 0 STG.E.64 2 R8 R6 8 1 0x7f3354eb5c00 8 0 
54 0 0 20 00e0 ffffffff 0 STG.E.64 2 R8 R6 8 1 0x7f3354e6d400 8 0 
37 0 0 0 00e0 ffffffff 0 STG.E.64 2 R8 R6 8 1 0x7f3354e4a000 8 0 
53 0 0 19 00e0 ffffffff 0 STG.E.64 2 R8 R6 8 1 0x7f3354e6b300 8 0 
50 0 0 27 00e0 ffffffff 0 STG.E.64 2 R8 R6 8 1 0x7f3354e65b00 8 0 
2 0 0 31 00e0 ffffffff 0 STG.E.64 2 R8 R6 8 1 0x7f3354e05f00 8 0 
49 0 0 14 00e0 ffffffff 0 STG.E.64 2 R8 R6 8 1 0x7f3354e62e00 8 0 
29 0 0 22 00e0 ffffffff 0 STG.E.64 2 R8 R6 8 1 0x7f3354e3b600 8 0 
42 0 0 10 00e0 ffffffff 0 STG.E.64 2 R8 R6 8 1 0x7f3354e54a00 8 0 
46 0 0 19 00e0 ffffffff 0 STG.E.64 2 R8 R6 8 1 0x7f3354e5d300 8 0 
97 0 0 15 00e0 ffffffff 0 STG.E.64 2 R8 R6 8 1 0x7f3354ec2f00 8 0 
73 0 0 17 00e0 ffffffff 0 STG.E.64 2 R8 R6 8 1 0x7f3354e93100 8 0 
62 0 0 25 00e0 ffffffff 0 STG.E.64 2 R8 R6 8 1 0x7f3354e7d900 8 0 
26 0 0 12 00e0 ffffffff 0 STG.E.64 2 R8 R6 8 1 0x7f3354e34c00 8 0 
25 0 0 2 00e0 ffffffff 0 STG.E.64 2 R8 R6 8 1 0x7f3354e32200 8 0 
14 0 0 26 00e0 ffffffff 0 STG.E.64 2 R8 R6 8 1 0x7f3354e1da00 8 0 
18 0 0 21 00e0 ffffffff 0 STG.E.64 2 R8 R6 8 1 0x7f3354e25500 8 0 
21 0 0 22 00e0 ffffffff 0 STG.E.64 2 R8 R6 8 1 0x7f3354e2b600 8 0 
45 0 0 0 00e0 ffffffff 0 STG.E.64 2 R8 R6 8 1 0x7f3354e5a000 8 0 
10 0 0 31 00e0 ffffffff 0 STG.E.64 2 R8 R6 8 1 0x7f3354e15f00 8 0 
30 0 0 13 00e0 ffffffff 0 STG.E.64 2 R8 R6 8 1 0x7f3354e3cd00 8 0 
55 0 0 24 00e0 ffffffff 0 STG.E.64 2 R8 R6 8 1 0x7f3354e6f800 8 0 
43 0 0 9 00e0 ffffffff 0 STG.E.64 2 R8 R6 8 1 0x7f3354e56900 8 0 
20 0 0 4 00a0 ffffffff 1 R4 LDG.E.64 1 R4 8 1 0x7f3354ceba00 8 0 
9 0 0 27 00e0 ffffffff 0 STG.E.64 2 R8 R6 8 1 0x7f3354e13b00 8 0 
57 0 0 2 00e0 ffffffff 0 STG.E.64 2 R8 R6 8 1 0x7f3354e72200 8 0 
94 0 0 9 00e0 ffffffff 0 STG.E.64 2 R8 R6 8 1 0x7f3354ebc900 8 0 
44 0 0 12 00e0 ffffffff 0 STG.E.64 2 R8 R6 8 1 0x7f3354e58c00 8 0 
3 0 0 12 00e0 ffffffff 0 STG.E.64 2 R8 R6 8 1 0x7f3354e06c00 8 0 
95 0 0 25 00b0 ffffffff 1 R2 LDG.E.64 1 R2 8 1 0x7f3354cbf900 8 0 
54 0 0 5 00e0 ffffffff 0 STG.E.64 2 R8 R6 8 1 0x7f3354e6c500 8 0 
33 0 0 7 00e0 ffffffff 0 STG.E.64 2 R8 R6 8 1 0x7f3354e42700 8 0 
53 0 0 2 00e0 ffffffff 0 STG.E.64 2 R8 R6 8 1 0x7f3354e6a200 8 0 
88 0 0 29 00b0 ffffffff 1 R2 LDG.E.64 1 R2 8 1 0x7f3354cb1d00 8 0 
0 0 0 9 00e0 ffffffff 0 STG.E.64 2 R8 R6 8 1 0x7f3354e00900 8 0 
83 0 0 4 00e0 ffffffff 0 STG.E.64 2 R8 R6 8 1 0x7f3354ea6400 8 0 
78 0 0 26 00e0 ffffffff 0 STG.E.64 2 R8 R6 8 1 0x7f3354e9da00 8 0 
2 0 0 23 00e0 ffffffff 0 STG.E.64 2 R8 R6 8 1 0x7f3354e05700 8 0 
61 0 0 11 00e0 ffffffff 0 STG.E.64 2 R8 R6 8 1 0x7f3354e7ab00 8 0 
51 0 0 7 00e0 ffffffff 0 STG.E.64 2 R8 R6 8 1 0x7f3354e66700 8 0 
40 0 0 2 00b0 ffffffff 1 R2 LDG.E.64 1 R2 8 1 0x7f3354c50200 8 0 
16 0 0 18 00e0 ffffffff 0 STG.E.64 2 R8 R6 8 1 0x7f3354e21200 8 0 
29 0 0 13 00e0 ffffffff 0 STG.E.64 2 R8 R6 8 1 0x7f3354e3ad00 8 0 
90 0 0 27 00e0 ffffffff 0 STG.E.64 2 R8 R6 8 1 0x7f3354eb5b00 8 0 
47 0 0 8 00e0 ffffffff 0 STG.E.64 2 R8 R6 8 1 0x7f3354e5e800 8 0 
37 0 0 2 00e0 ffffffff 0 STG.E.64 2 R8 R6 8 1 0x7f3354e4a200 8 0 
73 0 0 23 00e0 ffffffff 0 STG.E.64 2 R8 R6 8 1 0x7f3354e93700 8 0 
50 0 0 25 00e0 ffffffff 0 STG.E.64 2 R8 R6 8 1 0x7f3354e65900 8 0 
84 0 0 25 00e0 ffffffff 0 STG.E.64 2 R8 R6 8 1 0x7f3354ea9900 8 0 
75 0 0 6 00e0 ffffffff 0 STG.E.64 2 R8 R6 8 1 0x7f3354e96600 8 0 
26 0 0 2 00e0 ffffffff 0 STG.E.64 2 R8 R6 8 1 0x7f3354e34200 8 0 
49 0 0 31 00e0 ffffffff 0 STG.E.64 2 R8 R6 8 1 0x7f3354e63f00 8 0 
81 0 0 23 00e0 ffffffff 0 STG.E.64 2 R8 R6 8 1 0x7f3354ea3700 8 0 
87 0 0 9 00e0 ffffffff 0 STG.E.64 2 R8 R6 8 1 0x7f3354eae900 8 0 
42 0 0 21 00e0 ffffffff 0 STG.E.64 2 R8 R6 8 1 0x7f3354e55500 8 0 
18 0 0 8 00e0 ffffffff 0 STG.E.64 2 R8 R6 8 1 0x7f3354e24800 8 0 
97 0 0 16 00e0 ffffffff 0 STG.E.64 2 R8 R6 8 1 0x7f3354ec3000 8 0 
52 0 0 18 00e0 ffffffff 0 STG.E.64 2 R8 R6 8 1 0x7f3354e69200 8 0 
45 0 0 10 00e0 ffffffff 0 STG.E.64 2 R8 R6 8 1 0x7f3354e5aa00 8 0 
62 0 0 6 00e0 ffffffff 0 STG.E.64 2 R8 R6 8 1 0x7f3354e7c600 8 0 
30 0 0 22 00e0 ffffffff 0 STG.E.64 2 R8 R6 8 1 0x7f3354e3d600 8 0 
55 0 0 31 00e0 ffffffff 0 STG.E.64 2 R8 R6 8 1 0x7f3354e6ff00 8 0 
48 0 0 3 00e0 ffffffff 0 STG.E.64 2 R8 R6 8 1 0x7f3354e60300 8 0 
69 0 0 7 00e0 ffffffff 0 STG.E.64 2 R8 R6 8 1 0x7f3354e8a700 8 0 
57 0 0 5 00e0 ffffffff 0 STG.E.64 2 R8 R6 8 1 0x7f3354e72500 8 0 
14 0 0 17 00e0 ffffffff 0 STG.E.64 2 R8 R6 8 1 0x7f3354e1d100 8 0 
44 0 0 17 00e0 ffffffff 0 STG.E.64 2 R8 R6 8 1 0x7f3354e59100 8 0 
3 0 0 7 00e0 ffffffff 0 STG.E.64 2 R8 R6 8 1 0x7f3354e06700 8 0 
35 0 0 4 00b0 ffffffff 1 R2 LDG.E.64 1 R2 8 1 0x7f3354c46400 8 0 
54 0 0 12 00e0 ffffffff 0 STG.E.64 2 R8 R6 8 1 0x7f3354e6cc00 8 0 
21 0 0 13 00e0 ffffffff 0 STG.E.64 2 R8 R6 8 1 0x7f3354e2ad00 8 0 
0 0 0 3 00e0 ffffffff 0 STG.E.64 2 R8 R6 8 1 0x7f3354e00300 8 0 
83 0 0 14 00e0 ffffffff 0 STG.E.64 2 R8 R6 8 1 0x7f3354ea6e00 8 0 
43 0 0 10 00e0 ffffffff 0 STG.E.64 2 R8 R6 8 1 0x7f3354e56a00 8 0 
16 0 0 8 00e0 ffffffff 0 STG.E.64 2 R8 R6 8 1 0x7f3354e20800 8 0 
47 0 0 15 00e0 ffffffff 0 STG.E.64 2 R8 R6 8 1 0x7f3354e5ef00 8 0 
95 0 0 31 00b0 ffffffff 1 R2 LDG.E.64 1 R2 8 1 0x7f3354cbff00 8 0 
84 0 0 31 00e0 ffffffff 0 STG.E.64 2 R8 R6 8 1 0x7f3354ea9f00 8 0 
51 0 0 30 00e0 ffffffff 0 STG.E.64 2 R8 R6 8 1 0x7f3354e67e00 8 0 
80 0 0 15 00e0 ffffffff 0 STG.E.64 2 R8 R6 8 1 0x7f3354ea0f00 8 0 
53 0 0 24 00e0 ffffffff 0 STG.E.64 2 R8 R6 8 1 0x7f3354e6b800 8 0 
10 0 0 29 00e0 ffffffff 0 STG.E.64 2 R8 R6 8 1 0x7f3354e15d00 8 0 
2 0 0 20 00e0 ffffffff 0 STG.E.64 2 R8 R6 8 1 0x7f3354e05400 8 0 
87 0 0 20 00e0 ffffffff 0 STG.E.64 2 R8 R6 8 1 0x7f3354eaf400 8 0 
9 0 0 20 00e0 ffffffff 0 STG.E.64 2 R8 R6 8 1 0x7f3354e13400 8 0 
29 0 0 12 00e0 ffffffff 0 STG.E.64 2 R8 R6 8 1 0x7f3354e3ac00 8 0 
94 0 0 16 00e0 ffffffff 0 STG.E.64 2 R8 R6 8 1 0x7f3354ebd000 8 0 
52 0 0 29 00e0 ffffffff 0 STG.E.64 2 R8 R6 8 1 0x7f3354e69d00 8 0 
55 0 0 17 00e0 ffffffff 0 STG.E.64 2 R8 R6 8 1 0x7f3354e6f100 8 0 
46 0 0 25 00e0 ffffffff 0 STG.E.64 2 R8 R6 8 1 0x7f3354e5d900 8 0 
33 0 0 3 00e0 ffffffff 0 STG.E.64 2 R8 R6 8 1 0x7f3354e42300 8 0 
73 0 0 18 00e0 ffffffff 0 STG.E.64 2 R8 R6 8 1 0x7f3354e93200 8 0 
44 0 0 30 00e0 ffffffff 0 STG.E.64 2 R8 R6 8 1 0x7f3354e59e00 8 0 
3 0 0 8 00e0 ffffffff 0 STG.E.64 2 R8 R6 8 1 0x7f3354e06800 8 0 
78 0 0 19 00e0 ffffffff 0 STG.E.64 2 R8 R6 8 1 0x7f3354e9d300 8 0 
26 0 0 17 00e0 ffffffff 0 STG.E.64 2 R8 R6 8 1 0x7f3354e35100 8 0 
61 0 0 7 00e0 ffffffff 0 STG.E.64 2 R8 R6 8 1 0x7f3354e7a700 8 0 
7 0 0 0 00a0 ffffffff 1 R4 LDG.E.64 1 R4 8 1 0x7f3354cd1600 8 0 
12 0 0 26 00a0 ffffffff 1 R4 LDG.E.64 1 R4 8 1 0x7f3354cdd000 8 0 
0 0 0 1 00e0 ffffffff 0 STG.E.64 2 R8 R6 8 1 0x7f3354e00100 8 0 
81 0 0 19 00e0 ffffffff 0 STG.E.64 2 R8 R6 8 1 0x7f3354ea3300 8 0 
90 0 0 29 00e0 ffffffff 0 STG.E.64 2 R8 R6 8 1 0x7f3354eb5d00 8 0 
18 0 0 18 00e0 ffffffff 0 STG.E.64 2 R8 R6 8 1 0x7f3354e25200 8 0 
83 0 0 15 00e0 ffffffff 0 STG.E.64 2 R8 R6 8 1 0x7f3354ea6f00 8 0 
15 0 0 12 00b0 ffffffff 1 R2 LDG.E.64 1 R2 8 1 0x7f3354c1ec00 8 0 
48 0 0 29 00e0 ffffffff 0 STG.E.64 2 R8 R6 8 1 0x7f3354e61d00 8 0 
93 0 0 13 00e0 ffffffff 0 STG.E.64 2 R8 R6 8 1 0x7f3354ebad00 8 0 
50 0 0 15 00e0 ffffffff 0 STG.E.64 2 R8 R6 8 1 0x7f3354e64f00 8 0 
16 0 0 1 00e0 ffffffff 0 STG.E.64 2 R8 R6 8 1 0x7f3354e20100 8 0 
47 0 0 9 00e0 ffffffff 0 STG.E.64 2 R8 R6 8 1 0x7f3354e5e900 8 0 
35 0 0 2 00b0 ffffffff 1 R2 LDG.E.64 1 R2 8 1 0x7f3354c46200 8 0 
30 0 0 27 00e0 ffffffff 0 STG.E.64 2 R8 R6 8 1 0x7f3354e3db00 8 0 
49 0 0 8 00e0 ffffffff 0 STG.E.64 2 R8 R6 8 1 0x7f3354e62800 8 0 
1 0 0 24 00e0 ffffffff 0 STG.E.64 2 R8 R6 8 1 0x7f3354e03800 8 0 
60 0 0 28 00b0 ffffffff 1 R2 LDG.E.64 1 R2 8 1 0x7f3354c79c00 8 0 
19 0 0 28 00e0 ffffffff 0 STG.E.64 2 R8 R6 8 1 0x7f3354e27c00 8 0 
42 0 0 26 00e0 ffffffff 0 STG.E.64 2 R8 R6 8 1 0x7f3354e55a00 8 0 
97 0 0 6 00e0 ffffffff 0 STG.E.64 2 R8 R6 8 1 0x7f3354ec2600 8 0 
43 0 0 2 00e0 ffffffff 0 STG.E.64 2 R8 R6 8 1 0x7f3354e56200 8 0 
20 0 0 15 00b0 ffffffff 1 R2 LDG.E.64 1 R2 8 1 0x7f3354c28f00 8 0 
80 0 0 17 00e0 ffffffff 0 STG.E.64 2 R8 R6 8 1 0x7f3354ea1100 8 0 
53 0 0 29 00e0 ffffffff 0 STG.E.64 2 R8 R6 8 1 0x7f3354e6bd00 8 0 
62 0 0 21 00e0 ffffffff 0 STG.E.64 2 R8 R6 8 1 0x7f3354e7d500 8 0 
2 0 0 21 00e0 ffffffff 0 STG.E.64 2 R8 R6 8 1 0x7f3354e05500 8 0 
87 0 0 19 00e0 ffffffff 0 STG.E.64 2 R8 R6 8 1 0x7f3354eaf300 8 0 
32 0 0 21 00a0 ffffffff 1 R4 LDG.E.64 1 R4 8 1 0x7f3354d04b00 8 0 
69 0 0 3 00e0 ffffffff 0 STG.E.64 2 R8 R6 8 1 0x7f3354e8a300 8 0 
29 0 0 14 00e0 ffffffff 0 STG.E.64 2 R8 R6 8 1 0x7f3354e3ae00 8 0 
14 0 0 22 00e0 ffffffff 0 STG.E.64 2 R8 R6 8 1 0x7f3354e1d600 8 0 
21 0 0 12 00e0 ffffffff 0 STG.E.64 2 R8 R6 8 1 0x7f3354e2ac00 8 0 
73 0 0 13 00e0 ffffffff 0 STG.E.64 2 R8 R6 8 1 0x7f3354e92d00 8 0 
10 0 0 20 00e0 ffffffff 0 STG.E.64 2 R8 R6 8 1 0x7f3354e15400 8 0 
26 0 0 4 00e0 ffffffff 0 STG.E.64 2 R8 R6 8 1 0x7f3354e34400 8 0 
9 0 0 26 00e0 ffffffff 0 STG.E.64 2 R8 R6 8 1 0x7f3354e13a00 8 0 
81 0 0 29 00e0 ffffffff 0 STG.E.64 2 R8 R6 8 1 0x7f3354ea3d00 8 0 
94 0 0 12 00e0 ffffffff 0 STG.E.64 2 R8 R6 8 1 0x7f3354ebcc00 8 0 
18 0 0 17 00e0 ffffffff 0 STG.E.64 2 R8 R6 8 1 0x7f3354e25100 8 0 
33 0 0 1 00e0 ffffffff 0 STG.E.64 2 R8 R6 8 1 0x7f3354e42100 8 0 
1 0 0 29 00e0 ffffffff 0 STG.E.64 2 R8 R6 8 1 0x7f3354e03d00 8 0 
78 0 0 22 00e0 ffffffff 0 STG.E.64 2 R8 R6 8 1 0x7f3354e9d600 8 0 
30 0 0 17 00e0 ffffffff 0 STG.E.64 2 R8 R6 8 1 0x7f3354e3d100 8 0 
61 0 0 10 00e0 ffffffff 0 STG.E.64 2 R8 R6 8 1 0x7f3354e7aa00 8 0 
90 0 0 24 00e0 ffffffff 0 STG.E.64 2 R8 R6 8 1 0x7f3354eb5800 8 0 
2 0 0 16 00e0 ffffffff 0 STG.E.64 2 R8 R6 8 1 0x7f3354e05000 8 0 
37 0 0 5 00e0 ffffffff 0 STG.E.64 2 R8 R6 8 1 0x7f3354e4a500 8 0 
29 0 0 27 00e0 ffffffff 0 STG.E.64 2 R8 R6 8 1 0x7f3354e3bb00 8 0 
50 0 0 16 00e0 ffffffff 0 STG.E.64 2 R8 R6 8 1 0x7f3354e65000 8 0 
82 0 0 14 00e0 ffffffff 0 STG.E.64 2 R8 R6 8 1 0x7f3354ea4e00 8 0 
49 0 0 9 00e0 ffffffff 0 STG.E.64 2 R8 R6 8 1 0x7f3354e62900 8 0 
73 0 0 19 00e0 ffffffff 0 STG.E.64 2 R8 R6 8 1 0x7f3354e93300 8 0 
42 0 0 29 00e0 ffffffff 0 STG.E.64 2 R8 R6 8 1 0x7f3354e55d00 8 0 
18 0 0 19 00e0 ffffffff 0 STG.E.64 2 R8 R6 8 1 0x7f3354e25300 8 0 
97 0 0 11 00e0 ffffffff 0 STG.E.64 2 R8 R6 8 1 0x7f3354ec2b00 8 0 
81 0 0 26 00e0 ffffffff 0 STG.E.64 2 R8 R6 8 1 0x7f3354ea3a00 8 0 
62 0 0 8 00e0 ffffffff 0 STG.E.64 2 R8 R6 8 1 0x7f3354e7c800 8 0 
30 0 0 24 00e0 ffffffff 0 STG.E.64 2 R8 R6 8 1 0x7f3354e3d800 8 0 
69 0 0 2 00e0 ffffffff 0 STG.E.64 2 R8 R6 8 1 0x7f3354e8a200 8 0 
1 0 0 28 00e0 ffffffff 0 STG.E.64 2 R8 R6 8 1 0x7f3354e03c00 8 0 
14 0 0 23 00e0 ffffffff 0 STG.E.64 2 R8 R6 8 1 0x7f3354e1d700 8 0 
2 0 0 27 00e0 ffffffff 0 STG.E.64 2 R8 R6 8 1 0x7f3354e05b00 8 0 
21 0 0 18 00e0 ffffffff 0 STG.E.64 2 R8 R6 8 1 0x7f3354e2b200 8 0 
29 0 0 4 00e0 ffffffff 0 STG.E.64 2 R8 R6 8 1 0x7f3354e3a400 8 0 
10 0 0 30 00e0 ffffffff 0 STG.E.64 2 R8 R6 8 1 0x7f3354e15e00 8 0 
26 0 0 0 00e0 ffffffff 0 STG.E.64 2 R8 R6 8 1 0x7f3354e34000 8 0 
9 0 0 12 00e0 ffffffff 0 STG.E.64 2 R8 R6 8 1 0x7f3354e12c00 8 0 
73 0 0 14 00e0 ffffffff 0 STG.E.64 2 R8 R6 8 1 0x7f3354e92e00 8 0 
94 0 0 4 00e0 ffffffff 0 STG.E.64 2 R8 R6 8 1 0x7f3354ebc400 8 0 
18 0 0 15 00e0 ffffffff 0 STG.E.64 2 R8 R6 8 1 0x7f3354e24f00 8 0 
33 0 0 0 00e0 ffffffff 0 STG.E.64 2 R8 R6 8 1 0x7f3354e42000 8 0 
81 0 0 22 00e0 ffffffff 0 STG.E.64 2 R8 R6 8 1 0x7f3354ea3600 8 0 
78 0 0 16 00e0 ffffffff 0 STG.E.64 2 R8 R6 8 1 0x7f3354e9d000 8 0 
86 0 0 22 00e0 ffffffff 0 STG.E.64 2 R8 R6 8 1 0x7f3354ead600 8 0 
61 0 0 25 00e0 ffffffff 0 STG.E.64 2 R8 R6 8 1 0x7f3354e7b900 8 0 
1 0 0 25 00e0 ffffffff 0 STG.E.64 2 R8 R6 8 1 0x7f3354e03900 8 0 
90 0 0 25 00e0 ffffffff 0 STG.E.64 2 R8 R6 8 1 0x7f3354eb5900 8 0 
2 0 0 19 00e0 ffffffff 0 STG.E.64 2 R8 R6 8 1 0x7f3354e05300 8 0 
93 0 0 30 00e0 ffffffff 0 STG.E.64 2 R8 R6 8 1 0x7f3354ebbe00 8 0 
29 0 0 23 00e0 ffffffff 0 STG.E.64 2 R8 R6 8 1 0x7f3354e3b700 8 0 
50 0 0 11 00e0 ffffffff 0 STG.E.64 2 R8 R6 8 1 0x7f3354e64b00 8 0 
82 0 0 6 00e0 ffffffff 0 STG.E.64 2 R8 R6 8 1 0x7f3354ea4600 8 0 
49 0 0 6 00e0 ffffffff 0 STG.E.64 2 R8 R6 8 1 0x7f3354e62600 8 0 
73 0 0 15 00e0 ffffffff 0 STG.E.64 2 R8 R6 8 1 0x7f3354e92f00 8 0 
42 0 0 27 00e0 ffffffff 0 STG.E.64 2 R8 R6 8 1 0x7f3354e55b00 8 0 
18 0 0 4 00e0 ffffffff 0 STG.E.64 2 R8 R6 8 1 0x7f3354e24400 8 0 
97 0 0 8 00e0 ffffffff 0 STG.E.64 2 R8 R6 8 1 0x7f3354ec2800 8 0 
81 0 0 25 00e0 ffffffff 0 STG.E.64 2 R8 R6 8 1 0x7f3354ea3900 8 0 
62 0 0 17 00e0 ffffffff 0 STG.E.64 2 R8 R6 8 1 0x7f3354e7d100 8 0 
30 0 0 20 00e0 ffffffff 0 STG.E.64 2 R8 R6 8 1 0x7f3354e3d400 8 0 
69 0 0 1 00e0 ffffffff 0 STG.E.64 2 R8 R6 8 1 0x7f3354e8a100 8 0 
1 0 0 20 00e0 ffffffff 0 STG.E.64 2 R8 R6 8 1 0x7f3354e03400 8 0 
55 0 0 28 00e0 ffffffff 0 STG.E.64 2 R8 R6 8 1 0x7f3354e6fc00 8 0 
51 0 0 27 00e0 ffffffff 0 STG.E.64 2 R8 R6 8 1 0x7f3354e67b00 8 0 
40 0 0 15 00a0 ffffffff 1 R4 LDG.E.64 1 R4 8 1 0x7f3354d14500 8 0 
14 0 0 20 00e0 ffffffff 0 STG.E.64 2 R8 R6 8 1 0x7f3354e1d400 8 0 
2 0 0 25 00e0 ffffffff 0 STG.E.64 2 R8 R6 8 1 0x7f3354e05900 8 0 
21 0 0 23 00e0 ffffffff 0 STG.E.64 2 R8 R6 8 1 0x7f3354e2b700 8 0 
44 0 0 19 00e0 ffffffff 0 STG.E.64 2 R8 R6 8 1 0x7f3354e59300 8 0 
3 0 0 5 00e0 ffffffff 0 STG.E.64 2 R8 R6 8 1 0x7f3354e06500 8 0 
29 0 0 10 00e0 ffffffff 0 STG.E.64 2 R8 R6 8 1 0x7f3354e3aa00 8 0 
10 0 0 25 00e0 ffffffff 0 STG.E.64 2 R8 R6 8 1 0x7f3354e15900 8 0 
82 0 0 28 00e0 ffffffff 0 STG.E.64 2 R8 R6 8 1 0x7f3354ea5c00 8 0 
0 0 0 2 00e0 ffffffff 0 STG.E.64 2 R8 R6 8 1 0x7f3354e00200 8 0 
83 0 0 0 00e0 ffffffff 0 STG.E.64 2 R8 R6 8 1 0x7f3354ea6000 8 0 
9 0 0 25 00e0 ffffffff 0 STG.E.64 2 R8 R6 8 1 0x7f3354e13900 8 0 
73 0 0 10 00e0 ffffffff 0 STG.E.64 2 R8 R6 8 1 0x7f3354e92a00 8 0 
94 0 0 0 00e0 ffffffff 0 STG.E.64 2 R8 R6 8 1 0x7f3354ebc000 8 0 
16 0 0 4 00e0 ffffffff 0 STG.E.64 2 R8 R6 8 1 0x7f3354e20400 8 0 
18 0 0 13 00e0 ffffffff 0 STG.E.64 2 R8 R6 8 1 0x7f3354e24d00 8 0 
89 0 0 28 00e0 ffffffff 0 STG.E.64 2 R8 R6 8 1 0x7f3354eb3c00 8 0 
81 0 0 28 00e0 ffffffff 0 STG.E.64 2 R8 R6 8 1 0x7f3354ea3c00 8 0 
47 0 0 31 00e0 ffffffff 0 STG.E.64 2 R8 R6 8 1 0x7f3354e5ff00 8 0 
78 0 0 12 00e0 ffffffff 0 STG.E.64 2 R8 R6 8 1 0x7f3354e9cc00 8 0 
30 0 0 10 00e0 ffffffff 0 STG.E.64 2 R8 R6 8 1 0x7f3354e3ca00 8 0 
61 0 0 6 00e0 ffffffff 0 STG.E.64 2 R8 R6 8 1 0x7f3354e7a600 8 0 
19 0 0 10 00e0 ffffffff 0 STG.E.64 2 R8 R6 8 1 0x7f3354e26a00 8 0 
1 0 0 26 00e0 ffffffff 0 STG.E.64 2 R8 R6 8 1 0x7f3354e03a00 8 0 
90 0 0 22 00e0 ffffffff 0 STG.E.64 2 R8 R6 8 1 0x7f3354eb5600 8 0 
2 0 0 18 00e0 ffffffff 0 STG.E.64 2 R8 R6 8 1 0x7f3354e05200 8 0 
48 0 0 0 00e0 ffffffff 0 STG.E.64 2 R8 R6 8 1 0x7f3354e60000 8 0 
80 0 0 4 00e0 ffffffff 0 STG.E.64 2 R8 R6 8 1 0x7f3354ea0400 8 0 
87 0 0 16 00e0 ffffffff 0 STG.E.64 2 R8 R6 8 1 0x7f3354eaf000 8 0 
93 0 0 26 00e0 ffffffff 0 STG.E.64 2 R8 R6 8 1 0x7f3354ebba00 8 0 
85 0 0 14 00e0 ffffffff 0 STG.E.64 2 R8 R6 8 1 0x7f3354eaae00 8 0 
50 0 0 29 00e0 ffffffff 0 STG.E.64 2 R8 R6 8 1 0x7f3354e65d00 8 0 
44 0 0 20 00e0 ffffffff 0 STG.E.64 2 R8 R6 8 1 0x7f3354e59400 8 0 
82 0 0 24 00e0 ffffffff 0 STG.E.64 2 R8 R6 8 1 0x7f3354ea5800 8 0 
49 0 0 7 00e0 ffffffff 0 STG.E.64 2 R8 R6 8 1 0x7f3354e62700 8 0 
73 0 0 20 00e0 ffffffff 0 STG.E.64 2 R8 R6 8 1 0x7f3354e93400 8 0 
55 0 0 15 00e0 ffffffff 0 STG.E.64 2 R8 R6 8 1 0x7f3354e6ef00 8 0 
43 0 0 31 00e0 ffffffff 0 STG.E.64 2 R8 R6 8 1 0x7f3354e57f00 8 0 
20 0 0 0 00b0 ffffffff 1 R2 LDG.E.64 1 R2 8 1 0x7f3354c28000 8 0 
42 0 0 0 00e0 ffffffff 0 STG.E.64 2 R8 R6 8 1 0x7f3354e54000 8 0 
18 0 0 14 00e0 ffffffff 0 STG.E.64 2 R8 R6 8 1 0x7f3354e24e00 8 0 
97 0 0 7 00e0 ffffffff 0 STG.E.64 2 R8 R6 8 1 0x7f3354ec2700 8 0 
0 0 0 4 00e0 ffffffff 0 STG.E.64 2 R8 R6 8 1 0x7f3354e00400 8 0 
3 0 0 3 00e0 ffffffff 0 STG.E.64 2 R8 R6 8 1 0x7f3354e06300 8 0 
81 0 0 15 00e0 ffffffff 0 STG.E.64 2 R8 R6 8 1 0x7f3354ea2f00 8 0 
62 0 0 13 00e0 ffffffff 0 STG.E.64 2 R8 R6 8 1 0x7f3354e7cd00 8 0 
30 0 0 23 00e0 ffffffff 0 STG.E.64 2 R8 R6 8 1 0x7f3354e3d700 8 0 
16 0 0 3 00e0 ffffffff 0 STG.E.64 2 R8 R6 8 1 0x7f3354e20300 8 0 
83 0 0 11 00e0 ffffffff 0 STG.E.64 2 R8 R6 8 1 0x7f3354ea6b00 8 0 
51 0 0 6 00e0 ffffffff 0 STG.E.64 2 R8 R6 8 1 0x7f3354e66600 8 0 
40 0 0 11 00a0 ffffffff 1 R4 LDG.E.64 1 R4 8 1 0x7f3354d14100 8 0 
47 0 0 10 00e0 ffffffff 0 STG.E.64 2 R8 R6 8 1 0x7f3354e5ea00 8 0 
11 0 0 19 00e0 ffffffff 0 STG.E.64 2 R8 R6 8 1 0x7f3354e17300 8 0 
80 0 0 9 00e0 ffffffff 0 STG.E.64 2 R8 R6 8 1 0x7f3354ea0900 8 0 
75 0 0 30 00e0 ffffffff 0 STG.E.64 2 R8 R6 8 1 0x7f3354e97e00 8 0 
44 0 0 29 00e0 ffffffff 0 STG.E.64 2 R8 R6 8 1 0x7f3354e59d00 8 0 
87 0 0 26 00e0 ffffffff 0 STG.E.64 2 R8 R6 8 1 0x7f3354eafa00 8 0 
7 0 0 13 00b0 ffffffff 1 R2 LDG.E.64 1 R2 8 1 0x7f3354c0ed00 8 0 
13 0 0 21 00e0 ffffffff 0 STG.E.64 2 R8 R6 8 1 0x7f3354e1b500 8 0 
1 0 0 27 00e0 ffffffff 0 STG.E.64 2 R8 R6 8 1 0x7f3354e03b00 8 0 
14 0 0 18 00e0 ffffffff 0 STG.E.64 2 R8 R6 8 1 0x7f3354e1d200 8 0 
56 0 0 31 00e0 ffffffff 0 STG.E.64 2 R8 R6 8 1 0x7f3354e71f00 8 0 
55 0 0 14 00e0 ffffffff 0 STG.E.64 2 R8 R6 8 1 0x7f3354e6ee00 8 0 
2 0 0 14 00e0 ffffffff 0 STG.E.64 2 R8 R6 8 1 0x7f3354e04e00 8 0 
21 0 0 19 00e0 ffffffff 0 STG.E.64 2 R8 R6 8 1 0x7f3354e2b300 8 0 
29 0 0 8 00e0 ffffffff 0 STG.E.64 2 R8 R6 8 1 0x7f3354e3a800 8 0 
48 0 0 21 00e0 ffffffff 0 STG.E.64 2 R8 R6 8 1 0x7f3354e61500 8 0 
72 0 0 26 00e0 ffffffff 0 STG.E.64 2 R8 R6 8 1 0x7f3354e91a00 8 0 
10 0 0 26 00e0 ffffffff 0 STG.E.64 2 R8 R6 8 1 0x7f3354e15a00 8 0 
82 0 0 27 00e0 ffffffff 0 STG.E.64 2 R8 R6 8 1 0x7f3354ea5b00 8 0 
9 0 0 15 00e0 ffffffff 0 STG.E.64 2 R8 R6 8 1 0x7f3354e12f00 8 0 
3 0 0 4 00e0 ffffffff 0 STG.E.64 2 R8 R6 8 1 0x7f3354e06400 8 0 
91 0 0 26 00b0 ffffffff 1 R2 LDG.E.64 1 R2 8 1 0x7f3354cb7a00 8 0 
60 0 0 14 00b0 ffffffff 1 R2 LDG.E.64 1 R2 8 1 0x7f3354c78e00 8 0 
73 0 0 9 00e0 ffffffff 0 STG.E.64 2 R8 R6 8 1 0x7f3354e92900 8 0 
94 0 0 7 00e0 ffffffff 0 STG.E.64 2 R8 R6 8 1 0x7f3354ebc700 8 0 
18 0 0 0 00e0 ffffffff 0 STG.E.64 2 R8 R6 8 1 0x7f3354e24000 8 0 
84 0 0 13 00e0 ffffffff 0 STG.E.64 2 R8 R6 8 1 0x7f3354ea8d00 8 0 
43 0 0 26 00e0 ffffffff 0 STG.E.64 2 R8 R6 8 1 0x7f3354e57a00 8 0 
89 0 0 25 00e0 ffffffff 0 STG.E.64 2 R8 R6 8 1 0x7f3354eb3900 8 0 
81 0 0 21 00e0 ffffffff 0 STG.E.64 2 R8 R6 8 1 0x7f3354ea3500 8 0 
78 0 0 15 00e0 ffffffff 0 STG.E.64 2 R8 R6 8 1 0x7f3354e9cf00 8 0 
20 0 0 5 00a0 ffffffff 1 R4 LDG.E.64 1 R4 8 1 0x7f3354cebb00 8 0 
47 0 0 20 00e0 ffffffff 0 STG.E.64 2 R8 R6 8 1 0x7f3354e5f400 8 0 
30 0 0 5 00e0 ffffffff 0 STG.E.64 2 R8 R6 8 1 0x7f3354e3c500 8 0 
61 0 0 5 00e0 ffffffff 0 STG.E.64 2 R8 R6 8 1 0x7f3354e7a500 8 0 
1 0 0 6 00e0 ffffffff 0 STG.E.64 2 R8 R6 8 1 0x7f3354e02600 8 0 
32 0 0 17 00b0 ffffffff 1 R2 LDG.E.64 1 R2 8 1 0x7f3354c41100 8 0 
90 0 0 21 00e0 ffffffff 0 STG.E.64 2 R8 R6 8 1 0x7f3354eb5500 8 0 
2 0 0 15 00e0 ffffffff 0 STG.E.64 2 R8 R6 8 1 0x7f3354e04f00 8 0 
93 0 0 28 00e0 ffffffff 0 STG.E.64 2 R8 R6 8 1 0x7f3354ebbc00 8 0 
29 0 0 19 00e0 ffffffff 0 STG.E.64 2 R8 R6 8 1 0x7f3354e3b300 8 0 
50 0 0 14 00e0 ffffffff 0 STG.E.64 2 R8 R6 8 1 0x7f3354e64e00 8 0 
82 0 0 20 00e0 ffffffff 0 STG.E.64 2 R8 R6 8 1 0x7f3354ea5400 8 0 
49 0 0 0 00e0 ffffffff 0 STG.E.64 2 R8 R6 8 1 0x7f3354e62000 8 0 
73 0 0 5 00e0 ffffffff 0 STG.E.64 2 R8 R6 8 1 0x7f3354e92500 8 0 
42 0 0 18 00e0 ffffffff 0 STG.E.64 2 R8 R6 8 1 0x7f3354e55200 8 0 
18 0 0 9 00e0 ffffffff 0 STG.E.64 2 R8 R6 8 1 0x7f3354e24900 8 0 
97 0 0 10 00e0 ffffffff 0 STG.E.64 2 R8 R6 8 1 0x7f3354ec2a00 8 0 
81 0 0 24 00e0 ffffffff 0 STG.E.64 2 R8 R6 8 1 0x7f3354ea3800 8 0 
62 0 0 11 00e0 ffffffff 0 STG.E.64 2 R8 R6 8 1 0x7f3354e7cb00 8 0 
30 0 0 12 00e0 ffffffff 0 STG.E.64 2 R8 R6 8 1 0x7f3354e3cc00 8 0 
13 0 0 9 00e0 ffffffff 0 STG.E.64 2 R8 R6 8 1 0x7f3354e1a900 8 0 
1 0 0 8 00e0 ffffffff 0 STG.E.64 2 R8 R6 8 1 0x7f3354e02800 8 0 
14 0 0 13 00e0 ffffffff 0 STG.E.64 2 R8 R6 8 1 0x7f3354e1cd00 8 0 
2 0 0 12 00e0 ffffffff 0 STG.E.64 2 R8 R6 8 1 0x7f3354e04c00 8 0 
21 0 0 8 00e0 ffffffff 0 STG.E.64 2 R8 R6 8 1 0x7f3354e2a800 8 0 
29 0 0 9 00e0 ffffffff 0 STG.E.64 2 R8 R6 8 1 0x7f3354e3a900 8 0 
10 0 0 16 00e0 ffffffff 0 STG.E.64 2 R8 R6 8 1 0x7f3354e15000 8 0 
82 0 0 29 00e0 ffffffff 0 STG.E.64 2 R8 R6 8 1 0x7f3354ea5d00 8 0 
9 0 0 23 00e0 ffffffff 0 STG.E.64 2 R8 R6 8 1 0x7f3354e13700 8 0 
73 0 0 16 00e0 ffffffff 0 STG.E.64 2 R8 R6 8 1 0x7f3354e93000 8 0 
94 0 0 6 00e0 ffffffff 0 STG.E.64 2 R8 R6 8 1 0x7f3354ebc600 8 0 
18 0 0 10 00e0 ffffffff 0 STG.E.64 2 R8 R6 8 1 0x7f3354e24a00 8 0 
89 0 0 26 00e0 ffffffff 0 STG.E.64 2 R8 R6 8 1 0x7f3354eb3a00 8 0 
81 0 0 11 00e0 ffffffff 0 STG.E.64 2 R8 R6 8 1 0x7f3354ea2b00 8 0 
78 0 0 18 00e0 ffffffff 0 STG.E.64 2 R8 R6 8 1 0x7f3354e9d200 8 0 
30 0 0 9 00e0 ffffffff 0 STG.E.64 2 R8 R6 8 1 0x7f3354e3c900 8 0 
61 0 0 8 00e0 ffffffff 0 STG.E.64 2 R8 R6 8 1 0x7f3354e7a800 8 0 
1 0 0 23 00e0 ffffffff 0 STG.E.64 2 R8 R6 8 1 0x7f3354e03700 8 0 
90 0 0 23 00e0 ffffffff 0 STG.E.64 2 R8 R6 8 1 0x7f3354eb5700 8 0 
2 0 0 11 00e0 ffffffff 0 STG.E.64 2 R8 R6 8 1 0x7f3354e04b00 8 0 
93 0 0 31 00e0 ffffffff 0 STG.E.64 2 R8 R6 8 1 0x7f3354ebbf00 8 0 
29 0 0 5 00e0 ffffffff 0 STG.E.64 2 R8 R6 8 1 0x7f3354e3a500 8 0 
50 0 0 18 00e0 ffffffff 0 STG.E.64 2 R8 R6 8 1 0x7f3354e65200 8 0 
82 0 0 25 00e0 ffffffff 0 STG.E.64 2 R8 R6 8 1 0x7f3354ea5900 8 0 
49 0 0 27 00e0 ffffffff 0 STG.E.64 2 R8 R6 8 1 0x7f3354e63b00 8 0 
73 0 0 12 00e0 ffffffff 0 STG.E.64 2 R8 R6 8 1 0x7f3354e92c00 8 0 
42 0 0 23 00e0 ffffffff 0 STG.E.64 2 R8 R6 8 1 0x7f3354e55700 8 0 
74 0 0 8 00e0 ffffffff 0 STG.E.64 2 R8 R6 8 1 0x7f3354e94800 8 0 
97 0 0 1 00e0 ffffffff 0 STG.E.64 2 R8 R6 8 1 0x7f3354ec2100 8 0 
81 0 0 20 00e0 ffffffff 0 STG.E.64 2 R8 R6 8 1 0x7f3354ea3400 8 0 
62 0 0 9 00e0 ffffffff 0 STG.E.64 2 R8 R6 8 1 0x7f3354e7c900 8 0 
30 0 0 15 00e0 ffffffff 0 STG.E.64 2 R8 R6 8 1 0x7f3354e3cf00 8 0 
13 0 0 16 00e0 ffffffff 0 STG.E.64 2 R8 R6 8 1 0x7f3354e1b000 8 0 
1 0 0 21 00e0 ffffffff 0 STG.E.64 2 R8 R6 8 1 0x7f3354e03500 8 0 
14 0 0 14 00e0 ffffffff 0 STG.E.64 2 R8 R6 8 1 0x7f3354e1ce00 8 0 
2 0 0 17 00e0 ffffffff 0 STG.E.64 2 R8 R6 8 1 0x7f3354e05100 8 0 
21 0 0 14 00e0 ffffffff 0 STG.E.64 2 R8 R6 8 1 0x7f3354e2ae00 8 0 
29 0 0 0 00e0 ffffffff 0 STG.E.64 2 R8 R6 8 1 0x7f3354e3a000 8 0 
10 0 0 27 00e0 ffffffff 0 STG.E.64 2 R8 R6 8 1 0x7f3354e15b00 8 0 
82 0 0 23 00e0 ffffffff 0 STG.E.64 2 R8 R6 8 1 0x7f3354ea5700 8 0 
9 0 0 17 00e0 ffffffff 0 STG.E.64 2 R8 R6 8 1 0x7f3354e13100 8 0 
73 0 0 6 00e0 ffffffff 0 STG.E.64 2 R8 R6 8 1 0x7f3354e92600 8 0 
94 0 0 5 00e0 ffffffff 0 STG.E.64 2 R8 R6 8 1 0x7f3354ebc500 8 0 
18 0 0 28 00e0 ffffffff 0 STG.E.64 2 R8 R6 8 1 0x7f3354e25c00 8 0 
89 0 0 31 00e0 ffffffff 0 STG.E.64 2 R8 R6 8 1 0x7f3354eb3f00 8 0 
81 0 0 17 00e0 ffffffff 0 STG.E.64 2 R8 R6 8 1 0x7f3354ea3100 8 0 
78 0 0 13 00e0 ffffffff 0 STG.E.64 2 R8 R6 8 1 0x7f3354e9cd00 8 0 
30 0 0 6 00e0 ffffffff 0 STG.E.64 2 R8 R6 8 1 0x7f3354e3c600 8 0 
61 0 0 2 00e0 ffffffff 0 STG.E.64 2 R8 R6 8 1 0x7f3354e7a200 8 0 
1 0 0 16 00e0 ffffffff 0 STG.E.64 2 R8 R6 8 1 0x7f3354e03000 8 0 
90 0 0 18 00e0 ffffffff 0 STG.E.64 2 R8 R6 8 1 0x7f3354eb5200 8 0 
2 0 0 13 00e0 ffffffff 0 STG.E.64 2 R8 R6 8 1 0x7f3354e04d00 8 0 
93 0 0 24 00e0 ffffffff 0 STG.E.64 2 R8 R6 8 1 0x7f3354ebb800 8 0 
29 0 0 1 00e0 ffffffff 0 STG.E.64 2 R8 R6 8 1 0x7f3354e3a100 8 0 
19 0 0 25 00e0 ffffffff 0 STG.E.64 2 R8 R6 8 1 0x7f3354e27900 8 0 
51 0 0 31 00e0 ffffffff 0 STG.E.64 2 R8 R6 8 1 0x7f3354e67f00 8 0 
50 0 0 24 00e0 ffffffff 0 STG.E.64 2 R8 R6 8 1 0x7f3354e65800 8 0 
82 0 0 26 00e0 ffffffff 0 STG.E.64 2 R8 R6 8 1 0x7f3354ea5a00 8 0 
97 0 0 3 00e0 ffffffff 0 STG.E.64 2 R8 R6 8 1 0x7f3354ec2300 8 0 
56 0 0 30 00e0 ffffffff 0 STG.E.64 2 R8 R6 8 1 0x7f3354e71e00 8 0 
87 0 0 22 00e0 ffffffff 0 STG.E.64 2 R8 R6 8 1 0x7f3354eaf600 8 0 
11 0 0 18 00e0 ffffffff 0 STG.E.64 2 R8 R6 8 1 0x7f3354e17200 8 0 
73 0 0 8 00e0 ffffffff 0 STG.E.64 2 R8 R6 8 1 0x7f3354e92800 8 0 
42 0 0 28 00e0 ffffffff 0 STG.E.64 2 R8 R6 8 1 0x7f3354e55c00 8 0 
18 0 0 11 00e0 ffffffff 0 STG.E.64 2 R8 R6 8 1 0x7f3354e24b00 8 0 
64 0 0 0 00a0 ffffffff 1 R4 LDG.E.64 1 R4 8 1 0x7f3354d43600 8 0 
55 0 0 8 00e0 ffffffff 0 STG.E.64 2 R8 R6 8 1 0x7f3354e6e800 8 0 
13 0 0 31 00e0 ffffffff 0 STG.E.64 2 R8 R6 8 1 0x7f3354e1bf00 8 0 
81 0 0 18 00e0 ffffffff 0 STG.E.64 2 R8 R6 8 1 0x7f3354ea3200 8 0 
62 0 0 7 00e0 ffffffff 0 STG.E.64 2 R8 R6 8 1 0x7f3354e7c700 8 0 
84 0 0 9 00e0 ffffffff 0 STG.E.64 2 R8 R6 8 1 0x7f3354ea8900 8 0 
30 0 0 8 00e0 ffffffff 0 STG.E.64 2 R8 R6 8 1 0x7f3354e3c800 8 0 
21 0 0 9 00e0 ffffffff 0 STG.E.64 2 R8 R6 8 1 0x7f3354e2a900 8 0 
1 0 0 30 00e0 ffffffff 0 STG.E.64 2 R8 R6 8 1 0x7f3354e03e00 8 0 
3 0 0 10 00e0 ffffffff 0 STG.E.64 2 R8 R6 8 1 0x7f3354e06a00 8 0 
7 0 0 4 00b0 ffffffff 1 R2 LDG.E.64 1 R2 8 1 0x7f3354c0e400 8 0 
14 0 0 16 00e0 ffffffff 0 STG.E.64 2 R8 R6 8 1 0x7f3354e1d000 8 0 
2 0 0 8 00e0 ffffffff 0 STG.E.64 2 R8 R6 8 1 0x7f3354e04800 8 0 
9 0 0 14 00e0 ffffffff 0 STG.E.64 2 R8 R6 8 1 0x7f3354e12e00 8 0 
80 0 0 5 00e0 ffffffff 0 STG.E.64 2 R8 R6 8 1 0x7f3354ea0500 8 0 
29 0 0 11 00e0 ffffffff 0 STG.E.64 2 R8 R6 8 1 0x7f3354e3ab00 8 0 
10 0 0 21 00e0 ffffffff 0 STG.E.64 2 R8 R6 8 1 0x7f3354e15500 8 0 
82 0 0 22 00e0 ffffffff 0 STG.E.64 2 R8 R6 8 1 0x7f3354ea5600 8 0 
48 0 0 20 00e0 ffffffff 0 STG.E.64 2 R8 R6 8 1 0x7f3354e61400 8 0 
44 0 0 11 00e0 ffffffff 0 STG.E.64 2 R8 R6 8 1 0x7f3354e58b00 8 0 
47 0 0 3 00e0 ffffffff 0 STG.E.64 2 R8 R6 8 1 0x7f3354e5e300 8 0 
89 0 0 27 00e0 ffffffff 0 STG.E.64 2 R8 R6 8 1 0x7f3354eb3b00 8 0 
73 0 0 3 00e0 ffffffff 0 STG.E.64 2 R8 R6 8 1 0x7f3354e92300 8 0 
94 0 0 2 00e0 ffffffff 0 STG.E.64 2 R8 R6 8 1 0x7f3354ebc200 8 0 
56 0 0 29 00e0 ffffffff 0 STG.E.64 2 R8 R6 8 1 0x7f3354e71d00 8 0 
18 0 0 5 00e0 ffffffff 0 STG.E.64 2 R8 R6 8 1 0x7f3354e24500 8 0 
61 0 0 0 00e0 ffffffff 0 STG.E.64 2 R8 R6 8 1 0x7f3354e7a000 8 0 
81 0 0 16 00e0 ffffffff 0 STG.E.64 2 R8 R6 8 1 0x7f3354ea3000 8 0 
19 0 0 30 00e0 ffffffff 0 STG.E.64 2 R8 R6 8 1 0x7f3354e27e00 8 0 
43 0 0 8 00e0 ffffffff 0 STG.E.64 2 R8 R6 8 1 0x7f3354e56800 8 0 
20 0 0 2 00b0 ffffffff 1 R2 LDG.E.64 1 R2 8 1 0x7f3354c28200 8 0 
78 0 0 14 00e0 ffffffff 0 STG.E.64 2 R8 R6 8 1 0x7f3354e9ce00 8 0 
30 0 0 11 00e0 ffffffff 0 STG.E.64 2 R8 R6 8 1 0x7f3354e3cb00 8 0 
93 0 0 27 00e0 ffffffff 0 STG.E.64 2 R8 R6 8 1 0x7f3354ebbb00 8 0 
87 0 0 18 00e0 ffffffff 0 STG.E.64 2 R8 R6 8 1 0x7f3354eaf200 8 0 
84 0 0 12 00e0 ffffffff 0 STG.E.64 2 R8 R6 8 1 0x7f3354ea8c00 8 0 
55 0 0 13 00e0 ffffffff 0 STG.E.64 2 R8 R6 8 1 0x7f3354e6ed00 8 0 
51 0 0 16 00e0 ffffffff 0 STG.E.64 2 R8 R6 8 1 0x7f3354e67000 8 0 
80 0 0 0 00e0 ffffffff 0 STG.E.64 2 R8 R6 8 1 0x7f3354ea0000 8 0 
3 0 0 1 00e0 ffffffff 0 STG.E.64 2 R8 R6 8 1 0x7f3354e06100 8 0 
44 0 0 18 00e0 ffffffff 0 STG.E.64 2 R8 R6 8 1 0x7f3354e59200 8 0 
83 0 0 7 00e0 ffffffff 0 STG.E.64 2 R8 R6 8 1 0x7f3354ea6700 8 0 
1 0 0 17 00e0 ffffffff 0 STG.E.64 2 R8 R6 8 1 0x7f3354e03100 8 0 
90 0 0 20 00e0 ffffffff 0 STG.E.64 2 R8 R6 8 1 0x7f3354eb5400 8 0 
2 0 0 10 00e0 ffffffff 0 STG.E.64 2 R8 R6 8 1 0x7f3354e04a00 8 0 
92 0 0 0 00b0 ffffffff 1 R2 LDG.E.64 1 R2 8 1 0x7f3354cb8000 8 0 
47 0 0 29 00e0 ffffffff 0 STG.E.64 2 R8 R6 8 1 0x7f3354e5fd00 8 0 
97 0 0 4 00e0 ffffffff 0 STG.E.64 2 R8 R6 8 1 0x7f3354ec2400 8 0 
29 0 0 6 00e0 ffffffff 0 STG.E.64 2 R8 R6 8 1 0x7f3354e3a600 8 0 
16 0 0 24 00e0 ffffffff 0 STG.E.64 2 R8 R6 8 1 0x7f3354e21800 8 0 
82 0 0 19 00e0 ffffffff 0 STG.E.64 2 R8 R6 8 1 0x7f3354ea5300 8 0 
69 0 0 23 00e0 ffffffff 0 STG.E.64 2 R8 R6 8 1 0x7f3354e8b700 8 0 
73 0 0 1 00e0 ffffffff 0 STG.E.64 2 R8 R6 8 1 0x7f3354e92100 8 0 
19 0 0 31 00e0 ffffffff 0 STG.E.64 2 R8 R6 8 1 0x7f3354e27f00 8 0 
48 0 0 6 00e0 ffffffff 0 STG.E.64 2 R8 R6 8 1 0x7f3354e60600 8 0 
18 0 0 7 00e0 ffffffff 0 STG.E.64 2 R8 R6 8 1 0x7f3354e24700 8 0 
21 0 0 0 00e0 ffffffff 0 STG.E.64 2 R8 R6 8 1 0x7f3354e2a000 8 0 
84 0 0 11 00e0 ffffffff 0 STG.E.64 2 R8 R6 8 1 0x7f3354ea8b00 8 0 
87 0 0 15 00e0 ffffffff 0 STG.E.64 2 R8 R6 8 1 0x7f3354eaef00 8 0 
91 0 0 28 00a0 ffffffff 1 R4 LDG.E.64 1 R4 8 1 0x7f3354d7b200 8 0 
81 0 0 9 00e0 ffffffff 0 STG.E.64 2 R8 R6 8 1 0x7f3354ea2900 8 0 
62 0 0 4 00e0 ffffffff 0 STG.E.64 2 R8 R6 8 1 0x7f3354e7c400 8 0 
60 0 0 17 00b0 ffffffff 1 R2 LDG.E.64 1 R2 8 1 0x7f3354c79100 8 0 
80 0 0 13 00e0 ffffffff 0 STG.E.64 2 R8 R6 8 1 0x7f3354ea0d00 8 0 
55 0 0 3 00e0 ffffffff 0 STG.E.64 2 R8 R6 8 1 0x7f3354e6e300 8 0 
9 0 0 8 00e0 ffffffff 0 STG.E.64 2 R8 R6 8 1 0x7f3354e12800 8 0 
1 0 0 19 00e0 ffffffff 0 STG.E.64 2 R8 R6 8 1 0x7f3354e03300 8 0 
14 0 0 19 00e0 ffffffff 0 STG.E.64 2 R8 R6 8 1 0x7f3354e1d300 8 0 
43 0 0 6 00e0 ffffffff 0 STG.E.64 2 R8 R6 8 1 0x7f3354e56600 8 0 
20 0 0 1 00b0 ffffffff 1 R2 LDG.E.64 1 R2 8 1 0x7f3354c28100 8 0 
2 0 0 9 00e0 ffffffff 0 STG.E.64 2 R8 R6 8 1 0x7f3354e04900 8 0 
89 0 0 24 00e0 ffffffff 0 STG.E.64 2 R8 R6 8 1 0x7f3354eb3800 8 0 
29 0 0 2 00e0 ffffffff 0 STG.E.64 2 R8 R6 8 1 0x7f3354e3a200 8 0 
10 0 0 22 00e0 ffffffff 0 STG.E.64 2 R8 R6 8 1 0x7f3354e15600 8 0 
82 0 0 21 00e0 ffffffff 0 STG.E.64 2 R8 R6 8 1 0x7f3354ea5500 8 0 
61 0 0 1 00e0 ffffffff 0 STG.E.64 2 R8 R6 8 1 0x7f3354e7a100 8 0 
73 0 0 4 00e0 ffffffff 0 STG.E.64 2 R8 R6 8 1 0x7f3354e92400 8 0 
94 0 0 1 00e0 ffffffff 0 STG.E.64 2 R8 R6 8 1 0x7f3354ebc100 8 0 
18 0 0 6 00e0 ffffffff 0 STG.E.64 2 R8 R6 8 1 0x7f3354e24600 8 0 
93 0 0 22 00e0 ffffffff 0 STG.E.64 2 R8 R6 8 1 0x7f3354ebb600 8 0 
81 0 0 7 00e0 ffffffff 0 STG.E.64 2 R8 R6 8 1 0x7f3354ea2700 8 0 
78 0 0 8 00e0 ffffffff 0 STG.E.64 2 R8 R6 8 1 0x7f3354e9c800 8 0 
30 0 0 1 00e0 ffffffff 0 STG.E.64 2 R8 R6 8 1 0x7f3354e3c100 8 0 
97 0 0 0 00e0 ffffffff 0 STG.E.64 2 R8 R6 8 1 0x7f3354ec2000 8 0 
1 0 0 22 00e0 ffffffff 0 STG.E.64 2 R8 R6 8 1 0x7f3354e03600 8 0 
90 0 0 19 00e0 ffffffff 0 STG.E.64 2 R8 R6 8 1 0x7f3354eb5300 8 0 
2 0 0 4 00e0 ffffffff 0 STG.E.64 2 R8 R6 8 1 0x7f3354e04400 8 0 
13 0 0 19 00e0 ffffffff 0 STG.E.64 2 R8 R6 8 1 0x7f3354e1b300 8 0 
29 0 0 7 00e0 ffffffff 0 STG.E.64 2 R8 R6 8 1 0x7f3354e3a700 8 0 
62 0 0 3 00e0 ffffffff 0 STG.E.64 2 R8 R6 8 1 0x7f3354e7c300 8 0 
82 0 0 16 00e0 ffffffff 0 STG.E.64 2 R8 R6 8 1 0x7f3354ea5000 8 0 
21 0 0 11 00e0 ffffffff 0 STG.E.64 2 R8 R6 8 1 0x7f3354e2ab00 8 0 
73 0 0 2 00e0 ffffffff 0 STG.E.64 2 R8 R6 8 1 0x7f3354e92200 8 0 
14 0 0 15 00e0 ffffffff 0 STG.E.64 2 R8 R6 8 1 0x7f3354e1cf00 8 0 
18 0 0 3 00e0 ffffffff 0 STG.E.64 2 R8 R6 8 1 0x7f3354e24300 8 0 
9 0 0 4 00e0 ffffffff 0 STG.E.64 2 R8 R6 8 1 0x7f3354e12400 8 0 
81 0 0 6 00e0 ffffffff 0 STG.E.64 2 R8 R6 8 1 0x7f3354ea2600 8 0 
10 0 0 17 00e0 ffffffff 0 STG.E.64 2 R8 R6 8 1 0x7f3354e15100 8 0 
30 0 0 2 00e0 ffffffff 0 STG.E.64 2 R8 R6 8 1 0x7f3354e3c200 8 0 
89 0 0 22 00e0 ffffffff 0 STG.E.64 2 R8 R6 8 1 0x7f3354eb3600 8 0 
1 0 0 12 00e0 ffffffff 0 STG.E.64 2 R8 R6 8 1 0x7f3354e02c00 8 0 
94 0 0 3 00e0 ffffffff 0 STG.E.64 2 R8 R6 8 1 0x7f3354ebc300 8 0 
2 0 0 6 00e0 ffffffff 0 STG.E.64 2 R8 R6 8 1 0x7f3354e04600 8 0 
61 0 0 3 00e0 ffffffff 0 STG.E.64 2 R8 R6 8 1 0x7f3354e7a300 8 0 
29 0 0 3 00e0 ffffffff 0 STG.E.64 2 R8 R6 8 1 0x7f3354e3a300 8 0 
78 0 0 17 00e0 ffffffff 0 STG.E.64 2 R8 R6 8 1 0x7f3354e9d100 8 0 
82 0 0 15 00e0 ffffffff 0 STG.E.64 2 R8 R6 8 1 0x7f3354ea4f00 8 0 
93 0 0 18 00e0 ffffffff 0 STG.E.64 2 R8 R6 8 1 0x7f3354ebb200 8 0 
73 0 0 11 00e0 ffffffff 0 STG.E.64 2 R8 R6 8 1 0x7f3354e92b00 8 0 
90 0 0 16 00e0 ffffffff 0 STG.E.64 2 R8 R6 8 1 0x7f3354eb5000 8 0 
18 0 0 1 00e0 ffffffff 0 STG.E.64 2 R8 R6 8 1 0x7f3354e24100 8 0 
97 0 0 2 00e0 ffffffff 0 STG.E.64 2 R8 R6 8 1 0x7f3354ec2200 8 0 
81 0 0 12 00e0 ffffffff 0 STG.E.64 2 R8 R6 8 1 0x7f3354ea2c00 8 0 
62 0 0 5 00e0 ffffffff 0 STG.E.64 2 R8 R6 8 1 0x7f3354e7c500 8 0 
3 0 0 31 00e0 ffffffff 0 STG.E.64 2 R8 R6 8 1 0x7f3354e07f00 8 0 
13 0 0 25 00e0 ffffffff 0 STG.E.64 2 R8 R6 8 1 0x7f3354e1b900 8 0 
1 0 0 15 00e0 ffffffff 0 STG.E.64 2 R8 R6 8 1 0x7f3354e02f00 8 0 
2 0 0 7 00e0 ffffffff 0 STG.E.64 2 R8 R6 8 1 0x7f3354e04700 8 0 
83 0 0 3 00e0 ffffffff 0 STG.E.64 2 R8 R6 8 1 0x7f3354ea6300 8 0 
51 0 0 1 00e0 ffffffff 0 STG.E.64 2 R8 R6 8 1 0x7f3354e66100 8 0 
14 0 0 10 00e0 ffffffff 0 STG.E.64 2 R8 R6 8 1 0x7f3354e1ca00 8 0 
21 0 0 5 00e0 ffffffff 0 STG.E.64 2 R8 R6 8 1 0x7f3354e2a500 8 0 
85 0 0 28 00e0 ffffffff 0 STG.E.64 2 R8 R6 8 1 0x7f3354eabc00 8 0 
72 0 0 31 00e0 ffffffff 0 STG.E.64 2 R8 R6 8 1 0x7f3354e91f00 8 0 
47 0 0 6 00e0 ffffffff 0 STG.E.64 2 R8 R6 8 1 0x7f3354e5e600 8 0 
82 0 0 17 00e0 ffffffff 0 STG.E.64 2 R8 R6 8 1 0x7f3354ea5100 8 0 
10 0 0 12 00e0 ffffffff 0 STG.E.64 2 R8 R6 8 1 0x7f3354e14c00 8 0 
9 0 0 13 00e0 ffffffff 0 STG.E.64 2 R8 R6 8 1 0x7f3354e12d00 8 0 
11 0 0 15 00e0 ffffffff 0 STG.E.64 2 R8 R6 8 1 0x7f3354e16f00 8 0 
84 0 0 8 00e0 ffffffff 0 STG.E.64 2 R8 R6 8 1 0x7f3354ea8800 8 0 
73 0 0 7 00e0 ffffffff 0 STG.E.64 2 R8 R6 8 1 0x7f3354e92700 8 0 
18 0 0 2 00e0 ffffffff 0 STG.E.64 2 R8 R6 8 1 0x7f3354e24200 8 0 
94 0 0 8 00e0 ffffffff 0 STG.E.64 2 R8 R6 8 1 0x7f3354ebc800 8 0 
19 0 0 21 00e0 ffffffff 0 STG.E.64 2 R8 R6 8 1 0x7f3354e27500 8 0 
23 0 0 25 00b0 ffffffff 1 R2 LDG.E.64 1 R2 8 1 0x7f3354c2f900 8 0 
89 0 0 18 00e0 ffffffff 0 STG.E.64 2 R8 R6 8 1 0x7f3354eb3200 8 0 
81 0 0 5 00e0 ffffffff 0 STG.E.64 2 R8 R6 8 1 0x7f3354ea2500 8 0 
30 0 0 4 00e0 ffffffff 0 STG.E.64 2 R8 R6 8 1 0x7f3354e3c400 8 0 
80 0 0 30 00e0 ffffffff 0 STG.E.64 2 R8 R6 8 1 0x7f3354ea1e00 8 0 
87 0 0 8 00e0 ffffffff 0 STG.E.64 2 R8 R6 8 1 0x7f3354eae800 8 0 
78 0 0 9 00e0 ffffffff 0 STG.E.64 2 R8 R6 8 1 0x7f3354e9c900 8 0 
61 0 0 18 00e0 ffffffff 0 STG.E.64 2 R8 R6 8 1 0x7f3354e7b200 8 0 
1 0 0 9 00e0 ffffffff 0 STG.E.64 2 R8 R6 8 1 0x7f3354e02900 8 0 
12 0 0 13 00a0 ffffffff 1 R4 LDG.E.64 1 R4 8 1 0x7f3354cdc300 8 0 
44 0 0 8 00e0 ffffffff 0 STG.E.64 2 R8 R6 8 1 0x7f3354e58800 8 0 
55 0 0 10 00e0 ffffffff 0 STG.E.64 2 R8 R6 8 1 0x7f3354e6ea00 8 0 
2 0 0 2 00e0 ffffffff 0 STG.E.64 2 R8 R6 8 1 0x7f3354e04200 8 0 
90 0 0 15 00e0 ffffffff 0 STG.E.64 2 R8 R6 8 1 0x7f3354eb4f00 8 0 
93 0 0 14 00e0 ffffffff 0 STG.E.64 2 R8 R6 8 1 0x7f3354ebae00 8 0 
71 0 0 29 00b0 ffffffff 1 R2 LDG.E.64 1 R2 8 1 0x7f3354c8fd00 8 0 
48 0 0 17 00e0 ffffffff 0 STG.E.64 2 R8 R6 8 1 0x7f3354e61100 8 0 
56 0 0 24 00e0 ffffffff 0 STG.E.64 2 R8 R6 8 1 0x7f3354e71800 8 0 
85 0 0 29 00e0 ffffffff 0 STG.E.64 2 R8 R6 8 1 0x7f3354eabd00 8 0 
82 0 0 11 00e0 ffffffff 0 STG.E.64 2 R8 R6 8 1 0x7f3354ea4b00 8 0 
62 0 0 2 00e0 ffffffff 0 STG.E.64 2 R8 R6 8 1 0x7f3354e7c200 8 0 
3 0 0 6 00e0 ffffffff 0 STG.E.64 2 R8 R6 8 1 0x7f3354e06600 8 0 
60 0 0 10 00b0 ffffffff 1 R2 LDG.E.64 1 R2 8 1 0x7f3354c78a00 8 0 
41 0 0 14 00e0 ffffffff 0 STG.E.64 2 R8 R6 8 1 0x7f3354e52e00 8 0 
73 0 0 0 00e0 ffffffff 0 STG.E.64 2 R8 R6 8 1 0x7f3354e92000 8 0 
74 0 0 31 00e0 ffffffff 0 STG.E.64 2 R8 R6 8 1 0x7f3354e95f00 8 0 
72 0 0 24 00e0 ffffffff 0 STG.E.64 2 R8 R6 8 1 0x7f3354e91800 8 0 
83 0 0 13 00e0 ffffffff 0 STG.E.64 2 R8 R6 8 1 0x7f3354ea6d00 8 0 
43 0 0 24 00e0 ffffffff 0 STG.E.64 2 R8 R6 8 1 0x7f3354e57800 8 0 
14 0 0 12 00e0 ffffffff 0 STG.E.64 2 R8 R6 8 1 0x7f3354e1cc00 8 0 
13 0 0 14 00e0 ffffffff 0 STG.E.64 2 R8 R6 8 1 0x7f3354e1ae00 8 0 
81 0 0 1 00e0 ffffffff 0 STG.E.64 2 R8 R6 8 1 0x7f3354ea2100 8 0 
20 0 0 30 00a0 ffffffff 1 R4 LDG.E.64 1 R4 8 1 0x7f3354ced400 8 0 
47 0 0 28 00e0 ffffffff 0 STG.E.64 2 R8 R6 8 1 0x7f3354e5fc00 8 0 
30 0 0 7 00e0 ffffffff 0 STG.E.64 2 R8 R6 8 1 0x7f3354e3c700 8 0 
10 0 0 23 00e0 ffffffff 0 STG.E.64 2 R8 R6 8 1 0x7f3354e15700 8 0 
21 0 0 15 00e0 ffffffff 0 STG.E.64 2 R8 R6 8 1 0x7f3354e2af00 8 0 
32 0 0 14 00a0 ffffffff 1 R4 LDG.E.64 1 R4 8 1 0x7f3354d04400 8 0 
19 0 0 24 00e0 ffffffff 0 STG.E.64 2 R8 R6 8 1 0x7f3354e27800 8 0 
1 0 0 11 00e0 ffffffff 0 STG.E.64 2 R8 R6 8 1 0x7f3354e02b00 8 0 
2 0 0 0 00e0 ffffffff 0 STG.E.64 2 R8 R6 8 1 0x7f3354e04000 8 0 
94 0 0 29 00e0 ffffffff 0 STG.E.64 2 R8 R6 8 1 0x7f3354ebdd00 8 0 
51 0 0 26 00e0 ffffffff 0 STG.E.64 2 R8 R6 8 1 0x7f3354e67a00 8 0 
80 0 0 11 00e0 ffffffff 0 STG.E.64 2 R8 R6 8 1 0x7f3354ea0b00 8 0 
9 0 0 19 00e0 ffffffff 0 STG.E.64 2 R8 R6 8 1 0x7f3354e13300 8 0 
82 0 0 12 00e0 ffffffff 0 STG.E.64 2 R8 R6 8 1 0x7f3354ea4c00 8 0 
87 0 0 10 00e0 ffffffff 0 STG.E.64 2 R8 R6 8 1 0x7f3354eaea00 8 0 
44 0 0 3 00e0 ffffffff 0 STG.E.64 2 R8 R6 8 1 0x7f3354e58300 8 0 
78 0 0 28 00e0 ffffffff 0 STG.E.64 2 R8 R6 8 1 0x7f3354e9dc00 8 0 
89 0 0 21 00e0 ffffffff 0 STG.E.64 2 R8 R6 8 1 0x7f3354eb3500 8 0 
17 0 0 22 00e0 ffffffff 0 STG.E.64 2 R8 R6 8 1 0x7f3354e23600 8 0 
64 0 0 15 00a0 ffffffff 1 R4 LDG.E.64 1 R4 8 1 0x7f3354d44500 8 0 
55 0 0 4 00e0 ffffffff 0 STG.E.64 2 R8 R6 8 1 0x7f3354e6e400 8 0 
90 0 0 17 00e0 ffffffff 0 STG.E.64 2 R8 R6 8 1 0x7f3354eb5100 8 0 
74 0 0 30 00e0 ffffffff 0 STG.E.64 2 R8 R6 8 1 0x7f3354e95e00 8 0 
61 0 0 28 00e0 ffffffff 0 STG.E.64 2 R8 R6 8 1 0x7f3354e7bc00 8 0 
56 0 0 27 00e0 ffffffff 0 STG.E.64 2 R8 R6 8 1 0x7f3354e71b00 8 0 
3 0 0 2 00e0 ffffffff 0 STG.E.64 2 R8 R6 8 1 0x7f3354e06200 8 0 
81 0 0 8 00e0 ffffffff 0 STG.E.64 2 R8 R6 8 1 0x7f3354ea2800 8 0 
62 0 0 0 00e0 ffffffff 0 STG.E.64 2 R8 R6 8 1 0x7f3354e7c000 8 0 
30 0 0 21 00e0 ffffffff 0 STG.E.64 2 R8 R6 8 1 0x7f3354e3d500 8 0 
93 0 0 20 00e0 ffffffff 0 STG.E.64 2 R8 R6 8 1 0x7f3354ebb400 8 0 
1 0 0 4 00e0 ffffffff 0 STG.E.64 2 R8 R6 8 1 0x7f3354e02400 8 0 
14 0 0 8 00e0 ffffffff 0 STG.E.64 2 R8 R6 8 1 0x7f3354e1c800 8 0 
83 0 0 6 00e0 ffffffff 0 STG.E.64 2 R8 R6 8 1 0x7f3354ea6600 8 0 
84 0 0 7 00e0 ffffffff 0 STG.E.64 2 R8 R6 8 1 0x7f3354ea8700 8 0 
2 0 0 3 00e0 ffffffff 0 STG.E.64 2 R8 R6 8 1 0x7f3354e04300 8 0 
41 0 0 21 00e0 ffffffff 0 STG.E.64 2 R8 R6 8 1 0x7f3354e53500 8 0 
85 0 0 24 00e0 ffffffff 0 STG.E.64 2 R8 R6 8 1 0x7f3354eab800 8 0 
48 0 0 11 00e0 ffffffff 0 STG.E.64 2 R8 R6 8 1 0x7f3354e60b00 8 0 
47 0 0 5 00e0 ffffffff 0 STG.E.64 2 R8 R6 8 1 0x7f3354e5e500 8 0 
10 0 0 18 00e0 ffffffff 0 STG.E.64 2 R8 R6 8 1 0x7f3354e15200 8 0 
82 0 0 18 00e0 ffffffff 0 STG.E.64 2 R8 R6 8 1 0x7f3354ea5200 8 0 
13 0 0 27 00e0 ffffffff 0 STG.E.64 2 R8 R6 8 1 0x7f3354e1bb00 8 0 
80 0 0 3 00e0 ffffffff 0 STG.E.64 2 R8 R6 8 1 0x7f3354ea0300 8 0 
19 0 0 27 00e0 ffffffff 0 STG.E.64 2 R8 R6 8 1 0x7f3354e27b00 8 0 
17 0 0 3 00e0 ffffffff 0 STG.E.64 2 R8 R6 8 1 0x7f3354e22300 8 0 
38 0 0 20 00e0 ffffffff 0 STG.E.64 2 R8 R6 8 1 0x7f3354e4d400 8 0 
43 0 0 27 00e0 ffffffff 0 STG.E.64 2 R8 R6 8 1 0x7f3354e57b00 8 0 
21 0 0 10 00e0 ffffffff 0 STG.E.64 2 R8 R6 8 1 0x7f3354e2aa00 8 0 
81 0 0 2 00e0 ffffffff 0 STG.E.64 2 R8 R6 8 1 0x7f3354ea2200 8 0 
78 0 0 4 00e0 ffffffff 0 STG.E.64 2 R8 R6 8 1 0x7f3354e9c400 8 0 
86 0 0 25 00e0 ffffffff 0 STG.E.64 2 R8 R6 8 1 0x7f3354ead900 8 0 
9 0 0 5 00e0 ffffffff 0 STG.E.64 2 R8 R6 8 1 0x7f3354e12500 8 0 
1 0 0 18 00e0 ffffffff 0 STG.E.64 2 R8 R6 8 1 0x7f3354e03200 8 0 
90 0 0 12 00e0 ffffffff 0 STG.E.64 2 R8 R6 8 1 0x7f3354eb4c00 8 0 
58 0 0 29 00e0 ffffffff 0 STG.E.64 2 R8 R6 8 1 0x7f3354e75d00 8 0 
89 0 0 5 00e0 ffffffff 0 STG.E.64 2 R8 R6 8 1 0x7f3354eb2500 8 0 
85 0 0 25 00e0 ffffffff 0 STG.E.64 2 R8 R6 8 1 0x7f3354eab900 8 0 
82 0 0 7 00e0 ffffffff 0 STG.E.64 2 R8 R6 8 1 0x7f3354ea4700 8 0 
62 0 0 1 00e0 ffffffff 0 STG.E.64 2 R8 R6 8 1 0x7f3354e7c100 8 0 
5 0 0 17 00e0 ffffffff 0 STG.E.64 2 R8 R6 8 1 0x7f3354e0b100 8 0 
17 0 0 30 00e0 ffffffff 0 STG.E.64 2 R8 R6 8 1 0x7f3354e23e00 8 0 
74 0 0 27 00e0 ffffffff 0 STG.E.64 2 R8 R6 8 1 0x7f3354e95b00 8 0 
14 0 0 9 00e0 ffffffff 0 STG.E.64 2 R8 R6 8 1 0x7f3354e1c900 8 0 
93 0 0 23 00e0 ffffffff 0 STG.E.64 2 R8 R6 8 1 0x7f3354ebb700 8 0 
81 0 0 27 00e0 ffffffff 0 STG.E.64 2 R8 R6 8 1 0x7f3354ea3b00 8 0 
10 0 0 13 00e0 ffffffff 0 STG.E.64 2 R8 R6 8 1 0x7f3354e14d00 8 0 
2 0 0 5 00e0 ffffffff 0 STG.E.64 2 R8 R6 8 1 0x7f3354e04500 8 0 
41 0 0 28 00e0 ffffffff 0 STG.E.64 2 R8 R6 8 1 0x7f3354e53c00 8 0 
1 0 0 13 00e0 ffffffff 0 STG.E.64 2 R8 R6 8 1 0x7f3354e02d00 8 0 
38 0 0 27 00e0 ffffffff 0 STG.E.64 2 R8 R6 8 1 0x7f3354e4db00 8 0 
82 0 0 1 00e0 ffffffff 0 STG.E.64 2 R8 R6 8 1 0x7f3354ea4100 8 0 
13 0 0 24 00e0 ffffffff 0 STG.E.64 2 R8 R6 8 1 0x7f3354e1b800 8 0 
78 0 0 10 00e0 ffffffff 0 STG.E.64 2 R8 R6 8 1 0x7f3354e9ca00 8 0 
74 0 0 26 00e0 ffffffff 0 STG.E.64 2 R8 R6 8 1 0x7f3354e95a00 8 0 
17 0 0 31 00e0 ffffffff 0 STG.E.64 2 R8 R6 8 1 0x7f3354e23f00 8 0 
21 0 0 6 00e0 ffffffff 0 STG.E.64 2 R8 R6 8 1 0x7f3354e2a600 8 0 
90 0 0 6 00e0 ffffffff 0 STG.E.64 2 R8 R6 8 1 0x7f3354eb4600 8 0 
30 0 0 0 00e0 ffffffff 0 STG.E.64 2 R8 R6 8 1 0x7f3354e3c000 8 0 
81 0 0 4 00e0 ffffffff 0 STG.E.64 2 R8 R6 8 1 0x7f3354ea2400 8 0 
9 0 0 10 00e0 ffffffff 0 STG.E.64 2 R8 R6 8 1 0x7f3354e12a00 8 0 
6 0 0 3 00e0 ffffffff 0 STG.E.64 2 R8 R6 8 1 0x7f3354e0c300 8 0 
1 0 0 14 00e0 ffffffff 0 STG.E.64 2 R8 R6 8 1 0x7f3354e02e00 8 0 
82 0 0 8 00e0 ffffffff 0 STG.E.64 2 R8 R6 8 1 0x7f3354ea4800 8 0 
89 0 0 19 00e0 ffffffff 0 STG.E.64 2 R8 R6 8 1 0x7f3354eb3300 8 0 
14 0 0 6 00e0 ffffffff 0 STG.E.64 2 R8 R6 8 1 0x7f3354e1c600 8 0 
85 0 0 21 00e0 ffffffff 0 STG.E.64 2 R8 R6 8 1 0x7f3354eab500 8 0 
74 0 0 23 00e0 ffffffff 0 STG.E.64 2 R8 R6 8 1 0x7f3354e95700 8 0 
5 0 0 28 00e0 ffffffff 0 STG.E.64 2 R8 R6 8 1 0x7f3354e0bc00 8 0 
10 0 0 14 00e0 ffffffff 0 STG.E.64 2 R8 R6 8 1 0x7f3354e14e00 8 0 
17 0 0 28 00e0 ffffffff 0 STG.E.64 2 R8 R6 8 1 0x7f3354e23c00 8 0 
30 0 0 3 00e0 ffffffff 0 STG.E.64 2 R8 R6 8 1 0x7f3354e3c300 8 0 
93 0 0 25 00e0 ffffffff 0 STG.E.64 2 R8 R6 8 1 0x7f3354ebb900 8 0 
38 0 0 24 00e0 ffffffff 0 STG.E.64 2 R8 R6 8 1 0x7f3354e4d800 8 0 
81 0 0 0 00e0 ffffffff 0 STG.E.64 2 R8 R6 8 1 0x7f3354ea2000 8 0 
2 0 0 1 00e0 ffffffff 0 STG.E.64 2 R8 R6 8 1 0x7f3354e04100 8 0 
41 0 0 25 00e0 ffffffff 0 STG.E.64 2 R8 R6 8 1 0x7f3354e53900 8 0 
78 0 0 5 00e0 ffffffff 0 STG.E.64 2 R8 R6 8 1 0x7f3354e9c500 8 0 
85 0 0 27 00e0 ffffffff 0 STG.E.64 2 R8 R6 8 1 0x7f3354eabb00 8 0 
82 0 0 31 00e0 ffffffff 0 STG.E.64 2 R8 R6 8 1 0x7f3354ea5f00 8 0 
13 0 0 30 00e0 ffffffff 0 STG.E.64 2 R8 R6 8 1 0x7f3354e1be00 8 0 
90 0 0 13 00e0 ffffffff 0 STG.E.64 2 R8 R6 8 1 0x7f3354eb4d00 8 0 
17 0 0 25 00e0 ffffffff 0 STG.E.64 2 R8 R6 8 1 0x7f3354e23900 8 0 
74 0 0 28 00e0 ffffffff 0 STG.E.64 2 R8 R6 8 1 0x7f3354e95c00 8 0 
21 0 0 4 00e0 ffffffff 0 STG.E.64 2 R8 R6 8 1 0x7f3354e2a400 8 0 
6 0 0 27 00e0 ffffffff 0 STG.E.64 2 R8 R6 8 1 0x7f3354e0db00 8 0 
81 0 0 3 00e0 ffffffff 0 STG.E.64 2 R8 R6 8 1 0x7f3354ea2300 8 0 
86 0 0 21 00e0 ffffffff 0 STG.E.64 2 R8 R6 8 1 0x7f3354ead500 8 0 
9 0 0 0 00e0 ffffffff 0 STG.E.64 2 R8 R6 8 1 0x7f3354e12000 8 0 
14 0 0 5 00e0 ffffffff 0 STG.E.64 2 R8 R6 8 1 0x7f3354e1c500 8 0 
1 0 0 0 00e0 ffffffff 0 STG.E.64 2 R8 R6 8 1 0x7f3354e02000 8 0 
58 0 0 13 00e0 ffffffff 0 STG.E.64 2 R8 R6 8 1 0x7f3354e74d00 8 0 
89 0 0 20 00e0 ffffffff 0 STG.E.64 2 R8 R6 8 1 0x7f3354eb3400 8 0 
66 0 0 31 00e0 ffffffff 0 STG.E.64 2 R8 R6 8 1 0x7f3354e85f00 8 0 
85 0 0 23 00e0 ffffffff 0 STG.E.64 2 R8 R6 8 1 0x7f3354eab700 8 0 
82 0 0 10 00e0 ffffffff 0 STG.E.64 2 R8 R6 8 1 0x7f3354ea4a00 8 0 
5 0 0 31 00e0 ffffffff 0 STG.E.64 2 R8 R6 8 1 0x7f3354e0bf00 8 0 
38 0 0 31 00e0 ffffffff 0 STG.E.64 2 R8 R6 8 1 0x7f3354e4df00 8 0 
17 0 0 26 00e0 ffffffff 0 STG.E.64 2 R8 R6 8 1 0x7f3354e23a00 8 0 
74 0 0 21 00e0 ffffffff 0 STG.E.64 2 R8 R6 8 1 0x7f3354e95500 8 0 
56 0 0 21 00e0 ffffffff 0 STG.E.64 2 R8 R6 8 1 0x7f3354e71500 8 0 
32 0 0 10 00b0 ffffffff 1 R2 LDG.E.64 1 R2 8 1 0x7f3354c40a00 8 0 
93 0 0 19 00e0 ffffffff 0 STG.E.64 2 R8 R6 8 1 0x7f3354ebb300 8 0 
78 0 0 0 00e0 ffffffff 0 STG.E.64 2 R8 R6 8 1 0x7f3354e9c000 8 0 
81 0 0 10 00e0 ffffffff 0 STG.E.64 2 R8 R6 8 1 0x7f3354ea2a00 8 0 
86 0 0 30 00e0 ffffffff 0 STG.E.64 2 R8 R6 8 1 0x7f3354eade00 8 0 
41 0 0 30 00e0 ffffffff 0 STG.E.64 2 R8 R6 8 1 0x7f3354e53e00 8 0 
90 0 0 9 00e0 ffffffff 0 STG.E.64 2 R8 R6 8 1 0x7f3354eb4900 8 0 
1 0 0 5 00e0 ffffffff 0 STG.E.64 2 R8 R6 8 1 0x7f3354e02500 8 0 
58 0 0 30 00e0 ffffffff 0 STG.E.64 2 R8 R6 8 1 0x7f3354e75e00 8 0 
13 0 0 17 00e0 ffffffff 0 STG.E.64 2 R8 R6 8 1 0x7f3354e1b100 8 0 
85 0 0 20 00e0 ffffffff 0 STG.E.64 2 R8 R6 8 1 0x7f3354eab400 8 0 
6 0 0 23 00e0 ffffffff 0 STG.E.64 2 R8 R6 8 1 0x7f3354e0d700 8 0 
82 0 0 30 00e0 ffffffff 0 STG.E.64 2 R8 R6 8 1 0x7f3354ea5e00 8 0 
21 0 0 1 00e0 ffffffff 0 STG.E.64 2 R8 R6 8 1 0x7f3354e2a100 8 0 
14 0 0 11 00e0 ffffffff 0 STG.E.64 2 R8 R6 8 1 0x7f3354e1cb00 8 0 
17 0 0 27 00e0 ffffffff 0 STG.E.64 2 R8 R6 8 1 0x7f3354e23b00 8 0 
74 0 0 24 00e0 ffffffff 0 STG.E.64 2 R8 R6 8 1 0x7f3354e95800 8 0 
9 0 0 2 00e0 ffffffff 0 STG.E.64 2 R8 R6 8 1 0x7f3354e12200 8 0 
10 0 0 9 00e0 ffffffff 0 STG.E.64 2 R8 R6 8 1 0x7f3354e14900 8 0 
86 0 0 26 00e0 ffffffff 0 STG.E.64 2 R8 R6 8 1 0x7f3354eada00 8 0 
89 0 0 29 00e0 ffffffff 0 STG.E.64 2 R8 R6 8 1 0x7f3354eb3d00 8 0 
81 0 0 14 00e0 ffffffff 0 STG.E.64 2 R8 R6 8 1 0x7f3354ea2e00 8 0 
38 0 0 26 00e0 ffffffff 0 STG.E.64 2 R8 R6 8 1 0x7f3354e4da00 8 0 
1 0 0 7 00e0 ffffffff 0 STG.E.64 2 R8 R6 8 1 0x7f3354e02700 8 0 
58 0 0 27 00e0 ffffffff 0 STG.E.64 2 R8 R6 8 1 0x7f3354e75b00 8 0 
5 0 0 19 00e0 ffffffff 0 STG.E.64 2 R8 R6 8 1 0x7f3354e0b300 8 0 
78 0 0 11 00e0 ffffffff 0 STG.E.64 2 R8 R6 8 1 0x7f3354e9cb00 8 0 
85 0 0 26 00e0 ffffffff 0 STG.E.64 2 R8 R6 8 1 0x7f3354eaba00 8 0 
93 0 0 16 00e0 ffffffff 0 STG.E.64 2 R8 R6 8 1 0x7f3354ebb000 8 0 
90 0 0 8 00e0 ffffffff 0 STG.E.64 2 R8 R6 8 1 0x7f3354eb4800 8 0 
17 0 0 24 00e0 ffffffff 0 STG.E.64 2 R8 R6 8 1 0x7f3354e23800 8 0 
74 0 0 20 00e0 ffffffff 0 STG.E.64 2 R8 R6 8 1 0x7f3354e95400 8 0 
41 0 0 31 00e0 ffffffff 0 STG.E.64 2 R8 R6 8 1 0x7f3354e53f00 8 0 
25 0 0 30 00e0 ffffffff 0 STG.E.64 2 R8 R6 8 1 0x7f3354e33e00 8 0 
6 0 0 30 00e0 ffffffff 0 STG.E.64 2 R8 R6 8 1 0x7f3354e0de00 8 0 
86 0 0 31 00e0 ffffffff 0 STG.E.64 2 R8 R6 8 1 0x7f3354eadf00 8 0 
13 0 0 28 00e0 ffffffff 0 STG.E.64 2 R8 R6 8 1 0x7f3354e1bc00 8 0 
14 0 0 2 00e0 ffffffff 0 STG.E.64 2 R8 R6 8 1 0x7f3354e1c200 8 0 
1 0 0 1 00e0 ffffffff 0 STG.E.64 2 R8 R6 8 1 0x7f3354e02100 8 0 
58 0 0 22 00e0 ffffffff 0 STG.E.64 2 R8 R6 8 1 0x7f3354e75600 8 0 
21 0 0 7 00e0 ffffffff 0 STG.E.64 2 R8 R6 8 1 0x7f3354e2a700 8 0 
10 0 0 10 00e0 ffffffff 0 STG.E.64 2 R8 R6 8 1 0x7f3354e14a00 8 0 
82 0 0 0 00e0 ffffffff 0 STG.E.64 2 R8 R6 8 1 0x7f3354ea4000 8 0 
9 0 0 11 00e0 ffffffff 0 STG.E.64 2 R8 R6 8 1 0x7f3354e12b00 8 0 
38 0 0 23 00e0 ffffffff 0 STG.E.64 2 R8 R6 8 1 0x7f3354e4d700 8 0 
17 0 0 21 00e0 ffffffff 0 STG.E.64 2 R8 R6 8 1 0x7f3354e23500 8 0 
74 0 0 25 00e0 ffffffff 0 STG.E.64 2 R8 R6 8 1 0x7f3354e95900 8 0 
89 0 0 14 00e0 ffffffff 0 STG.E.64 2 R8 R6 8 1 0x7f3354eb2e00 8 0 
78 0 0 7 00e0 ffffffff 0 STG.E.64 2 R8 R6 8 1 0x7f3354e9c700 8 0 
25 0 0 31 00e0 ffffffff 0 STG.E.64 2 R8 R6 8 1 0x7f3354e33f00 8 0 
86 0 0 17 00e0 ffffffff 0 STG.E.64 2 R8 R6 8 1 0x7f3354ead100 8 0 
5 0 0 29 00e0 ffffffff 0 STG.E.64 2 R8 R6 8 1 0x7f3354e0bd00 8 0 
90 0 0 11 00e0 ffffffff 0 STG.E.64 2 R8 R6 8 1 0x7f3354eb4b00 8 0 
1 0 0 3 00e0 ffffffff 0 STG.E.64 2 R8 R6 8 1 0x7f3354e02300 8 0 
93 0 0 12 00e0 ffffffff 0 STG.E.64 2 R8 R6 8 1 0x7f3354ebac00 8 0 
6 0 0 29 00e0 ffffffff 0 STG.E.64 2 R8 R6 8 1 0x7f3354e0dd00 8 0 
85 0 0 11 00e0 ffffffff 0 STG.E.64 2 R8 R6 8 1 0x7f3354eaab00 8 0 
82 0 0 13 00e0 ffffffff 0 STG.E.64 2 R8 R6 8 1 0x7f3354ea4d00 8 0 
41 0 0 26 00e0 ffffffff 0 STG.E.64 2 R8 R6 8 1 0x7f3354e53a00 8 0 
14 0 0 7 00e0 ffffffff 0 STG.E.64 2 R8 R6 8 1 0x7f3354e1c700 8 0 
17 0 0 20 00e0 ffffffff 0 STG.E.64 2 R8 R6 8 1 0x7f3354e23400 8 0 
74 0 0 22 00e0 ffffffff 0 STG.E.64 2 R8 R6 8 1 0x7f3354e95600 8 0 
13 0 0 26 00e0 ffffffff 0 STG.E.64 2 R8 R6 8 1 0x7f3354e1ba00 8 0 
10 0 0 19 00e0 ffffffff 0 STG.E.64 2 R8 R6 8 1 0x7f3354e15300 8 0 
25 0 0 27 00e0 ffffffff 0 STG.E.64 2 R8 R6 8 1 0x7f3354e33b00 8 0 
86 0 0 18 00e0 ffffffff 0 STG.E.64 2 R8 R6 8 1 0x7f3354ead200 8 0 
21 0 0 29 00e0 ffffffff 0 STG.E.64 2 R8 R6 8 1 0x7f3354e2bd00 8 0 
38 0 0 25 00e0 ffffffff 0 STG.E.64 2 R8 R6 8 1 0x7f3354e4d900 8 0 
1 0 0 31 00e0 ffffffff 0 STG.E.64 2 R8 R6 8 1 0x7f3354e03f00 8 0 
82 0 0 3 00e0 ffffffff 0 STG.E.64 2 R8 R6 8 1 0x7f3354ea4300 8 0 
9 0 0 1 00e0 ffffffff 0 STG.E.64 2 R8 R6 8 1 0x7f3354e12100 8 0 
78 0 0 6 00e0 ffffffff 0 STG.E.64 2 R8 R6 8 1 0x7f3354e9c600 8 0 
85 0 0 16 00e0 ffffffff 0 STG.E.64 2 R8 R6 8 1 0x7f3354eab000 8 0 
89 0 0 16 00e0 ffffffff 0 STG.E.64 2 R8 R6 8 1 0x7f3354eb3000 8 0 
86 0 0 27 00e0 ffffffff 0 STG.E.64 2 R8 R6 8 1 0x7f3354eadb00 8 0 
90 0 0 14 00e0 ffffffff 0 STG.E.64 2 R8 R6 8 1 0x7f3354eb4e00 8 0 
17 0 0 14 00e0 ffffffff 0 STG.E.64 2 R8 R6 8 1 0x7f3354e22e00 8 0 
5 0 0 14 00e0 ffffffff 0 STG.E.64 2 R8 R6 8 1 0x7f3354e0ae00 8 0 
82 0 0 9 00e0 ffffffff 0 STG.E.64 2 R8 R6 8 1 0x7f3354ea4900 8 0 
6 0 0 26 00e0 ffffffff 0 STG.E.64 2 R8 R6 8 1 0x7f3354e0da00 8 0 
93 0 0 6 00e0 ffffffff 0 STG.E.64 2 R8 R6 8 1 0x7f3354eba600 8 0 
25 0 0 28 00e0 ffffffff 0 STG.E.64 2 R8 R6 8 1 0x7f3354e33c00 8 0 
14 0 0 4 00e0 ffffffff 0 STG.E.64 2 R8 R6 8 1 0x7f3354e1c400 8 0 
41 0 0 24 00e0 ffffffff 0 STG.E.64 2 R8 R6 8 1 0x7f3354e53800 8 0 
51 0 0 15 00e0 ffffffff 0 STG.E.64 2 R8 R6 8 1 0x7f3354e66f00 8 0 
72 0 0 27 00e0 ffffffff 0 STG.E.64 2 R8 R6 8 1 0x7f3354e91b00 8 0 
1 0 0 10 00e0 ffffffff 0 STG.E.64 2 R8 R6 8 1 0x7f3354e02a00 8 0 
10 0 0 8 00e0 ffffffff 0 STG.E.64 2 R8 R6 8 1 0x7f3354e14800 8 0 
3 0 0 0 00e0 ffffffff 0 STG.E.64 2 R8 R6 8 1 0x7f3354e06000 8 0 
84 0 0 5 00e0 ffffffff 0 STG.E.64 2 R8 R6 8 1 0x7f3354ea8500 8 0 
13 0 0 13 00e0 ffffffff 0 STG.E.64 2 R8 R6 8 1 0x7f3354e1ad00 8 0 
85 0 0 17 00e0 ffffffff 0 STG.E.64 2 R8 R6 8 1 0x7f3354eab100 8 0 
38 0 0 16 00e0 ffffffff 0 STG.E.64 2 R8 R6 8 1 0x7f3354e4d000 8 0 
80 0 0 2 00e0 ffffffff 0 STG.E.64 2 R8 R6 8 1 0x7f3354ea0200 8 0 
83 0 0 10 00e0 ffffffff 0 STG.E.64 2 R8 R6 8 1 0x7f3354ea6a00 8 0 
21 0 0 3 00e0 ffffffff 0 STG.E.64 2 R8 R6 8 1 0x7f3354e2a300 8 0 
36 0 0 31 00e0 ffffffff 0 STG.E.64 2 R8 R6 8 1 0x7f3354e49f00 8 0 
56 0 0 20 00e0 ffffffff 0 STG.E.64 2 R8 R6 8 1 0x7f3354e71400 8 0 
17 0 0 17 00e0 ffffffff 0 STG.E.64 2 R8 R6 8 1 0x7f3354e23100 8 0 
78 0 0 1 00e0 ffffffff 0 STG.E.64 2 R8 R6 8 1 0x7f3354e9c100 8 0 
47 0 0 4 00e0 ffffffff 0 STG.E.64 2 R8 R6 8 1 0x7f3354e5e400 8 0 
63 0 0 31 00b0 ffffffff 1 R2 LDG.E.64 1 R2 8 1 0x7f3354c7ff00 8 0 
25 0 0 23 00e0 ffffffff 0 STG.E.64 2 R8 R6 8 1 0x7f3354e33700 8 0 
19 0 0 26 00e0 ffffffff 0 STG.E.64 2 R8 R6 8 1 0x7f3354e27a00 8 0 
9 0 0 30 00e0 ffffffff 0 STG.E.64 2 R8 R6 8 1 0x7f3354e13e00 8 0 
90 0 0 4 00e0 ffffffff 0 STG.E.64 2 R8 R6 8 1 0x7f3354eb4400 8 0 
89 0 0 17 00e0 ffffffff 0 STG.E.64 2 R8 R6 8 1 0x7f3354eb3100 8 0 
25 0 0 25 00e0 ffffffff 0 STG.E.64 2 R8 R6 8 1 0x7f3354e33900 8 0 
6 0 0 25 00e0 ffffffff 0 STG.E.64 2 R8 R6 8 1 0x7f3354e0d900 8 0 
5 0 0 16 00e0 ffffffff 0 STG.E.64 2 R8 R6 8 1 0x7f3354e0b000 8 0 
25 0 0 26 00e0 ffffffff 0 STG.E.64 2 R8 R6 8 1 0x7f3354e33a00 8 0 
14 0 0 1 00e0 ffffffff 0 STG.E.64 2 R8 R6 8 1 0x7f3354e1c100 8 0 
93 0 0 21 00e0 ffffffff 0 STG.E.64 2 R8 R6 8 1 0x7f3354ebb500 8 0 
10 0 0 4 00e0 ffffffff 0 STG.E.64 2 R8 R6 8 1 0x7f3354e14400 8 0 
41 0 0 20 00e0 ffffffff 0 STG.E.64 2 R8 R6 8 1 0x7f3354e53400 8 0 
38 0 0 30 00e0 ffffffff 0 STG.E.64 2 R8 R6 8 1 0x7f3354e4de00 8 0 
13 0 0 23 00e0 ffffffff 0 STG.E.64 2 R8 R6 8 1 0x7f3354e1b700 8 0 
78 0 0 2 00e0 ffffffff 0 STG.E.64 2 R8 R6 8 1 0x7f3354e9c200 8 0 
21 0 0 2 00e0 ffffffff 0 STG.E.64 2 R8 R6 8 1 0x7f3354e2a200 8 0 
90 0 0 3 00e0 ffffffff 0 STG.E.64 2 R8 R6 8 1 0x7f3354eb4300 8 0 
9 0 0 7 00e0 ffffffff 0 STG.E.64 2 R8 R6 8 1 0x7f3354e12700 8 0 
6 0 0 24 00e0 ffffffff 0 STG.E.64 2 R8 R6 8 1 0x7f3354e0d800 8 0 
89 0 0 12 00e0 ffffffff 0 STG.E.64 2 R8 R6 8 1 0x7f3354eb2c00 8 0 
14 0 0 0 00e0 ffffffff 0 STG.E.64 2 R8 R6 8 1 0x7f3354e1c000 8 0 
5 0 0 27 00e0 ffffffff 0 STG.E.64 2 R8 R6 8 1 0x7f3354e0bb00 8 0 
10 0 0 5 00e0 ffffffff 0 STG.E.64 2 R8 R6 8 1 0x7f3354e14500 8 0 
93 0 0 17 00e0 ffffffff 0 STG.E.64 2 R8 R6 8 1 0x7f3354ebb100 8 0 
38 0 0 19 00e0 ffffffff 0 STG.E.64 2 R8 R6 8 1 0x7f3354e4d300 8 0 
41 0 0 27 00e0 ffffffff 0 STG.E.64 2 R8 R6 8 1 0x7f3354e53b00 8 0 
78 0 0 3 00e0 ffffffff 0 STG.E.64 2 R8 R6 8 1 0x7f3354e9c300 8 0 
13 0 0 18 00e0 ffffffff 0 STG.E.64 2 R8 R6 8 1 0x7f3354e1b200 8 0 
90 0 0 30 00e0 ffffffff 0 STG.E.64 2 R8 R6 8 1 0x7f3354eb5e00 8 0 
77 0 0 27 00e0 ffffffff 0 STG.E.64 2 R8 R6 8 1 0x7f3354e9bb00 8 0 
6 0 0 15 00e0 ffffffff 0 STG.E.64 2 R8 R6 8 1 0x7f3354e0cf00 8 0 
9 0 0 3 00e0 ffffffff 0 STG.E.64 2 R8 R6 8 1 0x7f3354e12300 8 0 
14 0 0 30 00e0 ffffffff 0 STG.E.64 2 R8 R6 8 1 0x7f3354e1de00 8 0 
89 0 0 13 00e0 ffffffff 0 STG.E.64 2 R8 R6 8 1 0x7f3354eb2d00 8 0 
10 0 0 6 00e0 ffffffff 0 STG.E.64 2 R8 R6 8 1 0x7f3354e14600 8 0 
5 0 0 24 00e0 ffffffff 0 STG.E.64 2 R8 R6 8 1 0x7f3354e0b800 8 0 
38 0 0 29 00e0 ffffffff 0 STG.E.64 2 R8 R6 8 1 0x7f3354e4dd00 8 0 
93 0 0 8 00e0 ffffffff 0 STG.E.64 2 R8 R6 8 1 0x7f3354eba800 8 0 
22 0 0 29 00e0 ffffffff 0 STG.E.64 2 R8 R6 8 1 0x7f3354e2dd00 8 0 
41 0 0 17 00e0 ffffffff 0 STG.E.64 2 R8 R6 8 1 0x7f3354e53100 8 0 
90 0 0 5 00e0 ffffffff 0 STG.E.64 2 R8 R6 8 1 0x7f3354eb4500 8 0 
13 0 0 15 00e0 ffffffff 0 STG.E.64 2 R8 R6 8 1 0x7f3354e1af00 8 0 
6 0 0 13 00e0 ffffffff 0 STG.E.64 2 R8 R6 8 1 0x7f3354e0cd00 8 0 
77 0 0 25 00e0 ffffffff 0 STG.E.64 2 R8 R6 8 1 0x7f3354e9b900 8 0 
70 0 0 24 00e0 ffffffff 0 STG.E.64 2 R8 R6 8 1 0x7f3354e8d800 8 0 
65 0 0 28 00e0 ffffffff 0 STG.E.64 2 R8 R6 8 1 0x7f3354e83c00 8 0 
10 0 0 11 00e0 ffffffff 0 STG.E.64 2 R8 R6 8 1 0x7f3354e14b00 8 0 
89 0 0 15 00e0 ffffffff 0 STG.E.64 2 R8 R6 8 1 0x7f3354eb2f00 8 0 
38 0 0 12 00e0 ffffffff 0 STG.E.64 2 R8 R6 8 1 0x7f3354e4cc00 8 0 
5 0 0 25 00e0 ffffffff 0 STG.E.64 2 R8 R6 8 1 0x7f3354e0b900 8 0 
22 0 0 28 00e0 ffffffff 0 STG.E.64 2 R8 R6 8 1 0x7f3354e2dc00 8 0 
93 0 0 9 00e0 ffffffff 0 STG.E.64 2 R8 R6 8 1 0x7f3354eba900 8 0 
90 0 0 10 00e0 ffffffff 0 STG.E.64 2 R8 R6 8 1 0x7f3354eb4a00 8 0 
41 0 0 16 00e0 ffffffff 0 STG.E.64 2 R8 R6 8 1 0x7f3354e53000 8 0 
6 0 0 20 00e0 ffffffff 0 STG.E.64 2 R8 R6 8 1 0x7f3354e0d400 8 0 
13 0 0 20 00e0 ffffffff 0 STG.E.64 2 R8 R6 8 1 0x7f3354e1b400 8 0 
70 0 0 13 00e0 ffffffff 0 STG.E.64 2 R8 R6 8 1 0x7f3354e8cd00 8 0 
77 0 0 31 00e0 ffffffff 0 STG.E.64 2 R8 R6 8 1 0x7f3354e9bf00 8 0 
10 0 0 0 00e0 ffffffff 0 STG.E.64 2 R8 R6 8 1 0x7f3354e14000 8 0 
65 0 0 25 00e0 ffffffff 0 STG.E.64 2 R8 R6 8 1 0x7f3354e83900 8 0 
38 0 0 22 00e0 ffffffff 0 STG.E.64 2 R8 R6 8 1 0x7f3354e4d600 8 0 
89 0 0 10 00e0 ffffffff 0 STG.E.64 2 R8 R6 8 1 0x7f3354eb2a00 8 0 
22 0 0 26 00e0 ffffffff 0 STG.E.64 2 R8 R6 8 1 0x7f3354e2da00 8 0 
5 0 0 30 00e0 ffffffff 0 STG.E.64 2 R8 R6 8 1 0x7f3354e0be00 8 0 
90 0 0 1 00e0 ffffffff 0 STG.E.64 2 R8 R6 8 1 0x7f3354eb4100 8 0 
93 0 0 15 00e0 ffffffff 0 STG.E.64 2 R8 R6 8 1 0x7f3354ebaf00 8 0 
6 0 0 22 00e0 ffffffff 0 STG.E.64 2 R8 R6 8 1 0x7f3354e0d600 8 0 
41 0 0 13 00e0 ffffffff 0 STG.E.64 2 R8 R6 8 1 0x7f3354e52d00 8 0 
14 0 0 3 00e0 ffffffff 0 STG.E.64 2 R8 R6 8 1 0x7f3354e1c300 8 0 
84 0 0 4 00e0 ffffffff 0 STG.E.64 2 R8 R6 8 1 0x7f3354ea8400 8 0 
91 0 0 25 00b0 ffffffff 1 R2 LDG.E.64 1 R2 8 1 0x7f3354cb7900 8 0 
13 0 0 5 00e0 ffffffff 0 STG.E.64 2 R8 R6 8 1 0x7f3354e1a500 8 0 
10 0 0 1 00e0 ffffffff 0 STG.E.64 2 R8 R6 8 1 0x7f3354e14100 8 0 
77 0 0 28 00e0 ffffffff 0 STG.E.64 2 R8 R6 8 1 0x7f3354e9bc00 8 0 
60 0 0 20 00a0 ffffffff 1 R4 LDG.E.64 1 R4 8 1 0x7f3354d3ca00 8 0 
80 0 0 1 00e0 ffffffff 0 STG.E.64 2 R8 R6 8 1 0x7f3354ea0100 8 0 
55 0 0 9 00e0 ffffffff 0 STG.E.64 2 R8 R6 8 1 0x7f3354e6e900 8 0 
38 0 0 15 00e0 ffffffff 0 STG.E.64 2 R8 R6 8 1 0x7f3354e4cf00 8 0 
65 0 0 30 00e0 ffffffff 0 STG.E.64 2 R8 R6 8 1 0x7f3354e83e00 8 0 
22 0 0 24 00e0 ffffffff 0 STG.E.64 2 R8 R6 8 1 0x7f3354e2d800 8 0 
43 0 0 1 00e0 ffffffff 0 STG.E.64 2 R8 R6 8 1 0x7f3354e56100 8 0 
20 0 0 8 00e0 ffffffff 0 STG.E.64 2 R8 R6 8 1 0x7f3354e28800 8 0 
56 0 0 16 00e0 ffffffff 0 STG.E.64 2 R8 R6 8 1 0x7f3354e71000 8 0 
89 0 0 9 00e0 ffffffff 0 STG.E.64 2 R8 R6 8 1 0x7f3354eb2900 8 0 
90 0 0 7 00e0 ffffffff 0 STG.E.64 2 R8 R6 8 1 0x7f3354eb4700 8 0 
5 0 0 21 00e0 ffffffff 0 STG.E.64 2 R8 R6 8 1 0x7f3354e0b500 8 0 
59 0 0 28 00e0 ffffffff 0 STG.E.64 2 R8 R6 8 1 0x7f3354e77c00 8 0 
32 0 0 15 00b0 ffffffff 1 R2 LDG.E.64 1 R2 8 1 0x7f3354c40f00 8 0 
6 0 0 16 00e0 ffffffff 0 STG.E.64 2 R8 R6 8 1 0x7f3354e0d000 8 0 
93 0 0 5 00e0 ffffffff 0 STG.E.64 2 R8 R6 8 1 0x7f3354eba500 8 0 
70 0 0 31 00e0 ffffffff 0 STG.E.64 2 R8 R6 8 1 0x7f3354e8df00 8 0 
72 0 0 23 00e0 ffffffff 0 STG.E.64 2 R8 R6 8 1 0x7f3354e91700 8 0 
83 0 0 2 00e0 ffffffff 0 STG.E.64 2 R8 R6 8 1 0x7f3354ea6200 8 0 
51 0 0 29 00e0 ffffffff 0 STG.E.64 2 R8 R6 8 1 0x7f3354e67d00 8 0 
84 0 0 6 00e0 ffffffff 0 STG.E.64 2 R8 R6 8 1 0x7f3354ea8600 8 0 
19 0 0 17 00e0 ffffffff 0 STG.E.64 2 R8 R6 8 1 0x7f3354e27100 8 0 
24 0 0 29 00e0 ffffffff 0 STG.E.64 2 R8 R6 8 1 0x7f3354e31d00 8 0 
87 0 0 12 00e0 ffffffff 0 STG.E.64 2 R8 R6 8 1 0x7f3354eaec00 8 0 
92 0 0 1 00a0 ffffffff 1 R4 LDG.E.64 1 R4 8 1 0x7f3354d7b700 8 0 
41 0 0 22 00e0 ffffffff 0 STG.E.64 2 R8 R6 8 1 0x7f3354e53600 8 0 
10 0 0 7 00e0 ffffffff 0 STG.E.64 2 R8 R6 8 1 0x7f3354e14700 8 0 
13 0 0 11 00e0 ffffffff 0 STG.E.64 2 R8 R6 8 1 0x7f3354e1ab00 8 0 
38 0 0 21 00e0 ffffffff 0 STG.E.64 2 R8 R6 8 1 0x7f3354e4d500 8 0 
77 0 0 24 00e0 ffffffff 0 STG.E.64 2 R8 R6 8 1 0x7f3354e9b800 8 0 
22 0 0 31 00e0 ffffffff 0 STG.E.64 2 R8 R6 8 1 0x7f3354e2df00 8 0 
65 0 0 31 00e0 ffffffff 0 STG.E.64 2 R8 R6 8 1 0x7f3354e83f00 8 0 
90 0 0 0 00e0 ffffffff 0 STG.E.64 2 R8 R6 8 1 0x7f3354eb4000 8 0 
89 0 0 30 00e0 ffffffff 0 STG.E.64 2 R8 R6 8 1 0x7f3354eb3e00 8 0 
6 0 0 31 00e0 ffffffff 0 STG.E.64 2 R8 R6 8 1 0x7f3354e0df00 8 0 
5 0 0 26 00e0 ffffffff 0 STG.E.64 2 R8 R6 8 1 0x7f3354e0ba00 8 0 
70 0 0 28 00e0 ffffffff 0 STG.E.64 2 R8 R6 8 1 0x7f3354e8dc00 8 0 
93 0 0 4 00e0 ffffffff 0 STG.E.64 2 R8 R6 8 1 0x7f3354eba400 8 0 
10 0 0 3 00e0 ffffffff 0 STG.E.64 2 R8 R6 8 1 0x7f3354e14300 8 0 
41 0 0 15 00e0 ffffffff 0 STG.E.64 2 R8 R6 8 1 0x7f3354e52f00 8 0 
38 0 0 8 00e0 ffffffff 0 STG.E.64 2 R8 R6 8 1 0x7f3354e4c800 8 0 
13 0 0 8 00e0 ffffffff 0 STG.E.64 2 R8 R6 8 1 0x7f3354e1a800 8 0 
22 0 0 22 00e0 ffffffff 0 STG.E.64 2 R8 R6 8 1 0x7f3354e2d600 8 0 
77 0 0 30 00e0 ffffffff 0 STG.E.64 2 R8 R6 8 1 0x7f3354e9be00 8 0 
90 0 0 2 00e0 ffffffff 0 STG.E.64 2 R8 R6 8 1 0x7f3354eb4200 8 0 
65 0 0 26 00e0 ffffffff 0 STG.E.64 2 R8 R6 8 1 0x7f3354e83a00 8 0 
6 0 0 5 00e0 ffffffff 0 STG.E.64 2 R8 R6 8 1 0x7f3354e0c500 8 0 
89 0 0 1 00e0 ffffffff 0 STG.E.64 2 R8 R6 8 1 0x7f3354eb2100 8 0 
70 0 0 27 00e0 ffffffff 0 STG.E.64 2 R8 R6 8 1 0x7f3354e8db00 8 0 
5 0 0 23 00e0 ffffffff 0 STG.E.64 2 R8 R6 8 1 0x7f3354e0b700 8 0 
10 0 0 2 00e0 ffffffff 0 STG.E.64 2 R8 R6 8 1 0x7f3354e14200 8 0 
93 0 0 10 00e0 ffffffff 0 STG.E.64 2 R8 R6 8 1 0x7f3354ebaa00 8 0 
38 0 0 18 00e0 ffffffff 0 STG.E.64 2 R8 R6 8 1 0x7f3354e4d200 8 0 
41 0 0 19 00e0 ffffffff 0 STG.E.64 2 R8 R6 8 1 0x7f3354e53300 8 0 
22 0 0 25 00e0 ffffffff 0 STG.E.64 2 R8 R6 8 1 0x7f3354e2d900 8 0 
13 0 0 10 00e0 ffffffff 0 STG.E.64 2 R8 R6 8 1 0x7f3354e1aa00 8 0 
34 0 0 8 00e0 ffffffff 0 STG.E.64 2 R8 R6 8 1 0x7f3354e44800 8 0 
77 0 0 20 00e0 ffffffff 0 STG.E.64 2 R8 R6 8 1 0x7f3354e9b400 8 0 
6 0 0 12 00e0 ffffffff 0 STG.E.64 2 R8 R6 8 1 0x7f3354e0cc00 8 0 
65 0 0 27 00e0 ffffffff 0 STG.E.64 2 R8 R6 8 1 0x7f3354e83b00 8 0 
70 0 0 8 00e0 ffffffff 0 STG.E.64 2 R8 R6 8 1 0x7f3354e8c800 8 0 
89 0 0 4 00e0 ffffffff 0 STG.E.64 2 R8 R6 8 1 0x7f3354eb2400 8 0 
66 0 0 30 00e0 ffffffff 0 STG.E.64 2 R8 R6 8 1 0x7f3354e85e00 8 0 
5 0 0 20 00e0 ffffffff 0 STG.E.64 2 R8 R6 8 1 0x7f3354e0b400 8 0 
38 0 0 13 00e0 ffffffff 0 STG.E.64 2 R8 R6 8 1 0x7f3354e4cd00 8 0 
93 0 0 1 00e0 ffffffff 0 STG.E.64 2 R8 R6 8 1 0x7f3354eba100 8 0 
22 0 0 27 00e0 ffffffff 0 STG.E.64 2 R8 R6 8 1 0x7f3354e2db00 8 0 
41 0 0 12 00e0 ffffffff 0 STG.E.64 2 R8 R6 8 1 0x7f3354e52c00 8 0 
34 0 0 13 00e0 ffffffff 0 STG.E.64 2 R8 R6 8 1 0x7f3354e44d00 8 0 
13 0 0 1 00e0 ffffffff 0 STG.E.64 2 R8 R6 8 1 0x7f3354e1a100 8 0 
6 0 0 9 00e0 ffffffff 0 STG.E.64 2 R8 R6 8 1 0x7f3354e0c900 8 0 
77 0 0 16 00e0 ffffffff 0 STG.E.64 2 R8 R6 8 1 0x7f3354e9b000 8 0 
70 0 0 23 00e0 ffffffff 0 STG.E.64 2 R8 R6 8 1 0x7f3354e8d700 8 0 
65 0 0 22 00e0 ffffffff 0 STG.E.64 2 R8 R6 8 1 0x7f3354e83600 8 0 
66 0 0 27 00e0 ffffffff 0 STG.E.64 2 R8 R6 8 1 0x7f3354e85b00 8 0 
89 0 0 11 00e0 ffffffff 0 STG.E.64 2 R8 R6 8 1 0x7f3354eb2b00 8 0 
38 0 0 4 00e0 ffffffff 0 STG.E.64 2 R8 R6 8 1 0x7f3354e4c400 8 0 
5 0 0 15 00e0 ffffffff 0 STG.E.64 2 R8 R6 8 1 0x7f3354e0af00 8 0 
22 0 0 20 00e0 ffffffff 0 STG.E.64 2 R8 R6 8 1 0x7f3354e2d400 8 0 
93 0 0 29 00e0 ffffffff 0 STG.E.64 2 R8 R6 8 1 0x7f3354ebbd00 8 0 
34 0 0 10 00e0 ffffffff 0 STG.E.64 2 R8 R6 8 1 0x7f3354e44a00 8 0 
6 0 0 28 00e0 ffffffff 0 STG.E.64 2 R8 R6 8 1 0x7f3354e0dc00 8 0 
13 0 0 29 00e0 ffffffff 0 STG.E.64 2 R8 R6 8 1 0x7f3354e1bd00 8 0 
70 0 0 19 00e0 ffffffff 0 STG.E.64 2 R8 R6 8 1 0x7f3354e8d300 8 0 
77 0 0 26 00e0 ffffffff 0 STG.E.64 2 R8 R6 8 1 0x7f3354e9ba00 8 0 
66 0 0 28 00e0 ffffffff 0 STG.E.64 2 R8 R6 8 1 0x7f3354e85c00 8 0 
65 0 0 24 00e0 ffffffff 0 STG.E.64 2 R8 R6 8 1 0x7f3354e83800 8 0 
38 0 0 14 00e0 ffffffff 0 STG.E.64 2 R8 R6 8 1 0x7f3354e4ce00 8 0 
89 0 0 3 00e0 ffffffff 0 STG.E.64 2 R8 R6 8 1 0x7f3354eb2300 8 0 
22 0 0 21 00e0 ffffffff 0 STG.E.64 2 R8 R6 8 1 0x7f3354e2d500 8 0 
5 0 0 12 00e0 ffffffff 0 STG.E.64 2 R8 R6 8 1 0x7f3354e0ac00 8 0 
34 0 0 11 00e0 ffffffff 0 STG.E.64 2 R8 R6 8 1 0x7f3354e44b00 8 0 
93 0 0 11 00e0 ffffffff 0 STG.E.64 2 R8 R6 8 1 0x7f3354ebab00 8 0 
6 0 0 2 00e0 ffffffff 0 STG.E.64 2 R8 R6 8 1 0x7f3354e0c200 8 0 
41 0 0 10 00e0 ffffffff 0 STG.E.64 2 R8 R6 8 1 0x7f3354e52a00 8 0 
63 0 0 24 00b0 ffffffff 1 R2 LDG.E.64 1 R2 8 1 0x7f3354c7f800 8 0 
72 0 0 19 00e0 ffffffff 0 STG.E.64 2 R8 R6 8 1 0x7f3354e91300 8 0 
70 0 0 15 00e0 ffffffff 0 STG.E.64 2 R8 R6 8 1 0x7f3354e8cf00 8 0 
59 0 0 24 00e0 ffffffff 0 STG.E.64 2 R8 R6 8 1 0x7f3354e77800 8 0 
60 0 0 16 00b0 ffffffff 1 R2 LDG.E.64 1 R2 8 1 0x7f3354c79000 8 0 
13 0 0 6 00e0 ffffffff 0 STG.E.64 2 R8 R6 8 1 0x7f3354e1a600 8 0 
66 0 0 20 00e0 ffffffff 0 STG.E.64 2 R8 R6 8 1 0x7f3354e85400 8 0 
84 0 0 3 00e0 ffffffff 0 STG.E.64 2 R8 R6 8 1 0x7f3354ea8300 8 0 
27 0 0 4 00e0 ffffffff 0 STG.E.64 2 R8 R6 8 1 0x7f3354e36400 8 0 
77 0 0 23 00e0 ffffffff 0 STG.E.64 2 R8 R6 8 1 0x7f3354e9b700 8 0 
38 0 0 11 00e0 ffffffff 0 STG.E.64 2 R8 R6 8 1 0x7f3354e4cb00 8 0 
24 0 0 16 00e0 ffffffff 0 STG.E.64 2 R8 R6 8 1 0x7f3354e31000 8 0 
19 0 0 20 00e0 ffffffff 0 STG.E.64 2 R8 R6 8 1 0x7f3354e27400 8 0 
65 0 0 23 00e0 ffffffff 0 STG.E.64 2 R8 R6 8 1 0x7f3354e83700 8 0 
22 0 0 18 00e0 ffffffff 0 STG.E.64 2 R8 R6 8 1 0x7f3354e2d200 8 0 
89 0 0 8 00e0 ffffffff 0 STG.E.64 2 R8 R6 8 1 0x7f3354eb2800 8 0 
43 0 0 30 00e0 ffffffff 0 STG.E.64 2 R8 R6 8 1 0x7f3354e57e00 8 0 
56 0 0 22 00e0 ffffffff 0 STG.E.64 2 R8 R6 8 1 0x7f3354e71600 8 0 
5 0 0 22 00e0 ffffffff 0 STG.E.64 2 R8 R6 8 1 0x7f3354e0b600 8 0 
34 0 0 28 00e0 ffffffff 0 STG.E.64 2 R8 R6 8 1 0x7f3354e45c00 8 0 
93 0 0 2 00e0 ffffffff 0 STG.E.64 2 R8 R6 8 1 0x7f3354eba200 8 0 
87 0 0 7 00e0 ffffffff 0 STG.E.64 2 R8 R6 8 1 0x7f3354eae700 8 0 
95 0 0 9 00e0 ffffffff 0 STG.E.64 2 R8 R6 8 1 0x7f3354ebe900 8 0 
72 0 0 17 00e0 ffffffff 0 STG.E.64 2 R8 R6 8 1 0x7f3354e91100 8 0 
59 0 0 29 00e0 ffffffff 0 STG.E.64 2 R8 R6 8 1 0x7f3354e77d00 8 0 
51 0 0 18 00e0 ffffffff 0 STG.E.64 2 R8 R6 8 1 0x7f3354e67200 8 0 
6 0 0 21 00e0 ffffffff 0 STG.E.64 2 R8 R6 8 1 0x7f3354e0d500 8 0 
41 0 0 23 00e0 ffffffff 0 STG.E.64 2 R8 R6 8 1 0x7f3354e53700 8 0 
70 0 0 29 00e0 ffffffff 0 STG.E.64 2 R8 R6 8 1 0x7f3354e8dd00 8 0 
13 0 0 7 00e0 ffffffff 0 STG.E.64 2 R8 R6 8 1 0x7f3354e1a700 8 0 
66 0 0 23 00e0 ffffffff 0 STG.E.64 2 R8 R6 8 1 0x7f3354e85700 8 0 
77 0 0 7 00e0 ffffffff 0 STG.E.64 2 R8 R6 8 1 0x7f3354e9a700 8 0 
65 0 0 18 00e0 ffffffff 0 STG.E.64 2 R8 R6 8 1 0x7f3354e83200 8 0 
89 0 0 0 00e0 ffffffff 0 STG.E.64 2 R8 R6 8 1 0x7f3354eb2000 8 0 
38 0 0 17 00e0 ffffffff 0 STG.E.64 2 R8 R6 8 1 0x7f3354e4d100 8 0 
5 0 0 11 00e0 ffffffff 0 STG.E.64 2 R8 R6 8 1 0x7f3354e0ab00 8 0 
22 0 0 16 00e0 ffffffff 0 STG.E.64 2 R8 R6 8 1 0x7f3354e2d000 8 0 
93 0 0 7 00e0 ffffffff 0 STG.E.64 2 R8 R6 8 1 0x7f3354eba700 8 0 
34 0 0 29 00e0 ffffffff 0 STG.E.64 2 R8 R6 8 1 0x7f3354e45d00 8 0 
6 0 0 18 00e0 ffffffff 0 STG.E.64 2 R8 R6 8 1 0x7f3354e0d200 8 0 
13 0 0 22 00e0 ffffffff 0 STG.E.64 2 R8 R6 8 1 0x7f3354e1b600 8 0 
70 0 0 25 00e0 ffffffff 0 STG.E.64 2 R8 R6 8 1 0x7f3354e8d900 8 0 
77 0 0 22 00e0 ffffffff 0 STG.E.64 2 R8 R6 8 1 0x7f3354e9b600 8 0 
66 0 0 26 00e0 ffffffff 0 STG.E.64 2 R8 R6 8 1 0x7f3354e85a00 8 0 
65 0 0 21 00e0 ffffffff 0 STG.E.64 2 R8 R6 8 1 0x7f3354e83500 8 0 
38 0 0 7 00e0 ffffffff 0 STG.E.64 2 R8 R6 8 1 0x7f3354e4c700 8 0 
89 0 0 6 00e0 ffffffff 0 STG.E.64 2 R8 R6 8 1 0x7f3354eb2600 8 0 
22 0 0 14 00e0 ffffffff 0 STG.E.64 2 R8 R6 8 1 0x7f3354e2ce00 8 0 
5 0 0 8 00e0 ffffffff 0 STG.E.64 2 R8 R6 8 1 0x7f3354e0a800 8 0 
34 0 0 31 00e0 ffffffff 0 STG.E.64 2 R8 R6 8 1 0x7f3354e45f00 8 0 
6 0 0 19 00e0 ffffffff 0 STG.E.64 2 R8 R6 8 1 0x7f3354e0d300 8 0 
70 0 0 21 00e0 ffffffff 0 STG.E.64 2 R8 R6 8 1 0x7f3354e8d500 8 0 
93 0 0 0 00e0 ffffffff 0 STG.E.64 2 R8 R6 8 1 0x7f3354eba000 8 0 
66 0 0 24 00e0 ffffffff 0 STG.E.64 2 R8 R6 8 1 0x7f3354e85800 8 0 
13 0 0 0 00e0 ffffffff 0 STG.E.64 2 R8 R6 8 1 0x7f3354e1a000 8 0 
38 0 0 3 00e0 ffffffff 0 STG.E.64 2 R8 R6 8 1 0x7f3354e4c300 8 0 
77 0 0 29 00e0 ffffffff 0 STG.E.64 2 R8 R6 8 1 0x7f3354e9bd00 8 0 
22 0 0 12 00e0 ffffffff 0 STG.E.64 2 R8 R6 8 1 0x7f3354e2cc00 8 0 
65 0 0 17 00e0 ffffffff 0 STG.E.64 2 R8 R6 8 1 0x7f3354e83100 8 0 
89 0 0 7 00e0 ffffffff 0 STG.E.64 2 R8 R6 8 1 0x7f3354eb2700 8 0 
34 0 0 24 00e0 ffffffff 0 STG.E.64 2 R8 R6 8 1 0x7f3354e45800 8 0 
5 0 0 13 00e0 ffffffff 0 STG.E.64 2 R8 R6 8 1 0x7f3354e0ad00 8 0 
6 0 0 8 00e0 ffffffff 0 STG.E.64 2 R8 R6 8 1 0x7f3354e0c800 8 0 
70 0 0 20 00e0 ffffffff 0 STG.E.64 2 R8 R6 8 1 0x7f3354e8d400 8 0 
37 0 0 31 00e0 ffffffff 0 STG.E.64 2 R8 R6 8 1 0x7f3354e4bf00 8 0 
66 0 0 29 00e0 ffffffff 0 STG.E.64 2 R8 R6 8 1 0x7f3354e85d00 8 0 
69 0 0 28 00e0 ffffffff 0 STG.E.64 2 R8 R6 8 1 0x7f3354e8bc00 8 0 
38 0 0 10 00e0 ffffffff 0 STG.E.64 2 R8 R6 8 1 0x7f3354e4ca00 8 0 
77 0 0 21 00e0 ffffffff 0 STG.E.64 2 R8 R6 8 1 0x7f3354e9b500 8 0 
22 0 0 17 00e0 ffffffff 0 STG.E.64 2 R8 R6 8 1 0x7f3354e2d100 8 0 
65 0 0 20 00e0 ffffffff 0 STG.E.64 2 R8 R6 8 1 0x7f3354e83400 8 0 
34 0 0 22 00e0 ffffffff 0 STG.E.64 2 R8 R6 8 1 0x7f3354e45600 8 0 
89 0 0 2 00e0 ffffffff 0 STG.E.64 2 R8 R6 8 1 0x7f3354eb2200 8 0 
6 0 0 14 00e0 ffffffff 0 STG.E.64 2 R8 R6 8 1 0x7f3354e0ce00 8 0 
5 0 0 18 00e0 ffffffff 0 STG.E.64 2 R8 R6 8 1 0x7f3354e0b200 8 0 
70 0 0 16 00e0 ffffffff 0 STG.E.64 2 R8 R6 8 1 0x7f3354e8d000 8 0 
93 0 0 3 00e0 ffffffff 0 STG.E.64 2 R8 R6 8 1 0x7f3354eba300 8 0 
66 0 0 25 00e0 ffffffff 0 STG.E.64 2 R8 R6 8 1 0x7f3354e85900 8 0 
13 0 0 3 00e0 ffffffff 0 STG.E.64 2 R8 R6 8 1 0x7f3354e1a300 8 0 
11 0 0 4 00b0 ffffffff 1 R2 LDG.E.64 1 R2 8 1 0x7f3354c16400 8 0 
38 0 0 6 00e0 ffffffff 0 STG.E.64 2 R8 R6 8 1 0x7f3354e4c600 8 0 
77 0 0 12 00e0 ffffffff 0 STG.E.64 2 R8 R6 8 1 0x7f3354e9ac00 8 0 
65 0 0 19 00e0 ffffffff 0 STG.E.64 2 R8 R6 8 1 0x7f3354e83300 8 0 
27 0 0 30 00e0 ffffffff 0 STG.E.64 2 R8 R6 8 1 0x7f3354e37e00 8 0 
24 0 0 24 00e0 ffffffff 0 STG.E.64 2 R8 R6 8 1 0x7f3354e31800 8 0 
22 0 0 13 00e0 ffffffff 0 STG.E.64 2 R8 R6 8 1 0x7f3354e2cd00 8 0 
34 0 0 25 00e0 ffffffff 0 STG.E.64 2 R8 R6 8 1 0x7f3354e45900 8 0 
33 0 0 30 00e0 ffffffff 0 STG.E.64 2 R8 R6 8 1 0x7f3354e43e00 8 0 
23 0 0 21 00b0 ffffffff 1 R2 LDG.E.64 1 R2 8 1 0x7f3354c2f500 8 0 
19 0 0 13 00e0 ffffffff 0 STG.E.64 2 R8 R6 8 1 0x7f3354e26d00 8 0 
6 0 0 1 00e0 ffffffff 0 STG.E.64 2 R8 R6 8 1 0x7f3354e0c100 8 0 
5 0 0 9 00e0 ffffffff 0 STG.E.64 2 R8 R6 8 1 0x7f3354e0a900 8 0 
56 0 0 14 00e0 ffffffff 0 STG.E.64 2 R8 R6 8 1 0x7f3354e70e00 8 0 
87 0 0 4 00e0 ffffffff 0 STG.E.64 2 R8 R6 8 1 0x7f3354eae400 8 0 
70 0 0 11 00e0 ffffffff 0 STG.E.64 2 R8 R6 8 1 0x7f3354e8cb00 8 0 
71 0 0 24 00b0 ffffffff 1 R2 LDG.E.64 1 R2 8 1 0x7f3354c8f800 8 0 
37 0 0 25 00e0 ffffffff 0 STG.E.64 2 R8 R6 8 1 0x7f3354e4b900 8 0 
66 0 0 21 00e0 ffffffff 0 STG.E.64 2 R8 R6 8 1 0x7f3354e85500 8 0 
59 0 0 25 00e0 ffffffff 0 STG.E.64 2 R8 R6 8 1 0x7f3354e77900 8 0 
76 0 0 28 00b0 ffffffff 1 R2 LDG.E.64 1 R2 8 1 0x7f3354c99c00 8 0 
13 0 0 12 00e0 ffffffff 0 STG.E.64 2 R8 R6 8 1 0x7f3354e1ac00 8 0 
91 0 0 27 00b0 ffffffff 1 R2 LDG.E.64 1 R2 8 1 0x7f3354cb7b00 8 0 
27 0 0 29 00e0 ffffffff 0 STG.E.64 2 R8 R6 8 1 0x7f3354e37d00 8 0 
32 0 0 11 00b0 ffffffff 1 R2 LDG.E.64 1 R2 8 1 0x7f3354c40b00 8 0 
38 0 0 28 00e0 ffffffff 0 STG.E.64 2 R8 R6 8 1 0x7f3354e4dc00 8 0 
77 0 0 18 00e0 ffffffff 0 STG.E.64 2 R8 R6 8 1 0x7f3354e9b200 8 0 
24 0 0 25 00e0 ffffffff 0 STG.E.64 2 R8 R6 8 1 0x7f3354e31900 8 0 
43 0 0 19 00e0 ffffffff 0 STG.E.64 2 R8 R6 8 1 0x7f3354e57300 8 0 
19 0 0 23 00e0 ffffffff 0 STG.E.64 2 R8 R6 8 1 0x7f3354e27700 8 0 
22 0 0 23 00e0 ffffffff 0 STG.E.64 2 R8 R6 8 1 0x7f3354e2d700 8 0 
56 0 0 1 00e0 ffffffff 0 STG.E.64 2 R8 R6 8 1 0x7f3354e70100 8 0 
95 0 0 5 00b0 ffffffff 1 R2 LDG.E.64 1 R2 8 1 0x7f3354cbe500 8 0 
34 0 0 27 00e0 ffffffff 0 STG.E.64 2 R8 R6 8 1 0x7f3354e45b00 8 0 
65 0 0 16 00e0 ffffffff 0 STG.E.64 2 R8 R6 8 1 0x7f3354e83000 8 0 
8 0 0 25 00e0 ffffffff 0 STG.E.64 2 R8 R6 8 1 0x7f3354e11900 8 0 
51 0 0 25 00e0 ffffffff 0 STG.E.64 2 R8 R6 8 1 0x7f3354e67900 8 0 
6 0 0 4 00e0 ffffffff 0 STG.E.64 2 R8 R6 8 1 0x7f3354e0c400 8 0 
33 0 0 28 00e0 ffffffff 0 STG.E.64 2 R8 R6 8 1 0x7f3354e43c00 8 0 
72 0 0 20 00e0 ffffffff 0 STG.E.64 2 R8 R6 8 1 0x7f3354e91400 8 0 
59 0 0 20 00e0 ffffffff 0 STG.E.64 2 R8 R6 8 1 0x7f3354e77400 8 0 
5 0 0 4 00e0 ffffffff 0 STG.E.64 2 R8 R6 8 1 0x7f3354e0a400 8 0 
84 0 0 2 00e0 ffffffff 0 STG.E.64 2 R8 R6 8 1 0x7f3354ea8200 8 0 
11 0 0 31 00e0 ffffffff 0 STG.E.64 2 R8 R6 8 1 0x7f3354e17f00 8 0 
27 0 0 28 00e0 ffffffff 0 STG.E.64 2 R8 R6 8 1 0x7f3354e37c00 8 0 
70 0 0 26 00e0 ffffffff 0 STG.E.64 2 R8 R6 8 1 0x7f3354e8da00 8 0 
24 0 0 20 00e0 ffffffff 0 STG.E.64 2 R8 R6 8 1 0x7f3354e31400 8 0 
23 0 0 24 00a0 ffffffff 1 R4 LDG.E.64 1 R4 8 1 0x7f3354cf2e00 8 0 
37 0 0 27 00e0 ffffffff 0 STG.E.64 2 R8 R6 8 1 0x7f3354e4bb00 8 0 
19 0 0 9 00e0 ffffffff 0 STG.E.64 2 R8 R6 8 1 0x7f3354e26900 8 0 
56 0 0 12 00e0 ffffffff 0 STG.E.64 2 R8 R6 8 1 0x7f3354e70c00 8 0 
13 0 0 2 00e0 ffffffff 0 STG.E.64 2 R8 R6 8 1 0x7f3354e1a200 8 0 
63 0 0 27 00b0 ffffffff 1 R2 LDG.E.64 1 R2 8 1 0x7f3354c7fb00 8 0 
87 0 0 5 00e0 ffffffff 0 STG.E.64 2 R8 R6 8 1 0x7f3354eae500 8 0 
76 0 0 24 00b0 ffffffff 1 R2 LDG.E.64 1 R2 8 1 0x7f3354c99800 8 0 
66 0 0 16 00e0 ffffffff 0 STG.E.64 2 R8 R6 8 1 0x7f3354e85000 8 0 
77 0 0 14 00e0 ffffffff 0 STG.E.64 2 R8 R6 8 1 0x7f3354e9ae00 8 0 
59 0 0 16 00e0 ffffffff 0 STG.E.64 2 R8 R6 8 1 0x7f3354e77000 8 0 
28 0 0 31 00e0 ffffffff 0 STG.E.64 2 R8 R6 8 1 0x7f3354e39f00 8 0 
91 0 0 22 00b0 ffffffff 1 R2 LDG.E.64 1 R2 8 1 0x7f3354cb7600 8 0 
65 0 0 12 00e0 ffffffff 0 STG.E.64 2 R8 R6 8 1 0x7f3354e82c00 8 0 
38 0 0 0 00e0 ffffffff 0 STG.E.64 2 R8 R6 8 1 0x7f3354e4c000 8 0 
27 0 0 25 00e0 ffffffff 0 STG.E.64 2 R8 R6 8 1 0x7f3354e37900 8 0 
24 0 0 31 00e0 ffffffff 0 STG.E.64 2 R8 R6 8 1 0x7f3354e31f00 8 0 
22 0 0 19 00e0 ffffffff 0 STG.E.64 2 R8 R6 8 1 0x7f3354e2d300 8 0 
43 0 0 29 00e0 ffffffff 0 STG.E.64 2 R8 R6 8 1 0x7f3354e57d00 8 0 
19 0 0 8 00e0 ffffffff 0 STG.E.64 2 R8 R6 8 1 0x7f3354e26800 8 0 
33 0 0 29 00e0 ffffffff 0 STG.E.64 2 R8 R6 8 1 0x7f3354e43d00 8 0 
34 0 0 20 00e0 ffffffff 0 STG.E.64 2 R8 R6 8 1 0x7f3354e45400 8 0 
95 0 0 10 00a0 ffffffff 1 R4 LDG.E.64 1 R4 8 1 0x7f3354d82000 8 0 
87 0 0 14 00e0 ffffffff 0 STG.E.64 2 R8 R6 8 1 0x7f3354eaee00 8 0 
6 0 0 17 00e0 ffffffff 0 STG.E.64 2 R8 R6 8 1 0x7f3354e0d100 8 0 
36 0 0 28 00b0 ffffffff 1 R2 LDG.E.64 1 R2 8 1 0x7f3354c49c00 8 0 
72 0 0 18 00e0 ffffffff 0 STG.E.64 2 R8 R6 8 1 0x7f3354e91200 8 0 
51 0 0 11 00e0 ffffffff 0 STG.E.64 2 R8 R6 8 1 0x7f3354e66b00 8 0 
70 0 0 17 00e0 ffffffff 0 STG.E.64 2 R8 R6 8 1 0x7f3354e8d100 8 0 
5 0 0 7 00e0 ffffffff 0 STG.E.64 2 R8 R6 8 1 0x7f3354e0a700 8 0 
59 0 0 21 00e0 ffffffff 0 STG.E.64 2 R8 R6 8 1 0x7f3354e77500 8 0 
12 0 0 0 00a0 ffffffff 1 R4 LDG.E.64 1 R4 8 1 0x7f3354cdb600 8 0 
28 0 0 17 00e0 ffffffff 0 STG.E.64 2 R8 R6 8 1 0x7f3354e39100 8 0 
66 0 0 22 00e0 ffffffff 0 STG.E.64 2 R8 R6 8 1 0x7f3354e85600 8 0 
37 0 0 30 00e0 ffffffff 0 STG.E.64 2 R8 R6 8 1 0x7f3354e4be00 8 0 
27 0 0 26 00e0 ffffffff 0 STG.E.64 2 R8 R6 8 1 0x7f3354e37a00 8 0 
60 0 0 15 00a0 ffffffff 1 R4 LDG.E.64 1 R4 8 1 0x7f3354d3c500 8 0 
38 0 0 9 00e0 ffffffff 0 STG.E.64 2 R8 R6 8 1 0x7f3354e4c900 8 0 
13 0 0 4 00e0 ffffffff 0 STG.E.64 2 R8 R6 8 1 0x7f3354e1a400 8 0 
24 0 0 21 00e0 ffffffff 0 STG.E.64 2 R8 R6 8 1 0x7f3354e31500 8 0 
19 0 0 22 00e0 ffffffff 0 STG.E.64 2 R8 R6 8 1 0x7f3354e27600 8 0 
77 0 0 19 00e0 ffffffff 0 STG.E.64 2 R8 R6 8 1 0x7f3354e9b300 8 0 
22 0 0 9 00e0 ffffffff 0 STG.E.64 2 R8 R6 8 1 0x7f3354e2c900 8 0 
76 0 0 30 00b0 ffffffff 1 R2 LDG.E.64 1 R2 8 1 0x7f3354c99e00 8 0 
56 0 0 18 00e0 ffffffff 0 STG.E.64 2 R8 R6 8 1 0x7f3354e71200 8 0 
63 0 0 26 00b0 ffffffff 1 R2 LDG.E.64 1 R2 8 1 0x7f3354c7fa00 8 0 
65 0 0 9 00e0 ffffffff 0 STG.E.64 2 R8 R6 8 1 0x7f3354e82900 8 0 
87 0 0 1 00e0 ffffffff 0 STG.E.64 2 R8 R6 8 1 0x7f3354eae100 8 0 
32 0 0 6 00b0 ffffffff 1 R2 LDG.E.64 1 R2 8 1 0x7f3354c40600 8 0 
72 0 0 13 00e0 ffffffff 0 STG.E.64 2 R8 R6 8 1 0x7f3354e90d00 8 0 
34 0 0 18 00e0 ffffffff 0 STG.E.64 2 R8 R6 8 1 0x7f3354e45200 8 0 
71 0 0 28 00b0 ffffffff 1 R2 LDG.E.64 1 R2 8 1 0x7f3354c8fc00 8 0 
59 0 0 18 00e0 ffffffff 0 STG.E.64 2 R8 R6 8 1 0x7f3354e77200 8 0 
33 0 0 26 00e0 ffffffff 0 STG.E.64 2 R8 R6 8 1 0x7f3354e43a00 8 0 
28 0 0 30 00e0 ffffffff 0 STG.E.64 2 R8 R6 8 1 0x7f3354e39e00 8 0 
27 0 0 21 00e0 ffffffff 0 STG.E.64 2 R8 R6 8 1 0x7f3354e37500 8 0 
6 0 0 10 00e0 ffffffff 0 STG.E.64 2 R8 R6 8 1 0x7f3354e0ca00 8 0 
5 0 0 3 00e0 ffffffff 0 STG.E.64 2 R8 R6 8 1 0x7f3354e0a300 8 0 
8 0 0 27 00e0 ffffffff 0 STG.E.64 2 R8 R6 8 1 0x7f3354e11b00 8 0 
70 0 0 22 00e0 ffffffff 0 STG.E.64 2 R8 R6 8 1 0x7f3354e8d600 8 0 
37 0 0 19 00e0 ffffffff 0 STG.E.64 2 R8 R6 8 1 0x7f3354e4b300 8 0 
66 0 0 19 00e0 ffffffff 0 STG.E.64 2 R8 R6 8 1 0x7f3354e85300 8 0 
69 0 0 29 00e0 ffffffff 0 STG.E.64 2 R8 R6 8 1 0x7f3354e8bd00 8 0 
94 0 0 31 00e0 ffffffff 0 STG.E.64 2 R8 R6 8 1 0x7f3354ebdf00 8 0 
77 0 0 8 00e0 ffffffff 0 STG.E.64 2 R8 R6 8 1 0x7f3354e9a800 8 0 
65 0 0 14 00e0 ffffffff 0 STG.E.64 2 R8 R6 8 1 0x7f3354e82e00 8 0 
22 0 0 10 00e0 ffffffff 0 STG.E.64 2 R8 R6 8 1 0x7f3354e2ca00 8 0 
33 0 0 25 00e0 ffffffff 0 STG.E.64 2 R8 R6 8 1 0x7f3354e43900 8 0 
34 0 0 21 00e0 ffffffff 0 STG.E.64 2 R8 R6 8 1 0x7f3354e45500 8 0 
5 0 0 0 00e0 ffffffff 0 STG.E.64 2 R8 R6 8 1 0x7f3354e0a000 8 0 
6 0 0 11 00e0 ffffffff 0 STG.E.64 2 R8 R6 8 1 0x7f3354e0cb00 8 0 
37 0 0 21 00e0 ffffffff 0 STG.E.64 2 R8 R6 8 1 0x7f3354e4b500 8 0 
70 0 0 18 00e0 ffffffff 0 STG.E.64 2 R8 R6 8 1 0x7f3354e8d200 8 0 
69 0 0 30 00e0 ffffffff 0 STG.E.64 2 R8 R6 8 1 0x7f3354e8be00 8 0 
22 0 0 8 00e0 ffffffff 0 STG.E.64 2 R8 R6 8 1 0x7f3354e2c800 8 0 
77 0 0 17 00e0 ffffffff 0 STG.E.64 2 R8 R6 8 1 0x7f3354e9b100 8 0 
34 0 0 16 00e0 ffffffff 0 STG.E.64 2 R8 R6 8 1 0x7f3354e45000 8 0 
65 0 0 15 00e0 ffffffff 0 STG.E.64 2 R8 R6 8 1 0x7f3354e82f00 8 0 
6 0 0 7 00e0 ffffffff 0 STG.E.64 2 R8 R6 8 1 0x7f3354e0c700 8 0 
33 0 0 22 00e0 ffffffff 0 STG.E.64 2 R8 R6 8 1 0x7f3354e43600 8 0 
70 0 0 7 00e0 ffffffff 0 STG.E.64 2 R8 R6 8 1 0x7f3354e8c700 8 0 
5 0 0 10 00e0 ffffffff 0 STG.E.64 2 R8 R6 8 1 0x7f3354e0aa00 8 0 
66 0 0 18 00e0 ffffffff 0 STG.E.64 2 R8 R6 8 1 0x7f3354e85200 8 0 
37 0 0 11 00e0 ffffffff 0 STG.E.64 2 R8 R6 8 1 0x7f3354e4ab00 8 0 
38 0 0 5 00e0 ffffffff 0 STG.E.64 2 R8 R6 8 1 0x7f3354e4c500 8 0 
69 0 0 21 00e0 ffffffff 0 STG.E.64 2 R8 R6 8 1 0x7f3354e8b500 8 0 
22 0 0 6 00e0 ffffffff 0 STG.E.64 2 R8 R6 8 1 0x7f3354e2c600 8 0 
77 0 0 15 00e0 ffffffff 0 STG.E.64 2 R8 R6 8 1 0x7f3354e9af00 8 0 
34 0 0 23 00e0 ffffffff 0 STG.E.64 2 R8 R6 8 1 0x7f3354e45700 8 0 
65 0 0 8 00e0 ffffffff 0 STG.E.64 2 R8 R6 8 1 0x7f3354e82800 8 0 
6 0 0 6 00e0 ffffffff 0 STG.E.64 2 R8 R6 8 1 0x7f3354e0c600 8 0 
33 0 0 31 00e0 ffffffff 0 STG.E.64 2 R8 R6 8 1 0x7f3354e43f00 8 0 
70 0 0 12 00e0 ffffffff 0 STG.E.64 2 R8 R6 8 1 0x7f3354e8cc00 8 0 
5 0 0 5 00e0 ffffffff 0 STG.E.64 2 R8 R6 8 1 0x7f3354e0a500 8 0 
66 0 0 9 00e0 ffffffff 0 STG.E.64 2 R8 R6 8 1 0x7f3354e84900 8 0 
37 0 0 28 00e0 ffffffff 0 STG.E.64 2 R8 R6 8 1 0x7f3354e4bc00 8 0 
94 0 0 27 00e0 ffffffff 0 STG.E.64 2 R8 R6 8 1 0x7f3354ebdb00 8 0 
69 0 0 24 00e0 ffffffff 0 STG.E.64 2 R8 R6 8 1 0x7f3354e8b800 8 0 
77 0 0 13 00e0 ffffffff 0 STG.E.64 2 R8 R6 8 1 0x7f3354e9ad00 8 0 
65 0 0 3 00e0 ffffffff 0 STG.E.64 2 R8 R6 8 1 0x7f3354e82300 8 0 
70 0 0 3 00e0 ffffffff 0 STG.E.64 2 R8 R6 8 1 0x7f3354e8c300 8 0 
33 0 0 24 00e0 ffffffff 0 STG.E.64 2 R8 R6 8 1 0x7f3354e43800 8 0 
66 0 0 15 00e0 ffffffff 0 STG.E.64 2 R8 R6 8 1 0x7f3354e84f00 8 0 
5 0 0 6 00e0 ffffffff 0 STG.E.64 2 R8 R6 8 1 0x7f3354e0a600 8 0 
38 0 0 2 00e0 ffffffff 0 STG.E.64 2 R8 R6 8 1 0x7f3354e4c200 8 0 
37 0 0 17 00e0 ffffffff 0 STG.E.64 2 R8 R6 8 1 0x7f3354e4b100 8 0 
22 0 0 5 00e0 ffffffff 0 STG.E.64 2 R8 R6 8 1 0x7f3354e2c500 8 0 
69 0 0 31 00e0 ffffffff 0 STG.E.64 2 R8 R6 8 1 0x7f3354e8bf00 8 0 
34 0 0 30 00e0 ffffffff 0 STG.E.64 2 R8 R6 8 1 0x7f3354e45e00 8 0 
77 0 0 11 00e0 ffffffff 0 STG.E.64 2 R8 R6 8 1 0x7f3354e9ab00 8 0 
6 0 0 0 00e0 ffffffff 0 STG.E.64 2 R8 R6 8 1 0x7f3354e0c000 8 0 
24 0 0 27 00e0 ffffffff 0 STG.E.64 2 R8 R6 8 1 0x7f3354e31b00 8 0 
65 0 0 5 00e0 ffffffff 0 STG.E.64 2 R8 R6 8 1 0x7f3354e82500 8 0 
19 0 0 19 00e0 ffffffff 0 STG.E.64 2 R8 R6 8 1 0x7f3354e27300 8 0 
66 0 0 11 00e0 ffffffff 0 STG.E.64 2 R8 R6 8 1 0x7f3354e84b00 8 0 
36 0 0 30 00e0 ffffffff 0 STG.E.64 2 R8 R6 8 1 0x7f3354e49e00 8 0 
56 0 0 17 00e0 ffffffff 0 STG.E.64 2 R8 R6 8 1 0x7f3354e71100 8 0 
5 0 0 2 00e0 ffffffff 0 STG.E.64 2 R8 R6 8 1 0x7f3354e0a200 8 0 
38 0 0 1 00e0 ffffffff 0 STG.E.64 2 R8 R6 8 1 0x7f3354e4c100 8 0 
22 0 0 4 00e0 ffffffff 0 STG.E.64 2 R8 R6 8 1 0x7f3354e2c400 8 0 
69 0 0 20 00e0 ffffffff 0 STG.E.64 2 R8 R6 8 1 0x7f3354e8b400 8 0 
34 0 0 19 00e0 ffffffff 0 STG.E.64 2 R8 R6 8 1 0x7f3354e45300 8 0 
62 0 0 31 00e0 ffffffff 0 STG.E.64 2 R8 R6 8 1 0x7f3354e7df00 8 0 
77 0 0 9 00e0 ffffffff 0 STG.E.64 2 R8 R6 8 1 0x7f3354e9a900 8 0 
70 0 0 14 00e0 ffffffff 0 STG.E.64 2 R8 R6 8 1 0x7f3354e8ce00 8 0 
33 0 0 27 00e0 ffffffff 0 STG.E.64 2 R8 R6 8 1 0x7f3354e43b00 8 0 
61 0 0 31 00e0 ffffffff 0 STG.E.64 2 R8 R6 8 1 0x7f3354e7bf00 8 0 
37 0 0 24 00e0 ffffffff 0 STG.E.64 2 R8 R6 8 1 0x7f3354e4b800 8 0 
69 0 0 26 00e0 ffffffff 0 STG.E.64 2 R8 R6 8 1 0x7f3354e8ba00 8 0 
77 0 0 10 00e0 ffffffff 0 STG.E.64 2 R8 R6 8 1 0x7f3354e9aa00 8 0 
34 0 0 26 00e0 ffffffff 0 STG.E.64 2 R8 R6 8 1 0x7f3354e45a00 8 0 
62 0 0 24 00e0 ffffffff 0 STG.E.64 2 R8 R6 8 1 0x7f3354e7d800 8 0 
65 0 0 4 00e0 ffffffff 0 STG.E.64 2 R8 R6 8 1 0x7f3354e82400 8 0 
70 0 0 9 00e0 ffffffff 0 STG.E.64 2 R8 R6 8 1 0x7f3354e8c900 8 0 
33 0 0 20 00e0 ffffffff 0 STG.E.64 2 R8 R6 8 1 0x7f3354e43400 8 0 
66 0 0 12 00e0 ffffffff 0 STG.E.64 2 R8 R6 8 1 0x7f3354e84c00 8 0 
5 0 0 1 00e0 ffffffff 0 STG.E.64 2 R8 R6 8 1 0x7f3354e0a100 8 0 
37 0 0 26 00e0 ffffffff 0 STG.E.64 2 R8 R6 8 1 0x7f3354e4ba00 8 0 
62 0 0 20 00e0 ffffffff 0 STG.E.64 2 R8 R6 8 1 0x7f3354e7d400 8 0 
69 0 0 27 00e0 ffffffff 0 STG.E.64 2 R8 R6 8 1 0x7f3354e8bb00 8 0 
65 0 0 10 00e0 ffffffff 0 STG.E.64 2 R8 R6 8 1 0x7f3354e82a00 8 0 
37 0 0 7 00e0 ffffffff 0 STG.E.64 2 R8 R6 8 1 0x7f3354e4a700 8 0 
69 0 0 22 00e0 ffffffff 0 STG.E.64 2 R8 R6 8 1 0x7f3354e8b600 8 0 
77 0 0 3 00e0 ffffffff 0 STG.E.64 2 R8 R6 8 1 0x7f3354e9a300 8 0 
65 0 0 0 00e0 ffffffff 0 STG.E.64 2 R8 R6 8 1 0x7f3354e82000 8 0 
33 0 0 21 00e0 ffffffff 0 STG.E.64 2 R8 R6 8 1 0x7f3354e43500 8 0 
61 0 0 30 00e0 ffffffff 0 STG.E.64 2 R8 R6 8 1 0x7f3354e7be00 8 0 
37 0 0 22 00e0 ffffffff 0 STG.E.64 2 R8 R6 8 1 0x7f3354e4b600 8 0 
77 0 0 6 00e0 ffffffff 0 STG.E.64 2 R8 R6 8 1 0x7f3354e9a600 8 0 
65 0 0 13 00e0 ffffffff 0 STG.E.64 2 R8 R6 8 1 0x7f3354e82d00 8 0 
33 0 0 18 00e0 ffffffff 0 STG.E.64 2 R8 R6 8 1 0x7f3354e43200 8 0 
61 0 0 24 00e0 ffffffff 0 STG.E.64 2 R8 R6 8 1 0x7f3354e7b800 8 0 
87 0 0 2 00e0 ffffffff 0 STG.E.64 2 R8 R6 8 1 0x7f3354eae200 8 0 
12 0 0 15 00b0 ffffffff 1 R2 LDG.E.64 1 R2 8 1 0x7f3354c18f00 8 0 
60 0 0 30 00b0 ffffffff 1 R2 LDG.E.64 1 R2 8 1 0x7f3354c79e00 8 0 
28 0 0 25 00e0 ffffffff 0 STG.E.64 2 R8 R6 8 1 0x7f3354e39900 8 0 
76 0 0 31 00b0 ffffffff 1 R2 LDG.E.64 1 R2 8 1 0x7f3354c99f00 8 0 
27 0 0 24 00e0 ffffffff 0 STG.E.64 2 R8 R6 8 1 0x7f3354e37800 8 0 
24 0 0 30 00e0 ffffffff 0 STG.E.64 2 R8 R6 8 1 0x7f3354e31e00 8 0 
33 0 0 14 00e0 ffffffff 0 STG.E.64 2 R8 R6 8 1 0x7f3354e42e00 8 0 
19 0 0 1 00e0 ffffffff 0 STG.E.64 2 R8 R6 8 1 0x7f3354e26100 8 0 
71 0 0 26 00b0 ffffffff 1 R2 LDG.E.64 1 R2 8 1 0x7f3354c8fa00 8 0 
61 0 0 20 00e0 ffffffff 0 STG.E.64 2 R8 R6 8 1 0x7f3354e7b400 8 0 
33 0 0 16 00e0 ffffffff 0 STG.E.64 2 R8 R6 8 1 0x7f3354e43000 8 0 
56 0 0 13 00e0 ffffffff 0 STG.E.64 2 R8 R6 8 1 0x7f3354e70d00 8 0 
61 0 0 27 00e0 ffffffff 0 STG.E.64 2 R8 R6 8 1 0x7f3354e7bb00 8 0 
91 0 0 21 00b0 ffffffff 1 R2 LDG.E.64 1 R2 8 1 0x7f3354cb7500 8 0 
61 0 0 29 00e0 ffffffff 0 STG.E.64 2 R8 R6 8 1 0x7f3354e7bd00 8 0 
59 0 0 0 00e0 ffffffff 0 STG.E.64 2 R8 R6 8 1 0x7f3354e76000 8 0 
28 0 0 21 00e0 ffffffff 0 STG.E.64 2 R8 R6 8 1 0x7f3354e39500 8 0 
27 0 0 17 00e0 ffffffff 0 STG.E.64 2 R8 R6 8 1 0x7f3354e37100 8 0 
11 0 0 6 00e0 ffffffff 0 STG.E.64 2 R8 R6 8 1 0x7f3354e16600 8 0 
24 0 0 26 00e0 ffffffff 0 STG.E.64 2 R8 R6 8 1 0x7f3354e31a00 8 0 
19 0 0 18 00e0 ffffffff 0 STG.E.64 2 R8 R6 8 1 0x7f3354e27200 8 0 
23 0 0 13 00b0 ffffffff 1 R2 LDG.E.64 1 R2 8 1 0x7f3354c2ed00 8 0 
56 0 0 8 00e0 ffffffff 0 STG.E.64 2 R8 R6 8 1 0x7f3354e70800 8 0 
31 0 0 28 00e0 ffffffff 0 STG.E.64 2 R8 R6 8 1 0x7f3354e3fc00 8 0 
72 0 0 15 00e0 ffffffff 0 STG.E.64 2 R8 R6 8 1 0x7f3354e90f00 8 0 
59 0 0 17 00e0 ffffffff 0 STG.E.64 2 R8 R6 8 1 0x7f3354e77100 8 0 
71 0 0 23 00a0 ffffffff 1 R4 LDG.E.64 1 R4 8 1 0x7f3354d52d00 8 0 
28 0 0 28 00e0 ffffffff 0 STG.E.64 2 R8 R6 8 1 0x7f3354e39c00 8 0 
27 0 0 22 00e0 ffffffff 0 STG.E.64 2 R8 R6 8 1 0x7f3354e37600 8 0 
24 0 0 23 00e0 ffffffff 0 STG.E.64 2 R8 R6 8 1 0x7f3354e31700 8 0 
19 0 0 14 00e0 ffffffff 0 STG.E.64 2 R8 R6 8 1 0x7f3354e26e00 8 0 
31 0 0 14 00e0 ffffffff 0 STG.E.64 2 R8 R6 8 1 0x7f3354e3ee00 8 0 
11 0 0 0 00b0 ffffffff 1 R2 LDG.E.64 1 R2 8 1 0x7f3354c16000 8 0 
72 0 0 14 00e0 ffffffff 0 STG.E.64 2 R8 R6 8 1 0x7f3354e90e00 8 0 
59 0 0 30 00e0 ffffffff 0 STG.E.64 2 R8 R6 8 1 0x7f3354e77e00 8 0 
23 0 0 23 00a0 ffffffff 1 R4 LDG.E.64 1 R4 8 1 0x7f3354cf2d00 8 0 
28 0 0 26 00e0 ffffffff 0 STG.E.64 2 R8 R6 8 1 0x7f3354e39a00 8 0 
12 0 0 5 00b0 ffffffff 1 R2 LDG.E.64 1 R2 8 1 0x7f3354c18500 8 0 
27 0 0 31 00e0 ffffffff 0 STG.E.64 2 R8 R6 8 1 0x7f3354e37f00 8 0 
63 0 0 25 00b0 ffffffff 1 R2 LDG.E.64 1 R2 8 1 0x7f3354c7f900 8 0 
24 0 0 12 00e0 ffffffff 0 STG.E.64 2 R8 R6 8 1 0x7f3354e30c00 8 0 
19 0 0 15 00e0 ffffffff 0 STG.E.64 2 R8 R6 8 1 0x7f3354e26f00 8 0 
71 0 0 20 00b0 ffffffff 1 R2 LDG.E.64 1 R2 8 1 0x7f3354c8f400 8 0 
56 0 0 19 00e0 ffffffff 0 STG.E.64 2 R8 R6 8 1 0x7f3354e71300 8 0 
76 0 0 23 00b0 ffffffff 1 R2 LDG.E.64 1 R2 8 1 0x7f3354c99700 8 0 
31 0 0 26 00e0 ffffffff 0 STG.E.64 2 R8 R6 8 1 0x7f3354e3fa00 8 0 
59 0 0 12 00e0 ffffffff 0 STG.E.64 2 R8 R6 8 1 0x7f3354e76c00 8 0 
32 0 0 7 00b0 ffffffff 1 R2 LDG.E.64 1 R2 8 1 0x7f3354c40700 8 0 
28 0 0 24 00e0 ffffffff 0 STG.E.64 2 R8 R6 8 1 0x7f3354e39800 8 0 
95 0 0 8 00a0 ffffffff 1 R4 LDG.E.64 1 R4 8 1 0x7f3354d81e00 8 0 
27 0 0 23 00e0 ffffffff 0 STG.E.64 2 R8 R6 8 1 0x7f3354e37700 8 0 
24 0 0 22 00e0 ffffffff 0 STG.E.64 2 R8 R6 8 1 0x7f3354e31600 8 0 
11 0 0 2 00a0 ffffffff 1 R4 LDG.E.64 1 R4 8 1 0x7f3354cd9800 8 0 
19 0 0 12 00e0 ffffffff 0 STG.E.64 2 R8 R6 8 1 0x7f3354e26c00 8 0 
56 0 0 4 00e0 ffffffff 0 STG.E.64 2 R8 R6 8 1 0x7f3354e70400 8 0 
31 0 0 24 00e0 ffffffff 0 STG.E.64 2 R8 R6 8 1 0x7f3354e3f800 8 0 
36 0 0 27 00b0 ffffffff 1 R2 LDG.E.64 1 R2 8 1 0x7f3354c49b00 8 0 
72 0 0 9 00e0 ffffffff 0 STG.E.64 2 R8 R6 8 1 0x7f3354e90900 8 0 
59 0 0 26 00e0 ffffffff 0 STG.E.64 2 R8 R6 8 1 0x7f3354e77a00 8 0 
12 0 0 11 00b0 ffffffff 1 R2 LDG.E.64 1 R2 8 1 0x7f3354c18b00 8 0 
28 0 0 27 00e0 ffffffff 0 STG.E.64 2 R8 R6 8 1 0x7f3354e39b00 8 0 
27 0 0 19 00e0 ffffffff 0 STG.E.64 2 R8 R6 8 1 0x7f3354e37300 8 0 
60 0 0 8 00b0 ffffffff 1 R2 LDG.E.64 1 R2 8 1 0x7f3354c78800 8 0 
24 0 0 19 00e0 ffffffff 0 STG.E.64 2 R8 R6 8 1 0x7f3354e31300 8 0 
91 0 0 24 00a0 ffffffff 1 R4 LDG.E.64 1 R4 8 1 0x7f3354d7ae00 8 0 
19 0 0 16 00e0 ffffffff 0 STG.E.64 2 R8 R6 8 1 0x7f3354e27000 8 0 
31 0 0 29 00e0 ffffffff 0 STG.E.64 2 R8 R6 8 1 0x7f3354e3fd00 8 0 
28 0 0 20 00e0 ffffffff 0 STG.E.64 2 R8 R6 8 1 0x7f3354e39400 8 0 
59 0 0 23 00e0 ffffffff 0 STG.E.64 2 R8 R6 8 1 0x7f3354e77700 8 0 
96 0 0 20 00b0 ffffffff 1 R2 LDG.E.64 1 R2 8 1 0x7f3354cc1400 8 0 
27 0 0 20 00e0 ffffffff 0 STG.E.64 2 R8 R6 8 1 0x7f3354e37400 8 0 
56 0 0 5 00e0 ffffffff 0 STG.E.64 2 R8 R6 8 1 0x7f3354e70500 8 0 
8 0 0 29 00e0 ffffffff 0 STG.E.64 2 R8 R6 8 1 0x7f3354e11d00 8 0 
72 0 0 10 00e0 ffffffff 0 STG.E.64 2 R8 R6 8 1 0x7f3354e90a00 8 0 
31 0 0 16 00e0 ffffffff 0 STG.E.64 2 R8 R6 8 1 0x7f3354e3f000 8 0 
28 0 0 23 00e0 ffffffff 0 STG.E.64 2 R8 R6 8 1 0x7f3354e39700 8 0 
12 0 0 14 00b0 ffffffff 1 R2 LDG.E.64 1 R2 8 1 0x7f3354c18e00 8 0 
59 0 0 19 00e0 ffffffff 0 STG.E.64 2 R8 R6 8 1 0x7f3354e77300 8 0 
56 0 0 15 00e0 ffffffff 0 STG.E.64 2 R8 R6 8 1 0x7f3354e70f00 8 0 
27 0 0 13 00e0 ffffffff 0 STG.E.64 2 R8 R6 8 1 0x7f3354e36d00 8 0 
59 0 0 8 00e0 ffffffff 0 STG.E.64 2 R8 R6 8 1 0x7f3354e76800 8 0 
67 0 0 28 00b0 ffffffff 1 R2 LDG.E.64 1 R2 8 1 0x7f3354c87c00 8 0 
32 0 0 3 00b0 ffffffff 1 R2 LDG.E.64 1 R2 8 1 0x7f3354c40300 8 0 
27 0 0 18 00e0 ffffffff 0 STG.E.64 2 R8 R6 8 1 0x7f3354e37200 8 0 
23 0 0 26 00b0 ffffffff 1 R2 LDG.E.64 1 R2 8 1 0x7f3354c2fa00 8 0 
56 0 0 11 00e0 ffffffff 0 STG.E.64 2 R8 R6 8 1 0x7f3354e70b00 8 0 
59 0 0 22 00e0 ffffffff 0 STG.E.64 2 R8 R6 8 1 0x7f3354e77600 8 0 
63 0 0 23 00b0 ffffffff 1 R2 LDG.E.64 1 R2 8 1 0x7f3354c7f700 8 0 
27 0 0 15 00e0 ffffffff 0 STG.E.64 2 R8 R6 8 1 0x7f3354e36f00 8 0 
28 0 0 18 00e0 ffffffff 0 STG.E.64 2 R8 R6 8 1 0x7f3354e39200 8 0 
59 0 0 15 00e0 ffffffff 0 STG.E.64 2 R8 R6 8 1 0x7f3354e76f00 8 0 
56 0 0 28 00e0 ffffffff 0 STG.E.64 2 R8 R6 8 1 0x7f3354e71c00 8 0 
59 0 0 4 00e0 ffffffff 0 STG.E.64 2 R8 R6 8 1 0x7f3354e76400 8 0 
60 0 0 13 00b0 ffffffff 1 R2 LDG.E.64 1 R2 8 1 0x7f3354c78d00 8 0 
56 0 0 6 00e0 ffffffff 0 STG.E.64 2 R8 R6 8 1 0x7f3354e70600 8 0 
59 0 0 14 00e0 ffffffff 0 STG.E.64 2 R8 R6 8 1 0x7f3354e76e00 8 0 
59 0 0 11 00e0 ffffffff 0 STG.E.64 2 R8 R6 8 1 0x7f3354e76b00 8 0 
56 0 0 2 00e0 ffffffff 0 STG.E.64 2 R8 R6 8 1 0x7f3354e70200 8 0 
63 0 0 20 00b0 ffffffff 1 R2 LDG.E.64 1 R2 8 1 0x7f3354c7f400 8 0 
59 0 0 13 00e0 ffffffff 0 STG.E.64 2 R8 R6 8 1 0x7f3354e76d00 8 0 
96 0 0 22 00e0 ffffffff 0 STG.E.64 2 R8 R6 8 1 0x7f3354ec1600 8 0 
71 0 0 15 00b0 ffffffff 1 R2 LDG.E.64 1 R2 8 1 0x7f3354c8ef00 8 0 
59 0 0 6 00e0 ffffffff 0 STG.E.64 2 R8 R6 8 1 0x7f3354e76600 8 0 
8 0 0 16 00b0 ffffffff 1 R2 LDG.E.64 1 R2 8 1 0x7f3354c11000 8 0 
91 0 0 10 00a0 ffffffff 1 R4 LDG.E.64 1 R4 8 1 0x7f3354d7a000 8 0 
59 0 0 5 00e0 ffffffff 0 STG.E.64 2 R8 R6 8 1 0x7f3354e76500 8 0 
36 0 0 23 00e0 ffffffff 0 STG.E.64 2 R8 R6 8 1 0x7f3354e49700 8 0 
95 0 0 7 00b0 ffffffff 1 R2 LDG.E.64 1 R2 8 1 0x7f3354cbe700 8 0 
59 0 0 9 00e0 ffffffff 0 STG.E.64 2 R8 R6 8 1 0x7f3354e76900 8 0 
12 0 0 7 00a0 ffffffff 1 R4 LDG.E.64 1 R4 8 1 0x7f3354cdbd00 8 0 
59 0 0 2 00e0 ffffffff 0 STG.E.64 2 R8 R6 8 1 0x7f3354e76200 8 0 
23 0 0 12 00b0 ffffffff 1 R2 LDG.E.64 1 R2 8 1 0x7f3354c2ec00 8 0 
59 0 0 7 00e0 ffffffff 0 STG.E.64 2 R8 R6 8 1 0x7f3354e76700 8 0 
76 0 0 22 00b0 ffffffff 1 R2 LDG.E.64 1 R2 8 1 0x7f3354c99600 8 0 
63 0 0 21 00b0 ffffffff 1 R2 LDG.E.64 1 R2 8 1 0x7f3354c7f500 8 0 
59 0 0 1 00e0 ffffffff 0 STG.E.64 2 R8 R6 8 1 0x7f3354e76100 8 0 
59 0 0 31 00e0 ffffffff 0 STG.E.64 2 R8 R6 8 1 0x7f3354e77f00 8 0 
59 0 0 3 00e0 ffffffff 0 STG.E.64 2 R8 R6 8 1 0x7f3354e76300 8 0 
95 0 0 21 00b0 ffffffff 1 R2 LDG.E.64 1 R2 8 1 0x7f3354cbf500 8 0 
59 0 0 10 00e0 ffffffff 0 STG.E.64 2 R8 R6 8 1 0x7f3354e76a00 8 0 
36 0 0 16 00e0 ffffffff 0 STG.E.64 2 R8 R6 8 1 0x7f3354e49000 8 0 
67 0 0 12 00b0 ffffffff 1 R2 LDG.E.64 1 R2 8 1 0x7f3354c86c00 8 0 
12 0 0 6 00b0 ffffffff 1 R2 LDG.E.64 1 R2 8 1 0x7f3354c18600 8 0 
23 0 0 19 00b0 ffffffff 1 R2 LDG.E.64 1 R2 8 1 0x7f3354c2f300 8 0 
60 0 0 2 00a0 ffffffff 1 R4 LDG.E.64 1 R4 8 1 0x7f3354d3b800 8 0 
63 0 0 30 00b0 ffffffff 1 R2 LDG.E.64 1 R2 8 1 0x7f3354c7fe00 8 0 
76 0 0 20 00b0 ffffffff 1 R2 LDG.E.64 1 R2 8 1 0x7f3354c99400 8 0 
71 0 0 22 00a0 ffffffff 1 R4 LDG.E.64 1 R4 8 1 0x7f3354d52c00 8 0 
32 0 0 1 00e0 ffffffff 0 STG.E.64 2 R8 R6 8 1 0x7f3354e40100 8 0 
23 0 0 22 00b0 ffffffff 1 R2 LDG.E.64 1 R2 8 1 0x7f3354c2f600 8 0 
63 0 0 16 00a0 ffffffff 1 R4 LDG.E.64 1 R4 8 1 0x7f3354d42600 8 0 
60 0 0 5 00b0 ffffffff 1 R2 LDG.E.64 1 R2 8 1 0x7f3354c78500 8 0 
76 0 0 29 00b0 ffffffff 1 R2 LDG.E.64 1 R2 8 1 0x7f3354c99d00 8 0 
88 0 0 31 00b0 ffffffff 1 R2 LDG.E.64 1 R2 8 1 0x7f3354cb1f00 8 0 
67 0 0 26 00a0 ffffffff 1 R4 LDG.E.64 1 R4 8 1 0x7f3354d4b000 8 0 
23 0 0 9 00b0 ffffffff 1 R2 LDG.E.64 1 R2 8 1 0x7f3354c2e900 8 0 
63 0 0 22 00a0 ffffffff 1 R4 LDG.E.64 1 R4 8 1 0x7f3354d42c00 8 0 
71 0 0 18 00a0 ffffffff 1 R4 LDG.E.64 1 R4 8 1 0x7f3354d52800 8 0 
60 0 0 0 00b0 ffffffff 1 R2 LDG.E.64 1 R2 8 1 0x7f3354c78000 8 0 
23 0 0 18 00e0 ffffffff 0 STG.E.64 2 R8 R6 8 1 0x7f3354e2f200 8 0 
36 0 0 22 00a0 ffffffff 1 R4 LDG.E.64 1 R4 8 1 0x7f3354d0cc00 8 0 
12 0 0 3 00b0 ffffffff 1 R2 LDG.E.64 1 R2 8 1 0x7f3354c18300 8 0 
60 0 0 3 00a0 ffffffff 1 R4 LDG.E.64 1 R4 8 1 0x7f3354d3b900 8 0 
67 0 0 21 00b0 ffffffff 1 R2 LDG.E.64 1 R2 8 1 0x7f3354c87500 8 0 
88 0 0 26 00a0 ffffffff 1 R4 LDG.E.64 1 R4 8 1 0x7f3354d75000 8 0 
63 0 0 19 00a0 ffffffff 1 R4 LDG.E.64 1 R4 8 1 0x7f3354d42900 8 0 
71 0 0 4 00a0 ffffffff 1 R4 LDG.E.64 1 R4 8 1 0x7f3354d51a00 8 0 
8 0 0 19 00b0 ffffffff 1 R2 LDG.E.64 1 R2 8 1 0x7f3354c11300 8 0 
12 0 0 2 00b0 ffffffff 1 R2 LDG.E.64 1 R2 8 1 0x7f3354c18200 8 0 
60 0 0 1 00b0 ffffffff 1 R2 LDG.E.64 1 R2 8 1 0x7f3354c78100 8 0 
67 0 0 17 00b0 ffffffff 1 R2 LDG.E.64 1 R2 8 1 0x7f3354c87100 8 0 
88 0 0 25 00a0 ffffffff 1 R4 LDG.E.64 1 R4 8 1 0x7f3354d74f00 8 0 
96 0 0 8 00b0 ffffffff 1 R2 LDG.E.64 1 R2 8 1 0x7f3354cc0800 8 0 
39 0 0 30 00b0 ffffffff 1 R2 LDG.E.64 1 R2 8 1 0x7f3354c4fe00 8 0 
68 0 0 29 00e0 ffffffff 0 STG.E.64 2 R8 R6 8 1 0x7f3354e89d00 8 0 
63 0 0 12 00b0 ffffffff 1 R2 LDG.E.64 1 R2 8 1 0x7f3354c7ec00 8 0 
88 0 0 21 00a0 ffffffff 1 R4 LDG.E.64 1 R4 8 1 0x7f3354d74b00 8 0 
71 0 0 13 00b0 ffffffff 1 R2 LDG.E.64 1 R2 8 1 0x7f3354c8ed00 8 0 
67 0 0 20 00b0 ffffffff 1 R2 LDG.E.64 1 R2 8 1 0x7f3354c87400 8 0 
76 0 0 18 00b0 ffffffff 1 R2 LDG.E.64 1 R2 8 1 0x7f3354c99200 8 0 
71 0 0 14 00b0 ffffffff 1 R2 LDG.E.64 1 R2 8 1 0x7f3354c8ee00 8 0 
88 0 0 28 00e0 ffffffff 0 STG.E.64 2 R8 R6 8 1 0x7f3354eb1c00 8 0 
91 0 0 11 00a0 ffffffff 1 R4 LDG.E.64 1 R4 8 1 0x7f3354d7a100 8 0 
67 0 0 27 00b0 ffffffff 1 R2 LDG.E.64 1 R2 8 1 0x7f3354c87b00 8 0 
63 0 0 8 00b0 ffffffff 1 R2 LDG.E.64 1 R2 8 1 0x7f3354c7e800 8 0 
71 0 0 9 00a0 ffffffff 1 R4 LDG.E.64 1 R4 8 1 0x7f3354d51f00 8 0 
91 0 0 2 00b0 ffffffff 1 R2 LDG.E.64 1 R2 8 1 0x7f3354cb6200 8 0 
36 0 0 12 00e0 ffffffff 0 STG.E.64 2 R8 R6 8 1 0x7f3354e48c00 8 0 
63 0 0 11 00b0 ffffffff 1 R2 LDG.E.64 1 R2 8 1 0x7f3354c7eb00 8 0 
68 0 0 28 00a0 ffffffff 1 R4 LDG.E.64 1 R4 8 1 0x7f3354d4d200 8 0 
88 0 0 24 00b0 ffffffff 1 R2 LDG.E.64 1 R2 8 1 0x7f3354cb1800 8 0 
67 0 0 25 00b0 ffffffff 1 R2 LDG.E.64 1 R2 8 1 0x7f3354c87900 8 0 
96 0 0 3 00b0 ffffffff 1 R2 LDG.E.64 1 R2 8 1 0x7f3354cc0300 8 0 
63 0 0 5 00b0 ffffffff 1 R2 LDG.E.64 1 R2 8 1 0x7f3354c7e500 8 0 
36 0 0 14 00e0 ffffffff 0 STG.E.64 2 R8 R6 8 1 0x7f3354e48e00 8 0 
71 0 0 6 00b0 ffffffff 1 R2 LDG.E.64 1 R2 8 1 0x7f3354c8e600 8 0 
68 0 0 25 00b0 ffffffff 1 R2 LDG.E.64 1 R2 8 1 0x7f3354c89900 8 0 
4 0 0 24 00e0 ffffffff 0 STG.E.64 2 R8 R6 8 1 0x7f3354e09800 8 0 
67 0 0 19 00b0 ffffffff 1 R2 LDG.E.64 1 R2 8 1 0x7f3354c87300 8 0 
88 0 0 20 00b0 ffffffff 1 R2 LDG.E.64 1 R2 8 1 0x7f3354cb1400 8 0 
96 0 0 10 00b0 ffffffff 1 R2 LDG.E.64 1 R2 8 1 0x7f3354cc0a00 8 0 
63 0 0 14 00b0 ffffffff 1 R2 LDG.E.64 1 R2 8 1 0x7f3354c7ee00 8 0 
71 0 0 5 00b0 ffffffff 1 R2 LDG.E.64 1 R2 8 1 0x7f3354c8e500 8 0 
36 0 0 7 00b0 ffffffff 1 R2 LDG.E.64 1 R2 8 1 0x7f3354c48700 8 0 
91 0 0 7 00b0 ffffffff 1 R2 LDG.E.64 1 R2 8 1 0x7f3354cb6700 8 0 
68 0 0 24 00b0 ffffffff 1 R2 LDG.E.64 1 R2 8 1 0x7f3354c89800 8 0 
39 0 0 24 00b0 ffffffff 1 R2 LDG.E.64 1 R2 8 1 0x7f3354c4f800 8 0 
63 0 0 7 00a0 ffffffff 1 R4 LDG.E.64 1 R4 8 1 0x7f3354d41d00 8 0 
8 0 0 31 00e0 ffffffff 0 STG.E.64 2 R8 R6 8 1 0x7f3354e11f00 8 0 
91 0 0 1 00b0 ffffffff 1 R2 LDG.E.64 1 R2 8 1 0x7f3354cb6100 8 0 
39 0 0 17 00e0 ffffffff 0 STG.E.64 2 R8 R6 8 1 0x7f3354e4f100 8 0 
68 0 0 30 00b0 ffffffff 1 R2 LDG.E.64 1 R2 8 1 0x7f3354c89e00 8 0 
23 0 0 11 00b0 ffffffff 1 R2 LDG.E.64 1 R2 8 1 0x7f3354c2eb00 8 0 
76 0 0 5 00b0 ffffffff 1 R2 LDG.E.64 1 R2 8 1 0x7f3354c98500 8 0 
88 0 0 22 00b0 ffffffff 1 R2 LDG.E.64 1 R2 8 1 0x7f3354cb1600 8 0 
8 0 0 13 00b0 ffffffff 1 R2 LDG.E.64 1 R2 8 1 0x7f3354c10d00 8 0 
39 0 0 23 00e0 ffffffff 0 STG.E.64 2 R8 R6 8 1 0x7f3354e4f700 8 0 
23 0 0 7 00a0 ffffffff 1 R4 LDG.E.64 1 R4 8 1 0x7f3354cf1d00 8 0 
63 0 0 4 00b0 ffffffff 1 R2 LDG.E.64 1 R2 8 1 0x7f3354c7e400 8 0 
88 0 0 16 00b0 ffffffff 1 R2 LDG.E.64 1 R2 8 1 0x7f3354cb1000 8 0 
91 0 0 3 00a0 ffffffff 1 R4 LDG.E.64 1 R4 8 1 0x7f3354d79900 8 0 
8 0 0 9 00b0 ffffffff 1 R2 LDG.E.64 1 R2 8 1 0x7f3354c10900 8 0 
67 0 0 8 00b0 ffffffff 1 R2 LDG.E.64 1 R2 8 1 0x7f3354c86800 8 0 
63 0 0 1 00b0 ffffffff 1 R2 LDG.E.64 1 R2 8 1 0x7f3354c7e100 8 0 
76 0 0 4 00b0 ffffffff 1 R2 LDG.E.64 1 R2 8 1 0x7f3354c98400 8 0 
67 0 0 15 00b0 ffffffff 1 R2 LDG.E.64 1 R2 8 1 0x7f3354c86f00 8 0 
96 0 0 6 00b0 ffffffff 1 R2 LDG.E.64 1 R2 8 1 0x7f3354cc0600 8 0 
23 0 0 3 00a0 ffffffff 1 R4 LDG.E.64 1 R4 8 1 0x7f3354cf1900 8 0 
63 0 0 18 00b0 ffffffff 1 R2 LDG.E.64 1 R2 8 1 0x7f3354c7f200 8 0 
15 0 0 29 00e0 ffffffff 0 STG.E.64 2 R8 R6 8 1 0x7f3354e1fd00 8 0 
68 0 0 6 00b0 ffffffff 1 R2 LDG.E.64 1 R2 8 1 0x7f3354c88600 8 0 
39 0 0 19 00b0 ffffffff 1 R2 LDG.E.64 1 R2 8 1 0x7f3354c4f300 8 0 
88 0 0 23 00a0 ffffffff 1 R4 LDG.E.64 1 R4 8 1 0x7f3354d74d00 8 0 
64 0 0 14 00b0 ffffffff 1 R2 LDG.E.64 1 R2 8 1 0x7f3354c80e00 8 0 
40 0 0 4 00e0 ffffffff 0 STG.E.64 2 R8 R6 8 1 0x7f3354e50400 8 0 
17 0 0 21 00f0 ffffffff 0 EXIT 0 0 0 
53 0 0 16 00f0 ffffffff 0 EXIT 0 0 0 
45 0 0 25 00f0 ffffffff 0 EXIT 0 0 0 
46 0 0 9 00f0 ffffffff 0 EXIT 0 0 0 
25 0 0 1 00f0 ffffffff 0 EXIT 0 0 0 
17 0 0 22 00f0 ffffffff 0 EXIT 0 0 0 
64 0 0 0 00b0 ffffffff 1 R2 LDG.E.64 1 R2 8 1 0x7f3354c80000 8 0 
54 0 0 0 00f0 ffffffff 0 EXIT 0 0 0 
53 0 0 5 00f0 ffffffff 0 EXIT 0 0 0 
45 0 0 5 00f0 ffffffff 0 EXIT 0 0 0 
85 0 0 19 00f0 ffffffff 0 EXIT 0 0 0 
42 0 0 26 00f0 ffffffff 0 EXIT 0 0 0 
81 0 0 18 00f0 ffffffff 0 EXIT 0 0 0 
30 0 0 26 00f0 ffffffff 0 EXIT 0 0 0 
17 0 0 7 00f0 ffffffff 0 EXIT 0 0 0 
49 0 0 26 00f0 ffffffff 0 EXIT 0 0 0 
57 0 0 6 00f0 ffffffff 0 EXIT 0 0 0 
46 0 0 3 00f0 ffffffff 0 EXIT 0 0 0 
45 0 0 16 00f0 ffffffff 0 EXIT 0 0 0 
74 0 0 29 00f0 ffffffff 0 EXIT 0 0 0 
50 0 0 2 00f0 ffffffff 0 EXIT 0 0 0 
53 0 0 14 00f0 ffffffff 0 EXIT 0 0 0 
54 0 0 17 00f0 ffffffff 0 EXIT 0 0 0 
29 0 0 3 00f0 ffffffff 0 EXIT 0 0 0 
81 0 0 11 00f0 ffffffff 0 EXIT 0 0 0 
17 0 0 18 00f0 ffffffff 0 EXIT 0 0 0 
86 0 0 22 00f0 ffffffff 0 EXIT 0 0 0 
57 0 0 11 00f0 ffffffff 0 EXIT 0 0 0 
42 0 0 23 00f0 ffffffff 0 EXIT 0 0 0 
45 0 0 30 00f0 ffffffff 0 EXIT 0 0 0 
49 0 0 19 00f0 ffffffff 0 EXIT 0 0 0 
46 0 0 18 00f0 ffffffff 0 EXIT 0 0 0 
53 0 0 31 00f0 ffffffff 0 EXIT 0 0 0 
74 0 0 28 00f0 ffffffff 0 EXIT 0 0 0 
29 0 0 13 00f0 ffffffff 0 EXIT 0 0 0 
50 0 0 24 00f0 ffffffff 0 EXIT 0 0 0 
54 0 0 2 00f0 ffffffff 0 EXIT 0 0 0 
81 0 0 1 00f0 ffffffff 0 EXIT 0 0 0 
73 0 0 7 00f0 ffffffff 0 EXIT 0 0 0 
57 0 0 0 00f0 ffffffff 0 EXIT 0 0 0 
30 0 0 24 00f0 ffffffff 0 EXIT 0 0 0 
45 0 0 19 00f0 ffffffff 0 EXIT 0 0 0 
2 0 0 30 00f0 ffffffff 0 EXIT 0 0 0 
53 0 0 30 00f0 ffffffff 0 EXIT 0 0 0 
42 0 0 5 00f0 ffffffff 0 EXIT 0 0 0 
46 0 0 28 00f0 ffffffff 0 EXIT 0 0 0 
49 0 0 4 00f0 ffffffff 0 EXIT 0 0 0 
29 0 0 6 00f0 ffffffff 0 EXIT 0 0 0 
18 0 0 12 00f0 ffffffff 0 EXIT 0 0 0 
50 0 0 3 00f0 ffffffff 0 EXIT 0 0 0 
81 0 0 20 00f0 ffffffff 0 EXIT 0 0 0 
54 0 0 3 00f0 ffffffff 0 EXIT 0 0 0 
17 0 0 23 00f0 ffffffff 0 EXIT 0 0 0 
82 0 0 6 00f0 ffffffff 0 EXIT 0 0 0 
57 0 0 17 00f0 ffffffff 0 EXIT 0 0 0 
30 0 0 21 00f0 ffffffff 0 EXIT 0 0 0 
45 0 0 9 00f0 ffffffff 0 EXIT 0 0 0 
42 0 0 22 00f0 ffffffff 0 EXIT 0 0 0 
2 0 0 1 00f0 ffffffff 0 EXIT 0 0 0 
49 0 0 21 00f0 ffffffff 0 EXIT 0 0 0 
29 0 0 28 00f0 ffffffff 0 EXIT 0 0 0 
46 0 0 5 00f0 ffffffff 0 EXIT 0 0 0 
50 0 0 14 00f0 ffffffff 0 EXIT 0 0 0 
81 0 0 25 00f0 ffffffff 0 EXIT 0 0 0 
74 0 0 5 00f0 ffffffff 0 EXIT 0 0 0 
17 0 0 26 00f0 ffffffff 0 EXIT 0 0 0 
54 0 0 4 00f0 ffffffff 0 EXIT 0 0 0 
57 0 0 14 00f0 ffffffff 0 EXIT 0 0 0 
26 0 0 16 00f0 ffffffff 0 EXIT 0 0 0 
45 0 0 31 00f0 ffffffff 0 EXIT 0 0 0 
42 0 0 24 00f0 ffffffff 0 EXIT 0 0 0 
30 0 0 30 00f0 ffffffff 0 EXIT 0 0 0 
49 0 0 14 00f0 ffffffff 0 EXIT 0 0 0 
29 0 0 19 00f0 ffffffff 0 EXIT 0 0 0 
58 0 0 19 00f0 ffffffff 0 EXIT 0 0 0 
50 0 0 25 00f0 ffffffff 0 EXIT 0 0 0 
81 0 0 10 00f0 ffffffff 0 EXIT 0 0 0 
46 0 0 11 00f0 ffffffff 0 EXIT 0 0 0 
53 0 0 24 00f0 ffffffff 0 EXIT 0 0 0 
74 0 0 9 00f0 ffffffff 0 EXIT 0 0 0 
17 0 0 29 00f0 ffffffff 0 EXIT 0 0 0 
54 0 0 15 00f0 ffffffff 0 EXIT 0 0 0 
1 0 0 0 00f0 ffffffff 0 EXIT 0 0 0 
42 0 0 15 00f0 ffffffff 0 EXIT 0 0 0 
82 0 0 28 00f0 ffffffff 0 EXIT 0 0 0 
49 0 0 0 00f0 ffffffff 0 EXIT 0 0 0 
45 0 0 12 00f0 ffffffff 0 EXIT 0 0 0 
30 0 0 31 00f0 ffffffff 0 EXIT 0 0 0 
50 0 0 20 00f0 ffffffff 0 EXIT 0 0 0 
85 0 0 13 00f0 ffffffff 0 EXIT 0 0 0 
2 0 0 15 00f0 ffffffff 0 EXIT 0 0 0 
81 0 0 15 00f0 ffffffff 0 EXIT 0 0 0 
46 0 0 14 00f0 ffffffff 0 EXIT 0 0 0 
17 0 0 14 00f0 ffffffff 0 EXIT 0 0 0 
74 0 0 10 00f0 ffffffff 0 EXIT 0 0 0 
57 0 0 24 00f0 ffffffff 0 EXIT 0 0 0 
42 0 0 18 00f0 ffffffff 0 EXIT 0 0 0 
54 0 0 5 00f0 ffffffff 0 EXIT 0 0 0 
49 0 0 5 00f0 ffffffff 0 EXIT 0 0 0 
45 0 0 2 00f0 ffffffff 0 EXIT 0 0 0 
82 0 0 19 00f0 ffffffff 0 EXIT 0 0 0 
29 0 0 5 00f0 ffffffff 0 EXIT 0 0 0 
30 0 0 16 00f0 ffffffff 0 EXIT 0 0 0 
50 0 0 7 00f0 ffffffff 0 EXIT 0 0 0 
81 0 0 4 00f0 ffffffff 0 EXIT 0 0 0 
2 0 0 18 00f0 ffffffff 0 EXIT 0 0 0 
17 0 0 27 00f0 ffffffff 0 EXIT 0 0 0 
42 0 0 17 00f0 ffffffff 0 EXIT 0 0 0 
46 0 0 24 00f0 ffffffff 0 EXIT 0 0 0 
57 0 0 2 00f0 ffffffff 0 EXIT 0 0 0 
49 0 0 23 00f0 ffffffff 0 EXIT 0 0 0 
74 0 0 1 00f0 ffffffff 0 EXIT 0 0 0 
45 0 0 29 00f0 ffffffff 0 EXIT 0 0 0 
54 0 0 14 00f0 ffffffff 0 EXIT 0 0 0 
85 0 0 23 00f0 ffffffff 0 EXIT 0 0 0 
82 0 0 21 00f0 ffffffff 0 EXIT 0 0 0 
81 0 0 16 00f0 ffffffff 0 EXIT 0 0 0 
50 0 0 5 00f0 ffffffff 0 EXIT 0 0 0 
86 0 0 2 00f0 ffffffff 0 EXIT 0 0 0 
17 0 0 19 00f0 ffffffff 0 EXIT 0 0 0 
58 0 0 3 00f0 ffffffff 0 EXIT 0 0 0 
42 0 0 19 00f0 ffffffff 0 EXIT 0 0 0 
1 0 0 26 00f0 ffffffff 0 EXIT 0 0 0 
41 0 0 28 00f0 ffffffff 0 EXIT 0 0 0 
46 0 0 25 00f0 ffffffff 0 EXIT 0 0 0 
53 0 0 25 00f0 ffffffff 0 EXIT 0 0 0 
49 0 0 22 00f0 ffffffff 0 EXIT 0 0 0 
22 0 0 17 00f0 ffffffff 0 EXIT 0 0 0 
18 0 0 8 00f0 ffffffff 0 EXIT 0 0 0 
45 0 0 23 00f0 ffffffff 0 EXIT 0 0 0 
50 0 0 26 00f0 ffffffff 0 EXIT 0 0 0 
54 0 0 28 00f0 ffffffff 0 EXIT 0 0 0 
29 0 0 21 00f0 ffffffff 0 EXIT 0 0 0 
97 0 0 16 00f0 ffffffff 0 EXIT 0 0 0 
82 0 0 18 00f0 ffffffff 0 EXIT 0 0 0 
42 0 0 16 00f0 ffffffff 0 EXIT 0 0 0 
81 0 0 30 00f0 ffffffff 0 EXIT 0 0 0 
49 0 0 1 00f0 ffffffff 0 EXIT 0 0 0 
86 0 0 5 00f0 ffffffff 0 EXIT 0 0 0 
73 0 0 1 00f0 ffffffff 0 EXIT 0 0 0 
78 0 0 5 00f0 ffffffff 0 EXIT 0 0 0 
58 0 0 8 00f0 ffffffff 0 EXIT 0 0 0 
1 0 0 20 00f0 ffffffff 0 EXIT 0 0 0 
50 0 0 12 00f0 ffffffff 0 EXIT 0 0 0 
74 0 0 27 00f0 ffffffff 0 EXIT 0 0 0 
53 0 0 3 00f0 ffffffff 0 EXIT 0 0 0 
97 0 0 9 00f0 ffffffff 0 EXIT 0 0 0 
46 0 0 2 00f0 ffffffff 0 EXIT 0 0 0 
42 0 0 21 00f0 ffffffff 0 EXIT 0 0 0 
45 0 0 26 00f0 ffffffff 0 EXIT 0 0 0 
49 0 0 20 00f0 ffffffff 0 EXIT 0 0 0 
54 0 0 1 00f0 ffffffff 0 EXIT 0 0 0 
38 0 0 7 00f0 ffffffff 0 EXIT 0 0 0 
85 0 0 2 00f0 ffffffff 0 EXIT 0 0 0 
82 0 0 27 00f0 ffffffff 0 EXIT 0 0 0 
81 0 0 7 00f0 ffffffff 0 EXIT 0 0 0 
22 0 0 7 00f0 ffffffff 0 EXIT 0 0 0 
86 0 0 31 00f0 ffffffff 0 EXIT 0 0 0 
73 0 0 31 00f0 ffffffff 0 EXIT 0 0 0 
97 0 0 2 00f0 ffffffff 0 EXIT 0 0 0 
50 0 0 13 00f0 ffffffff 0 EXIT 0 0 0 
2 0 0 16 00f0 ffffffff 0 EXIT 0 0 0 
57 0 0 15 00f0 ffffffff 0 EXIT 0 0 0 
49 0 0 27 00f0 ffffffff 0 EXIT 0 0 0 
42 0 0 10 00f0 ffffffff 0 EXIT 0 0 0 
74 0 0 31 00f0 ffffffff 0 EXIT 0 0 0 
53 0 0 26 00f0 ffffffff 0 EXIT 0 0 0 
33 0 0 0 00f0 ffffffff 0 EXIT 0 0 0 
90 0 0 19 00f0 ffffffff 0 EXIT 0 0 0 
46 0 0 13 00f0 ffffffff 0 EXIT 0 0 0 
45 0 0 0 00f0 ffffffff 0 EXIT 0 0 0 
9 0 0 2 00f0 ffffffff 0 EXIT 0 0 0 
54 0 0 6 00f0 ffffffff 0 EXIT 0 0 0 
38 0 0 4 00f0 ffffffff 0 EXIT 0 0 0 
29 0 0 18 00f0 ffffffff 0 EXIT 0 0 0 
5 0 0 7 00f0 ffffffff 0 EXIT 0 0 0 
26 0 0 4 00f0 ffffffff 0 EXIT 0 0 0 
78 0 0 8 00f0 ffffffff 0 EXIT 0 0 0 
25 0 0 10 00f0 ffffffff 0 EXIT 0 0 0 
97 0 0 7 00f0 ffffffff 0 EXIT 0 0 0 
86 0 0 14 00f0 ffffffff 0 EXIT 0 0 0 
50 0 0 27 00f0 ffffffff 0 EXIT 0 0 0 
17 0 0 13 00f0 ffffffff 0 EXIT 0 0 0 
49 0 0 30 00f0 ffffffff 0 EXIT 0 0 0 
2 0 0 7 00f0 ffffffff 0 EXIT 0 0 0 
14 0 0 20 00f0 ffffffff 0 EXIT 0 0 0 
57 0 0 28 00f0 ffffffff 0 EXIT 0 0 0 
21 0 0 13 00f0 ffffffff 0 EXIT 0 0 0 
18 0 0 22 00f0 ffffffff 0 EXIT 0 0 0 
42 0 0 4 00f0 ffffffff 0 EXIT 0 0 0 
53 0 0 4 00f0 ffffffff 0 EXIT 0 0 0 
89 0 0 19 00f0 ffffffff 0 EXIT 0 0 0 
46 0 0 7 00f0 ffffffff 0 EXIT 0 0 0 
90 0 0 10 00f0 ffffffff 0 EXIT 0 0 0 
45 0 0 17 00f0 ffffffff 0 EXIT 0 0 0 
37 0 0 28 00f0 ffffffff 0 EXIT 0 0 0 
54 0 0 31 00f0 ffffffff 0 EXIT 0 0 0 
43 0 0 16 00f0 ffffffff 0 EXIT 0 0 0 
10 0 0 24 00f0 ffffffff 0 EXIT 0 0 0 
29 0 0 16 00f0 ffffffff 0 EXIT 0 0 0 
65 0 0 3 00f0 ffffffff 0 EXIT 0 0 0 
82 0 0 13 00f0 ffffffff 0 EXIT 0 0 0 
38 0 0 3 00f0 ffffffff 0 EXIT 0 0 0 
81 0 0 26 00f0 ffffffff 0 EXIT 0 0 0 
61 0 0 29 00f0 ffffffff 0 EXIT 0 0 0 
30 0 0 13 00f0 ffffffff 0 EXIT 0 0 0 
6 0 0 15 00f0 ffffffff 0 EXIT 0 0 0 
17 0 0 30 00f0 ffffffff 0 EXIT 0 0 0 
97 0 0 8 00f0 ffffffff 0 EXIT 0 0 0 
58 0 0 5 00f0 ffffffff 0 EXIT 0 0 0 
22 0 0 23 00f0 ffffffff 0 EXIT 0 0 0 
57 0 0 3 00f0 ffffffff 0 EXIT 0 0 0 
49 0 0 9 00f0 ffffffff 0 EXIT 0 0 0 
74 0 0 17 00f0 ffffffff 0 EXIT 0 0 0 
50 0 0 10 00f0 ffffffff 0 EXIT 0 0 0 
53 0 0 1 00f0 ffffffff 0 EXIT 0 0 0 
77 0 0 4 00f0 ffffffff 0 EXIT 0 0 0 
46 0 0 16 00f0 ffffffff 0 EXIT 0 0 0 
70 0 0 8 00f0 ffffffff 0 EXIT 0 0 0 
45 0 0 6 00f0 ffffffff 0 EXIT 0 0 0 
33 0 0 11 00f0 ffffffff 0 EXIT 0 0 0 
54 0 0 29 00f0 ffffffff 0 EXIT 0 0 0 
42 0 0 7 00f0 ffffffff 0 EXIT 0 0 0 
85 0 0 24 00f0 ffffffff 0 EXIT 0 0 0 
37 0 0 27 00f0 ffffffff 0 EXIT 0 0 0 
26 0 0 29 00f0 ffffffff 0 EXIT 0 0 0 
90 0 0 20 00f0 ffffffff 0 EXIT 0 0 0 
81 0 0 0 00f0 ffffffff 0 EXIT 0 0 0 
9 0 0 29 00f0 ffffffff 0 EXIT 0 0 0 
30 0 0 18 00f0 ffffffff 0 EXIT 0 0 0 
87 0 0 20 00f0 ffffffff 0 EXIT 0 0 0 
31 0 0 4 00f0 ffffffff 0 EXIT 0 0 0 
10 0 0 29 00f0 ffffffff 0 EXIT 0 0 0 
17 0 0 31 00f0 ffffffff 0 EXIT 0 0 0 
69 0 0 19 00f0 ffffffff 0 EXIT 0 0 0 
3 0 0 0 00f0 ffffffff 0 EXIT 0 0 0 
58 0 0 12 00f0 ffffffff 0 EXIT 0 0 0 
94 0 0 4 00f0 ffffffff 0 EXIT 0 0 0 
1 0 0 11 00f0 ffffffff 0 EXIT 0 0 0 
16 0 0 6 00f0 ffffffff 0 EXIT 0 0 0 
61 0 0 23 00f0 ffffffff 0 EXIT 0 0 0 
74 0 0 21 00f0 ffffffff 0 EXIT 0 0 0 
6 0 0 3 00f0 ffffffff 0 EXIT 0 0 0 
3 0 0 1 00f0 ffffffff 0 EXIT 0 0 0 
53 0 0 23 00f0 ffffffff 0 EXIT 0 0 0 
97 0 0 3 00f0 ffffffff 0 EXIT 0 0 0 
46 0 0 27 00f0 ffffffff 0 EXIT 0 0 0 
51 0 0 0 00f0 ffffffff 0 EXIT 0 0 0 
78 0 0 23 00f0 ffffffff 0 EXIT 0 0 0 
45 0 0 11 00f0 ffffffff 0 EXIT 0 0 0 
49 0 0 12 00f0 ffffffff 0 EXIT 0 0 0 
24 0 0 27 00f0 ffffffff 0 EXIT 0 0 0 
54 0 0 24 00f0 ffffffff 0 EXIT 0 0 0 
50 0 0 4 00f0 ffffffff 0 EXIT 0 0 0 
85 0 0 5 00f0 ffffffff 0 EXIT 0 0 0 
47 0 0 7 00f0 ffffffff 0 EXIT 0 0 0 
21 0 0 11 00f0 ffffffff 0 EXIT 0 0 0 
26 0 0 3 00f0 ffffffff 0 EXIT 0 0 0 
70 0 0 21 00f0 ffffffff 0 EXIT 0 0 0 
43 0 0 5 00f0 ffffffff 0 EXIT 0 0 0 
81 0 0 17 00f0 ffffffff 0 EXIT 0 0 0 
89 0 0 11 00f0 ffffffff 0 EXIT 0 0 0 
30 0 0 12 00f0 ffffffff 0 EXIT 0 0 0 
16 0 0 25 00f0 ffffffff 0 EXIT 0 0 0 
42 0 0 2 00f0 ffffffff 0 EXIT 0 0 0 
73 0 0 27 00f0 ffffffff 0 EXIT 0 0 0 
37 0 0 26 00f0 ffffffff 0 EXIT 0 0 0 
83 0 0 13 00f0 ffffffff 0 EXIT 0 0 0 
2 0 0 12 00f0 ffffffff 0 EXIT 0 0 0 
90 0 0 25 00f0 ffffffff 0 EXIT 0 0 0 
1 0 0 18 00f0 ffffffff 0 EXIT 0 0 0 
48 0 0 7 00f0 ffffffff 0 EXIT 0 0 0 
65 0 0 18 00f0 ffffffff 0 EXIT 0 0 0 
18 0 0 23 00f0 ffffffff 0 EXIT 0 0 0 
10 0 0 23 00f0 ffffffff 0 EXIT 0 0 0 
24 0 0 16 00f0 ffffffff 0 EXIT 0 0 0 
53 0 0 22 00f0 ffffffff 0 EXIT 0 0 0 
69 0 0 14 00f0 ffffffff 0 EXIT 0 0 0 
46 0 0 0 00f0 ffffffff 0 EXIT 0 0 0 
27 0 0 3 00f0 ffffffff 0 EXIT 0 0 0 
38 0 0 18 00f0 ffffffff 0 EXIT 0 0 0 
45 0 0 24 00f0 ffffffff 0 EXIT 0 0 0 
5 0 0 29 00f0 ffffffff 0 EXIT 0 0 0 
56 0 0 17 00f0 ffffffff 0 EXIT 0 0 0 
54 0 0 27 00f0 ffffffff 0 EXIT 0 0 0 
6 0 0 9 00f0 ffffffff 0 EXIT 0 0 0 
85 0 0 22 00f0 ffffffff 0 EXIT 0 0 0 
47 0 0 1 00f0 ffffffff 0 EXIT 0 0 0 
41 0 0 27 00f0 ffffffff 0 EXIT 0 0 0 
26 0 0 22 00f0 ffffffff 0 EXIT 0 0 0 
78 0 0 22 00f0 ffffffff 0 EXIT 0 0 0 
28 0 0 28 00f0 ffffffff 0 EXIT 0 0 0 
25 0 0 28 00f0 ffffffff 0 EXIT 0 0 0 
49 0 0 15 00f0 ffffffff 0 EXIT 0 0 0 
30 0 0 19 00f0 ffffffff 0 EXIT 0 0 0 
55 0 0 6 00f0 ffffffff 0 EXIT 0 0 0 
50 0 0 19 00f0 ffffffff 0 EXIT 0 0 0 
17 0 0 9 00f0 ffffffff 0 EXIT 0 0 0 
21 0 0 24 00f0 ffffffff 0 EXIT 0 0 0 
51 0 0 21 00f0 ffffffff 0 EXIT 0 0 0 
2 0 0 6 00f0 ffffffff 0 EXIT 0 0 0 
70 0 0 30 00f0 ffffffff 0 EXIT 0 0 0 
57 0 0 7 00f0 ffffffff 0 EXIT 0 0 0 
28 0 0 18 00f0 ffffffff 0 EXIT 0 0 0 
75 0 0 8 00e0 ffffffff 0 STG.E.64 2 R8 R6 8 1 0x7f3354e96800 8 0 
33 0 0 5 00f0 ffffffff 0 EXIT 0 0 0 
18 0 0 5 00f0 ffffffff 0 EXIT 0 0 0 
42 0 0 28 00f0 ffffffff 0 EXIT 0 0 0 
43 0 0 6 00f0 ffffffff 0 EXIT 0 0 0 
53 0 0 13 00f0 ffffffff 0 EXIT 0 0 0 
37 0 0 15 00f0 ffffffff 0 EXIT 0 0 0 
46 0 0 21 00f0 ffffffff 0 EXIT 0 0 0 
90 0 0 26 00f0 ffffffff 0 EXIT 0 0 0 
45 0 0 1 00f0 ffffffff 0 EXIT 0 0 0 
9 0 0 26 00f0 ffffffff 0 EXIT 0 0 0 
52 0 0 5 00f0 ffffffff 0 EXIT 0 0 0 
54 0 0 30 00f0 ffffffff 0 EXIT 0 0 0 
10 0 0 12 00f0 ffffffff 0 EXIT 0 0 0 
29 0 0 4 00f0 ffffffff 0 EXIT 0 0 0 
55 0 0 21 00f0 ffffffff 0 EXIT 0 0 0 
13 0 0 9 00f0 ffffffff 0 EXIT 0 0 0 
82 0 0 31 00f0 ffffffff 0 EXIT 0 0 0 
38 0 0 0 00f0 ffffffff 0 EXIT 0 0 0 
48 0 0 24 00f0 ffffffff 0 EXIT 0 0 0 
25 0 0 13 00f0 ffffffff 0 EXIT 0 0 0 
5 0 0 16 00f0 ffffffff 0 EXIT 0 0 0 
30 0 0 14 00f0 ffffffff 0 EXIT 0 0 0 
52 0 0 27 00f0 ffffffff 0 EXIT 0 0 0 
62 0 0 17 00f0 ffffffff 0 EXIT 0 0 0 
17 0 0 15 00f0 ffffffff 0 EXIT 0 0 0 
97 0 0 20 00f0 ffffffff 0 EXIT 0 0 0 
75 0 0 30 00f0 ffffffff 0 EXIT 0 0 0 
58 0 0 26 00f0 ffffffff 0 EXIT 0 0 0 
22 0 0 13 00f0 ffffffff 0 EXIT 0 0 0 
1 0 0 21 00f0 ffffffff 0 EXIT 0 0 0 
51 0 0 20 00f0 ffffffff 0 EXIT 0 0 0 
49 0 0 18 00f0 ffffffff 0 EXIT 0 0 0 
18 0 0 0 00f0 ffffffff 0 EXIT 0 0 0 
50 0 0 17 00f0 ffffffff 0 EXIT 0 0 0 
44 0 0 18 00f0 ffffffff 0 EXIT 0 0 0 
53 0 0 12 00f0 ffffffff 0 EXIT 0 0 0 
21 0 0 17 00f0 ffffffff 0 EXIT 0 0 0 
46 0 0 20 00f0 ffffffff 0 EXIT 0 0 0 
87 0 0 21 00f0 ffffffff 0 EXIT 0 0 0 
14 0 0 19 00f0 ffffffff 0 EXIT 0 0 0 
45 0 0 18 00f0 ffffffff 0 EXIT 0 0 0 
33 0 0 18 00f0 ffffffff 0 EXIT 0 0 0 
43 0 0 7 00f0 ffffffff 0 EXIT 0 0 0 
54 0 0 25 00f0 ffffffff 0 EXIT 0 0 0 
42 0 0 13 00f0 ffffffff 0 EXIT 0 0 0 
85 0 0 12 00f0 ffffffff 0 EXIT 0 0 0 
44 0 0 19 00f0 ffffffff 0 EXIT 0 0 0 
93 0 0 7 00f0 ffffffff 0 EXIT 0 0 0 
26 0 0 25 00f0 ffffffff 0 EXIT 0 0 0 
34 0 0 30 00f0 ffffffff 0 EXIT 0 0 0 
3 0 0 18 00f0 ffffffff 0 EXIT 0 0 0 
25 0 0 6 00f0 ffffffff 0 EXIT 0 0 0 
65 0 0 9 00f0 ffffffff 0 EXIT 0 0 0 
30 0 0 17 00f0 ffffffff 0 EXIT 0 0 0 
66 0 0 6 00f0 ffffffff 0 EXIT 0 0 0 
17 0 0 1 00f0 ffffffff 0 EXIT 0 0 0 
69 0 0 15 00f0 ffffffff 0 EXIT 0 0 0 
24 0 0 11 00f0 ffffffff 0 EXIT 0 0 0 
58 0 0 24 00f0 ffffffff 0 EXIT 0 0 0 
38 0 0 23 00f0 ffffffff 0 EXIT 0 0 0 
57 0 0 1 00f0 ffffffff 0 EXIT 0 0 0 
27 0 0 16 00f0 ffffffff 0 EXIT 0 0 0 
61 0 0 0 00f0 ffffffff 0 EXIT 0 0 0 
74 0 0 12 00f0 ffffffff 0 EXIT 0 0 0 
62 0 0 8 00f0 ffffffff 0 EXIT 0 0 0 
48 0 0 2 00f0 ffffffff 0 EXIT 0 0 0 
53 0 0 11 00f0 ffffffff 0 EXIT 0 0 0 
97 0 0 17 00f0 ffffffff 0 EXIT 0 0 0 
46 0 0 19 00f0 ffffffff 0 EXIT 0 0 0 
16 0 0 27 00f0 ffffffff 0 EXIT 0 0 0 
22 0 0 14 00f0 ffffffff 0 EXIT 0 0 0 
45 0 0 15 00f0 ffffffff 0 EXIT 0 0 0 
49 0 0 29 00f0 ffffffff 0 EXIT 0 0 0 
51 0 0 17 00f0 ffffffff 0 EXIT 0 0 0 
54 0 0 16 00f0 ffffffff 0 EXIT 0 0 0 
50 0 0 8 00f0 ffffffff 0 EXIT 0 0 0 
85 0 0 30 00f0 ffffffff 0 EXIT 0 0 0 
47 0 0 14 00f0 ffffffff 0 EXIT 0 0 0 
21 0 0 12 00f0 ffffffff 0 EXIT 0 0 0 
82 0 0 26 00f0 ffffffff 0 EXIT 0 0 0 
70 0 0 24 00f0 ffffffff 0 EXIT 0 0 0 
0 0 0 29 00f0 ffffffff 0 EXIT 0 0 0 
43 0 0 20 00f0 ffffffff 0 EXIT 0 0 0 
25 0 0 17 00f0 ffffffff 0 EXIT 0 0 0 
33 0 0 23 00f0 ffffffff 0 EXIT 0 0 0 
86 0 0 27 00f0 ffffffff 0 EXIT 0 0 0 
42 0 0 3 00f0 ffffffff 0 EXIT 0 0 0 
73 0 0 13 00f0 ffffffff 0 EXIT 0 0 0 
37 0 0 30 00f0 ffffffff 0 EXIT 0 0 0 
2 0 0 0 00f0 ffffffff 0 EXIT 0 0 0 
90 0 0 31 00f0 ffffffff 0 EXIT 0 0 0 
1 0 0 3 00f0 ffffffff 0 EXIT 0 0 0 
55 0 0 4 00f0 ffffffff 0 EXIT 0 0 0 
65 0 0 5 00f0 ffffffff 0 EXIT 0 0 0 
74 0 0 25 00f0 ffffffff 0 EXIT 0 0 0 
66 0 0 28 00f0 ffffffff 0 EXIT 0 0 0 
84 0 0 12 00f0 ffffffff 0 EXIT 0 0 0 
53 0 0 8 00f0 ffffffff 0 EXIT 0 0 0 
69 0 0 12 00f0 ffffffff 0 EXIT 0 0 0 
46 0 0 22 00f0 ffffffff 0 EXIT 0 0 0 
48 0 0 15 00f0 ffffffff 0 EXIT 0 0 0 
38 0 0 29 00f0 ffffffff 0 EXIT 0 0 0 
45 0 0 28 00f0 ffffffff 0 EXIT 0 0 0 
61 0 0 11 00f0 ffffffff 0 EXIT 0 0 0 
19 0 0 18 00f0 ffffffff 0 EXIT 0 0 0 
52 0 0 10 00f0 ffffffff 0 EXIT 0 0 0 
40 0 0 27 00a0 ffffffff 1 R4 LDG.E.64 1 R4 8 1 0x7f3354d15100 8 0 
54 0 0 10 00f0 ffffffff 0 EXIT 0 0 0 
62 0 0 26 00f0 ffffffff 0 EXIT 0 0 0 
85 0 0 21 00f0 ffffffff 0 EXIT 0 0 0 
41 0 0 1 00f0 ffffffff 0 EXIT 0 0 0 
26 0 0 2 00f0 ffffffff 0 EXIT 0 0 0 
22 0 0 9 00f0 ffffffff 0 EXIT 0 0 0 
51 0 0 23 00f0 ffffffff 0 EXIT 0 0 0 
81 0 0 22 00f0 ffffffff 0 EXIT 0 0 0 
49 0 0 28 00f0 ffffffff 0 EXIT 0 0 0 
86 0 0 23 00f0 ffffffff 0 EXIT 0 0 0 
31 0 0 0 00f0 ffffffff 0 EXIT 0 0 0 
44 0 0 13 00f0 ffffffff 0 EXIT 0 0 0 
50 0 0 22 00f0 ffffffff 0 EXIT 0 0 0 
73 0 0 9 00f0 ffffffff 0 EXIT 0 0 0 
21 0 0 3 00f0 ffffffff 0 EXIT 0 0 0 
43 0 0 25 00f0 ffffffff 0 EXIT 0 0 0 
58 0 0 13 00f0 ffffffff 0 EXIT 0 0 0 
14 0 0 10 00f0 ffffffff 0 EXIT 0 0 0 
57 0 0 23 00f0 ffffffff 0 EXIT 0 0 0 
33 0 0 10 00f0 ffffffff 0 EXIT 0 0 0 
74 0 0 11 00f0 ffffffff 0 EXIT 0 0 0 
42 0 0 14 00f0 ffffffff 0 EXIT 0 0 0 
3 0 0 29 00f0 ffffffff 0 EXIT 0 0 0 
53 0 0 2 00f0 ffffffff 0 EXIT 0 0 0 
37 0 0 24 00f0 ffffffff 0 EXIT 0 0 0 
46 0 0 29 00f0 ffffffff 0 EXIT 0 0 0 
80 0 0 28 00f0 ffffffff 0 EXIT 0 0 0 
90 0 0 0 00f0 ffffffff 0 EXIT 0 0 0 
45 0 0 22 00f0 ffffffff 0 EXIT 0 0 0 
9 0 0 6 00f0 ffffffff 0 EXIT 0 0 0 
27 0 0 27 00f0 ffffffff 0 EXIT 0 0 0 
54 0 0 20 00f0 ffffffff 0 EXIT 0 0 0 
66 0 0 4 00f0 ffffffff 0 EXIT 0 0 0 
85 0 0 28 00f0 ffffffff 0 EXIT 0 0 0 
13 0 0 27 00f0 ffffffff 0 EXIT 0 0 0 
26 0 0 24 00f0 ffffffff 0 EXIT 0 0 0 
38 0 0 10 00f0 ffffffff 0 EXIT 0 0 0 
72 0 0 25 00e0 ffffffff 0 STG.E.64 2 R8 R6 8 1 0x7f3354e91900 8 0 
47 0 0 21 00f0 ffffffff 0 EXIT 0 0 0 
81 0 0 29 00f0 ffffffff 0 EXIT 0 0 0 
5 0 0 22 00f0 ffffffff 0 EXIT 0 0 0 
30 0 0 20 00f0 ffffffff 0 EXIT 0 0 0 
64 0 0 2 00b0 ffffffff 1 R2 LDG.E.64 1 R2 8 1 0x7f3354c80200 8 0 
51 0 0 22 00f0 ffffffff 0 EXIT 0 0 0 
56 0 0 6 00f0 ffffffff 0 EXIT 0 0 0 
62 0 0 24 00f0 ffffffff 0 EXIT 0 0 0 
73 0 0 26 00f0 ffffffff 0 EXIT 0 0 0 
41 0 0 20 00f0 ffffffff 0 EXIT 0 0 0 
55 0 0 23 00f0 ffffffff 0 EXIT 0 0 0 
68 0 0 4 00e0 ffffffff 0 STG.E.64 2 R8 R6 8 1 0x7f3354e88400 8 0 
43 0 0 15 00f0 ffffffff 0 EXIT 0 0 0 
58 0 0 6 00f0 ffffffff 0 EXIT 0 0 0 
78 0 0 15 00f0 ffffffff 0 EXIT 0 0 0 
57 0 0 20 00f0 ffffffff 0 EXIT 0 0 0 
49 0 0 31 00f0 ffffffff 0 EXIT 0 0 0 
74 0 0 18 00f0 ffffffff 0 EXIT 0 0 0 
50 0 0 31 00f0 ffffffff 0 EXIT 0 0 0 
84 0 0 29 00e0 ffffffff 0 STG.E.64 2 R8 R6 8 1 0x7f3354ea9d00 8 0 
53 0 0 17 00f0 ffffffff 0 EXIT 0 0 0 
21 0 0 31 00f0 ffffffff 0 EXIT 0 0 0 
46 0 0 30 00f0 ffffffff 0 EXIT 0 0 0 
19 0 0 29 00f0 ffffffff 0 EXIT 0 0 0 
70 0 0 15 00f0 ffffffff 0 EXIT 0 0 0 
45 0 0 13 00f0 ffffffff 0 EXIT 0 0 0 
33 0 0 19 00f0 ffffffff 0 EXIT 0 0 0 
48 0 0 5 00f0 ffffffff 0 EXIT 0 0 0 
54 0 0 7 00f0 ffffffff 0 EXIT 0 0 0 
42 0 0 20 00f0 ffffffff 0 EXIT 0 0 0 
85 0 0 11 00f0 ffffffff 0 EXIT 0 0 0 
52 0 0 4 00f0 ffffffff 0 EXIT 0 0 0 
93 0 0 5 00f0 ffffffff 0 EXIT 0 0 0 
82 0 0 25 00f0 ffffffff 0 EXIT 0 0 0 
34 0 0 31 00f0 ffffffff 0 EXIT 0 0 0 
87 0 0 5 00f0 ffffffff 0 EXIT 0 0 0 
81 0 0 14 00f0 ffffffff 0 EXIT 0 0 0 
65 0 0 2 00f0 ffffffff 0 EXIT 0 0 0 
86 0 0 6 00f0 ffffffff 0 EXIT 0 0 0 
44 0 0 31 00f0 ffffffff 0 EXIT 0 0 0 
10 0 0 4 00f0 ffffffff 0 EXIT 0 0 0 
73 0 0 0 00f0 ffffffff 0 EXIT 0 0 0 
13 0 0 1 00f0 ffffffff 0 EXIT 0 0 0 
3 0 0 10 00f0 ffffffff 0 EXIT 0 0 0 
51 0 0 16 00f0 ffffffff 0 EXIT 0 0 0 
24 0 0 7 00f0 ffffffff 0 EXIT 0 0 0 
58 0 0 0 00f0 ffffffff 0 EXIT 0 0 0 
38 0 0 27 00f0 ffffffff 0 EXIT 0 0 0 
1 0 0 31 00f0 ffffffff 0 EXIT 0 0 0 
60 0 0 23 00a0 ffffffff 1 R4 LDG.E.64 1 R4 8 1 0x7f3354d3cd00 8 0 
5 0 0 17 00f0 ffffffff 0 EXIT 0 0 0 
74 0 0 16 00f0 ffffffff 0 EXIT 0 0 0 
62 0 0 21 00f0 ffffffff 0 EXIT 0 0 0 
83 0 0 1 00e0 ffffffff 0 STG.E.64 2 R8 R6 8 1 0x7f3354ea6100 8 0 
43 0 0 1 00f0 ffffffff 0 EXIT 0 0 0 
53 0 0 6 00f0 ffffffff 0 EXIT 0 0 0 
41 0 0 31 00f0 ffffffff 0 EXIT 0 0 0 
46 0 0 31 00f0 ffffffff 0 EXIT 0 0 0 
72 0 0 1 00f0 ffffffff 0 EXIT 0 0 0 
12 0 0 20 00e0 ffffffff 0 STG.E.64 2 R8 R6 8 1 0x7f3354e19400 8 0 
78 0 0 26 00f0 ffffffff 0 EXIT 0 0 0 
45 0 0 8 00f0 ffffffff 0 EXIT 0 0 0 
49 0 0 2 00f0 ffffffff 0 EXIT 0 0 0 
54 0 0 18 00f0 ffffffff 0 EXIT 0 0 0 
50 0 0 28 00f0 ffffffff 0 EXIT 0 0 0 
85 0 0 9 00f0 ffffffff 0 EXIT 0 0 0 
77 0 0 31 00f0 ffffffff 0 EXIT 0 0 0 
26 0 0 21 00f0 ffffffff 0 EXIT 0 0 0 
70 0 0 20 00f0 ffffffff 0 EXIT 0 0 0 
81 0 0 9 00f0 ffffffff 0 EXIT 0 0 0 
89 0 0 10 00f0 ffffffff 0 EXIT 0 0 0 
30 0 0 10 00f0 ffffffff 0 EXIT 0 0 0 
42 0 0 29 00f0 ffffffff 0 EXIT 0 0 0 
17 0 0 11 00f0 ffffffff 0 EXIT 0 0 0 
37 0 0 8 00f0 ffffffff 0 EXIT 0 0 0 
58 0 0 14 00f0 ffffffff 0 EXIT 0 0 0 
90 0 0 12 00f0 ffffffff 0 EXIT 0 0 0 
1 0 0 17 00f0 ffffffff 0 EXIT 0 0 0 
65 0 0 12 00f0 ffffffff 0 EXIT 0 0 0 
18 0 0 19 00f0 ffffffff 0 EXIT 0 0 0 
66 0 0 10 00f0 ffffffff 0 EXIT 0 0 0 
53 0 0 15 00f0 ffffffff 0 EXIT 0 0 0 
13 0 0 30 00f0 ffffffff 0 EXIT 0 0 0 
46 0 0 4 00f0 ffffffff 0 EXIT 0 0 0 
38 0 0 25 00f0 ffffffff 0 EXIT 0 0 0 
45 0 0 27 00f0 ffffffff 0 EXIT 0 0 0 
61 0 0 30 00f0 ffffffff 0 EXIT 0 0 0 
54 0 0 13 00f0 ffffffff 0 EXIT 0 0 0 
62 0 0 18 00f0 ffffffff 0 EXIT 0 0 0 
85 0 0 14 00f0 ffffffff 0 EXIT 0 0 0 
97 0 0 1 00f0 ffffffff 0 EXIT 0 0 0 
82 0 0 7 00f0 ffffffff 0 EXIT 0 0 0 
22 0 0 5 00f0 ffffffff 0 EXIT 0 0 0 
25 0 0 0 00f0 ffffffff 0 EXIT 0 0 0 
49 0 0 13 00f0 ffffffff 0 EXIT 0 0 0 
30 0 0 5 00f0 ffffffff 0 EXIT 0 0 0 
50 0 0 29 00f0 ffffffff 0 EXIT 0 0 0 
17 0 0 3 00f0 ffffffff 0 EXIT 0 0 0 
77 0 0 16 00f0 ffffffff 0 EXIT 0 0 0 
58 0 0 15 00f0 ffffffff 0 EXIT 0 0 0 
70 0 0 14 00f0 ffffffff 0 EXIT 0 0 0 
57 0 0 13 00f0 ffffffff 0 EXIT 0 0 0 
89 0 0 9 00f0 ffffffff 0 EXIT 0 0 0 
74 0 0 20 00f0 ffffffff 0 EXIT 0 0 0 
42 0 0 6 00f0 ffffffff 0 EXIT 0 0 0 
53 0 0 28 00f0 ffffffff 0 EXIT 0 0 0 
93 0 0 21 00f0 ffffffff 0 EXIT 0 0 0 
46 0 0 10 00f0 ffffffff 0 EXIT 0 0 0 
90 0 0 16 00f0 ffffffff 0 EXIT 0 0 0 
45 0 0 10 00f0 ffffffff 0 EXIT 0 0 0 
9 0 0 0 00f0 ffffffff 0 EXIT 0 0 0 
54 0 0 12 00f0 ffffffff 0 EXIT 0 0 0 
66 0 0 16 00f0 ffffffff 0 EXIT 0 0 0 
85 0 0 0 00f0 ffffffff 0 EXIT 0 0 0 
69 0 0 27 00f0 ffffffff 0 EXIT 0 0 0 
82 0 0 10 00f0 ffffffff 0 EXIT 0 0 0 
38 0 0 6 00f0 ffffffff 0 EXIT 0 0 0 
81 0 0 12 00f0 ffffffff 0 EXIT 0 0 0 
61 0 0 20 00f0 ffffffff 0 EXIT 0 0 0 
86 0 0 7 00f0 ffffffff 0 EXIT 0 0 0 
62 0 0 20 00f0 ffffffff 0 EXIT 0 0 0 
73 0 0 23 00f0 ffffffff 0 EXIT 0 0 0 
97 0 0 4 00f0 ffffffff 0 EXIT 0 0 0 
58 0 0 1 00f0 ffffffff 0 EXIT 0 0 0 
78 0 0 21 00f0 ffffffff 0 EXIT 0 0 0 
1 0 0 27 00f0 ffffffff 0 EXIT 0 0 0 
49 0 0 8 00f0 ffffffff 0 EXIT 0 0 0 
18 0 0 3 00f0 ffffffff 0 EXIT 0 0 0 
50 0 0 18 00f0 ffffffff 0 EXIT 0 0 0 
53 0 0 10 00f0 ffffffff 0 EXIT 0 0 0 
21 0 0 26 00f0 ffffffff 0 EXIT 0 0 0 
46 0 0 23 00f0 ffffffff 0 EXIT 0 0 0 
14 0 0 26 00f0 ffffffff 0 EXIT 0 0 0 
45 0 0 20 00f0 ffffffff 0 EXIT 0 0 0 
33 0 0 1 00f0 ffffffff 0 EXIT 0 0 0 
47 0 0 20 00f0 ffffffff 0 EXIT 0 0 0 
63 0 0 9 00e0 ffffffff 0 STG.E.64 2 R8 R6 8 1 0x7f3354e7e900 8 0 
54 0 0 23 00f0 ffffffff 0 EXIT 0 0 0 
42 0 0 27 00f0 ffffffff 0 EXIT 0 0 0 
85 0 0 29 00f0 ffffffff 0 EXIT 0 0 0 
0 0 0 26 00f0 ffffffff 0 EXIT 0 0 0 
37 0 0 4 00f0 ffffffff 0 EXIT 0 0 0 
82 0 0 2 00f0 ffffffff 0 EXIT 0 0 0 
90 0 0 30 00f0 ffffffff 0 EXIT 0 0 0 
55 0 0 15 00f0 ffffffff 0 EXIT 0 0 0 
35 0 0 19 00e0 ffffffff 0 STG.E.64 2 R8 R6 8 1 0x7f3354e47300 8 0 
28 0 0 31 00f0 ffffffff 0 EXIT 0 0 0 
81 0 0 6 00f0 ffffffff 0 EXIT 0 0 0 
65 0 0 17 00f0 ffffffff 0 EXIT 0 0 0 
86 0 0 29 00f0 ffffffff 0 EXIT 0 0 0 
10 0 0 28 00f0 ffffffff 0 EXIT 0 0 0 
73 0 0 17 00f0 ffffffff 0 EXIT 0 0 0 
13 0 0 19 00f0 ffffffff 0 EXIT 0 0 0 
96 0 0 17 00e0 ffffffff 0 STG.E.64 2 R8 R6 8 1 0x7f3354ec1100 8 0 
19 0 0 9 00f0 ffffffff 0 EXIT 0 0 0 
52 0 0 29 00f0 ffffffff 0 EXIT 0 0 0 
2 0 0 17 00f0 ffffffff 0 EXIT 0 0 0 
38 0 0 21 00f0 ffffffff 0 EXIT 0 0 0 
57 0 0 19 00f0 ffffffff 0 EXIT 0 0 0 
51 0 0 7 00f0 ffffffff 0 EXIT 0 0 0 
48 0 0 8 00f0 ffffffff 0 EXIT 0 0 0 
87 0 0 1 00f0 ffffffff 0 EXIT 0 0 0 
61 0 0 19 00f0 ffffffff 0 EXIT 0 0 0 
18 0 0 28 00f0 ffffffff 0 EXIT 0 0 0 
62 0 0 30 00f0 ffffffff 0 EXIT 0 0 0 
44 0 0 6 00f0 ffffffff 0 EXIT 0 0 0 
43 0 0 2 00f0 ffffffff 0 EXIT 0 0 0 
53 0 0 9 00f0 ffffffff 0 EXIT 0 0 0 
41 0 0 26 00f0 ffffffff 0 EXIT 0 0 0 
46 0 0 1 00f0 ffffffff 0 EXIT 0 0 0 
3 0 0 16 00f0 ffffffff 0 EXIT 0 0 0 
78 0 0 30 00f0 ffffffff 0 EXIT 0 0 0 
45 0 0 21 00f0 ffffffff 0 EXIT 0 0 0 
49 0 0 6 00f0 ffffffff 0 EXIT 0 0 0 
24 0 0 4 00f0 ffffffff 0 EXIT 0 0 0 
54 0 0 21 00f0 ffffffff 0 EXIT 0 0 0 
50 0 0 11 00f0 ffffffff 0 EXIT 0 0 0 
85 0 0 7 00f0 ffffffff 0 EXIT 0 0 0 
21 0 0 27 00f0 ffffffff 0 EXIT 0 0 0 
82 0 0 11 00f0 ffffffff 0 EXIT 0 0 0 
14 0 0 29 00f0 ffffffff 0 EXIT 0 0 0 
27 0 0 0 00f0 ffffffff 0 EXIT 0 0 0 
12 0 0 26 00b0 ffffffff 1 R2 LDG.E.64 1 R2 8 1 0x7f3354c19a00 8 0 
16 0 0 24 00f0 ffffffff 0 EXIT 0 0 0 
81 0 0 31 00f0 ffffffff 0 EXIT 0 0 0 
33 0 0 3 00f0 ffffffff 0 EXIT 0 0 0 
86 0 0 25 00f0 ffffffff 0 EXIT 0 0 0 
47 0 0 19 00f0 ffffffff 0 EXIT 0 0 0 
42 0 0 8 00f0 ffffffff 0 EXIT 0 0 0 
73 0 0 30 00f0 ffffffff 0 EXIT 0 0 0 
93 0 0 30 00f0 ffffffff 0 EXIT 0 0 0 
0 0 0 10 00f0 ffffffff 0 EXIT 0 0 0 
58 0 0 29 00f0 ffffffff 0 EXIT 0 0 0 
90 0 0 18 00f0 ffffffff 0 EXIT 0 0 0 
1 0 0 5 00f0 ffffffff 0 EXIT 0 0 0 
55 0 0 29 00f0 ffffffff 0 EXIT 0 0 0 
65 0 0 16 00f0 ffffffff 0 EXIT 0 0 0 
74 0 0 22 00f0 ffffffff 0 EXIT 0 0 0 
66 0 0 26 00f0 ffffffff 0 EXIT 0 0 0 
84 0 0 0 00e0 ffffffff 0 STG.E.64 2 R8 R6 8 1 0x7f3354ea8000 8 0 
51 0 0 2 00f0 ffffffff 0 EXIT 0 0 0 
53 0 0 7 00f0 ffffffff 0 EXIT 0 0 0 
69 0 0 20 00f0 ffffffff 0 EXIT 0 0 0 
46 0 0 8 00f0 ffffffff 0 EXIT 0 0 0 
75 0 0 6 00f0 ffffffff 0 EXIT 0 0 0 
48 0 0 11 00f0 ffffffff 0 EXIT 0 0 0 
44 0 0 3 00f0 ffffffff 0 EXIT 0 0 0 
94 0 0 5 00f0 ffffffff 0 EXIT 0 0 0 
45 0 0 7 00f0 ffffffff 0 EXIT 0 0 0 
61 0 0 17 00f0 ffffffff 0 EXIT 0 0 0 
43 0 0 12 00f0 ffffffff 0 EXIT 0 0 0 
87 0 0 24 00f0 ffffffff 0 EXIT 0 0 0 
54 0 0 26 00f0 ffffffff 0 EXIT 0 0 0 
6 0 0 5 00f0 ffffffff 0 EXIT 0 0 0 
85 0 0 4 00f0 ffffffff 0 EXIT 0 0 0 
80 0 0 5 00f0 ffffffff 0 EXIT 0 0 0 
39 0 0 1 00e0 ffffffff 0 STG.E.64 2 R8 R6 8 1 0x7f3354e4e100 8 0 
59 0 0 13 00f0 ffffffff 0 EXIT 0 0 0 
97 0 0 12 00f0 ffffffff 0 EXIT 0 0 0 
82 0 0 9 00f0 ffffffff 0 EXIT 0 0 0 
78 0 0 13 00f0 ffffffff 0 EXIT 0 0 0 
16 0 0 9 00f0 ffffffff 0 EXIT 0 0 0 
25 0 0 18 00f0 ffffffff 0 EXIT 0 0 0 
49 0 0 3 00f0 ffffffff 0 EXIT 0 0 0 
86 0 0 12 00f0 ffffffff 0 EXIT 0 0 0 
27 0 0 30 00f0 ffffffff 0 EXIT 0 0 0 
12 0 0 12 00f0 ffffffff 0 EXIT 0 0 0 
50 0 0 16 00f0 ffffffff 0 EXIT 0 0 0 
73 0 0 12 00f0 ffffffff 0 EXIT 0 0 0 
21 0 0 4 00f0 ffffffff 0 EXIT 0 0 0 
56 0 0 28 00f0 ffffffff 0 EXIT 0 0 0 
71 0 0 2 00e0 ffffffff 0 STG.E.64 2 R8 R6 8 1 0x7f3354e8e200 8 0 
47 0 0 18 00f0 ffffffff 0 EXIT 0 0 0 
58 0 0 2 00f0 ffffffff 0 EXIT 0 0 0 
14 0 0 16 00f0 ffffffff 0 EXIT 0 0 0 
57 0 0 18 00f0 ffffffff 0 EXIT 0 0 0 
28 0 0 26 00f0 ffffffff 0 EXIT 0 0 0 
91 0 0 6 00a0 ffffffff 1 R4 LDG.E.64 1 R4 8 1 0x7f3354d79c00 8 0 
33 0 0 14 00f0 ffffffff 0 EXIT 0 0 0 
18 0 0 4 00f0 ffffffff 0 EXIT 0 0 0 
42 0 0 9 00f0 ffffffff 0 EXIT 0 0 0 
55 0 0 2 00f0 ffffffff 0 EXIT 0 0 0 
24 0 0 29 00f0 ffffffff 0 EXIT 0 0 0 
53 0 0 29 00f0 ffffffff 0 EXIT 0 0 0 
93 0 0 8 00f0 ffffffff 0 EXIT 0 0 0 
46 0 0 6 00f0 ffffffff 0 EXIT 0 0 0 
67 0 0 5 00a0 ffffffff 1 R4 LDG.E.64 1 R4 8 1 0x7f3354d49b00 8 0 
34 0 0 19 00f0 ffffffff 0 EXIT 0 0 0 
45 0 0 14 00f0 ffffffff 0 EXIT 0 0 0 
9 0 0 28 00f0 ffffffff 0 EXIT 0 0 0 
75 0 0 1 00f0 ffffffff 0 EXIT 0 0 0 
54 0 0 19 00f0 ffffffff 0 EXIT 0 0 0 
66 0 0 0 00f0 ffffffff 0 EXIT 0 0 0 
85 0 0 27 00f0 ffffffff 0 EXIT 0 0 0 
16 0 0 5 00f0 ffffffff 0 EXIT 0 0 0 
48 0 0 17 00f0 ffffffff 0 EXIT 0 0 0 
51 0 0 27 00f0 ffffffff 0 EXIT 0 0 0 
13 0 0 26 00f0 ffffffff 0 EXIT 0 0 0 
82 0 0 4 00f0 ffffffff 0 EXIT 0 0 0 
38 0 0 15 00f0 ffffffff 0 EXIT 0 0 0 
87 0 0 27 00f0 ffffffff 0 EXIT 0 0 0 
0 0 0 27 00f0 ffffffff 0 EXIT 0 0 0 
60 0 0 29 00b0 ffffffff 1 R2 LDG.E.64 1 R2 8 1 0x7f3354c79d00 8 0 
25 0 0 31 00f0 ffffffff 0 EXIT 0 0 0 
5 0 0 4 00f0 ffffffff 0 EXIT 0 0 0 
86 0 0 15 00f0 ffffffff 0 EXIT 0 0 0 
43 0 0 9 00f0 ffffffff 0 EXIT 0 0 0 
62 0 0 23 00f0 ffffffff 0 EXIT 0 0 0 
73 0 0 8 00f0 ffffffff 0 EXIT 0 0 0 
97 0 0 14 00f0 ffffffff 0 EXIT 0 0 0 
59 0 0 7 00f0 ffffffff 0 EXIT 0 0 0 
84 0 0 14 00e0 ffffffff 0 STG.E.64 2 R8 R6 8 1 0x7f3354ea8e00 8 0 
58 0 0 9 00f0 ffffffff 0 EXIT 0 0 0 
22 0 0 24 00f0 ffffffff 0 EXIT 0 0 0 
57 0 0 8 00f0 ffffffff 0 EXIT 0 0 0 
27 0 0 31 00f0 ffffffff 0 EXIT 0 0 0 
24 0 0 21 00f0 ffffffff 0 EXIT 0 0 0 
49 0 0 16 00f0 ffffffff 0 EXIT 0 0 0 
74 0 0 24 00f0 ffffffff 0 EXIT 0 0 0 
50 0 0 9 00f0 ffffffff 0 EXIT 0 0 0 
47 0 0 17 00f0 ffffffff 0 EXIT 0 0 0 
53 0 0 0 00f0 ffffffff 0 EXIT 0 0 0 
77 0 0 29 00f0 ffffffff 0 EXIT 0 0 0 
46 0 0 17 00f0 ffffffff 0 EXIT 0 0 0 
16 0 0 21 00f0 ffffffff 0 EXIT 0 0 0 
55 0 0 20 00f0 ffffffff 0 EXIT 0 0 0 
0 0 0 6 00f0 ffffffff 0 EXIT 0 0 0 
48 0 0 30 00f0 ffffffff 0 EXIT 0 0 0 
75 0 0 20 00f0 ffffffff 0 EXIT 0 0 0 
44 0 0 12 00f0 ffffffff 0 EXIT 0 0 0 
87 0 0 6 00e0 ffffffff 0 STG.E.64 2 R8 R6 8 1 0x7f3354eae600 8 0 
28 0 0 27 00f0 ffffffff 0 EXIT 0 0 0 
12 0 0 8 00e0 ffffffff 0 STG.E.64 2 R8 R6 8 1 0x7f3354e18800 8 0 
70 0 0 25 00f0 ffffffff 0 EXIT 0 0 0 
45 0 0 3 00f0 ffffffff 0 EXIT 0 0 0 
33 0 0 31 00f0 ffffffff 0 EXIT 0 0 0 
51 0 0 12 00f0 ffffffff 0 EXIT 0 0 0 
3 0 0 14 00f0 ffffffff 0 EXIT 0 0 0 
52 0 0 11 00f0 ffffffff 0 EXIT 0 0 0 
54 0 0 8 00f0 ffffffff 0 EXIT 0 0 0 
42 0 0 30 00f0 ffffffff 0 EXIT 0 0 0 
85 0 0 6 00f0 ffffffff 0 EXIT 0 0 0 
32 0 0 29 00e0 ffffffff 0 STG.E.64 2 R8 R6 8 1 0x7f3354e41d00 8 0 
43 0 0 10 00f0 ffffffff 0 EXIT 0 0 0 
27 0 0 21 00f0 ffffffff 0 EXIT 0 0 0 
37 0 0 0 00f0 ffffffff 0 EXIT 0 0 0 
82 0 0 29 00f0 ffffffff 0 EXIT 0 0 0 
90 0 0 4 00f0 ffffffff 0 EXIT 0 0 0 
80 0 0 11 00f0 ffffffff 0 EXIT 0 0 0 
95 0 0 16 00e0 ffffffff 0 STG.E.64 2 R8 R6 8 1 0x7f3354ebf000 8 0 
81 0 0 27 00f0 ffffffff 0 EXIT 0 0 0 
65 0 0 29 00f0 ffffffff 0 EXIT 0 0 0 
86 0 0 28 00f0 ffffffff 0 EXIT 0 0 0 
47 0 0 16 00f0 ffffffff 0 EXIT 0 0 0 
16 0 0 20 00f0 ffffffff 0 EXIT 0 0 0 
48 0 0 28 00f0 ffffffff 0 EXIT 0 0 0 
10 0 0 6 00f0 ffffffff 0 EXIT 0 0 0 
73 0 0 15 00f0 ffffffff 0 EXIT 0 0 0 
69 0 0 8 00f0 ffffffff 0 EXIT 0 0 0 
55 0 0 31 00f0 ffffffff 0 EXIT 0 0 0 
56 0 0 5 00f0 ffffffff 0 EXIT 0 0 0 
58 0 0 18 00f0 ffffffff 0 EXIT 0 0 0 
94 0 0 15 00f0 ffffffff 0 EXIT 0 0 0 
57 0 0 27 00f0 ffffffff 0 EXIT 0 0 0 
71 0 0 23 00b0 ffffffff 1 R2 LDG.E.64 1 R2 8 1 0x7f3354c8f700 8 0 
19 0 0 10 00f0 ffffffff 0 EXIT 0 0 0 
5 0 0 26 00f0 ffffffff 0 EXIT 0 0 0 
18 0 0 26 00f0 ffffffff 0 EXIT 0 0 0 
6 0 0 2 00f0 ffffffff 0 EXIT 0 0 0 
44 0 0 2 00f0 ffffffff 0 EXIT 0 0 0 
53 0 0 27 00f0 ffffffff 0 EXIT 0 0 0 
41 0 0 18 00f0 ffffffff 0 EXIT 0 0 0 
31 0 0 14 00f0 ffffffff 0 EXIT 0 0 0 
46 0 0 15 00f0 ffffffff 0 EXIT 0 0 0 
78 0 0 12 00f0 ffffffff 0 EXIT 0 0 0 
85 0 0 17 00f0 ffffffff 0 EXIT 0 0 0 
28 0 0 10 00f0 ffffffff 0 EXIT 0 0 0 
3 0 0 31 00f0 ffffffff 0 EXIT 0 0 0 
49 0 0 25 00f0 ffffffff 0 EXIT 0 0 0 
54 0 0 9 00f0 ffffffff 0 EXIT 0 0 0 
50 0 0 30 00f0 ffffffff 0 EXIT 0 0 0 
24 0 0 22 00f0 ffffffff 0 EXIT 0 0 0 
81 0 0 21 00f0 ffffffff 0 EXIT 0 0 0 
77 0 0 20 00f0 ffffffff 0 EXIT 0 0 0 
82 0 0 16 00f0 ffffffff 0 EXIT 0 0 0 
83 0 0 5 00e0 ffffffff 0 STG.E.64 2 R8 R6 8 1 0x7f3354ea6500 8 0 
88 0 0 1 00b0 ffffffff 1 R2 LDG.E.64 1 R2 8 1 0x7f3354cb0100 8 0 
16 0 0 23 00f0 ffffffff 0 EXIT 0 0 0 
14 0 0 28 00f0 ffffffff 0 EXIT 0 0 0 
73 0 0 14 00f0 ffffffff 0 EXIT 0 0 0 
89 0 0 13 00f0 ffffffff 0 EXIT 0 0 0 
51 0 0 13 00f0 ffffffff 0 EXIT 0 0 0 
47 0 0 9 00f0 ffffffff 0 EXIT 0 0 0 
86 0 0 17 00f0 ffffffff 0 EXIT 0 0 0 
42 0 0 0 00f0 ffffffff 0 EXIT 0 0 0 
1 0 0 22 00f0 ffffffff 0 EXIT 0 0 0 
52 0 0 30 00f0 ffffffff 0 EXIT 0 0 0 
43 0 0 31 00f0 ffffffff 0 EXIT 0 0 0 
55 0 0 22 00f0 ffffffff 0 EXIT 0 0 0 
93 0 0 17 00f0 ffffffff 0 EXIT 0 0 0 
2 0 0 25 00f0 ffffffff 0 EXIT 0 0 0 
90 0 0 14 00f0 ffffffff 0 EXIT 0 0 0 
48 0 0 19 00f0 ffffffff 0 EXIT 0 0 0 
56 0 0 4 00f0 ffffffff 0 EXIT 0 0 0 
95 0 0 26 00e0 ffffffff 0 STG.E.64 2 R8 R6 8 1 0x7f3354ebfa00 8 0 
53 0 0 18 00f0 ffffffff 0 EXIT 0 0 0 
65 0 0 13 00f0 ffffffff 0 EXIT 0 0 0 
74 0 0 26 00f0 ffffffff 0 EXIT 0 0 0 
75 0 0 24 00f0 ffffffff 0 EXIT 0 0 0 
44 0 0 29 00f0 ffffffff 0 EXIT 0 0 0 
10 0 0 13 00f0 ffffffff 0 EXIT 0 0 0 
45 0 0 4 00f0 ffffffff 0 EXIT 0 0 0 
87 0 0 0 00e0 ffffffff 0 STG.E.64 2 R8 R6 8 1 0x7f3354eae000 8 0 
69 0 0 30 00f0 ffffffff 0 EXIT 0 0 0 
38 0 0 17 00f0 ffffffff 0 EXIT 0 0 0 
54 0 0 22 00f0 ffffffff 0 EXIT 0 0 0 
28 0 0 29 00f0 ffffffff 0 EXIT 0 0 0 
29 0 0 11 00f0 ffffffff 0 EXIT 0 0 0 
61 0 0 15 00f0 ffffffff 0 EXIT 0 0 0 
6 0 0 17 00f0 ffffffff 0 EXIT 0 0 0 
3 0 0 30 00f0 ffffffff 0 EXIT 0 0 0 
68 0 0 29 00f0 ffffffff 0 EXIT 0 0 0 
24 0 0 9 00f0 ffffffff 0 EXIT 0 0 0 
26 0 0 27 00f0 ffffffff 0 EXIT 0 0 0 
25 0 0 27 00f0 ffffffff 0 EXIT 0 0 0 
41 0 0 16 00f0 ffffffff 0 EXIT 0 0 0 
35 0 0 13 00e0 ffffffff 0 STG.E.64 2 R8 R6 8 1 0x7f3354e46d00 8 0 
83 0 0 19 00f0 ffffffff 0 EXIT 0 0 0 
78 0 0 7 00f0 ffffffff 0 EXIT 0 0 0 
30 0 0 15 00f0 ffffffff 0 EXIT 0 0 0 
17 0 0 2 00f0 ffffffff 0 EXIT 0 0 0 
16 0 0 16 00f0 ffffffff 0 EXIT 0 0 0 
11 0 0 24 00f0 ffffffff 0 EXIT 0 0 0 
47 0 0 10 00f0 ffffffff 0 EXIT 0 0 0 
49 0 0 11 00f0 ffffffff 0 EXIT 0 0 0 
50 0 0 15 00f0 ffffffff 0 EXIT 0 0 0 
2 0 0 13 00f0 ffffffff 0 EXIT 0 0 0 
52 0 0 1 00f0 ffffffff 0 EXIT 0 0 0 
1 0 0 23 00f0 ffffffff 0 EXIT 0 0 0 
77 0 0 26 00f0 ffffffff 0 EXIT 0 0 0 
14 0 0 21 00f0 ffffffff 0 EXIT 0 0 0 
55 0 0 16 00f0 ffffffff 0 EXIT 0 0 0 
64 0 0 17 00a0 ffffffff 1 R4 LDG.E.64 1 R4 8 1 0x7f3354d44700 8 0 
18 0 0 17 00f0 ffffffff 0 EXIT 0 0 0 
53 0 0 20 00f0 ffffffff 0 EXIT 0 0 0 
33 0 0 8 00f0 ffffffff 0 EXIT 0 0 0 
0 0 0 7 00f0 ffffffff 0 EXIT 0 0 0 
51 0 0 15 00f0 ffffffff 0 EXIT 0 0 0 
19 0 0 31 00f0 ffffffff 0 EXIT 0 0 0 
42 0 0 11 00f0 ffffffff 0 EXIT 0 0 0 
46 0 0 12 00f0 ffffffff 0 EXIT 0 0 0 
48 0 0 1 00f0 ffffffff 0 EXIT 0 0 0 
44 0 0 0 00f0 ffffffff 0 EXIT 0 0 0 
43 0 0 0 00f0 ffffffff 0 EXIT 0 0 0 
93 0 0 15 00f0 ffffffff 0 EXIT 0 0 0 
90 0 0 8 00f0 ffffffff 0 EXIT 0 0 0 
85 0 0 8 00f0 ffffffff 0 EXIT 0 0 0 
87 0 0 19 00f0 ffffffff 0 EXIT 0 0 0 
4 0 0 30 00e0 ffffffff 0 STG.E.64 2 R8 R6 8 1 0x7f3354e09e00 8 0 
84 0 0 1 00e0 ffffffff 0 STG.E.64 2 R8 R6 8 1 0x7f3354ea8100 8 0 
54 0 0 11 00f0 ffffffff 0 EXIT 0 0 0 
65 0 0 30 00f0 ffffffff 0 EXIT 0 0 0 
10 0 0 20 00f0 ffffffff 0 EXIT 0 0 0 
59 0 0 23 00f0 ffffffff 0 EXIT 0 0 0 
81 0 0 3 00f0 ffffffff 0 EXIT 0 0 0 
82 0 0 3 00f0 ffffffff 0 EXIT 0 0 0 
13 0 0 7 00f0 ffffffff 0 EXIT 0 0 0 
24 0 0 14 00f0 ffffffff 0 EXIT 0 0 0 
7 0 0 20 00e0 ffffffff 0 STG.E.64 2 R8 R6 8 1 0x7f3354e0f400 8 0 
38 0 0 9 00f0 ffffffff 0 EXIT 0 0 0 
73 0 0 28 00f0 ffffffff 0 EXIT 0 0 0 
86 0 0 3 00f0 ffffffff 0 EXIT 0 0 0 
83 0 0 6 00f0 ffffffff 0 EXIT 0 0 0 
12 0 0 7 00b0 ffffffff 1 R2 LDG.E.64 1 R2 8 1 0x7f3354c18700 8 0 
72 0 0 6 00e0 ffffffff 0 STG.E.64 2 R8 R6 8 1 0x7f3354e90600 8 0 
61 0 0 8 00f0 ffffffff 0 EXIT 0 0 0 
6 0 0 19 00f0 ffffffff 0 EXIT 0 0 0 
1 0 0 29 00f0 ffffffff 0 EXIT 0 0 0 
47 0 0 4 00f0 ffffffff 0 EXIT 0 0 0 
88 0 0 4 00a0 ffffffff 1 R4 LDG.E.64 1 R4 8 1 0x7f3354d73a00 8 0 
58 0 0 27 00f0 ffffffff 0 EXIT 0 0 0 
41 0 0 13 00f0 ffffffff 0 EXIT 0 0 0 
78 0 0 24 00f0 ffffffff 0 EXIT 0 0 0 
56 0 0 16 00f0 ffffffff 0 EXIT 0 0 0 
35 0 0 8 00b0 ffffffff 1 R2 LDG.E.64 1 R2 8 1 0x7f3354c46800 8 0 
55 0 0 11 00f0 ffffffff 0 EXIT 0 0 0 
53 0 0 21 00f0 ffffffff 0 EXIT 0 0 0 
18 0 0 31 00f0 ffffffff 0 EXIT 0 0 0 
49 0 0 10 00f0 ffffffff 0 EXIT 0 0 0 
52 0 0 12 00f0 ffffffff 0 EXIT 0 0 0 
50 0 0 21 00f0 ffffffff 0 EXIT 0 0 0 
29 0 0 14 00f0 ffffffff 0 EXIT 0 0 0 
46 0 0 26 00f0 ffffffff 0 EXIT 0 0 0 
75 0 0 16 00f0 ffffffff 0 EXIT 0 0 0 
77 0 0 3 00f0 ffffffff 0 EXIT 0 0 0 
14 0 0 17 00f0 ffffffff 0 EXIT 0 0 0 
44 0 0 28 00f0 ffffffff 0 EXIT 0 0 0 
81 0 0 13 00f0 ffffffff 0 EXIT 0 0 0 
26 0 0 18 00f0 ffffffff 0 EXIT 0 0 0 
89 0 0 22 00f0 ffffffff 0 EXIT 0 0 0 
31 0 0 25 00f0 ffffffff 0 EXIT 0 0 0 
48 0 0 22 00f0 ffffffff 0 EXIT 0 0 0 
28 0 0 7 00f0 ffffffff 0 EXIT 0 0 0 
42 0 0 1 00f0 ffffffff 0 EXIT 0 0 0 
17 0 0 8 00f0 ffffffff 0 EXIT 0 0 0 
86 0 0 20 00f0 ffffffff 0 EXIT 0 0 0 
51 0 0 9 00f0 ffffffff 0 EXIT 0 0 0 
3 0 0 7 00f0 ffffffff 0 EXIT 0 0 0 
8 0 0 2 00e0 ffffffff 0 STG.E.64 2 R8 R6 8 1 0x7f3354e10200 8 0 
93 0 0 28 00f0 ffffffff 0 EXIT 0 0 0 
34 0 0 12 00f0 ffffffff 0 EXIT 0 0 0 
57 0 0 21 00f0 ffffffff 0 EXIT 0 0 0 
80 0 0 16 00f0 ffffffff 0 EXIT 0 0 0 
43 0 0 30 00f0 ffffffff 0 EXIT 0 0 0 
83 0 0 21 00f0 ffffffff 0 EXIT 0 0 0 
58 0 0 21 00f0 ffffffff 0 EXIT 0 0 0 
65 0 0 1 00f0 ffffffff 0 EXIT 0 0 0 
10 0 0 16 00f0 ffffffff 0 EXIT 0 0 0 
16 0 0 8 00f0 ffffffff 0 EXIT 0 0 0 
95 0 0 27 00e0 ffffffff 0 STG.E.64 2 R8 R6 8 1 0x7f3354ebfb00 8 0 
53 0 0 19 00f0 ffffffff 0 EXIT 0 0 0 
18 0 0 21 00f0 ffffffff 0 EXIT 0 0 0 
13 0 0 18 00f0 ffffffff 0 EXIT 0 0 0 
47 0 0 2 00f0 ffffffff 0 EXIT 0 0 0 
94 0 0 10 00f0 ffffffff 0 EXIT 0 0 0 
85 0 0 31 00f0 ffffffff 0 EXIT 0 0 0 
0 0 0 3 00f0 ffffffff 0 EXIT 0 0 0 
55 0 0 10 00f0 ffffffff 0 EXIT 0 0 0 
5 0 0 18 00f0 ffffffff 0 EXIT 0 0 0 
6 0 0 23 00f0 ffffffff 0 EXIT 0 0 0 
26 0 0 11 00f0 ffffffff 0 EXIT 0 0 0 
52 0 0 14 00f0 ffffffff 0 EXIT 0 0 0 
75 0 0 29 00f0 ffffffff 0 EXIT 0 0 0 
81 0 0 28 00f0 ffffffff 0 EXIT 0 0 0 
41 0 0 19 00f0 ffffffff 0 EXIT 0 0 0 
22 0 0 26 00f0 ffffffff 0 EXIT 0 0 0 
15 0 0 7 00e0 ffffffff 0 STG.E.64 2 R8 R6 8 1 0x7f3354e1e700 8 0 
44 0 0 25 00f0 ffffffff 0 EXIT 0 0 0 
86 0 0 9 00f0 ffffffff 0 EXIT 0 0 0 
73 0 0 10 00f0 ffffffff 0 EXIT 0 0 0 
49 0 0 24 00f0 ffffffff 0 EXIT 0 0 0 
87 0 0 13 00f0 ffffffff 0 EXIT 0 0 0 
35 0 0 10 00e0 ffffffff 0 STG.E.64 2 R8 R6 8 1 0x7f3354e46a00 8 0 
20 0 0 19 00e0 ffffffff 0 STG.E.64 2 R8 R6 8 1 0x7f3354e29300 8 0 
50 0 0 6 00f0 ffffffff 0 EXIT 0 0 0 
2 0 0 22 00f0 ffffffff 0 EXIT 0 0 0 
1 0 0 19 00f0 ffffffff 0 EXIT 0 0 0 
28 0 0 24 00f0 ffffffff 0 EXIT 0 0 0 
21 0 0 22 00f0 ffffffff 0 EXIT 0 0 0 
14 0 0 24 00f0 ffffffff 0 EXIT 0 0 0 
59 0 0 3 00f0 ffffffff 0 EXIT 0 0 0 
48 0 0 4 00f0 ffffffff 0 EXIT 0 0 0 
18 0 0 9 00f0 ffffffff 0 EXIT 0 0 0 
33 0 0 22 00f0 ffffffff 0 EXIT 0 0 0 
29 0 0 30 00f0 ffffffff 0 EXIT 0 0 0 
80 0 0 17 00f0 ffffffff 0 EXIT 0 0 0 
42 0 0 12 00f0 ffffffff 0 EXIT 0 0 0 
82 0 0 12 00f0 ffffffff 0 EXIT 0 0 0 
93 0 0 13 00f0 ffffffff 0 EXIT 0 0 0 
83 0 0 27 00f0 ffffffff 0 EXIT 0 0 0 
16 0 0 19 00f0 ffffffff 0 EXIT 0 0 0 
25 0 0 11 00f0 ffffffff 0 EXIT 0 0 0 
34 0 0 6 00f0 ffffffff 0 EXIT 0 0 0 
86 0 0 18 00f0 ffffffff 0 EXIT 0 0 0 
51 0 0 10 00f0 ffffffff 0 EXIT 0 0 0 
47 0 0 11 00f0 ffffffff 0 EXIT 0 0 0 
65 0 0 21 00f0 ffffffff 0 EXIT 0 0 0 
73 0 0 24 00f0 ffffffff 0 EXIT 0 0 0 
10 0 0 19 00f0 ffffffff 0 EXIT 0 0 0 
56 0 0 12 00f0 ffffffff 0 EXIT 0 0 0 
2 0 0 31 00f0 ffffffff 0 EXIT 0 0 0 
13 0 0 17 00f0 ffffffff 0 EXIT 0 0 0 
1 0 0 10 00f0 ffffffff 0 EXIT 0 0 0 
43 0 0 11 00f0 ffffffff 0 EXIT 0 0 0 
55 0 0 9 00f0 ffffffff 0 EXIT 0 0 0 
52 0 0 15 00f0 ffffffff 0 EXIT 0 0 0 
38 0 0 30 00f0 ffffffff 0 EXIT 0 0 0 
18 0 0 15 00f0 ffffffff 0 EXIT 0 0 0 
61 0 0 28 00f0 ffffffff 0 EXIT 0 0 0 
39 0 0 23 00f0 ffffffff 0 EXIT 0 0 0 
75 0 0 0 00f0 ffffffff 0 EXIT 0 0 0 
29 0 0 7 00f0 ffffffff 0 EXIT 0 0 0 
6 0 0 26 00f0 ffffffff 0 EXIT 0 0 0 
26 0 0 14 00f0 ffffffff 0 EXIT 0 0 0 
44 0 0 30 00f0 ffffffff 0 EXIT 0 0 0 
88 0 0 11 00a0 ffffffff 1 R4 LDG.E.64 1 R4 8 1 0x7f3354d74100 8 0 
7 0 0 6 00e0 ffffffff 0 STG.E.64 2 R8 R6 8 1 0x7f3354e0e600 8 0 
41 0 0 14 00f0 ffffffff 0 EXIT 0 0 0 
25 0 0 26 00f0 ffffffff 0 EXIT 0 0 0 
78 0 0 11 00f0 ffffffff 0 EXIT 0 0 0 
87 0 0 15 00f0 ffffffff 0 EXIT 0 0 0 
28 0 0 17 00f0 ffffffff 0 EXIT 0 0 0 
30 0 0 8 00f0 ffffffff 0 EXIT 0 0 0 
49 0 0 7 00f0 ffffffff 0 EXIT 0 0 0 
17 0 0 10 00f0 ffffffff 0 EXIT 0 0 0 
3 0 0 6 00f0 ffffffff 0 EXIT 0 0 0 
50 0 0 0 00f0 ffffffff 0 EXIT 0 0 0 
58 0 0 4 00f0 ffffffff 0 EXIT 0 0 0 
21 0 0 28 00f0 ffffffff 0 EXIT 0 0 0 
80 0 0 1 00f0 ffffffff 0 EXIT 0 0 0 
91 0 0 24 00b0 ffffffff 1 R2 LDG.E.64 1 R2 8 1 0x7f3354cb7800 8 0 
48 0 0 9 00f0 ffffffff 0 EXIT 0 0 0 
57 0 0 31 00f0 ffffffff 0 EXIT 0 0 0 
14 0 0 13 00f0 ffffffff 0 EXIT 0 0 0 
18 0 0 24 00f0 ffffffff 0 EXIT 0 0 0 
83 0 0 17 00f0 ffffffff 0 EXIT 0 0 0 
72 0 0 27 00f0 ffffffff 0 EXIT 0 0 0 
33 0 0 7 00f0 ffffffff 0 EXIT 0 0 0 
85 0 0 20 00f0 ffffffff 0 EXIT 0 0 0 
42 0 0 31 00f0 ffffffff 0 EXIT 0 0 0 
47 0 0 5 00f0 ffffffff 0 EXIT 0 0 0 
0 0 0 15 00f0 ffffffff 0 EXIT 0 0 0 
82 0 0 15 00f0 ffffffff 0 EXIT 0 0 0 
93 0 0 4 00f0 ffffffff 0 EXIT 0 0 0 
25 0 0 24 00f0 ffffffff 0 EXIT 0 0 0 
55 0 0 14 00f0 ffffffff 0 EXIT 0 0 0 
52 0 0 8 00f0 ffffffff 0 EXIT 0 0 0 
51 0 0 3 00f0 ffffffff 0 EXIT 0 0 0 
19 0 0 15 00f0 ffffffff 0 EXIT 0 0 0 
44 0 0 16 00f0 ffffffff 0 EXIT 0 0 0 
43 0 0 8 00f0 ffffffff 0 EXIT 0 0 0 
12 0 0 21 00b0 ffffffff 1 R2 LDG.E.64 1 R2 8 1 0x7f3354c19500 8 0 
34 0 0 4 00f0 ffffffff 0 EXIT 0 0 0 
30 0 0 6 00f0 ffffffff 0 EXIT 0 0 0 
65 0 0 25 00f0 ffffffff 0 EXIT 0 0 0 
87 0 0 7 00f0 ffffffff 0 EXIT 0 0 0 
28 0 0 6 00f0 ffffffff 0 EXIT 0 0 0 
95 0 0 24 00e0 ffffffff 0 STG.E.64 2 R8 R6 8 1 0x7f3354ebf800 8 0 
17 0 0 28 00f0 ffffffff 0 EXIT 0 0 0 
66 0 0 1 00f0 ffffffff 0 EXIT 0 0 0 
2 0 0 27 00f0 ffffffff 0 EXIT 0 0 0 
3 0 0 23 00f0 ffffffff 0 EXIT 0 0 0 
24 0 0 8 00f0 ffffffff 0 EXIT 0 0 0 
13 0 0 6 00f0 ffffffff 0 EXIT 0 0 0 
1 0 0 1 00f0 ffffffff 0 EXIT 0 0 0 
94 0 0 8 00f0 ffffffff 0 EXIT 0 0 0 
63 0 0 22 00b0 ffffffff 1 R2 LDG.E.64 1 R2 8 1 0x7f3354c7f600 8 0 
27 0 0 25 00f0 ffffffff 0 EXIT 0 0 0 
18 0 0 27 00f0 ffffffff 0 EXIT 0 0 0 
5 0 0 12 00f0 ffffffff 0 EXIT 0 0 0 
29 0 0 0 00f0 ffffffff 0 EXIT 0 0 0 
72 0 0 22 00e0 ffffffff 0 STG.E.64 2 R8 R6 8 1 0x7f3354e91600 8 0 
6 0 0 7 00f0 ffffffff 0 EXIT 0 0 0 
82 0 0 24 00f0 ffffffff 0 EXIT 0 0 0 
41 0 0 29 00f0 ffffffff 0 EXIT 0 0 0 
55 0 0 3 00f0 ffffffff 0 EXIT 0 0 0 
0 0 0 21 00f0 ffffffff 0 EXIT 0 0 0 
25 0 0 7 00f0 ffffffff 0 EXIT 0 0 0 
78 0 0 4 00f0 ffffffff 0 EXIT 0 0 0 
86 0 0 8 00f0 ffffffff 0 EXIT 0 0 0 
48 0 0 26 00f0 ffffffff 0 EXIT 0 0 0 
19 0 0 20 00f0 ffffffff 0 EXIT 0 0 0 
52 0 0 25 00f0 ffffffff 0 EXIT 0 0 0 
49 0 0 17 00f0 ffffffff 0 EXIT 0 0 0 
17 0 0 17 00f0 ffffffff 0 EXIT 0 0 0 
50 0 0 1 00f0 ffffffff 0 EXIT 0 0 0 
67 0 0 0 00b0 ffffffff 1 R2 LDG.E.64 1 R2 8 1 0x7f3354c86000 8 0 
47 0 0 3 00f0 ffffffff 0 EXIT 0 0 0 
2 0 0 14 00f0 ffffffff 0 EXIT 0 0 0 
21 0 0 18 00f0 ffffffff 0 EXIT 0 0 0 
1 0 0 14 00f0 ffffffff 0 EXIT 0 0 0 
44 0 0 5 00f0 ffffffff 0 EXIT 0 0 0 
51 0 0 14 00f0 ffffffff 0 EXIT 0 0 0 
4 0 0 19 00e0 ffffffff 0 STG.E.64 2 R8 R6 8 1 0x7f3354e09300 8 0 
14 0 0 3 00f0 ffffffff 0 EXIT 0 0 0 
18 0 0 14 00f0 ffffffff 0 EXIT 0 0 0 
33 0 0 21 00f0 ffffffff 0 EXIT 0 0 0 
87 0 0 16 00f0 ffffffff 0 EXIT 0 0 0 
28 0 0 21 00f0 ffffffff 0 EXIT 0 0 0 
29 0 0 27 00f0 ffffffff 0 EXIT 0 0 0 
42 0 0 25 00f0 ffffffff 0 EXIT 0 0 0 
26 0 0 15 00f0 ffffffff 0 EXIT 0 0 0 
43 0 0 17 00f0 ffffffff 0 EXIT 0 0 0 
68 0 0 8 00b0 ffffffff 1 R2 LDG.E.64 1 R2 8 1 0x7f3354c88800 8 0 
3 0 0 15 00f0 ffffffff 0 EXIT 0 0 0 
93 0 0 6 00f0 ffffffff 0 EXIT 0 0 0 
25 0 0 25 00f0 ffffffff 0 EXIT 0 0 0 
34 0 0 14 00f0 ffffffff 0 EXIT 0 0 0 
80 0 0 4 00f0 ffffffff 0 EXIT 0 0 0 
30 0 0 29 00f0 ffffffff 0 EXIT 0 0 0 
9 0 0 24 00f0 ffffffff 0 EXIT 0 0 0 
17 0 0 16 00f0 ffffffff 0 EXIT 0 0 0 
27 0 0 28 00f0 ffffffff 0 EXIT 0 0 0 
72 0 0 23 00f0 ffffffff 0 EXIT 0 0 0 
10 0 0 0 00f0 ffffffff 0 EXIT 0 0 0 
58 0 0 23 00f0 ffffffff 0 EXIT 0 0 0 
69 0 0 26 00f0 ffffffff 0 EXIT 0 0 0 
20 0 0 4 00b0 ffffffff 1 R2 LDG.E.64 1 R2 8 1 0x7f3354c28400 8 0 
55 0 0 12 00f0 ffffffff 0 EXIT 0 0 0 
56 0 0 30 00f0 ffffffff 0 EXIT 0 0 0 
57 0 0 10 00f0 ffffffff 0 EXIT 0 0 0 
94 0 0 16 00f0 ffffffff 0 EXIT 0 0 0 
18 0 0 29 00f0 ffffffff 0 EXIT 0 0 0 
19 0 0 6 00f0 ffffffff 0 EXIT 0 0 0 
61 0 0 13 00f0 ffffffff 0 EXIT 0 0 0 
85 0 0 16 00f0 ffffffff 0 EXIT 0 0 0 
6 0 0 18 00f0 ffffffff 0 EXIT 0 0 0 
52 0 0 2 00f0 ffffffff 0 EXIT 0 0 0 
35 0 0 18 00b0 ffffffff 1 R2 LDG.E.64 1 R2 8 1 0x7f3354c47200 8 0 
48 0 0 3 00f0 ffffffff 0 EXIT 0 0 0 
82 0 0 8 00f0 ffffffff 0 EXIT 0 0 0 
97 0 0 15 00f0 ffffffff 0 EXIT 0 0 0 
81 0 0 5 00f0 ffffffff 0 EXIT 0 0 0 
47 0 0 29 00f0 ffffffff 0 EXIT 0 0 0 
28 0 0 3 00f0 ffffffff 0 EXIT 0 0 0 
11 0 0 15 00f0 ffffffff 0 EXIT 0 0 0 
78 0 0 9 00f0 ffffffff 0 EXIT 0 0 0 
30 0 0 23 00f0 ffffffff 0 EXIT 0 0 0 
73 0 0 22 00f0 ffffffff 0 EXIT 0 0 0 
50 0 0 23 00f0 ffffffff 0 EXIT 0 0 0 
77 0 0 30 00f0 ffffffff 0 EXIT 0 0 0 
87 0 0 29 00e0 ffffffff 0 STG.E.64 2 R8 R6 8 1 0x7f3354eafd00 8 0 
80 0 0 0 00f0 ffffffff 0 EXIT 0 0 0 
51 0 0 29 00f0 ffffffff 0 EXIT 0 0 0 
58 0 0 16 00f0 ffffffff 0 EXIT 0 0 0 
1 0 0 25 00f0 ffffffff 0 EXIT 0 0 0 
70 0 0 9 00f0 ffffffff 0 EXIT 0 0 0 
60 0 0 27 00e0 ffffffff 0 STG.E.64 2 R8 R6 8 1 0x7f3354e79b00 8 0 
3 0 0 12 00f0 ffffffff 0 EXIT 0 0 0 
16 0 0 15 00f0 ffffffff 0 EXIT 0 0 0 
33 0 0 20 00f0 ffffffff 0 EXIT 0 0 0 
74 0 0 30 00f0 ffffffff 0 EXIT 0 0 0 
43 0 0 22 00f0 ffffffff 0 EXIT 0 0 0 
85 0 0 15 00f0 ffffffff 0 EXIT 0 0 0 
93 0 0 9 00f0 ffffffff 0 EXIT 0 0 0 
34 0 0 8 00f0 ffffffff 0 EXIT 0 0 0 
27 0 0 5 00f0 ffffffff 0 EXIT 0 0 0 
0 0 0 20 00f0 ffffffff 0 EXIT 0 0 0 
26 0 0 19 00f0 ffffffff 0 EXIT 0 0 0 
25 0 0 20 00f0 ffffffff 0 EXIT 0 0 0 
65 0 0 24 00f0 ffffffff 0 EXIT 0 0 0 
55 0 0 30 00f0 ffffffff 0 EXIT 0 0 0 
52 0 0 20 00f0 ffffffff 0 EXIT 0 0 0 
66 0 0 5 00f0 ffffffff 0 EXIT 0 0 0 
86 0 0 11 00f0 ffffffff 0 EXIT 0 0 0 
73 0 0 21 00f0 ffffffff 0 EXIT 0 0 0 
88 0 0 30 00a0 ffffffff 1 R4 LDG.E.64 1 R4 8 1 0x7f3354d75400 8 0 
75 0 0 2 00e0 ffffffff 0 STG.E.64 2 R8 R6 8 1 0x7f3354e96200 8 0 
69 0 0 22 00f0 ffffffff 0 EXIT 0 0 0 
38 0 0 1 00f0 ffffffff 0 EXIT 0 0 0 
2 0 0 10 00f0 ffffffff 0 EXIT 0 0 0 
84 0 0 17 00f0 ffffffff 0 EXIT 0 0 0 
1 0 0 30 00f0 ffffffff 0 EXIT 0 0 0 
61 0 0 12 00f0 ffffffff 0 EXIT 0 0 0 
62 0 0 16 00f0 ffffffff 0 EXIT 0 0 0 
47 0 0 28 00f0 ffffffff 0 EXIT 0 0 0 
44 0 0 11 00f0 ffffffff 0 EXIT 0 0 0 
18 0 0 13 00f0 ffffffff 0 EXIT 0 0 0 
29 0 0 26 00f0 ffffffff 0 EXIT 0 0 0 
41 0 0 15 00f0 ffffffff 0 EXIT 0 0 0 
40 0 0 10 00a0 ffffffff 1 R4 LDG.E.64 1 R4 8 1 0x7f3354d14000 8 0 
31 0 0 31 00f0 ffffffff 0 EXIT 0 0 0 
24 0 0 10 00f0 ffffffff 0 EXIT 0 0 0 
22 0 0 1 00f0 ffffffff 0 EXIT 0 0 0 
26 0 0 17 00f0 ffffffff 0 EXIT 0 0 0 
48 0 0 14 00f0 ffffffff 0 EXIT 0 0 0 
3 0 0 17 00f0 ffffffff 0 EXIT 0 0 0 
25 0 0 3 00f0 ffffffff 0 EXIT 0 0 0 
21 0 0 10 00f0 ffffffff 0 EXIT 0 0 0 
14 0 0 5 00f0 ffffffff 0 EXIT 0 0 0 
16 0 0 26 00f0 ffffffff 0 EXIT 0 0 0 
86 0 0 21 00f0 ffffffff 0 EXIT 0 0 0 
33 0 0 15 00f0 ffffffff 0 EXIT 0 0 0 
17 0 0 0 00f0 ffffffff 0 EXIT 0 0 0 
27 0 0 17 00f0 ffffffff 0 EXIT 0 0 0 
0 0 0 22 00f0 ffffffff 0 EXIT 0 0 0 
51 0 0 11 00f0 ffffffff 0 EXIT 0 0 0 
34 0 0 26 00f0 ffffffff 0 EXIT 0 0 0 
2 0 0 20 00f0 ffffffff 0 EXIT 0 0 0 
93 0 0 20 00f0 ffffffff 0 EXIT 0 0 0 
55 0 0 13 00f0 ffffffff 0 EXIT 0 0 0 
52 0 0 17 00f0 ffffffff 0 EXIT 0 0 0 
1 0 0 16 00f0 ffffffff 0 EXIT 0 0 0 
66 0 0 31 00f0 ffffffff 0 EXIT 0 0 0 
18 0 0 7 00f0 ffffffff 0 EXIT 0 0 0 
43 0 0 3 00f0 ffffffff 0 EXIT 0 0 0 
12 0 0 4 00e0 ffffffff 0 STG.E.64 2 R8 R6 8 1 0x7f3354e18400 8 0 
19 0 0 2 00f0 ffffffff 0 EXIT 0 0 0 
29 0 0 9 00f0 ffffffff 0 EXIT 0 0 0 
65 0 0 6 00f0 ffffffff 0 EXIT 0 0 0 
94 0 0 2 00f0 ffffffff 0 EXIT 0 0 0 
28 0 0 16 00f0 ffffffff 0 EXIT 0 0 0 
32 0 0 5 00e0 ffffffff 0 STG.E.64 2 R8 R6 8 1 0x7f3354e40500 8 0 
26 0 0 20 00f0 ffffffff 0 EXIT 0 0 0 
25 0 0 9 00f0 ffffffff 0 EXIT 0 0 0 
69 0 0 5 00f0 ffffffff 0 EXIT 0 0 0 
47 0 0 6 00f0 ffffffff 0 EXIT 0 0 0 
44 0 0 26 00f0 ffffffff 0 EXIT 0 0 0 
6 0 0 30 00f0 ffffffff 0 EXIT 0 0 0 
86 0 0 13 00f0 ffffffff 0 EXIT 0 0 0 
73 0 0 16 00f0 ffffffff 0 EXIT 0 0 0 
31 0 0 21 00f0 ffffffff 0 EXIT 0 0 0 
80 0 0 13 00f0 ffffffff 0 EXIT 0 0 0 
96 0 0 0 00b0 ffffffff 1 R2 LDG.E.64 1 R2 8 1 0x7f3354cc0000 8 0 
3 0 0 2 00f0 ffffffff 0 EXIT 0 0 0 
72 0 0 3 00e0 ffffffff 0 STG.E.64 2 R8 R6 8 1 0x7f3354e90300 8 0 
48 0 0 20 00f0 ffffffff 0 EXIT 0 0 0 
83 0 0 23 00f0 ffffffff 0 EXIT 0 0 0 
0 0 0 2 00f0 ffffffff 0 EXIT 0 0 0 
55 0 0 28 00f0 ffffffff 0 EXIT 0 0 0 
52 0 0 16 00f0 ffffffff 0 EXIT 0 0 0 
4 0 0 8 00b0 ffffffff 1 R2 LDG.E.64 1 R2 8 1 0x7f3354c08800 8 0 
61 0 0 6 00f0 ffffffff 0 EXIT 0 0 0 
22 0 0 6 00f0 ffffffff 0 EXIT 0 0 0 
58 0 0 10 00f0 ffffffff 0 EXIT 0 0 0 
19 0 0 27 00f0 ffffffff 0 EXIT 0 0 0 
84 0 0 13 00f0 ffffffff 0 EXIT 0 0 0 
51 0 0 28 00f0 ffffffff 0 EXIT 0 0 0 
57 0 0 29 00f0 ffffffff 0 EXIT 0 0 0 
41 0 0 5 00f0 ffffffff 0 EXIT 0 0 0 
14 0 0 4 00f0 ffffffff 0 EXIT 0 0 0 
47 0 0 15 00f0 ffffffff 0 EXIT 0 0 0 
44 0 0 20 00f0 ffffffff 0 EXIT 0 0 0 
74 0 0 7 00f0 ffffffff 0 EXIT 0 0 0 
29 0 0 24 00f0 ffffffff 0 EXIT 0 0 0 
21 0 0 14 00f0 ffffffff 0 EXIT 0 0 0 
43 0 0 28 00f0 ffffffff 0 EXIT 0 0 0 
88 0 0 26 00b0 ffffffff 1 R2 LDG.E.64 1 R2 8 1 0x7f3354cb1a00 8 0 
87 0 0 12 00f0 ffffffff 0 EXIT 0 0 0 
34 0 0 9 00f0 ffffffff 0 EXIT 0 0 0 
26 0 0 13 00f0 ffffffff 0 EXIT 0 0 0 
25 0 0 2 00f0 ffffffff 0 EXIT 0 0 0 
24 0 0 28 00f0 ffffffff 0 EXIT 0 0 0 
39 0 0 17 00f0 ffffffff 0 EXIT 0 0 0 
76 0 0 19 00e0 ffffffff 0 STG.E.64 2 R8 R6 8 1 0x7f3354e99300 8 0 
89 0 0 21 00f0 ffffffff 0 EXIT 0 0 0 
10 0 0 8 00f0 ffffffff 0 EXIT 0 0 0 
30 0 0 9 00f0 ffffffff 0 EXIT 0 0 0 
3 0 0 4 00f0 ffffffff 0 EXIT 0 0 0 
72 0 0 10 00f0 ffffffff 0 EXIT 0 0 0 
7 0 0 28 00e0 ffffffff 0 STG.E.64 2 R8 R6 8 1 0x7f3354e0fc00 8 0 
73 0 0 20 00f0 ffffffff 0 EXIT 0 0 0 
93 0 0 22 00f0 ffffffff 0 EXIT 0 0 0 
94 0 0 11 00f0 ffffffff 0 EXIT 0 0 0 
83 0 0 7 00f0 ffffffff 0 EXIT 0 0 0 
0 0 0 19 00f0 ffffffff 0 EXIT 0 0 0 
2 0 0 9 00f0 ffffffff 0 EXIT 0 0 0 
57 0 0 16 00f0 ffffffff 0 EXIT 0 0 0 
65 0 0 7 00f0 ffffffff 0 EXIT 0 0 0 
48 0 0 29 00f0 ffffffff 0 EXIT 0 0 0 
55 0 0 1 00f0 ffffffff 0 EXIT 0 0 0 
6 0 0 29 00f0 ffffffff 0 EXIT 0 0 0 
18 0 0 10 00f0 ffffffff 0 EXIT 0 0 0 
85 0 0 10 00f0 ffffffff 0 EXIT 0 0 0 
52 0 0 7 00f0 ffffffff 0 EXIT 0 0 0 
8 0 0 21 00e0 ffffffff 0 STG.E.64 2 R8 R6 8 1 0x7f3354e11500 8 0 
13 0 0 13 00f0 ffffffff 0 EXIT 0 0 0 
78 0 0 0 00f0 ffffffff 0 EXIT 0 0 0 
26 0 0 30 00f0 ffffffff 0 EXIT 0 0 0 
19 0 0 28 00f0 ffffffff 0 EXIT 0 0 0 
28 0 0 23 00f0 ffffffff 0 EXIT 0 0 0 
25 0 0 16 00f0 ffffffff 0 EXIT 0 0 0 
61 0 0 3 00f0 ffffffff 0 EXIT 0 0 0 
14 0 0 2 00f0 ffffffff 0 EXIT 0 0 0 
47 0 0 0 00f0 ffffffff 0 EXIT 0 0 0 
44 0 0 21 00f0 ffffffff 0 EXIT 0 0 0 
30 0 0 27 00f0 ffffffff 0 EXIT 0 0 0 
73 0 0 3 00f0 ffffffff 0 EXIT 0 0 0 
41 0 0 30 00f0 ffffffff 0 EXIT 0 0 0 
31 0 0 27 00f0 ffffffff 0 EXIT 0 0 0 
90 0 0 27 00f0 ffffffff 0 EXIT 0 0 0 
2 0 0 28 00f0 ffffffff 0 EXIT 0 0 0 
21 0 0 30 00f0 ffffffff 0 EXIT 0 0 0 
24 0 0 17 00f0 ffffffff 0 EXIT 0 0 0 
51 0 0 6 00f0 ffffffff 0 EXIT 0 0 0 
1 0 0 28 00f0 ffffffff 0 EXIT 0 0 0 
66 0 0 14 00f0 ffffffff 0 EXIT 0 0 0 
74 0 0 19 00f0 ffffffff 0 EXIT 0 0 0 
59 0 0 16 00f0 ffffffff 0 EXIT 0 0 0 
16 0 0 18 00f0 ffffffff 0 EXIT 0 0 0 
43 0 0 26 00f0 ffffffff 0 EXIT 0 0 0 
29 0 0 10 00f0 ffffffff 0 EXIT 0 0 0 
89 0 0 28 00f0 ffffffff 0 EXIT 0 0 0 
94 0 0 1 00f0 ffffffff 0 EXIT 0 0 0 
20 0 0 30 00b0 ffffffff 1 R2 LDG.E.64 1 R2 8 1 0x7f3354c29e00 8 0 
27 0 0 26 00f0 ffffffff 0 EXIT 0 0 0 
0 0 0 25 00f0 ffffffff 0 EXIT 0 0 0 
39 0 0 28 00e0 ffffffff 0 STG.E.64 2 R8 R6 8 1 0x7f3354e4fc00 8 0 
40 0 0 20 00a0 ffffffff 1 R4 LDG.E.64 1 R4 8 1 0x7f3354d14a00 8 0 
55 0 0 8 00f0 ffffffff 0 EXIT 0 0 0 
52 0 0 22 00f0 ffffffff 0 EXIT 0 0 0 
48 0 0 0 00f0 ffffffff 0 EXIT 0 0 0 
19 0 0 7 00f0 ffffffff 0 EXIT 0 0 0 
28 0 0 20 00f0 ffffffff 0 EXIT 0 0 0 
15 0 0 13 00e0 ffffffff 0 STG.E.64 2 R8 R6 8 1 0x7f3354e1ed00 8 0 
8 0 0 29 00f0 ffffffff 0 EXIT 0 0 0 
47 0 0 31 00f0 ffffffff 0 EXIT 0 0 0 
44 0 0 24 00f0 ffffffff 0 EXIT 0 0 0 
31 0 0 9 00f0 ffffffff 0 EXIT 0 0 0 
82 0 0 30 00f0 ffffffff 0 EXIT 0 0 0 
25 0 0 23 00f0 ffffffff 0 EXIT 0 0 0 
93 0 0 25 00f0 ffffffff 0 EXIT 0 0 0 
24 0 0 19 00f0 ffffffff 0 EXIT 0 0 0 
67 0 0 26 00b0 ffffffff 1 R2 LDG.E.64 1 R2 8 1 0x7f3354c87a00 8 0 
62 0 0 2 00f0 ffffffff 0 EXIT 0 0 0 
86 0 0 19 00f0 ffffffff 0 EXIT 0 0 0 
65 0 0 28 00f0 ffffffff 0 EXIT 0 0 0 
59 0 0 25 00f0 ffffffff 0 EXIT 0 0 0 
72 0 0 19 00f0 ffffffff 0 EXIT 0 0 0 
17 0 0 6 00f0 ffffffff 0 EXIT 0 0 0 
22 0 0 19 00f0 ffffffff 0 EXIT 0 0 0 
2 0 0 2 00f0 ffffffff 0 EXIT 0 0 0 
12 0 0 0 00b0 ffffffff 1 R2 LDG.E.64 1 R2 8 1 0x7f3354c18000 8 0 
83 0 0 16 00e0 ffffffff 0 STG.E.64 2 R8 R6 8 1 0x7f3354ea7000 8 0 
1 0 0 15 00f0 ffffffff 0 EXIT 0 0 0 
13 0 0 2 00f0 ffffffff 0 EXIT 0 0 0 
70 0 0 12 00f0 ffffffff 0 EXIT 0 0 0 
0 0 0 16 00f0 ffffffff 0 EXIT 0 0 0 
51 0 0 31 00f0 ffffffff 0 EXIT 0 0 0 
88 0 0 21 00b0 ffffffff 1 R2 LDG.E.64 1 R2 8 1 0x7f3354cb1500 8 0 
74 0 0 4 00f0 ffffffff 0 EXIT 0 0 0 
85 0 0 26 00f0 ffffffff 0 EXIT 0 0 0 
61 0 0 9 00f0 ffffffff 0 EXIT 0 0 0 
55 0 0 0 00f0 ffffffff 0 EXIT 0 0 0 
52 0 0 0 00f0 ffffffff 0 EXIT 0 0 0 
43 0 0 29 00f0 ffffffff 0 EXIT 0 0 0 
34 0 0 3 00f0 ffffffff 0 EXIT 0 0 0 
26 0 0 5 00f0 ffffffff 0 EXIT 0 0 0 
25 0 0 5 00f0 ffffffff 0 EXIT 0 0 0 
75 0 0 22 00f0 ffffffff 0 EXIT 0 0 0 
28 0 0 19 00f0 ffffffff 0 EXIT 0 0 0 
97 0 0 11 00f0 ffffffff 0 EXIT 0 0 0 
66 0 0 17 00f0 ffffffff 0 EXIT 0 0 0 
86 0 0 4 00f0 ffffffff 0 EXIT 0 0 0 
40 0 0 0 00e0 ffffffff 0 STG.E.64 2 R8 R6 8 1 0x7f3354e50000 8 0 
47 0 0 26 00f0 ffffffff 0 EXIT 0 0 0 
73 0 0 4 00f0 ffffffff 0 EXIT 0 0 0 
77 0 0 28 00f0 ffffffff 0 EXIT 0 0 0 
94 0 0 24 00f0 ffffffff 0 EXIT 0 0 0 
44 0 0 14 00f0 ffffffff 0 EXIT 0 0 0 
48 0 0 31 00f0 ffffffff 0 EXIT 0 0 0 
2 0 0 19 00f0 ffffffff 0 EXIT 0 0 0 
57 0 0 25 00f0 ffffffff 0 EXIT 0 0 0 
89 0 0 24 00f0 ffffffff 0 EXIT 0 0 0 
31 0 0 5 00f0 ffffffff 0 EXIT 0 0 0 
24 0 0 2 00f0 ffffffff 0 EXIT 0 0 0 
15 0 0 26 00a0 ffffffff 1 R4 LDG.E.64 1 R4 8 1 0x7f3354ce3000 8 0 
6 0 0 28 00f0 ffffffff 0 EXIT 0 0 0 
18 0 0 30 00f0 ffffffff 0 EXIT 0 0 0 
29 0 0 17 00f0 ffffffff 0 EXIT 0 0 0 
59 0 0 2 00f0 ffffffff 0 EXIT 0 0 0 
16 0 0 4 00f0 ffffffff 0 EXIT 0 0 0 
93 0 0 26 00f0 ffffffff 0 EXIT 0 0 0 
78 0 0 16 00f0 ffffffff 0 EXIT 0 0 0 
26 0 0 9 00f0 ffffffff 0 EXIT 0 0 0 
4 0 0 18 00a0 ffffffff 1 R4 LDG.E.64 1 R4 8 1 0x7f3354ccc800 8 0 
83 0 0 3 00f0 ffffffff 0 EXIT 0 0 0 
25 0 0 30 00f0 ffffffff 0 EXIT 0 0 0 
9 0 0 11 00f0 ffffffff 0 EXIT 0 0 0 
14 0 0 0 00f0 ffffffff 0 EXIT 0 0 0 
0 0 0 18 00f0 ffffffff 0 EXIT 0 0 0 
30 0 0 11 00f0 ffffffff 0 EXIT 0 0 0 
69 0 0 6 00f0 ffffffff 0 EXIT 0 0 0 
73 0 0 19 00f0 ffffffff 0 EXIT 0 0 0 
55 0 0 7 00f0 ffffffff 0 EXIT 0 0 0 
52 0 0 21 00f0 ffffffff 0 EXIT 0 0 0 
90 0 0 21 00f0 ffffffff 0 EXIT 0 0 0 
2 0 0 29 00f0 ffffffff 0 EXIT 0 0 0 
61 0 0 25 00f0 ffffffff 0 EXIT 0 0 0 
23 0 0 0 00e0 ffffffff 0 STG.E.64 2 R8 R6 8 1 0x7f3354e2e000 8 0 
68 0 0 2 00b0 ffffffff 1 R2 LDG.E.64 1 R2 8 1 0x7f3354c88200 8 0 
19 0 0 12 00f0 ffffffff 0 EXIT 0 0 0 
1 0 0 9 00f0 ffffffff 0 EXIT 0 0 0 
66 0 0 20 00f0 ffffffff 0 EXIT 0 0 0 
74 0 0 6 00f0 ffffffff 0 EXIT 0 0 0 
28 0 0 8 00f0 ffffffff 0 EXIT 0 0 0 
51 0 0 25 00f0 ffffffff 0 EXIT 0 0 0 
32 0 0 31 00e0 ffffffff 0 STG.E.64 2 R8 R6 8 1 0x7f3354e41f00 8 0 
29 0 0 8 00f0 ffffffff 0 EXIT 0 0 0 
97 0 0 5 00f0 ffffffff 0 EXIT 0 0 0 
94 0 0 14 00f0 ffffffff 0 EXIT 0 0 0 
47 0 0 12 00f0 ffffffff 0 EXIT 0 0 0 
44 0 0 15 00f0 ffffffff 0 EXIT 0 0 0 
43 0 0 27 00f0 ffffffff 0 EXIT 0 0 0 
26 0 0 28 00f0 ffffffff 0 EXIT 0 0 0 
25 0 0 12 00f0 ffffffff 0 EXIT 0 0 0 
77 0 0 19 00f0 ffffffff 0 EXIT 0 0 0 
31 0 0 28 00f0 ffffffff 0 EXIT 0 0 0 
24 0 0 25 00f0 ffffffff 0 EXIT 0 0 0 
62 0 0 5 00f0 ffffffff 0 EXIT 0 0 0 
86 0 0 1 00f0 ffffffff 0 EXIT 0 0 0 
89 0 0 30 00f0 ffffffff 0 EXIT 0 0 0 
48 0 0 10 00f0 ffffffff 0 EXIT 0 0 0 
59 0 0 20 00f0 ffffffff 0 EXIT 0 0 0 
73 0 0 18 00f0 ffffffff 0 EXIT 0 0 0 
78 0 0 19 00f0 ffffffff 0 EXIT 0 0 0 
58 0 0 17 00f0 ffffffff 0 EXIT 0 0 0 
72 0 0 15 00f0 ffffffff 0 EXIT 0 0 0 
1 0 0 24 00f0 ffffffff 0 EXIT 0 0 0 
37 0 0 23 00f0 ffffffff 0 EXIT 0 0 0 
14 0 0 18 00f0 ffffffff 0 EXIT 0 0 0 
83 0 0 20 00f0 ffffffff 0 EXIT 0 0 0 
56 0 0 11 00f0 ffffffff 0 EXIT 0 0 0 
74 0 0 8 00f0 ffffffff 0 EXIT 0 0 0 
9 0 0 18 00f0 ffffffff 0 EXIT 0 0 0 
29 0 0 1 00f0 ffffffff 0 EXIT 0 0 0 
4 0 0 9 00b0 ffffffff 1 R2 LDG.E.64 1 R2 8 1 0x7f3354c08900 8 0 
55 0 0 24 00f0 ffffffff 0 EXIT 0 0 0 
52 0 0 26 00f0 ffffffff 0 EXIT 0 0 0 
90 0 0 9 00f0 ffffffff 0 EXIT 0 0 0 
26 0 0 31 00f0 ffffffff 0 EXIT 0 0 0 
13 0 0 5 00f0 ffffffff 0 EXIT 0 0 0 
75 0 0 27 00f0 ffffffff 0 EXIT 0 0 0 
81 0 0 24 00f0 ffffffff 0 EXIT 0 0 0 
66 0 0 15 00f0 ffffffff 0 EXIT 0 0 0 
86 0 0 24 00f0 ffffffff 0 EXIT 0 0 0 
84 0 0 21 00e0 ffffffff 0 STG.E.64 2 R8 R6 8 1 0x7f3354ea9500 8 0 
73 0 0 29 00f0 ffffffff 0 EXIT 0 0 0 
5 0 0 23 00f0 ffffffff 0 EXIT 0 0 0 
38 0 0 20 00f0 ffffffff 0 EXIT 0 0 0 
47 0 0 27 00f0 ffffffff 0 EXIT 0 0 0 
44 0 0 4 00f0 ffffffff 0 EXIT 0 0 0 
58 0 0 31 00f0 ffffffff 0 EXIT 0 0 0 
57 0 0 9 00f0 ffffffff 0 EXIT 0 0 0 
41 0 0 7 00f0 ffffffff 0 EXIT 0 0 0 
32 0 0 22 00e0 ffffffff 0 STG.E.64 2 R8 R6 8 1 0x7f3354e41600 8 0 
31 0 0 23 00f0 ffffffff 0 EXIT 0 0 0 
24 0 0 12 00f0 ffffffff 0 EXIT 0 0 0 
62 0 0 28 00f0 ffffffff 0 EXIT 0 0 0 
74 0 0 2 00f0 ffffffff 0 EXIT 0 0 0 
21 0 0 0 00f0 ffffffff 0 EXIT 0 0 0 
51 0 0 18 00f0 ffffffff 0 EXIT 0 0 0 
3 0 0 21 00f0 ffffffff 0 EXIT 0 0 0 
29 0 0 31 00f0 ffffffff 0 EXIT 0 0 0 
22 0 0 29 00f0 ffffffff 0 EXIT 0 0 0 
26 0 0 26 00f0 ffffffff 0 EXIT 0 0 0 
72 0 0 4 00f0 ffffffff 0 EXIT 0 0 0 
43 0 0 24 00f0 ffffffff 0 EXIT 0 0 0 
48 0 0 25 00f0 ffffffff 0 EXIT 0 0 0 
25 0 0 8 00f0 ffffffff 0 EXIT 0 0 0 
89 0 0 16 00f0 ffffffff 0 EXIT 0 0 0 
14 0 0 1 00f0 ffffffff 0 EXIT 0 0 0 
27 0 0 22 00f0 ffffffff 0 EXIT 0 0 0 
56 0 0 26 00e0 ffffffff 0 STG.E.64 2 R8 R6 8 1 0x7f3354e71a00 8 0 
39 0 0 2 00e0 ffffffff 0 STG.E.64 2 R8 R6 8 1 0x7f3354e4e200 8 0 
8 0 0 25 00f0 ffffffff 0 EXIT 0 0 0 
55 0 0 26 00f0 ffffffff 0 EXIT 0 0 0 
52 0 0 24 00f0 ffffffff 0 EXIT 0 0 0 
60 0 0 15 00b0 ffffffff 1 R2 LDG.E.64 1 R2 8 1 0x7f3354c78f00 8 0 
19 0 0 19 00f0 ffffffff 0 EXIT 0 0 0 
28 0 0 4 00f0 ffffffff 0 EXIT 0 0 0 
47 0 0 13 00f0 ffffffff 0 EXIT 0 0 0 
44 0 0 10 00f0 ffffffff 0 EXIT 0 0 0 
32 0 0 20 00e0 ffffffff 0 STG.E.64 2 R8 R6 8 1 0x7f3354e41400 8 0 
87 0 0 4 00f0 ffffffff 0 EXIT 0 0 0 
24 0 0 3 00f0 ffffffff 0 EXIT 0 0 0 
30 0 0 28 00f0 ffffffff 0 EXIT 0 0 0 
73 0 0 11 00f0 ffffffff 0 EXIT 0 0 0 
37 0 0 21 00f0 ffffffff 0 EXIT 0 0 0 
67 0 0 13 00b0 ffffffff 1 R2 LDG.E.64 1 R2 8 1 0x7f3354c86d00 8 0 
59 0 0 15 00f0 ffffffff 0 EXIT 0 0 0 
34 0 0 1 00f0 ffffffff 0 EXIT 0 0 0 
2 0 0 5 00f0 ffffffff 0 EXIT 0 0 0 
57 0 0 5 00f0 ffffffff 0 EXIT 0 0 0 
72 0 0 7 00f0 ffffffff 0 EXIT 0 0 0 
65 0 0 19 00f0 ffffffff 0 EXIT 0 0 0 
66 0 0 3 00f0 ffffffff 0 EXIT 0 0 0 
74 0 0 23 00f0 ffffffff 0 EXIT 0 0 0 
83 0 0 4 00f0 ffffffff 0 EXIT 0 0 0 
56 0 0 1 00f0 ffffffff 0 EXIT 0 0 0 
51 0 0 24 00f0 ffffffff 0 EXIT 0 0 0 
29 0 0 2 00f0 ffffffff 0 EXIT 0 0 0 
13 0 0 23 00f0 ffffffff 0 EXIT 0 0 0 
94 0 0 21 00f0 ffffffff 0 EXIT 0 0 0 
48 0 0 27 00f0 ffffffff 0 EXIT 0 0 0 
55 0 0 17 00f0 ffffffff 0 EXIT 0 0 0 
52 0 0 31 00f0 ffffffff 0 EXIT 0 0 0 
26 0 0 1 00f0 ffffffff 0 EXIT 0 0 0 
81 0 0 2 00f0 ffffffff 0 EXIT 0 0 0 
61 0 0 7 00f0 ffffffff 0 EXIT 0 0 0 
43 0 0 14 00f0 ffffffff 0 EXIT 0 0 0 
64 0 0 10 00a0 ffffffff 1 R4 LDG.E.64 1 R4 8 1 0x7f3354d44000 8 0 
75 0 0 12 00f0 ffffffff 0 EXIT 0 0 0 
6 0 0 12 00f0 ffffffff 0 EXIT 0 0 0 
86 0 0 16 00f0 ffffffff 0 EXIT 0 0 0 
41 0 0 25 00f0 ffffffff 0 EXIT 0 0 0 
84 0 0 28 00e0 ffffffff 0 STG.E.64 2 R8 R6 8 1 0x7f3354ea9c00 8 0 
4 0 0 27 00e0 ffffffff 0 STG.E.64 2 R8 R6 8 1 0x7f3354e09b00 8 0 
73 0 0 25 00f0 ffffffff 0 EXIT 0 0 0 
78 0 0 10 00f0 ffffffff 0 EXIT 0 0 0 
2 0 0 11 00f0 ffffffff 0 EXIT 0 0 0 
47 0 0 30 00f0 ffffffff 0 EXIT 0 0 0 
44 0 0 23 00f0 ffffffff 0 EXIT 0 0 0 
7 0 0 0 00b0 ffffffff 1 R2 LDG.E.64 1 R2 8 1 0x7f3354c0e000 8 0 
1 0 0 7 00f0 ffffffff 0 EXIT 0 0 0 
77 0 0 22 00f0 ffffffff 0 EXIT 0 0 0 
14 0 0 7 00f0 ffffffff 0 EXIT 0 0 0 
31 0 0 17 00f0 ffffffff 0 EXIT 0 0 0 
80 0 0 25 00e0 ffffffff 0 STG.E.64 2 R8 R6 8 1 0x7f3354ea1900 8 0 
18 0 0 18 00f0 ffffffff 0 EXIT 0 0 0 
85 0 0 18 00f0 ffffffff 0 EXIT 0 0 0 
89 0 0 20 00f0 ffffffff 0 EXIT 0 0 0 
59 0 0 5 00f0 ffffffff 0 EXIT 0 0 0 
90 0 0 5 00f0 ffffffff 0 EXIT 0 0 0 
82 0 0 0 00f0 ffffffff 0 EXIT 0 0 0 
25 0 0 4 00f0 ffffffff 0 EXIT 0 0 0 
16 0 0 28 00f0 ffffffff 0 EXIT 0 0 0 
93 0 0 29 00f0 ffffffff 0 EXIT 0 0 0 
66 0 0 2 00f0 ffffffff 0 EXIT 0 0 0 
30 0 0 2 00f0 ffffffff 0 EXIT 0 0 0 
27 0 0 1 00f0 ffffffff 0 EXIT 0 0 0 
56 0 0 20 00f0 ffffffff 0 EXIT 0 0 0 
17 0 0 5 00f0 ffffffff 0 EXIT 0 0 0 
9 0 0 22 00f0 ffffffff 0 EXIT 0 0 0 
38 0 0 11 00f0 ffffffff 0 EXIT 0 0 0 
48 0 0 12 00f0 ffffffff 0 EXIT 0 0 0 
55 0 0 19 00f0 ffffffff 0 EXIT 0 0 0 
52 0 0 23 00f0 ffffffff 0 EXIT 0 0 0 
2 0 0 8 00f0 ffffffff 0 EXIT 0 0 0 
57 0 0 12 00f0 ffffffff 0 EXIT 0 0 0 
13 0 0 4 00f0 ffffffff 0 EXIT 0 0 0 
8 0 0 24 00e0 ffffffff 0 STG.E.64 2 R8 R6 8 1 0x7f3354e11800 8 0 
19 0 0 8 00f0 ffffffff 0 EXIT 0 0 0 
62 0 0 12 00f0 ffffffff 0 EXIT 0 0 0 
18 0 0 6 00f0 ffffffff 0 EXIT 0 0 0 
29 0 0 20 00f0 ffffffff 0 EXIT 0 0 0 
28 0 0 12 00f0 ffffffff 0 EXIT 0 0 0 
51 0 0 1 00f0 ffffffff 0 EXIT 0 0 0 
61 0 0 21 00f0 ffffffff 0 EXIT 0 0 0 
78 0 0 18 00f0 ffffffff 0 EXIT 0 0 0 
82 0 0 23 00f0 ffffffff 0 EXIT 0 0 0 
47 0 0 24 00f0 ffffffff 0 EXIT 0 0 0 
44 0 0 9 00f0 ffffffff 0 EXIT 0 0 0 
43 0 0 13 00f0 ffffffff 0 EXIT 0 0 0 
25 0 0 29 00f0 ffffffff 0 EXIT 0 0 0 
41 0 0 6 00f0 ffffffff 0 EXIT 0 0 0 
14 0 0 25 00f0 ffffffff 0 EXIT 0 0 0 
31 0 0 19 00f0 ffffffff 0 EXIT 0 0 0 
86 0 0 30 00f0 ffffffff 0 EXIT 0 0 0 
73 0 0 2 00f0 ffffffff 0 EXIT 0 0 0 
21 0 0 5 00f0 ffffffff 0 EXIT 0 0 0 
80 0 0 15 00f0 ffffffff 0 EXIT 0 0 0 
95 0 0 28 00e0 ffffffff 0 STG.E.64 2 R8 R6 8 1 0x7f3354ebfc00 8 0 
90 0 0 13 00f0 ffffffff 0 EXIT 0 0 0 
58 0 0 25 00f0 ffffffff 0 EXIT 0 0 0 
57 0 0 30 00f0 ffffffff 0 EXIT 0 0 0 
59 0 0 26 00f0 ffffffff 0 EXIT 0 0 0 
16 0 0 17 00f0 ffffffff 0 EXIT 0 0 0 
89 0 0 18 00f0 ffffffff 0 EXIT 0 0 0 
66 0 0 27 00f0 ffffffff 0 EXIT 0 0 0 
74 0 0 0 00f0 ffffffff 0 EXIT 0 0 0 
88 0 0 0 00a0 ffffffff 1 R4 LDG.E.64 1 R4 8 1 0x7f3354d73600 8 0 
27 0 0 12 00f0 ffffffff 0 EXIT 0 0 0 
56 0 0 15 00f0 ffffffff 0 EXIT 0 0 0 
29 0 0 29 00f0 ffffffff 0 EXIT 0 0 0 
55 0 0 18 00f0 ffffffff 0 EXIT 0 0 0 
52 0 0 28 00f0 ffffffff 0 EXIT 0 0 0 
48 0 0 6 00f0 ffffffff 0 EXIT 0 0 0 
19 0 0 26 00f0 ffffffff 0 EXIT 0 0 0 
84 0 0 31 00f0 ffffffff 0 EXIT 0 0 0 
47 0 0 23 00f0 ffffffff 0 EXIT 0 0 0 
44 0 0 7 00f0 ffffffff 0 EXIT 0 0 0 
60 0 0 9 00a0 ffffffff 1 R4 LDG.E.64 1 R4 8 1 0x7f3354d3bf00 8 0 
87 0 0 31 00e0 ffffffff 0 STG.E.64 2 R8 R6 8 1 0x7f3354eaff00 8 0 
93 0 0 14 00f0 ffffffff 0 EXIT 0 0 0 
80 0 0 12 00f0 ffffffff 0 EXIT 0 0 0 
51 0 0 26 00f0 ffffffff 0 EXIT 0 0 0 
38 0 0 28 00f0 ffffffff 0 EXIT 0 0 0 
26 0 0 10 00f0 ffffffff 0 EXIT 0 0 0 
17 0 0 12 00f0 ffffffff 0 EXIT 0 0 0 
3 0 0 3 00f0 ffffffff 0 EXIT 0 0 0 
72 0 0 5 00e0 ffffffff 0 STG.E.64 2 R8 R6 8 1 0x7f3354e90500 8 0 
43 0 0 4 00f0 ffffffff 0 EXIT 0 0 0 
65 0 0 20 00f0 ffffffff 0 EXIT 0 0 0 
62 0 0 1 00f0 ffffffff 0 EXIT 0 0 0 
30 0 0 4 00f0 ffffffff 0 EXIT 0 0 0 
27 0 0 10 00f0 ffffffff 0 EXIT 0 0 0 
0 0 0 24 00f0 ffffffff 0 EXIT 0 0 0 
1 0 0 12 00f0 ffffffff 0 EXIT 0 0 0 
69 0 0 24 00f0 ffffffff 0 EXIT 0 0 0 
22 0 0 25 00f0 ffffffff 0 EXIT 0 0 0 
39 0 0 13 00e0 ffffffff 0 STG.E.64 2 R8 R6 8 1 0x7f3354e4ed00 8 0 
32 0 0 19 00e0 ffffffff 0 STG.E.64 2 R8 R6 8 1 0x7f3354e41300 8 0 
55 0 0 25 00f0 ffffffff 0 EXIT 0 0 0 
58 0 0 22 00f0 ffffffff 0 EXIT 0 0 0 
61 0 0 31 00f0 ffffffff 0 EXIT 0 0 0 
85 0 0 25 00f0 ffffffff 0 EXIT 0 0 0 
52 0 0 13 00f0 ffffffff 0 EXIT 0 0 0 
63 0 0 7 00b0 ffffffff 1 R2 LDG.E.64 1 R2 8 1 0x7f3354c7e700 8 0 
70 0 0 18 00f0 ffffffff 0 EXIT 0 0 0 
18 0 0 11 00f0 ffffffff 0 EXIT 0 0 0 
81 0 0 19 00f0 ffffffff 0 EXIT 0 0 0 
19 0 0 23 00f0 ffffffff 0 EXIT 0 0 0 
84 0 0 8 00f0 ffffffff 0 EXIT 0 0 0 
41 0 0 12 00f0 ffffffff 0 EXIT 0 0 0 
34 0 0 16 00f0 ffffffff 0 EXIT 0 0 0 
26 0 0 7 00f0 ffffffff 0 EXIT 0 0 0 
47 0 0 22 00f0 ffffffff 0 EXIT 0 0 0 
44 0 0 8 00f0 ffffffff 0 EXIT 0 0 0 
17 0 0 20 00f0 ffffffff 0 EXIT 0 0 0 
77 0 0 14 00f0 ffffffff 0 EXIT 0 0 0 
10 0 0 3 00f0 ffffffff 0 EXIT 0 0 0 
35 0 0 24 00e0 ffffffff 0 STG.E.64 2 R8 R6 8 1 0x7f3354e47800 8 0 
48 0 0 23 00f0 ffffffff 0 EXIT 0 0 0 
87 0 0 28 00f0 ffffffff 0 EXIT 0 0 0 
86 0 0 0 00f0 ffffffff 0 EXIT 0 0 0 
80 0 0 29 00f0 ffffffff 0 EXIT 0 0 0 
59 0 0 21 00f0 ffffffff 0 EXIT 0 0 0 
16 0 0 12 00f0 ffffffff 0 EXIT 0 0 0 
60 0 0 2 00b0 ffffffff 1 R2 LDG.E.64 1 R2 8 1 0x7f3354c78200 8 0 
27 0 0 9 00f0 ffffffff 0 EXIT 0 0 0 
0 0 0 17 00f0 ffffffff 0 EXIT 0 0 0 
51 0 0 8 00f0 ffffffff 0 EXIT 0 0 0 
55 0 0 27 00f0 ffffffff 0 EXIT 0 0 0 
52 0 0 18 00f0 ffffffff 0 EXIT 0 0 0 
43 0 0 19 00f0 ffffffff 0 EXIT 0 0 0 
57 0 0 4 00f0 ffffffff 0 EXIT 0 0 0 
89 0 0 15 00f0 ffffffff 0 EXIT 0 0 0 
94 0 0 30 00f0 ffffffff 0 EXIT 0 0 0 
19 0 0 0 00f0 ffffffff 0 EXIT 0 0 0 
84 0 0 27 00e0 ffffffff 0 STG.E.64 2 R8 R6 8 1 0x7f3354ea9b00 8 0 
95 0 0 9 00f0 ffffffff 0 EXIT 0 0 0 
2 0 0 21 00f0 ffffffff 0 EXIT 0 0 0 
37 0 0 17 00f0 ffffffff 0 EXIT 0 0 0 
29 0 0 23 00f0 ffffffff 0 EXIT 0 0 0 
32 0 0 14 00b0 ffffffff 1 R2 LDG.E.64 1 R2 8 1 0x7f3354c40e00 8 0 
47 0 0 25 00f0 ffffffff 0 EXIT 0 0 0 
44 0 0 22 00f0 ffffffff 0 EXIT 0 0 0 
6 0 0 1 00f0 ffffffff 0 EXIT 0 0 0 
74 0 0 15 00f0 ffffffff 0 EXIT 0 0 0 
25 0 0 21 00f0 ffffffff 0 EXIT 0 0 0 
63 0 0 3 00e0 ffffffff 0 STG.E.64 2 R8 R6 8 1 0x7f3354e7e300 8 0 
20 0 0 8 00f0 ffffffff 0 EXIT 0 0 0 
31 0 0 15 00f0 ffffffff 0 EXIT 0 0 0 
9 0 0 10 00f0 ffffffff 0 EXIT 0 0 0 
22 0 0 15 00f0 ffffffff 0 EXIT 0 0 0 
82 0 0 20 00f0 ffffffff 0 EXIT 0 0 0 
80 0 0 26 00f0 ffffffff 0 EXIT 0 0 0 
71 0 0 18 00b0 ffffffff 1 R2 LDG.E.64 1 R2 8 1 0x7f3354c8f200 8 0 
48 0 0 13 00f0 ffffffff 0 EXIT 0 0 0 
17 0 0 4 00f0 ffffffff 0 EXIT 0 0 0 
69 0 0 1 00f0 ffffffff 0 EXIT 0 0 0 
14 0 0 9 00f0 ffffffff 0 EXIT 0 0 0 
59 0 0 31 00f0 ffffffff 0 EXIT 0 0 0 
72 0 0 9 00f0 ffffffff 0 EXIT 0 0 0 
86 0 0 10 00f0 ffffffff 0 EXIT 0 0 0 
5 0 0 31 00f0 ffffffff 0 EXIT 0 0 0 
57 0 0 22 00f0 ffffffff 0 EXIT 0 0 0 
8 0 0 20 00e0 ffffffff 0 STG.E.64 2 R8 R6 8 1 0x7f3354e11400 8 0 
27 0 0 20 00f0 ffffffff 0 EXIT 0 0 0 
0 0 0 14 00f0 ffffffff 0 EXIT 0 0 0 
34 0 0 29 00f0 ffffffff 0 EXIT 0 0 0 
2 0 0 3 00f0 ffffffff 0 EXIT 0 0 0 
85 0 0 3 00f0 ffffffff 0 EXIT 0 0 0 
60 0 0 26 00b0 ffffffff 1 R2 LDG.E.64 1 R2 8 1 0x7f3354c79a00 8 0 
55 0 0 5 00f0 ffffffff 0 EXIT 0 0 0 
41 0 0 11 00f0 ffffffff 0 EXIT 0 0 0 
66 0 0 19 00f0 ffffffff 0 EXIT 0 0 0 
18 0 0 1 00f0 ffffffff 0 EXIT 0 0 0 
52 0 0 19 00f0 ffffffff 0 EXIT 0 0 0 
25 0 0 22 00f0 ffffffff 0 EXIT 0 0 0 
77 0 0 15 00f0 ffffffff 0 EXIT 0 0 0 
94 0 0 18 00f0 ffffffff 0 EXIT 0 0 0 
19 0 0 25 00f0 ffffffff 0 EXIT 0 0 0 
28 0 0 25 00f0 ffffffff 0 EXIT 0 0 0 
51 0 0 30 00f0 ffffffff 0 EXIT 0 0 0 
26 0 0 6 00f0 ffffffff 0 EXIT 0 0 0 
88 0 0 28 00f0 ffffffff 0 EXIT 0 0 0 
47 0 0 8 00f0 ffffffff 0 EXIT 0 0 0 
44 0 0 1 00f0 ffffffff 0 EXIT 0 0 0 
89 0 0 2 00f0 ffffffff 0 EXIT 0 0 0 
6 0 0 11 00f0 ffffffff 0 EXIT 0 0 0 
43 0 0 18 00f0 ffffffff 0 EXIT 0 0 0 
85 0 0 1 00f0 ffffffff 0 EXIT 0 0 0 
30 0 0 22 00f0 ffffffff 0 EXIT 0 0 0 
93 0 0 1 00f0 ffffffff 0 EXIT 0 0 0 
31 0 0 16 00f0 ffffffff 0 EXIT 0 0 0 
80 0 0 21 00f0 ffffffff 0 EXIT 0 0 0 
22 0 0 8 00f0 ffffffff 0 EXIT 0 0 0 
25 0 0 19 00f0 ffffffff 0 EXIT 0 0 0 
58 0 0 30 00f0 ffffffff 0 EXIT 0 0 0 
59 0 0 18 00f0 ffffffff 0 EXIT 0 0 0 
72 0 0 12 00e0 ffffffff 0 STG.E.64 2 R8 R6 8 1 0x7f3354e90c00 8 0 
9 0 0 9 00f0 ffffffff 0 EXIT 0 0 0 
14 0 0 31 00f0 ffffffff 0 EXIT 0 0 0 
73 0 0 5 00f0 ffffffff 0 EXIT 0 0 0 
63 0 0 10 00e0 ffffffff 0 STG.E.64 2 R8 R6 8 1 0x7f3354e7ea00 8 0 
83 0 0 12 00f0 ffffffff 0 EXIT 0 0 0 
18 0 0 2 00f0 ffffffff 0 EXIT 0 0 0 
69 0 0 16 00f0 ffffffff 0 EXIT 0 0 0 
34 0 0 15 00f0 ffffffff 0 EXIT 0 0 0 
0 0 0 31 00f0 ffffffff 0 EXIT 0 0 0 
15 0 0 4 00e0 ffffffff 0 STG.E.64 2 R8 R6 8 1 0x7f3354e1e400 8 0 
48 0 0 16 00f0 ffffffff 0 EXIT 0 0 0 
1 0 0 2 00f0 ffffffff 0 EXIT 0 0 0 
26 0 0 12 00f0 ffffffff 0 EXIT 0 0 0 
5 0 0 5 00f0 ffffffff 0 EXIT 0 0 0 
10 0 0 10 00f0 ffffffff 0 EXIT 0 0 0 
29 0 0 25 00f0 ffffffff 0 EXIT 0 0 0 
41 0 0 10 00f0 ffffffff 0 EXIT 0 0 0 
38 0 0 12 00f0 ffffffff 0 EXIT 0 0 0 
2 0 0 4 00f0 ffffffff 0 EXIT 0 0 0 
81 0 0 8 00f0 ffffffff 0 EXIT 0 0 0 
21 0 0 7 00f0 ffffffff 0 EXIT 0 0 0 
62 0 0 7 00f0 ffffffff 0 EXIT 0 0 0 
74 0 0 3 00f0 ffffffff 0 EXIT 0 0 0 
17 0 0 25 00f0 ffffffff 0 EXIT 0 0 0 
89 0 0 1 00f0 ffffffff 0 EXIT 0 0 0 
78 0 0 20 00f0 ffffffff 0 EXIT 0 0 0 
26 0 0 23 00f0 ffffffff 0 EXIT 0 0 0 
1 0 0 4 00f0 ffffffff 0 EXIT 0 0 0 
37 0 0 18 00f0 ffffffff 0 EXIT 0 0 0 
70 0 0 19 00f0 ffffffff 0 EXIT 0 0 0 
86 0 0 26 00f0 ffffffff 0 EXIT 0 0 0 
29 0 0 15 00f0 ffffffff 0 EXIT 0 0 0 
65 0 0 0 00f0 ffffffff 0 EXIT 0 0 0 
34 0 0 18 00f0 ffffffff 0 EXIT 0 0 0 
58 0 0 28 00f0 ffffffff 0 EXIT 0 0 0 
69 0 0 25 00f0 ffffffff 0 EXIT 0 0 0 
81 0 0 23 00f0 ffffffff 0 EXIT 0 0 0 
66 0 0 12 00f0 ffffffff 0 EXIT 0 0 0 
82 0 0 22 00f0 ffffffff 0 EXIT 0 0 0 
61 0 0 22 00f0 ffffffff 0 EXIT 0 0 0 
57 0 0 26 00f0 ffffffff 0 EXIT 0 0 0 
38 0 0 5 00f0 ffffffff 0 EXIT 0 0 0 
30 0 0 1 00f0 ffffffff 0 EXIT 0 0 0 
41 0 0 8 00f0 ffffffff 0 EXIT 0 0 0 
29 0 0 12 00f0 ffffffff 0 EXIT 0 0 0 
62 0 0 14 00f0 ffffffff 0 EXIT 0 0 0 
58 0 0 11 00f0 ffffffff 0 EXIT 0 0 0 
77 0 0 23 00f0 ffffffff 0 EXIT 0 0 0 
25 0 0 14 00f0 ffffffff 0 EXIT 0 0 0 
78 0 0 28 00f0 ffffffff 0 EXIT 0 0 0 
18 0 0 25 00f0 ffffffff 0 EXIT 0 0 0 
89 0 0 8 00f0 ffffffff 0 EXIT 0 0 0 
73 0 0 6 00f0 ffffffff 0 EXIT 0 0 0 
14 0 0 6 00f0 ffffffff 0 EXIT 0 0 0 
82 0 0 5 00f0 ffffffff 0 EXIT 0 0 0 
37 0 0 13 00f0 ffffffff 0 EXIT 0 0 0 
1 0 0 8 00f0 ffffffff 0 EXIT 0 0 0 
34 0 0 0 00f0 ffffffff 0 EXIT 0 0 0 
30 0 0 0 00f0 ffffffff 0 EXIT 0 0 0 
9 0 0 5 00f0 ffffffff 0 EXIT 0 0 0 
29 0 0 22 00f0 ffffffff 0 EXIT 0 0 0 
66 0 0 9 00f0 ffffffff 0 EXIT 0 0 0 
2 0 0 24 00f0 ffffffff 0 EXIT 0 0 0 
13 0 0 22 00f0 ffffffff 0 EXIT 0 0 0 
52 0 0 9 00f0 ffffffff 0 EXIT 0 0 0 
25 0 0 15 00f0 ffffffff 0 EXIT 0 0 0 
38 0 0 26 00f0 ffffffff 0 EXIT 0 0 0 
74 0 0 13 00f0 ffffffff 0 EXIT 0 0 0 
75 0 0 9 00f0 ffffffff 0 EXIT 0 0 0 
84 0 0 5 00f0 ffffffff 0 EXIT 0 0 0 
61 0 0 4 00f0 ffffffff 0 EXIT 0 0 0 
17 0 0 24 00f0 ffffffff 0 EXIT 0 0 0 
60 0 0 31 00b0 ffffffff 1 R2 LDG.E.64 1 R2 8 1 0x7f3354c79f00 8 0 
6 0 0 24 00f0 ffffffff 0 EXIT 0 0 0 
26 0 0 8 00f0 ffffffff 0 EXIT 0 0 0 
41 0 0 3 00f0 ffffffff 0 EXIT 0 0 0 
78 0 0 1 00f0 ffffffff 0 EXIT 0 0 0 
30 0 0 7 00f0 ffffffff 0 EXIT 0 0 0 
77 0 0 9 00f0 ffffffff 0 EXIT 0 0 0 
1 0 0 13 00f0 ffffffff 0 EXIT 0 0 0 
14 0 0 27 00f0 ffffffff 0 EXIT 0 0 0 
2 0 0 26 00f0 ffffffff 0 EXIT 0 0 0 
1 0 0 6 00f0 ffffffff 0 EXIT 0 0 0 
89 0 0 14 00f0 ffffffff 0 EXIT 0 0 0 
90 0 0 29 00f0 ffffffff 0 EXIT 0 0 0 
74 0 0 14 00f0 ffffffff 0 EXIT 0 0 0 
37 0 0 7 00f0 ffffffff 0 EXIT 0 0 0 
66 0 0 7 00f0 ffffffff 0 EXIT 0 0 0 
82 0 0 1 00f0 ffffffff 0 EXIT 0 0 0 
65 0 0 22 00f0 ffffffff 0 EXIT 0 0 0 
38 0 0 16 00f0 ffffffff 0 EXIT 0 0 0 
69 0 0 10 00f0 ffffffff 0 EXIT 0 0 0 
6 0 0 8 00f0 ffffffff 0 EXIT 0 0 0 
2 0 0 23 00f0 ffffffff 0 EXIT 0 0 0 
5 0 0 24 00f0 ffffffff 0 EXIT 0 0 0 
22 0 0 3 00f0 ffffffff 0 EXIT 0 0 0 
18 0 0 20 00f0 ffffffff 0 EXIT 0 0 0 
41 0 0 24 00f0 ffffffff 0 EXIT 0 0 0 
70 0 0 17 00f0 ffffffff 0 EXIT 0 0 0 
82 0 0 14 00f0 ffffffff 0 EXIT 0 0 0 
21 0 0 23 00f0 ffffffff 0 EXIT 0 0 0 
34 0 0 5 00f0 ffffffff 0 EXIT 0 0 0 
30 0 0 25 00f0 ffffffff 0 EXIT 0 0 0 
89 0 0 3 00f0 ffffffff 0 EXIT 0 0 0 
66 0 0 18 00f0 ffffffff 0 EXIT 0 0 0 
93 0 0 27 00f0 ffffffff 0 EXIT 0 0 0 
38 0 0 13 00f0 ffffffff 0 EXIT 0 0 0 
65 0 0 31 00f0 ffffffff 0 EXIT 0 0 0 
6 0 0 22 00f0 ffffffff 0 EXIT 0 0 0 
82 0 0 17 00f0 ffffffff 0 EXIT 0 0 0 
69 0 0 11 00f0 ffffffff 0 EXIT 0 0 0 
22 0 0 28 00f0 ffffffff 0 EXIT 0 0 0 
30 0 0 3 00f0 ffffffff 0 EXIT 0 0 0 
61 0 0 2 00f0 ffffffff 0 EXIT 0 0 0 
14 0 0 12 00f0 ffffffff 0 EXIT 0 0 0 
58 0 0 7 00f0 ffffffff 0 EXIT 0 0 0 
97 0 0 0 00f0 ffffffff 0 EXIT 0 0 0 
90 0 0 17 00f0 ffffffff 0 EXIT 0 0 0 
18 0 0 16 00f0 ffffffff 0 EXIT 0 0 0 
77 0 0 7 00f0 ffffffff 0 EXIT 0 0 0 
10 0 0 21 00f0 ffffffff 0 EXIT 0 0 0 
26 0 0 0 00f0 ffffffff 0 EXIT 0 0 0 
89 0 0 0 00f0 ffffffff 0 EXIT 0 0 0 
44 0 0 27 00f0 ffffffff 0 EXIT 0 0 0 
23 0 0 30 00e0 ffffffff 0 STG.E.64 2 R8 R6 8 1 0x7f3354e2fe00 8 0 
38 0 0 2 00f0 ffffffff 0 EXIT 0 0 0 
31 0 0 30 00f0 ffffffff 0 EXIT 0 0 0 
58 0 0 20 00f0 ffffffff 0 EXIT 0 0 0 
80 0 0 14 00f0 ffffffff 0 EXIT 0 0 0 
51 0 0 4 00f0 ffffffff 0 EXIT 0 0 0 
37 0 0 14 00f0 ffffffff 0 EXIT 0 0 0 
59 0 0 6 00f0 ffffffff 0 EXIT 0 0 0 
62 0 0 3 00f0 ffffffff 0 EXIT 0 0 0 
72 0 0 31 00f0 ffffffff 0 EXIT 0 0 0 
43 0 0 23 00f0 ffffffff 0 EXIT 0 0 0 
9 0 0 27 00f0 ffffffff 0 EXIT 0 0 0 
22 0 0 30 00f0 ffffffff 0 EXIT 0 0 0 
83 0 0 22 00e0 ffffffff 0 STG.E.64 2 R8 R6 8 1 0x7f3354ea7600 8 0 
69 0 0 29 00f0 ffffffff 0 EXIT 0 0 0 
56 0 0 9 00e0 ffffffff 0 STG.E.64 2 R8 R6 8 1 0x7f3354e70900 8 0 
70 0 0 5 00f0 ffffffff 0 EXIT 0 0 0 
61 0 0 5 00f0 ffffffff 0 EXIT 0 0 0 
19 0 0 4 00f0 ffffffff 0 EXIT 0 0 0 
52 0 0 3 00f0 ffffffff 0 EXIT 0 0 0 
34 0 0 11 00f0 ffffffff 0 EXIT 0 0 0 
41 0 0 22 00f0 ffffffff 0 EXIT 0 0 0 
48 0 0 18 00f0 ffffffff 0 EXIT 0 0 0 
31 0 0 7 00f0 ffffffff 0 EXIT 0 0 0 
66 0 0 11 00f0 ffffffff 0 EXIT 0 0 0 
84 0 0 18 00f0 ffffffff 0 EXIT 0 0 0 
77 0 0 6 00f0 ffffffff 0 EXIT 0 0 0 
94 0 0 19 00f0 ffffffff 0 EXIT 0 0 0 
59 0 0 24 00f0 ffffffff 0 EXIT 0 0 0 
44 0 0 17 00f0 ffffffff 0 EXIT 0 0 0 
91 0 0 12 00e0 ffffffff 0 STG.E.64 2 R8 R6 8 1 0x7f3354eb6c00 8 0 
89 0 0 6 00f0 ffffffff 0 EXIT 0 0 0 
62 0 0 4 00f0 ffffffff 0 EXIT 0 0 0 
27 0 0 6 00f0 ffffffff 0 EXIT 0 0 0 
80 0 0 27 00f0 ffffffff 0 EXIT 0 0 0 
93 0 0 11 00f0 ffffffff 0 EXIT 0 0 0 
22 0 0 2 00f0 ffffffff 0 EXIT 0 0 0 
19 0 0 11 00f0 ffffffff 0 EXIT 0 0 0 
72 0 0 2 00f0 ffffffff 0 EXIT 0 0 0 
32 0 0 9 00b0 ffffffff 1 R2 LDG.E.64 1 R2 8 1 0x7f3354c40900 8 0 
65 0 0 8 00f0 ffffffff 0 EXIT 0 0 0 
70 0 0 10 00f0 ffffffff 0 EXIT 0 0 0 
31 0 0 8 00f0 ffffffff 0 EXIT 0 0 0 
0 0 0 13 00f0 ffffffff 0 EXIT 0 0 0 
51 0 0 5 00f0 ffffffff 0 EXIT 0 0 0 
59 0 0 19 00f0 ffffffff 0 EXIT 0 0 0 
52 0 0 6 00f0 ffffffff 0 EXIT 0 0 0 
43 0 0 21 00f0 ffffffff 0 EXIT 0 0 0 
20 0 0 9 00b0 ffffffff 1 R2 LDG.E.64 1 R2 8 1 0x7f3354c28900 8 0 
27 0 0 8 00f0 ffffffff 0 EXIT 0 0 0 
84 0 0 15 00f0 ffffffff 0 EXIT 0 0 0 
48 0 0 21 00f0 ffffffff 0 EXIT 0 0 0 
19 0 0 13 00f0 ffffffff 0 EXIT 0 0 0 
13 0 0 15 00f0 ffffffff 0 EXIT 0 0 0 
34 0 0 25 00f0 ffffffff 0 EXIT 0 0 0 
5 0 0 21 00f0 ffffffff 0 EXIT 0 0 0 
66 0 0 24 00f0 ffffffff 0 EXIT 0 0 0 
97 0 0 6 00f0 ffffffff 0 EXIT 0 0 0 
94 0 0 20 00f0 ffffffff 0 EXIT 0 0 0 
21 0 0 1 00f0 ffffffff 0 EXIT 0 0 0 
6 0 0 0 00f0 ffffffff 0 EXIT 0 0 0 
89 0 0 26 00f0 ffffffff 0 EXIT 0 0 0 
78 0 0 6 00f0 ffffffff 0 EXIT 0 0 0 
93 0 0 10 00f0 ffffffff 0 EXIT 0 0 0 
70 0 0 23 00f0 ffffffff 0 EXIT 0 0 0 
65 0 0 15 00f0 ffffffff 0 EXIT 0 0 0 
34 0 0 2 00f0 ffffffff 0 EXIT 0 0 0 
13 0 0 16 00f0 ffffffff 0 EXIT 0 0 0 
10 0 0 2 00f0 ffffffff 0 EXIT 0 0 0 
5 0 0 8 00f0 ffffffff 0 EXIT 0 0 0 
94 0 0 29 00f0 ffffffff 0 EXIT 0 0 0 
41 0 0 2 00f0 ffffffff 0 EXIT 0 0 0 
6 0 0 14 00f0 ffffffff 0 EXIT 0 0 0 
21 0 0 19 00f0 ffffffff 0 EXIT 0 0 0 
22 0 0 20 00f0 ffffffff 0 EXIT 0 0 0 
33 0 0 25 00f0 ffffffff 0 EXIT 0 0 0 
14 0 0 30 00f0 ffffffff 0 EXIT 0 0 0 
37 0 0 2 00f0 ffffffff 0 EXIT 0 0 0 
34 0 0 21 00f0 ffffffff 0 EXIT 0 0 0 
9 0 0 25 00f0 ffffffff 0 EXIT 0 0 0 
66 0 0 22 00f0 ffffffff 0 EXIT 0 0 0 
13 0 0 24 00f0 ffffffff 0 EXIT 0 0 0 
38 0 0 24 00f0 ffffffff 0 EXIT 0 0 0 
61 0 0 18 00f0 ffffffff 0 EXIT 0 0 0 
6 0 0 20 00f0 ffffffff 0 EXIT 0 0 0 
41 0 0 4 00f0 ffffffff 0 EXIT 0 0 0 
22 0 0 22 00f0 ffffffff 0 EXIT 0 0 0 
21 0 0 20 00f0 ffffffff 0 EXIT 0 0 0 
70 0 0 26 00f0 ffffffff 0 EXIT 0 0 0 
33 0 0 2 00f0 ffffffff 0 EXIT 0 0 0 
34 0 0 27 00f0 ffffffff 0 EXIT 0 0 0 
93 0 0 24 00f0 ffffffff 0 EXIT 0 0 0 
10 0 0 9 00f0 ffffffff 0 EXIT 0 0 0 
9 0 0 23 00f0 ffffffff 0 EXIT 0 0 0 
38 0 0 31 00f0 ffffffff 0 EXIT 0 0 0 
87 0 0 25 00e0 ffffffff 0 STG.E.64 2 R8 R6 8 1 0x7f3354eaf900 8 0 
24 0 0 1 00f0 ffffffff 0 EXIT 0 0 0 
59 0 0 27 00e0 ffffffff 0 STG.E.64 2 R8 R6 8 1 0x7f3354e77b00 8 0 
16 0 0 0 00f0 ffffffff 0 EXIT 0 0 0 
35 0 0 20 00b0 ffffffff 1 R2 LDG.E.64 1 R2 8 1 0x7f3354c47400 8 0 
68 0 0 12 00a0 ffffffff 1 R4 LDG.E.64 1 R4 8 1 0x7f3354d4c200 8 0 
27 0 0 23 00f0 ffffffff 0 EXIT 0 0 0 
0 0 0 28 00f0 ffffffff 0 EXIT 0 0 0 
11 0 0 21 00e0 ffffffff 0 STG.E.64 2 R8 R6 8 1 0x7f3354e17500 8 0 
19 0 0 30 00f0 ffffffff 0 EXIT 0 0 0 
69 0 0 17 00f0 ffffffff 0 EXIT 0 0 0 
62 0 0 0 00f0 ffffffff 0 EXIT 0 0 0 
61 0 0 1 00f0 ffffffff 0 EXIT 0 0 0 
22 0 0 27 00f0 ffffffff 0 EXIT 0 0 0 
41 0 0 21 00f0 ffffffff 0 EXIT 0 0 0 
77 0 0 10 00f0 ffffffff 0 EXIT 0 0 0 
14 0 0 23 00f0 ffffffff 0 EXIT 0 0 0 
89 0 0 27 00f0 ffffffff 0 EXIT 0 0 0 
34 0 0 28 00f0 ffffffff 0 EXIT 0 0 0 
93 0 0 23 00f0 ffffffff 0 EXIT 0 0 0 
10 0 0 30 00f0 ffffffff 0 EXIT 0 0 0 
94 0 0 13 00f0 ffffffff 0 EXIT 0 0 0 
65 0 0 27 00f0 ffffffff 0 EXIT 0 0 0 
6 0 0 4 00f0 ffffffff 0 EXIT 0 0 0 
13 0 0 11 00f0 ffffffff 0 EXIT 0 0 0 
22 0 0 18 00f0 ffffffff 0 EXIT 0 0 0 
61 0 0 16 00f0 ffffffff 0 EXIT 0 0 0 
41 0 0 23 00f0 ffffffff 0 EXIT 0 0 0 
70 0 0 11 00f0 ffffffff 0 EXIT 0 0 0 
34 0 0 22 00f0 ffffffff 0 EXIT 0 0 0 
77 0 0 5 00f0 ffffffff 0 EXIT 0 0 0 
10 0 0 7 00f0 ffffffff 0 EXIT 0 0 0 
33 0 0 13 00f0 ffffffff 0 EXIT 0 0 0 
93 0 0 0 00f0 ffffffff 0 EXIT 0 0 0 
94 0 0 12 00f0 ffffffff 0 EXIT 0 0 0 
6 0 0 27 00f0 ffffffff 0 EXIT 0 0 0 
9 0 0 14 00f0 ffffffff 0 EXIT 0 0 0 
78 0 0 14 00f0 ffffffff 0 EXIT 0 0 0 
13 0 0 29 00f0 ffffffff 0 EXIT 0 0 0 
14 0 0 11 00f0 ffffffff 0 EXIT 0 0 0 
61 0 0 14 00f0 ffffffff 0 EXIT 0 0 0 
90 0 0 22 00f0 ffffffff 0 EXIT 0 0 0 
41 0 0 0 00f0 ffffffff 0 EXIT 0 0 0 
77 0 0 18 00f0 ffffffff 0 EXIT 0 0 0 
66 0 0 8 00f0 ffffffff 0 EXIT 0 0 0 
89 0 0 23 00f0 ffffffff 0 EXIT 0 0 0 
94 0 0 23 00f0 ffffffff 0 EXIT 0 0 0 
93 0 0 3 00f0 ffffffff 0 EXIT 0 0 0 
62 0 0 15 00f0 ffffffff 0 EXIT 0 0 0 
22 0 0 16 00f0 ffffffff 0 EXIT 0 0 0 
9 0 0 21 00f0 ffffffff 0 EXIT 0 0 0 
70 0 0 13 00f0 ffffffff 0 EXIT 0 0 0 
69 0 0 9 00f0 ffffffff 0 EXIT 0 0 0 
90 0 0 2 00f0 ffffffff 0 EXIT 0 0 0 
5 0 0 0 00f0 ffffffff 0 EXIT 0 0 0 
10 0 0 18 00f0 ffffffff 0 EXIT 0 0 0 
41 0 0 17 00f0 ffffffff 0 EXIT 0 0 0 
38 0 0 14 00f0 ffffffff 0 EXIT 0 0 0 
77 0 0 27 00f0 ffffffff 0 EXIT 0 0 0 
6 0 0 25 00f0 ffffffff 0 EXIT 0 0 0 
33 0 0 9 00f0 ffffffff 0 EXIT 0 0 0 
22 0 0 10 00f0 ffffffff 0 EXIT 0 0 0 
70 0 0 28 00f0 ffffffff 0 EXIT 0 0 0 
37 0 0 3 00f0 ffffffff 0 EXIT 0 0 0 
9 0 0 12 00f0 ffffffff 0 EXIT 0 0 0 
34 0 0 13 00f0 ffffffff 0 EXIT 0 0 0 
69 0 0 7 00f0 ffffffff 0 EXIT 0 0 0 
10 0 0 27 00f0 ffffffff 0 EXIT 0 0 0 
94 0 0 31 00f0 ffffffff 0 EXIT 0 0 0 
5 0 0 3 00f0 ffffffff 0 EXIT 0 0 0 
62 0 0 11 00f0 ffffffff 0 EXIT 0 0 0 
97 0 0 13 00f0 ffffffff 0 EXIT 0 0 0 
22 0 0 31 00f0 ffffffff 0 EXIT 0 0 0 
21 0 0 29 00f0 ffffffff 0 EXIT 0 0 0 
70 0 0 27 00f0 ffffffff 0 EXIT 0 0 0 
33 0 0 28 00f0 ffffffff 0 EXIT 0 0 0 
87 0 0 11 00e0 ffffffff 0 STG.E.64 2 R8 R6 8 1 0x7f3354eaeb00 8 0 
28 0 0 13 00f0 ffffffff 0 EXIT 0 0 0 
93 0 0 12 00f0 ffffffff 0 EXIT 0 0 0 
51 0 0 19 00f0 ffffffff 0 EXIT 0 0 0 
59 0 0 4 00f0 ffffffff 0 EXIT 0 0 0 
90 0 0 15 00f0 ffffffff 0 EXIT 0 0 0 
9 0 0 7 00f0 ffffffff 0 EXIT 0 0 0 
66 0 0 25 00f0 ffffffff 0 EXIT 0 0 0 
94 0 0 28 00f0 ffffffff 0 EXIT 0 0 0 
13 0 0 3 00f0 ffffffff 0 EXIT 0 0 0 
62 0 0 19 00f0 ffffffff 0 EXIT 0 0 0 
5 0 0 13 00f0 ffffffff 0 EXIT 0 0 0 
97 0 0 18 00f0 ffffffff 0 EXIT 0 0 0 
78 0 0 29 00f0 ffffffff 0 EXIT 0 0 0 
70 0 0 2 00f0 ffffffff 0 EXIT 0 0 0 
77 0 0 21 00f0 ffffffff 0 EXIT 0 0 0 
33 0 0 6 00f0 ffffffff 0 EXIT 0 0 0 
34 0 0 10 00f0 ffffffff 0 EXIT 0 0 0 
93 0 0 19 00f0 ffffffff 0 EXIT 0 0 0 
9 0 0 8 00f0 ffffffff 0 EXIT 0 0 0 
66 0 0 23 00f0 ffffffff 0 EXIT 0 0 0 
94 0 0 6 00f0 ffffffff 0 EXIT 0 0 0 
13 0 0 10 00f0 ffffffff 0 EXIT 0 0 0 
6 0 0 10 00f0 ffffffff 0 EXIT 0 0 0 
22 0 0 12 00f0 ffffffff 0 EXIT 0 0 0 
70 0 0 6 00f0 ffffffff 0 EXIT 0 0 0 
5 0 0 30 00f0 ffffffff 0 EXIT 0 0 0 
77 0 0 2 00f0 ffffffff 0 EXIT 0 0 0 
33 0 0 4 00f0 ffffffff 0 EXIT 0 0 0 
34 0 0 24 00f0 ffffffff 0 EXIT 0 0 0 
93 0 0 16 00f0 ffffffff 0 EXIT 0 0 0 
10 0 0 25 00f0 ffffffff 0 EXIT 0 0 0 
9 0 0 17 00f0 ffffffff 0 EXIT 0 0 0 
94 0 0 9 00f0 ffffffff 0 EXIT 0 0 0 
69 0 0 2 00f0 ffffffff 0 EXIT 0 0 0 
62 0 0 22 00f0 ffffffff 0 EXIT 0 0 0 
5 0 0 28 00f0 ffffffff 0 EXIT 0 0 0 
78 0 0 25 00f0 ffffffff 0 EXIT 0 0 0 
70 0 0 0 00f0 ffffffff 0 EXIT 0 0 0 
97 0 0 19 00f0 ffffffff 0 EXIT 0 0 0 
90 0 0 24 00f0 ffffffff 0 EXIT 0 0 0 
77 0 0 0 00f0 ffffffff 0 EXIT 0 0 0 
10 0 0 14 00f0 ffffffff 0 EXIT 0 0 0 
89 0 0 4 00f0 ffffffff 0 EXIT 0 0 0 
94 0 0 17 00f0 ffffffff 0 EXIT 0 0 0 
37 0 0 31 00f0 ffffffff 0 EXIT 0 0 0 
6 0 0 6 00f0 ffffffff 0 EXIT 0 0 0 
9 0 0 20 00f0 ffffffff 0 EXIT 0 0 0 
22 0 0 4 00f0 ffffffff 0 EXIT 0 0 0 
69 0 0 0 00e0 ffffffff 0 STG.E.64 2 R8 R6 8 1 0x7f3354e8a000 8 0 
70 0 0 3 00f0 ffffffff 0 EXIT 0 0 0 
61 0 0 10 00f0 ffffffff 0 EXIT 0 0 0 
90 0 0 23 00f0 ffffffff 0 EXIT 0 0 0 
41 0 0 9 00f0 ffffffff 0 EXIT 0 0 0 
66 0 0 30 00f0 ffffffff 0 EXIT 0 0 0 
21 0 0 16 00f0 ffffffff 0 EXIT 0 0 0 
89 0 0 7 00f0 ffffffff 0 EXIT 0 0 0 
94 0 0 7 00f0 ffffffff 0 EXIT 0 0 0 
37 0 0 9 00f0 ffffffff 0 EXIT 0 0 0 
62 0 0 10 00f0 ffffffff 0 EXIT 0 0 0 
9 0 0 31 00f0 ffffffff 0 EXIT 0 0 0 
78 0 0 17 00f0 ffffffff 0 EXIT 0 0 0 
13 0 0 14 00f0 ffffffff 0 EXIT 0 0 0 
5 0 0 19 00f0 ffffffff 0 EXIT 0 0 0 
70 0 0 29 00f0 ffffffff 0 EXIT 0 0 0 
97 0 0 10 00f0 ffffffff 0 EXIT 0 0 0 
77 0 0 13 00f0 ffffffff 0 EXIT 0 0 0 
89 0 0 25 00f0 ffffffff 0 EXIT 0 0 0 
37 0 0 20 00f0 ffffffff 0 EXIT 0 0 0 
90 0 0 7 00f0 ffffffff 0 EXIT 0 0 0 
10 0 0 26 00f0 ffffffff 0 EXIT 0 0 0 
94 0 0 22 00f0 ffffffff 0 EXIT 0 0 0 
9 0 0 13 00f0 ffffffff 0 EXIT 0 0 0 
62 0 0 6 00f0 ffffffff 0 EXIT 0 0 0 
22 0 0 11 00f0 ffffffff 0 EXIT 0 0 0 
69 0 0 31 00f0 ffffffff 0 EXIT 0 0 0 
70 0 0 7 00f0 ffffffff 0 EXIT 0 0 0 
5 0 0 27 00f0 ffffffff 0 EXIT 0 0 0 
90 0 0 1 00f0 ffffffff 0 EXIT 0 0 0 
21 0 0 15 00f0 ffffffff 0 EXIT 0 0 0 
10 0 0 31 00f0 ffffffff 0 EXIT 0 0 0 
94 0 0 0 00f0 ffffffff 0 EXIT 0 0 0 
89 0 0 17 00f0 ffffffff 0 EXIT 0 0 0 
37 0 0 29 00f0 ffffffff 0 EXIT 0 0 0 
62 0 0 29 00f0 ffffffff 0 EXIT 0 0 0 
65 0 0 23 00f0 ffffffff 0 EXIT 0 0 0 
13 0 0 31 00f0 ffffffff 0 EXIT 0 0 0 
5 0 0 11 00f0 ffffffff 0 EXIT 0 0 0 
70 0 0 22 00f0 ffffffff 0 EXIT 0 0 0 
34 0 0 17 00f0 ffffffff 0 EXIT 0 0 0 
66 0 0 29 00f0 ffffffff 0 EXIT 0 0 0 
21 0 0 2 00f0 ffffffff 0 EXIT 0 0 0 
94 0 0 3 00f0 ffffffff 0 EXIT 0 0 0 
33 0 0 29 00f0 ffffffff 0 EXIT 0 0 0 
62 0 0 31 00f0 ffffffff 0 EXIT 0 0 0 
37 0 0 19 00f0 ffffffff 0 EXIT 0 0 0 
22 0 0 21 00f0 ffffffff 0 EXIT 0 0 0 
65 0 0 4 00f0 ffffffff 0 EXIT 0 0 0 
14 0 0 8 00f0 ffffffff 0 EXIT 0 0 0 
34 0 0 23 00f0 ffffffff 0 EXIT 0 0 0 
13 0 0 25 00f0 ffffffff 0 EXIT 0 0 0 
10 0 0 17 00f0 ffffffff 0 EXIT 0 0 0 
5 0 0 9 00f0 ffffffff 0 EXIT 0 0 0 
38 0 0 22 00f0 ffffffff 0 EXIT 0 0 0 
62 0 0 25 00f0 ffffffff 0 EXIT 0 0 0 
21 0 0 8 00f0 ffffffff 0 EXIT 0 0 0 
22 0 0 0 00f0 ffffffff 0 EXIT 0 0 0 
33 0 0 12 00f0 ffffffff 0 EXIT 0 0 0 
37 0 0 25 00f0 ffffffff 0 EXIT 0 0 0 
70 0 0 4 00f0 ffffffff 0 EXIT 0 0 0 
9 0 0 3 00f0 ffffffff 0 EXIT 0 0 0 
90 0 0 3 00f0 ffffffff 0 EXIT 0 0 0 
69 0 0 21 00f0 ffffffff 0 EXIT 0 0 0 
66 0 0 21 00f0 ffffffff 0 EXIT 0 0 0 
5 0 0 14 00f0 ffffffff 0 EXIT 0 0 0 
94 0 0 26 00f0 ffffffff 0 EXIT 0 0 0 
77 0 0 24 00f0 ffffffff 0 EXIT 0 0 0 
6 0 0 21 00f0 ffffffff 0 EXIT 0 0 0 
89 0 0 5 00f0 ffffffff 0 EXIT 0 0 0 
37 0 0 22 00f0 ffffffff 0 EXIT 0 0 0 
14 0 0 22 00f0 ffffffff 0 EXIT 0 0 0 
9 0 0 4 00f0 ffffffff 0 EXIT 0 0 0 
13 0 0 20 00f0 ffffffff 0 EXIT 0 0 0 
90 0 0 6 00f0 ffffffff 0 EXIT 0 0 0 
5 0 0 1 00f0 ffffffff 0 EXIT 0 0 0 
10 0 0 15 00f0 ffffffff 0 EXIT 0 0 0 
24 0 0 23 00f0 ffffffff 0 EXIT 0 0 0 
83 0 0 8 00f0 ffffffff 0 EXIT 0 0 0 
39 0 0 12 00b0 ffffffff 1 R2 LDG.E.64 1 R2 8 1 0x7f3354c4ec00 8 0 
16 0 0 1 00f0 ffffffff 0 EXIT 0 0 0 
19 0 0 21 00f0 ffffffff 0 EXIT 0 0 0 
56 0 0 25 00e0 ffffffff 0 STG.E.64 2 R8 R6 8 1 0x7f3354e71900 8 0 
31 0 0 3 00f0 ffffffff 0 EXIT 0 0 0 
71 0 0 31 00a0 ffffffff 1 R4 LDG.E.64 1 R4 8 1 0x7f3354d53500 8 0 
84 0 0 23 00e0 ffffffff 0 STG.E.64 2 R8 R6 8 1 0x7f3354ea9700 8 0 
59 0 0 10 00f0 ffffffff 0 EXIT 0 0 0 
32 0 0 1 00f0 ffffffff 0 EXIT 0 0 0 
24 0 0 20 00f0 ffffffff 0 EXIT 0 0 0 
27 0 0 2 00f0 ffffffff 0 EXIT 0 0 0 
94 0 0 27 00f0 ffffffff 0 EXIT 0 0 0 
77 0 0 25 00f0 ffffffff 0 EXIT 0 0 0 
62 0 0 27 00f0 ffffffff 0 EXIT 0 0 0 
78 0 0 27 00f0 ffffffff 0 EXIT 0 0 0 
89 0 0 31 00f0 ffffffff 0 EXIT 0 0 0 
14 0 0 15 00f0 ffffffff 0 EXIT 0 0 0 
90 0 0 11 00f0 ffffffff 0 EXIT 0 0 0 
37 0 0 11 00f0 ffffffff 0 EXIT 0 0 0 
66 0 0 13 00f0 ffffffff 0 EXIT 0 0 0 
9 0 0 15 00f0 ffffffff 0 EXIT 0 0 0 
38 0 0 8 00f0 ffffffff 0 EXIT 0 0 0 
13 0 0 21 00f0 ffffffff 0 EXIT 0 0 0 
62 0 0 13 00f0 ffffffff 0 EXIT 0 0 0 
5 0 0 10 00f0 ffffffff 0 EXIT 0 0 0 
78 0 0 31 00f0 ffffffff 0 EXIT 0 0 0 
21 0 0 6 00f0 ffffffff 0 EXIT 0 0 0 
70 0 0 31 00f0 ffffffff 0 EXIT 0 0 0 
89 0 0 12 00f0 ffffffff 0 EXIT 0 0 0 
37 0 0 5 00f0 ffffffff 0 EXIT 0 0 0 
65 0 0 11 00f0 ffffffff 0 EXIT 0 0 0 
69 0 0 4 00f0 ffffffff 0 EXIT 0 0 0 
10 0 0 5 00f0 ffffffff 0 EXIT 0 0 0 
61 0 0 26 00f0 ffffffff 0 EXIT 0 0 0 
21 0 0 25 00f0 ffffffff 0 EXIT 0 0 0 
94 0 0 25 00f0 ffffffff 0 EXIT 0 0 0 
33 0 0 26 00f0 ffffffff 0 EXIT 0 0 0 
6 0 0 31 00f0 ffffffff 0 EXIT 0 0 0 
37 0 0 1 00f0 ffffffff 0 EXIT 0 0 0 
78 0 0 2 00f0 ffffffff 0 EXIT 0 0 0 
9 0 0 30 00f0 ffffffff 0 EXIT 0 0 0 
13 0 0 12 00f0 ffffffff 0 EXIT 0 0 0 
90 0 0 28 00f0 ffffffff 0 EXIT 0 0 0 
5 0 0 20 00f0 ffffffff 0 EXIT 0 0 0 
10 0 0 1 00f0 ffffffff 0 EXIT 0 0 0 
77 0 0 11 00f0 ffffffff 0 EXIT 0 0 0 
33 0 0 30 00f0 ffffffff 0 EXIT 0 0 0 
38 0 0 19 00f0 ffffffff 0 EXIT 0 0 0 
37 0 0 10 00f0 ffffffff 0 EXIT 0 0 0 
6 0 0 16 00f0 ffffffff 0 EXIT 0 0 0 
65 0 0 14 00f0 ffffffff 0 EXIT 0 0 0 
78 0 0 3 00f0 ffffffff 0 EXIT 0 0 0 
70 0 0 1 00f0 ffffffff 0 EXIT 0 0 0 
69 0 0 18 00f0 ffffffff 0 EXIT 0 0 0 
10 0 0 11 00f0 ffffffff 0 EXIT 0 0 0 
72 0 0 30 00e0 ffffffff 0 STG.E.64 2 R8 R6 8 1 0x7f3354e91e00 8 0 
61 0 0 24 00f0 ffffffff 0 EXIT 0 0 0 
19 0 0 22 00f0 ffffffff 0 EXIT 0 0 0 
0 0 0 11 00f0 ffffffff 0 EXIT 0 0 0 
62 0 0 9 00f0 ffffffff 0 EXIT 0 0 0 
21 0 0 21 00f0 ffffffff 0 EXIT 0 0 0 
87 0 0 3 00e0 ffffffff 0 STG.E.64 2 R8 R6 8 1 0x7f3354eae300 8 0 
33 0 0 24 00f0 ffffffff 0 EXIT 0 0 0 
70 0 0 16 00f0 ffffffff 0 EXIT 0 0 0 
37 0 0 16 00f0 ffffffff 0 EXIT 0 0 0 
34 0 0 20 00f0 ffffffff 0 EXIT 0 0 0 
10 0 0 22 00f0 ffffffff 0 EXIT 0 0 0 
13 0 0 28 00f0 ffffffff 0 EXIT 0 0 0 
6 0 0 13 00f0 ffffffff 0 EXIT 0 0 0 
5 0 0 6 00f0 ffffffff 0 EXIT 0 0 0 
14 0 0 14 00f0 ffffffff 0 EXIT 0 0 0 
77 0 0 1 00f0 ffffffff 0 EXIT 0 0 0 
34 0 0 7 00f0 ffffffff 0 EXIT 0 0 0 
33 0 0 17 00f0 ffffffff 0 EXIT 0 0 0 
93 0 0 18 00f0 ffffffff 0 EXIT 0 0 0 
9 0 0 16 00f0 ffffffff 0 EXIT 0 0 0 
69 0 0 28 00f0 ffffffff 0 EXIT 0 0 0 
33 0 0 16 00f0 ffffffff 0 EXIT 0 0 0 
93 0 0 31 00f0 ffffffff 0 EXIT 0 0 0 
65 0 0 10 00f0 ffffffff 0 EXIT 0 0 0 
13 0 0 8 00f0 ffffffff 0 EXIT 0 0 0 
5 0 0 15 00f0 ffffffff 0 EXIT 0 0 0 
77 0 0 17 00f0 ffffffff 0 EXIT 0 0 0 
37 0 0 12 00f0 ffffffff 0 EXIT 0 0 0 
9 0 0 1 00f0 ffffffff 0 EXIT 0 0 0 
69 0 0 23 00f0 ffffffff 0 EXIT 0 0 0 
5 0 0 2 00f0 ffffffff 0 EXIT 0 0 0 
77 0 0 12 00f0 ffffffff 0 EXIT 0 0 0 
33 0 0 27 00f0 ffffffff 0 EXIT 0 0 0 
65 0 0 26 00f0 ffffffff 0 EXIT 0 0 0 
69 0 0 13 00f0 ffffffff 0 EXIT 0 0 0 
21 0 0 9 00f0 ffffffff 0 EXIT 0 0 0 
89 0 0 29 00f0 ffffffff 0 EXIT 0 0 0 
37 0 0 6 00f0 ffffffff 0 EXIT 0 0 0 
9 0 0 19 00f0 ffffffff 0 EXIT 0 0 0 
13 0 0 0 00f0 ffffffff 0 EXIT 0 0 0 
84 0 0 19 00f0 ffffffff 0 EXIT 0 0 0 
61 0 0 27 00f0 ffffffff 0 EXIT 0 0 0 
59 0 0 9 00f0 ffffffff 0 EXIT 0 0 0 
24 0 0 13 00f0 ffffffff 0 EXIT 0 0 0 
77 0 0 8 00f0 ffffffff 0 EXIT 0 0 0 
12 0 0 17 00e0 ffffffff 0 STG.E.64 2 R8 R6 8 1 0x7f3354e19100 8 0 
27 0 0 18 00f0 ffffffff 0 EXIT 0 0 0 
72 0 0 8 00f0 ffffffff 0 EXIT 0 0 0 
19 0 0 3 00f0 ffffffff 0 EXIT 0 0 0 
93 0 0 2 00f0 ffffffff 0 EXIT 0 0 0 
88 0 0 25 00b0 ffffffff 1 R2 LDG.E.64 1 R2 8 1 0x7f3354cb1900 8 0 
0 0 0 9 00f0 ffffffff 0 EXIT 0 0 0 
69 0 0 3 00f0 ffffffff 0 EXIT 0 0 0 
5 0 0 25 00f0 ffffffff 0 EXIT 0 0 0 
31 0 0 22 00f0 ffffffff 0 EXIT 0 0 0 
28 0 0 1 00f0 ffffffff 0 EXIT 0 0 0 
20 0 0 3 00a0 ffffffff 1 R4 LDG.E.64 1 R4 8 1 0x7f3354ceb900 8 0 
59 0 0 28 00f0 ffffffff 0 EXIT 0 0 0 
80 0 0 19 00f0 ffffffff 0 EXIT 0 0 0 
27 0 0 19 00f0 ffffffff 0 EXIT 0 0 0 
23 0 0 5 00e0 ffffffff 0 STG.E.64 2 R8 R6 8 1 0x7f3354e2e500 8 0 
72 0 0 11 00f0 ffffffff 0 EXIT 0 0 0 
75 0 0 19 00f0 ffffffff 0 EXIT 0 0 0 
39 0 0 11 00e0 ffffffff 0 STG.E.64 2 R8 R6 8 1 0x7f3354e4eb00 8 0 
0 0 0 12 00f0 ffffffff 0 EXIT 0 0 0 
87 0 0 23 00e0 ffffffff 0 STG.E.64 2 R8 R6 8 1 0x7f3354eaf700 8 0 
7 0 0 5 00f0 ffffffff 0 EXIT 0 0 0 
84 0 0 7 00f0 ffffffff 0 EXIT 0 0 0 
3 0 0 27 00f0 ffffffff 0 EXIT 0 0 0 
80 0 0 7 00e0 ffffffff 0 STG.E.64 2 R8 R6 8 1 0x7f3354ea0700 8 0 
83 0 0 24 00e0 ffffffff 0 STG.E.64 2 R8 R6 8 1 0x7f3354ea7800 8 0 
35 0 0 16 00f0 ffffffff 0 EXIT 0 0 0 
16 0 0 3 00f0 ffffffff 0 EXIT 0 0 0 
19 0 0 5 00f0 ffffffff 0 EXIT 0 0 0 
40 0 0 22 00a0 ffffffff 1 R4 LDG.E.64 1 R4 8 1 0x7f3354d14c00 8 0 
67 0 0 6 00b0 ffffffff 1 R2 LDG.E.64 1 R2 8 1 0x7f3354c86600 8 0 
0 0 0 5 00f0 ffffffff 0 EXIT 0 0 0 
87 0 0 18 00f0 ffffffff 0 EXIT 0 0 0 
8 0 0 7 00b0 ffffffff 1 R2 LDG.E.64 1 R2 8 1 0x7f3354c10700 8 0 
28 0 0 9 00f0 ffffffff 0 EXIT 0 0 0 
3 0 0 19 00f0 ffffffff 0 EXIT 0 0 0 
4 0 0 23 00e0 ffffffff 0 STG.E.64 2 R8 R6 8 1 0x7f3354e09700 8 0 
24 0 0 15 00f0 ffffffff 0 EXIT 0 0 0 
83 0 0 11 00f0 ffffffff 0 EXIT 0 0 0 
12 0 0 1 00a0 ffffffff 1 R4 LDG.E.64 1 R4 8 1 0x7f3354cdb700 8 0 
72 0 0 21 00e0 ffffffff 0 STG.E.64 2 R8 R6 8 1 0x7f3354e91500 8 0 
19 0 0 14 00f0 ffffffff 0 EXIT 0 0 0 
0 0 0 23 00f0 ffffffff 0 EXIT 0 0 0 
31 0 0 18 00f0 ffffffff 0 EXIT 0 0 0 
20 0 0 29 00b0 ffffffff 1 R2 LDG.E.64 1 R2 8 1 0x7f3354c29d00 8 0 
35 0 0 29 00e0 ffffffff 0 STG.E.64 2 R8 R6 8 1 0x7f3354e47d00 8 0 
84 0 0 6 00f0 ffffffff 0 EXIT 0 0 0 
59 0 0 1 00f0 ffffffff 0 EXIT 0 0 0 
60 0 0 20 00b0 ffffffff 1 R2 LDG.E.64 1 R2 8 1 0x7f3354c79400 8 0 
80 0 0 31 00e0 ffffffff 0 STG.E.64 2 R8 R6 8 1 0x7f3354ea1f00 8 0 
68 0 0 11 00b0 ffffffff 1 R2 LDG.E.64 1 R2 8 1 0x7f3354c88b00 8 0 
27 0 0 11 00f0 ffffffff 0 EXIT 0 0 0 
72 0 0 26 00f0 ffffffff 0 EXIT 0 0 0 
19 0 0 24 00f0 ffffffff 0 EXIT 0 0 0 
0 0 0 1 00f0 ffffffff 0 EXIT 0 0 0 
87 0 0 10 00f0 ffffffff 0 EXIT 0 0 0 
28 0 0 0 00f0 ffffffff 0 EXIT 0 0 0 
59 0 0 0 00f0 ffffffff 0 EXIT 0 0 0 
15 0 0 24 00e0 ffffffff 0 STG.E.64 2 R8 R6 8 1 0x7f3354e1f800 8 0 
80 0 0 24 00f0 ffffffff 0 EXIT 0 0 0 
83 0 0 30 00f0 ffffffff 0 EXIT 0 0 0 
35 0 0 27 00e0 ffffffff 0 STG.E.64 2 R8 R6 8 1 0x7f3354e47b00 8 0 
16 0 0 13 00f0 ffffffff 0 EXIT 0 0 0 
75 0 0 28 00f0 ffffffff 0 EXIT 0 0 0 
88 0 0 19 00b0 ffffffff 1 R2 LDG.E.64 1 R2 8 1 0x7f3354cb1300 8 0 
11 0 0 27 00e0 ffffffff 0 STG.E.64 2 R8 R6 8 1 0x7f3354e17b00 8 0 
56 0 0 8 00f0 ffffffff 0 EXIT 0 0 0 
87 0 0 17 00f0 ffffffff 0 EXIT 0 0 0 
84 0 0 10 00e0 ffffffff 0 STG.E.64 2 R8 R6 8 1 0x7f3354ea8a00 8 0 
59 0 0 22 00f0 ffffffff 0 EXIT 0 0 0 
39 0 0 8 00b0 ffffffff 1 R2 LDG.E.64 1 R2 8 1 0x7f3354c4e800 8 0 
80 0 0 8 00e0 ffffffff 0 STG.E.64 2 R8 R6 8 1 0x7f3354ea0800 8 0 
83 0 0 18 00f0 ffffffff 0 EXIT 0 0 0 
16 0 0 14 00f0 ffffffff 0 EXIT 0 0 0 
75 0 0 18 00f0 ffffffff 0 EXIT 0 0 0 
56 0 0 14 00f0 ffffffff 0 EXIT 0 0 0 
31 0 0 29 00f0 ffffffff 0 EXIT 0 0 0 
84 0 0 3 00f0 ffffffff 0 EXIT 0 0 0 
59 0 0 17 00f0 ffffffff 0 EXIT 0 0 0 
88 0 0 9 00f0 ffffffff 0 EXIT 0 0 0 
24 0 0 5 00f0 ffffffff 0 EXIT 0 0 0 
83 0 0 0 00f0 ffffffff 0 EXIT 0 0 0 
72 0 0 28 00e0 ffffffff 0 STG.E.64 2 R8 R6 8 1 0x7f3354e91c00 8 0 
75 0 0 17 00f0 ffffffff 0 EXIT 0 0 0 
39 0 0 18 00b0 ffffffff 1 R2 LDG.E.64 1 R2 8 1 0x7f3354c4f200 8 0 
0 0 0 8 00f0 ffffffff 0 EXIT 0 0 0 
31 0 0 11 00f0 ffffffff 0 EXIT 0 0 0 
28 0 0 5 00f0 ffffffff 0 EXIT 0 0 0 
59 0 0 11 00f0 ffffffff 0 EXIT 0 0 0 
60 0 0 11 00a0 ffffffff 1 R4 LDG.E.64 1 R4 8 1 0x7f3354d3c100 8 0 
80 0 0 3 00f0 ffffffff 0 EXIT 0 0 0 
83 0 0 14 00f0 ffffffff 0 EXIT 0 0 0 
91 0 0 20 00e0 ffffffff 0 STG.E.64 2 R8 R6 8 1 0x7f3354eb7400 8 0 
72 0 0 29 00e0 ffffffff 0 STG.E.64 2 R8 R6 8 1 0x7f3354e91d00 8 0 
75 0 0 23 00f0 ffffffff 0 EXIT 0 0 0 
0 0 0 4 00f0 ffffffff 0 EXIT 0 0 0 
87 0 0 9 00f0 ffffffff 0 EXIT 0 0 0 
20 0 0 13 00b0 ffffffff 1 R2 LDG.E.64 1 R2 8 1 0x7f3354c28d00 8 0 
28 0 0 15 00f0 ffffffff 0 EXIT 0 0 0 
3 0 0 11 00f0 ffffffff 0 EXIT 0 0 0 
39 0 0 15 00e0 ffffffff 0 STG.E.64 2 R8 R6 8 1 0x7f3354e4ef00 8 0 
80 0 0 22 00f0 ffffffff 0 EXIT 0 0 0 
40 0 0 13 00a0 ffffffff 1 R4 LDG.E.64 1 R4 8 1 0x7f3354d14300 8 0 
83 0 0 2 00f0 ffffffff 0 EXIT 0 0 0 
7 0 0 23 00f0 ffffffff 0 EXIT 0 0 0 
72 0 0 14 00f0 ffffffff 0 EXIT 0 0 0 
75 0 0 14 00f0 ffffffff 0 EXIT 0 0 0 
60 0 0 21 00b0 ffffffff 1 R2 LDG.E.64 1 R2 8 1 0x7f3354c79500 8 0 
15 0 0 27 00e0 ffffffff 0 STG.E.64 2 R8 R6 8 1 0x7f3354e1fb00 8 0 
56 0 0 0 00f0 ffffffff 0 EXIT 0 0 0 
87 0 0 30 00f0 ffffffff 0 EXIT 0 0 0 
28 0 0 2 00f0 ffffffff 0 EXIT 0 0 0 
3 0 0 25 00f0 ffffffff 0 EXIT 0 0 0 
88 0 0 7 00a0 ffffffff 1 R4 LDG.E.64 1 R4 8 1 0x7f3354d73d00 8 0 
80 0 0 9 00f0 ffffffff 0 EXIT 0 0 0 
83 0 0 26 00f0 ffffffff 0 EXIT 0 0 0 
72 0 0 0 00e0 ffffffff 0 STG.E.64 2 R8 R6 8 1 0x7f3354e90000 8 0 
75 0 0 11 00f0 ffffffff 0 EXIT 0 0 0 
95 0 0 23 00e0 ffffffff 0 STG.E.64 2 R8 R6 8 1 0x7f3354ebf700 8 0 
87 0 0 8 00f0 ffffffff 0 EXIT 0 0 0 
56 0 0 27 00f0 ffffffff 0 EXIT 0 0 0 
3 0 0 26 00f0 ffffffff 0 EXIT 0 0 0 
28 0 0 11 00f0 ffffffff 0 EXIT 0 0 0 
27 0 0 24 00f0 ffffffff 0 EXIT 0 0 0 
91 0 0 11 00b0 ffffffff 1 R2 LDG.E.64 1 R2 8 1 0x7f3354cb6b00 8 0 
80 0 0 30 00f0 ffffffff 0 EXIT 0 0 0 
75 0 0 21 00f0 ffffffff 0 EXIT 0 0 0 
11 0 0 30 00e0 ffffffff 0 STG.E.64 2 R8 R6 8 1 0x7f3354e17e00 8 0 
72 0 0 13 00f0 ffffffff 0 EXIT 0 0 0 
31 0 0 6 00f0 ffffffff 0 EXIT 0 0 0 
0 0 0 0 00f0 ffffffff 0 EXIT 0 0 0 
84 0 0 26 00f0 ffffffff 0 EXIT 0 0 0 
3 0 0 28 00f0 ffffffff 0 EXIT 0 0 0 
95 0 0 8 00b0 ffffffff 1 R2 LDG.E.64 1 R2 8 1 0x7f3354cbe800 8 0 
80 0 0 10 00f0 ffffffff 0 EXIT 0 0 0 
83 0 0 29 00e0 ffffffff 0 STG.E.64 2 R8 R6 8 1 0x7f3354ea7d00 8 0 
72 0 0 17 00f0 ffffffff 0 EXIT 0 0 0 
60 0 0 18 00b0 ffffffff 1 R2 LDG.E.64 1 R2 8 1 0x7f3354c79200 8 0 
75 0 0 26 00e0 ffffffff 0 STG.E.64 2 R8 R6 8 1 0x7f3354e97a00 8 0 
15 0 0 10 00e0 ffffffff 0 STG.E.64 2 R8 R6 8 1 0x7f3354e1ea00 8 0 
56 0 0 18 00f0 ffffffff 0 EXIT 0 0 0 
87 0 0 14 00f0 ffffffff 0 EXIT 0 0 0 
84 0 0 16 00e0 ffffffff 0 STG.E.64 2 R8 R6 8 1 0x7f3354ea9000 8 0 
59 0 0 14 00f0 ffffffff 0 EXIT 0 0 0 
24 0 0 26 00f0 ffffffff 0 EXIT 0 0 0 
27 0 0 29 00f0 ffffffff 0 EXIT 0 0 0 
72 0 0 16 00e0 ffffffff 0 STG.E.64 2 R8 R6 8 1 0x7f3354e91000 8 0 
19 0 0 16 00f0 ffffffff 0 EXIT 0 0 0 
56 0 0 24 00f0 ffffffff 0 EXIT 0 0 0 
96 0 0 22 00f0 ffffffff 0 EXIT 0 0 0 
31 0 0 24 00f0 ffffffff 0 EXIT 0 0 0 
84 0 0 22 00f0 ffffffff 0 EXIT 0 0 0 
3 0 0 20 00f0 ffffffff 0 EXIT 0 0 0 
80 0 0 18 00f0 ffffffff 0 EXIT 0 0 0 
27 0 0 15 00f0 ffffffff 0 EXIT 0 0 0 
35 0 0 12 00f0 ffffffff 0 EXIT 0 0 0 
72 0 0 18 00f0 ffffffff 0 EXIT 0 0 0 
75 0 0 10 00f0 ffffffff 0 EXIT 0 0 0 
56 0 0 31 00f0 ffffffff 0 EXIT 0 0 0 
32 0 0 12 00e0 ffffffff 0 STG.E.64 2 R8 R6 8 1 0x7f3354e40c00 8 0 
87 0 0 2 00f0 ffffffff 0 EXIT 0 0 0 
76 0 0 15 00e0 ffffffff 0 STG.E.64 2 R8 R6 8 1 0x7f3354e98f00 8 0 
84 0 0 11 00f0 ffffffff 0 EXIT 0 0 0 
59 0 0 8 00f0 ffffffff 0 EXIT 0 0 0 
80 0 0 23 00f0 ffffffff 0 EXIT 0 0 0 
83 0 0 25 00f0 ffffffff 0 EXIT 0 0 0 
16 0 0 10 00f0 ffffffff 0 EXIT 0 0 0 
4 0 0 24 00f0 ffffffff 0 EXIT 0 0 0 
75 0 0 3 00f0 ffffffff 0 EXIT 0 0 0 
71 0 0 22 00b0 ffffffff 1 R2 LDG.E.64 1 R2 8 1 0x7f3354c8f600 8 0 
56 0 0 10 00e0 ffffffff 0 STG.E.64 2 R8 R6 8 1 0x7f3354e70a00 8 0 
31 0 0 13 00f0 ffffffff 0 EXIT 0 0 0 
84 0 0 25 00f0 ffffffff 0 EXIT 0 0 0 
59 0 0 29 00f0 ffffffff 0 EXIT 0 0 0 
11 0 0 1 00e0 ffffffff 0 STG.E.64 2 R8 R6 8 1 0x7f3354e16100 8 0 
80 0 0 2 00f0 ffffffff 0 EXIT 0 0 0 
27 0 0 14 00f0 ffffffff 0 EXIT 0 0 0 
23 0 0 27 00e0 ffffffff 0 STG.E.64 2 R8 R6 8 1 0x7f3354e2fb00 8 0 
16 0 0 11 00f0 ffffffff 0 EXIT 0 0 0 
75 0 0 4 00f0 ffffffff 0 EXIT 0 0 0 
56 0 0 23 00e0 ffffffff 0 STG.E.64 2 R8 R6 8 1 0x7f3354e71700 8 0 
87 0 0 22 00f0 ffffffff 0 EXIT 0 0 0 
63 0 0 19 00b0 ffffffff 1 R2 LDG.E.64 1 R2 8 1 0x7f3354c7f300 8 0 
84 0 0 4 00f0 ffffffff 0 EXIT 0 0 0 
59 0 0 12 00f0 ffffffff 0 EXIT 0 0 0 
24 0 0 0 00f0 ffffffff 0 EXIT 0 0 0 
27 0 0 4 00f0 ffffffff 0 EXIT 0 0 0 
16 0 0 2 00f0 ffffffff 0 EXIT 0 0 0 
75 0 0 7 00f0 ffffffff 0 EXIT 0 0 0 
11 0 0 11 00e0 ffffffff 0 STG.E.64 2 R8 R6 8 1 0x7f3354e16b00 8 0 
40 0 0 16 00a0 ffffffff 1 R4 LDG.E.64 1 R4 8 1 0x7f3354d14600 8 0 
56 0 0 29 00f0 ffffffff 0 EXIT 0 0 0 
31 0 0 2 00f0 ffffffff 0 EXIT 0 0 0 
84 0 0 2 00f0 ffffffff 0 EXIT 0 0 0 
3 0 0 24 00f0 ffffffff 0 EXIT 0 0 0 
95 0 0 10 00b0 ffffffff 1 R2 LDG.E.64 1 R2 8 1 0x7f3354cbea00 8 0 
60 0 0 3 00b0 ffffffff 1 R2 LDG.E.64 1 R2 8 1 0x7f3354c78300 8 0 
24 0 0 18 00f0 ffffffff 0 EXIT 0 0 0 
83 0 0 28 00f0 ffffffff 0 EXIT 0 0 0 
16 0 0 30 00f0 ffffffff 0 EXIT 0 0 0 
68 0 0 31 00a0 ffffffff 1 R4 LDG.E.64 1 R4 8 1 0x7f3354d4d500 8 0 
75 0 0 13 00f0 ffffffff 0 EXIT 0 0 0 
56 0 0 3 00f0 ffffffff 0 EXIT 0 0 0 
87 0 0 26 00f0 ffffffff 0 EXIT 0 0 0 
20 0 0 28 00a0 ffffffff 1 R4 LDG.E.64 1 R4 8 1 0x7f3354ced200 8 0 
3 0 0 9 00f0 ffffffff 0 EXIT 0 0 0 
84 0 0 9 00f0 ffffffff 0 EXIT 0 0 0 
24 0 0 31 00f0 ffffffff 0 EXIT 0 0 0 
27 0 0 7 00f0 ffffffff 0 EXIT 0 0 0 
23 0 0 7 00b0 ffffffff 1 R2 LDG.E.64 1 R2 8 1 0x7f3354c2e700 8 0 
16 0 0 7 00f0 ffffffff 0 EXIT 0 0 0 
75 0 0 15 00f0 ffffffff 0 EXIT 0 0 0 
56 0 0 19 00f0 ffffffff 0 EXIT 0 0 0 
31 0 0 1 00f0 ffffffff 0 EXIT 0 0 0 
7 0 0 16 00e0 ffffffff 0 STG.E.64 2 R8 R6 8 1 0x7f3354e0f000 8 0 
84 0 0 20 00f0 ffffffff 0 EXIT 0 0 0 
83 0 0 31 00f0 ffffffff 0 EXIT 0 0 0 
19 0 0 17 00f0 ffffffff 0 EXIT 0 0 0 
72 0 0 20 00f0 ffffffff 0 EXIT 0 0 0 
88 0 0 14 00a0 ffffffff 1 R4 LDG.E.64 1 R4 8 1 0x7f3354d74400 8 0 
31 0 0 12 00f0 ffffffff 0 EXIT 0 0 0 
56 0 0 21 00f0 ffffffff 0 EXIT 0 0 0 
3 0 0 8 00f0 ffffffff 0 EXIT 0 0 0 
28 0 0 14 00f0 ffffffff 0 EXIT 0 0 0 
96 0 0 2 00b0 ffffffff 1 R2 LDG.E.64 1 R2 8 1 0x7f3354cc0200 8 0 
27 0 0 13 00f0 ffffffff 0 EXIT 0 0 0 
80 0 0 6 00e0 ffffffff 0 STG.E.64 2 R8 R6 8 1 0x7f3354ea0600 8 0 
8 0 0 6 00e0 ffffffff 0 STG.E.64 2 R8 R6 8 1 0x7f3354e10600 8 0 
75 0 0 5 00f0 ffffffff 0 EXIT 0 0 0 
56 0 0 7 00f0 ffffffff 0 EXIT 0 0 0 
31 0 0 26 00f0 ffffffff 0 EXIT 0 0 0 
15 0 0 15 00e0 ffffffff 0 STG.E.64 2 R8 R6 8 1 0x7f3354e1ef00 8 0 
28 0 0 30 00f0 ffffffff 0 EXIT 0 0 0 
3 0 0 13 00f0 ffffffff 0 EXIT 0 0 0 
88 0 0 10 00b0 ffffffff 1 R2 LDG.E.64 1 R2 8 1 0x7f3354cb0a00 8 0 
24 0 0 30 00f0 ffffffff 0 EXIT 0 0 0 
83 0 0 9 00f0 ffffffff 0 EXIT 0 0 0 
72 0 0 24 00f0 ffffffff 0 EXIT 0 0 0 
75 0 0 25 00f0 ffffffff 0 EXIT 0 0 0 
0 0 0 30 00f0 ffffffff 0 EXIT 0 0 0 
31 0 0 20 00f0 ffffffff 0 EXIT 0 0 0 
59 0 0 30 00f0 ffffffff 0 EXIT 0 0 0 
24 0 0 24 00f0 ffffffff 0 EXIT 0 0 0 
83 0 0 10 00f0 ffffffff 0 EXIT 0 0 0 
16 0 0 22 00f0 ffffffff 0 EXIT 0 0 0 
75 0 0 31 00f0 ffffffff 0 EXIT 0 0 0 
56 0 0 22 00f0 ffffffff 0 EXIT 0 0 0 
31 0 0 10 00f0 ffffffff 0 EXIT 0 0 0 
28 0 0 22 00f0 ffffffff 0 EXIT 0 0 0 
3 0 0 22 00f0 ffffffff 0 EXIT 0 0 0 
23 0 0 20 00e0 ffffffff 0 STG.E.64 2 R8 R6 8 1 0x7f3354e2f400 8 0 
24 0 0 6 00f0 ffffffff 0 EXIT 0 0 0 
83 0 0 15 00f0 ffffffff 0 EXIT 0 0 0 
16 0 0 29 00f0 ffffffff 0 EXIT 0 0 0 
7 0 0 8 00b0 ffffffff 1 R2 LDG.E.64 1 R2 8 1 0x7f3354c0e800 8 0 
84 0 0 30 00e0 ffffffff 0 STG.E.64 2 R8 R6 8 1 0x7f3354ea9e00 8 0 
3 0 0 5 00f0 ffffffff 0 EXIT 0 0 0 
80 0 0 20 00f0 ffffffff 0 EXIT 0 0 0 
19 0 0 1 00f0 ffffffff 0 EXIT 0 0 0 
11 0 0 31 00f0 ffffffff 0 EXIT 0 0 0 
16 0 0 31 00f0 ffffffff 0 EXIT 0 0 0 
39 0 0 14 00e0 ffffffff 0 STG.E.64 2 R8 R6 8 1 0x7f3354e4ee00 8 0 
56 0 0 2 00f0 ffffffff 0 EXIT 0 0 0 
84 0 0 24 00f0 ffffffff 0 EXIT 0 0 0 
56 0 0 13 00f0 ffffffff 0 EXIT 0 0 0 
11 0 0 18 00f0 ffffffff 0 EXIT 0 0 0 
95 0 0 11 00e0 ffffffff 0 STG.E.64 2 R8 R6 8 1 0x7f3354ebeb00 8 0 
88 0 0 15 00b0 ffffffff 1 R2 LDG.E.64 1 R2 8 1 0x7f3354cb0f00 8 0 
91 0 0 3 00b0 ffffffff 1 R2 LDG.E.64 1 R2 8 1 0x7f3354cb6300 8 0 
11 0 0 23 00e0 ffffffff 0 STG.E.64 2 R8 R6 8 1 0x7f3354e17700 8 0 
95 0 0 6 00a0 ffffffff 1 R4 LDG.E.64 1 R4 8 1 0x7f3354d81c00 8 0 
15 0 0 29 00f0 ffffffff 0 EXIT 0 0 0 
64 0 0 7 00a0 ffffffff 1 R4 LDG.E.64 1 R4 8 1 0x7f3354d43d00 8 0 
11 0 0 12 00e0 ffffffff 0 STG.E.64 2 R8 R6 8 1 0x7f3354e16c00 8 0 
7 0 0 24 00f0 ffffffff 0 EXIT 0 0 0 
15 0 0 19 00f0 ffffffff 0 EXIT 0 0 0 
11 0 0 25 00f0 ffffffff 0 EXIT 0 0 0 
68 0 0 19 00e0 ffffffff 0 STG.E.64 2 R8 R6 8 1 0x7f3354e89300 8 0 
20 0 0 12 00e0 ffffffff 0 STG.E.64 2 R8 R6 8 1 0x7f3354e28c00 8 0 
36 0 0 8 00e0 ffffffff 0 STG.E.64 2 R8 R6 8 1 0x7f3354e48800 8 0 
91 0 0 17 00e0 ffffffff 0 STG.E.64 2 R8 R6 8 1 0x7f3354eb7100 8 0 
8 0 0 1 00e0 ffffffff 0 STG.E.64 2 R8 R6 8 1 0x7f3354e10100 8 0 
11 0 0 19 00f0 ffffffff 0 EXIT 0 0 0 
20 0 0 11 00a0 ffffffff 1 R4 LDG.E.64 1 R4 8 1 0x7f3354cec100 8 0 
91 0 0 28 00b0 ffffffff 1 R2 LDG.E.64 1 R2 8 1 0x7f3354cb7c00 8 0 
11 0 0 2 00b0 ffffffff 1 R2 LDG.E.64 1 R2 8 1 0x7f3354c16200 8 0 
39 0 0 22 00e0 ffffffff 0 STG.E.64 2 R8 R6 8 1 0x7f3354e4f600 8 0 
60 0 0 24 00e0 ffffffff 0 STG.E.64 2 R8 R6 8 1 0x7f3354e79800 8 0 
91 0 0 29 00a0 ffffffff 1 R4 LDG.E.64 1 R4 8 1 0x7f3354d7b300 8 0 
36 0 0 30 00f0 ffffffff 0 EXIT 0 0 0 
95 0 0 14 00e0 ffffffff 0 STG.E.64 2 R8 R6 8 1 0x7f3354ebee00 8 0 
60 0 0 19 00a0 ffffffff 1 R4 LDG.E.64 1 R4 8 1 0x7f3354d3c900 8 0 
12 0 0 13 00b0 ffffffff 1 R2 LDG.E.64 1 R2 8 1 0x7f3354c18d00 8 0 
91 0 0 10 00b0 ffffffff 1 R2 LDG.E.64 1 R2 8 1 0x7f3354cb6a00 8 0 
20 0 0 16 00e0 ffffffff 0 STG.E.64 2 R8 R6 8 1 0x7f3354e29000 8 0 
67 0 0 31 00a0 ffffffff 1 R4 LDG.E.64 1 R4 8 1 0x7f3354d4b500 8 0 
36 0 0 17 00e0 ffffffff 0 STG.E.64 2 R8 R6 8 1 0x7f3354e49100 8 0 
64 0 0 24 00e0 ffffffff 0 STG.E.64 2 R8 R6 8 1 0x7f3354e81800 8 0 
39 0 0 10 00b0 ffffffff 1 R2 LDG.E.64 1 R2 8 1 0x7f3354c4ea00 8 0 
7 0 0 27 00e0 ffffffff 0 STG.E.64 2 R8 R6 8 1 0x7f3354e0fb00 8 0 
32 0 0 21 00b0 ffffffff 1 R2 LDG.E.64 1 R2 8 1 0x7f3354c41500 8 0 
20 0 0 5 00b0 ffffffff 1 R2 LDG.E.64 1 R2 8 1 0x7f3354c28500 8 0 
36 0 0 16 00f0 ffffffff 0 EXIT 0 0 0 
7 0 0 26 00e0 ffffffff 0 STG.E.64 2 R8 R6 8 1 0x7f3354e0fa00 8 0 
71 0 0 9 00b0 ffffffff 1 R2 LDG.E.64 1 R2 8 1 0x7f3354c8e900 8 0 
32 0 0 18 00e0 ffffffff 0 STG.E.64 2 R8 R6 8 1 0x7f3354e41200 8 0 
20 0 0 23 00e0 ffffffff 0 STG.E.64 2 R8 R6 8 1 0x7f3354e29700 8 0 
36 0 0 14 00f0 ffffffff 0 EXIT 0 0 0 
40 0 0 26 00a0 ffffffff 1 R4 LDG.E.64 1 R4 8 1 0x7f3354d15000 8 0 
8 0 0 30 00e0 ffffffff 0 STG.E.64 2 R8 R6 8 1 0x7f3354e11e00 8 0 
11 0 0 16 00e0 ffffffff 0 STG.E.64 2 R8 R6 8 1 0x7f3354e17000 8 0 
32 0 0 16 00b0 ffffffff 1 R2 LDG.E.64 1 R2 8 1 0x7f3354c41000 8 0 
35 0 0 6 00b0 ffffffff 1 R2 LDG.E.64 1 R2 8 1 0x7f3354c46600 8 0 
40 0 0 31 00a0 ffffffff 1 R4 LDG.E.64 1 R4 8 1 0x7f3354d15500 8 0 
7 0 0 30 00b0 ffffffff 1 R2 LDG.E.64 1 R2 8 1 0x7f3354c0fe00 8 0 
71 0 0 4 00b0 ffffffff 1 R2 LDG.E.64 1 R2 8 1 0x7f3354c8e400 8 0 
88 0 0 5 00b0 ffffffff 1 R2 LDG.E.64 1 R2 8 1 0x7f3354cb0500 8 0 
7 0 0 22 00e0 ffffffff 0 STG.E.64 2 R8 R6 8 1 0x7f3354e0f600 8 0 
11 0 0 3 00e0 ffffffff 0 STG.E.64 2 R8 R6 8 1 0x7f3354e16300 8 0 
96 0 0 1 00b0 ffffffff 1 R2 LDG.E.64 1 R2 8 1 0x7f3354cc0100 8 0 
12 0 0 29 00a0 ffffffff 1 R4 LDG.E.64 1 R4 8 1 0x7f3354cdd300 8 0 
32 0 0 4 00e0 ffffffff 0 STG.E.64 2 R8 R6 8 1 0x7f3354e40400 8 0 
15 0 0 21 00e0 ffffffff 0 STG.E.64 2 R8 R6 8 1 0x7f3354e1f500 8 0 
68 0 0 28 00b0 ffffffff 1 R2 LDG.E.64 1 R2 8 1 0x7f3354c89c00 8 0 
88 0 0 8 00b0 ffffffff 1 R2 LDG.E.64 1 R2 8 1 0x7f3354cb0800 8 0 
64 0 0 19 00b0 ffffffff 1 R2 LDG.E.64 1 R2 8 1 0x7f3354c81300 8 0 
23 0 0 31 00e0 ffffffff 0 STG.E.64 2 R8 R6 8 1 0x7f3354e2ff00 8 0 
12 0 0 30 00b0 ffffffff 1 R2 LDG.E.64 1 R2 8 1 0x7f3354c19e00 8 0 
67 0 0 3 00b0 ffffffff 1 R2 LDG.E.64 1 R2 8 1 0x7f3354c86300 8 0 
64 0 0 3 00a0 ffffffff 1 R4 LDG.E.64 1 R4 8 1 0x7f3354d43900 8 0 
60 0 0 7 00a0 ffffffff 1 R4 LDG.E.64 1 R4 8 1 0x7f3354d3bd00 8 0 
7 0 0 15 00f0 ffffffff 0 EXIT 0 0 0 
11 0 0 6 00f0 ffffffff 0 EXIT 0 0 0 
63 0 0 16 00b0 ffffffff 1 R2 LDG.E.64 1 R2 8 1 0x7f3354c7f000 8 0 
96 0 0 25 00e0 ffffffff 0 STG.E.64 2 R8 R6 8 1 0x7f3354ec1900 8 0 
8 0 0 31 00f0 ffffffff 0 EXIT 0 0 0 
69 0 0 0 00f0 ffffffff 0 EXIT 0 0 0 
63 0 0 0 00e0 ffffffff 0 STG.E.64 2 R8 R6 8 1 0x7f3354e7e000 8 0 
83 0 0 24 00f0 ffffffff 0 EXIT 0 0 0 
83 0 0 29 00f0 ffffffff 0 EXIT 0 0 0 
67 0 0 2 00e0 ffffffff 0 STG.E.64 2 R8 R6 8 1 0x7f3354e86200 8 0 
95 0 0 19 00e0 ffffffff 0 STG.E.64 2 R8 R6 8 1 0x7f3354ebf300 8 0 
67 0 0 31 00b0 ffffffff 1 R2 LDG.E.64 1 R2 8 1 0x7f3354c87f00 8 0 
95 0 0 30 00e0 ffffffff 0 STG.E.64 2 R8 R6 8 1 0x7f3354ebfe00 8 0 
95 0 0 13 00e0 ffffffff 0 STG.E.64 2 R8 R6 8 1 0x7f3354ebed00 8 0 
95 0 0 0 00e0 ffffffff 0 STG.E.64 2 R8 R6 8 1 0x7f3354ebe000 8 0 
67 0 0 10 00e0 ffffffff 0 STG.E.64 2 R8 R6 8 1 0x7f3354e86a00 8 0 
95 0 0 23 00f0 ffffffff 0 EXIT 0 0 0 
95 0 0 2 00a0 ffffffff 1 R4 LDG.E.64 1 R4 8 1 0x7f3354d81800 8 0 
95 0 0 1 00a0 ffffffff 1 R4 LDG.E.64 1 R4 8 1 0x7f3354d81700 8 0 
95 0 0 15 00e0 ffffffff 0 STG.E.64 2 R8 R6 8 1 0x7f3354ebef00 8 0 
79 0 0 20 00e0 ffffffff 0 STG.E.64 2 R8 R6 8 1 0x7f3354e9f400 8 0 
35 0 0 1 00e0 ffffffff 0 STG.E.64 2 R8 R6 8 1 0x7f3354e46100 8 0 
67 0 0 23 00e0 ffffffff 0 STG.E.64 2 R8 R6 8 1 0x7f3354e87700 8 0 
95 0 0 11 00f0 ffffffff 0 EXIT 0 0 0 
67 0 0 16 00e0 ffffffff 0 STG.E.64 2 R8 R6 8 1 0x7f3354e87000 8 0 
15 0 0 18 00e0 ffffffff 0 STG.E.64 2 R8 R6 8 1 0x7f3354e1f200 8 0 
15 0 0 15 00f0 ffffffff 0 EXIT 0 0 0 
79 0 0 16 00e0 ffffffff 0 STG.E.64 2 R8 R6 8 1 0x7f3354e9f000 8 0 
91 0 0 19 00e0 ffffffff 0 STG.E.64 2 R8 R6 8 1 0x7f3354eb7300 8 0 
15 0 0 17 00e0 ffffffff 0 STG.E.64 2 R8 R6 8 1 0x7f3354e1f100 8 0 
79 0 0 15 00e0 ffffffff 0 STG.E.64 2 R8 R6 8 1 0x7f3354e9ef00 8 0 
15 0 0 7 00f0 ffffffff 0 EXIT 0 0 0 
83 0 0 22 00f0 ffffffff 0 EXIT 0 0 0 
63 0 0 13 00e0 ffffffff 0 STG.E.64 2 R8 R6 8 1 0x7f3354e7ed00 8 0 
80 0 0 25 00f0 ffffffff 0 EXIT 0 0 0 
72 0 0 0 00f0 ffffffff 0 EXIT 0 0 0 
87 0 0 0 00f0 ffffffff 0 EXIT 0 0 0 
79 0 0 21 00e0 ffffffff 0 STG.E.64 2 R8 R6 8 1 0x7f3354e9f500 8 0 
15 0 0 10 00f0 ffffffff 0 EXIT 0 0 0 
87 0 0 6 00f0 ffffffff 0 EXIT 0 0 0 
80 0 0 8 00f0 ffffffff 0 EXIT 0 0 0 
80 0 0 31 00f0 ffffffff 0 EXIT 0 0 0 
15 0 0 20 00e0 ffffffff 0 STG.E.64 2 R8 R6 8 1 0x7f3354e1f400 8 0 
63 0 0 9 00f0 ffffffff 0 EXIT 0 0 0 
80 0 0 7 00f0 ffffffff 0 EXIT 0 0 0 
91 0 0 29 00b0 ffffffff 1 R2 LDG.E.64 1 R2 8 1 0x7f3354cb7d00 8 0 
91 0 0 30 00e0 ffffffff 0 STG.E.64 2 R8 R6 8 1 0x7f3354eb7e00 8 0 
95 0 0 3 00a0 ffffffff 1 R4 LDG.E.64 1 R4 8 1 0x7f3354d81900 8 0 
84 0 0 1 00f0 ffffffff 0 EXIT 0 0 0 
84 0 0 30 00f0 ffffffff 0 EXIT 0 0 0 
15 0 0 3 00e0 ffffffff 0 STG.E.64 2 R8 R6 8 1 0x7f3354e1e300 8 0 
15 0 0 8 00e0 ffffffff 0 STG.E.64 2 R8 R6 8 1 0x7f3354e1e800 8 0 
59 0 0 27 00f0 ffffffff 0 EXIT 0 0 0 
79 0 0 11 00e0 ffffffff 0 STG.E.64 2 R8 R6 8 1 0x7f3354e9eb00 8 0 
67 0 0 5 00b0 ffffffff 1 R2 LDG.E.64 1 R2 8 1 0x7f3354c86500 8 0 
87 0 0 11 00f0 ffffffff 0 EXIT 0 0 0 
15 0 0 9 00e0 ffffffff 0 STG.E.64 2 R8 R6 8 1 0x7f3354e1e900 8 0 
12 0 0 4 00f0 ffffffff 0 EXIT 0 0 0 
87 0 0 29 00f0 ffffffff 0 EXIT 0 0 0 
15 0 0 0 00e0 ffffffff 0 STG.E.64 2 R8 R6 8 1 0x7f3354e1e000 8 0 
84 0 0 16 00f0 ffffffff 0 EXIT 0 0 0 
4 0 0 11 00a0 ffffffff 1 R4 LDG.E.64 1 R4 8 1 0x7f3354ccc100 8 0 
75 0 0 2 00f0 ffffffff 0 EXIT 0 0 0 
80 0 0 6 00f0 ffffffff 0 EXIT 0 0 0 
87 0 0 3 00f0 ffffffff 0 EXIT 0 0 0 
84 0 0 23 00f0 ffffffff 0 EXIT 0 0 0 
87 0 0 25 00f0 ffffffff 0 EXIT 0 0 0 
64 0 0 24 00f0 ffffffff 0 EXIT 0 0 0 
75 0 0 26 00f0 ffffffff 0 EXIT 0 0 0 
72 0 0 3 00f0 ffffffff 0 EXIT 0 0 0 
75 0 0 8 00f0 ffffffff 0 EXIT 0 0 0 
40 0 0 8 00e0 ffffffff 0 STG.E.64 2 R8 R6 8 1 0x7f3354e50800 8 0 
96 0 0 25 00f0 ffffffff 0 EXIT 0 0 0 
12 0 0 23 00e0 ffffffff 0 STG.E.64 2 R8 R6 8 1 0x7f3354e19700 8 0 
79 0 0 9 00e0 ffffffff 0 STG.E.64 2 R8 R6 8 1 0x7f3354e9e900 8 0 
32 0 0 20 00f0 ffffffff 0 EXIT 0 0 0 
35 0 0 27 00f0 ffffffff 0 EXIT 0 0 0 
40 0 0 6 00a0 ffffffff 1 R4 LDG.E.64 1 R4 8 1 0x7f3354d13c00 8 0 
64 0 0 29 00e0 ffffffff 0 STG.E.64 2 R8 R6 8 1 0x7f3354e81d00 8 0 
40 0 0 3 00e0 ffffffff 0 STG.E.64 2 R8 R6 8 1 0x7f3354e50300 8 0 
76 0 0 21 00e0 ffffffff 0 STG.E.64 2 R8 R6 8 1 0x7f3354e99500 8 0 
32 0 0 13 00e0 ffffffff 0 STG.E.64 2 R8 R6 8 1 0x7f3354e40d00 8 0 
72 0 0 29 00f0 ffffffff 0 EXIT 0 0 0 
15 0 0 6 00e0 ffffffff 0 STG.E.64 2 R8 R6 8 1 0x7f3354e1e600 8 0 
36 0 0 0 00e0 ffffffff 0 STG.E.64 2 R8 R6 8 1 0x7f3354e48000 8 0 
64 0 0 6 00a0 ffffffff 1 R4 LDG.E.64 1 R4 8 1 0x7f3354d43c00 8 0 
95 0 0 18 00e0 ffffffff 0 STG.E.64 2 R8 R6 8 1 0x7f3354ebf200 8 0 
84 0 0 10 00f0 ffffffff 0 EXIT 0 0 0 
64 0 0 16 00a0 ffffffff 1 R4 LDG.E.64 1 R4 8 1 0x7f3354d44600 8 0 
12 0 0 9 00e0 ffffffff 0 STG.E.64 2 R8 R6 8 1 0x7f3354e18900 8 0 
71 0 0 12 00e0 ffffffff 0 STG.E.64 2 R8 R6 8 1 0x7f3354e8ec00 8 0 
64 0 0 17 00b0 ffffffff 1 R2 LDG.E.64 1 R2 8 1 0x7f3354c81100 8 0 
72 0 0 25 00f0 ffffffff 0 EXIT 0 0 0 
91 0 0 13 00e0 ffffffff 0 STG.E.64 2 R8 R6 8 1 0x7f3354eb6d00 8 0 
4 0 0 18 00b0 ffffffff 1 R2 LDG.E.64 1 R2 8 1 0x7f3354c09200 8 0 
83 0 0 1 00f0 ffffffff 0 EXIT 0 0 0 
96 0 0 29 00e0 ffffffff 0 STG.E.64 2 R8 R6 8 1 0x7f3354ec1d00 8 0 
12 0 0 22 00e0 ffffffff 0 STG.E.64 2 R8 R6 8 1 0x7f3354e19600 8 0 
91 0 0 20 00f0 ffffffff 0 EXIT 0 0 0 
72 0 0 16 00f0 ffffffff 0 EXIT 0 0 0 
83 0 0 5 00f0 ffffffff 0 EXIT 0 0 0 
40 0 0 4 00f0 ffffffff 0 EXIT 0 0 0 
72 0 0 6 00f0 ffffffff 0 EXIT 0 0 0 
20 0 0 3 00b0 ffffffff 1 R2 LDG.E.64 1 R2 8 1 0x7f3354c28300 8 0 
36 0 0 11 00e0 ffffffff 0 STG.E.64 2 R8 R6 8 1 0x7f3354e48b00 8 0 
72 0 0 28 00f0 ffffffff 0 EXIT 0 0 0 
87 0 0 23 00f0 ffffffff 0 EXIT 0 0 0 
12 0 0 10 00e0 ffffffff 0 STG.E.64 2 R8 R6 8 1 0x7f3354e18a00 8 0 
15 0 0 5 00e0 ffffffff 0 STG.E.64 2 R8 R6 8 1 0x7f3354e1e500 8 0 
72 0 0 21 00f0 ffffffff 0 EXIT 0 0 0 
36 0 0 23 00f0 ffffffff 0 EXIT 0 0 0 
96 0 0 18 00e0 ffffffff 0 STG.E.64 2 R8 R6 8 1 0x7f3354ec1200 8 0 
64 0 0 31 00a0 ffffffff 1 R4 LDG.E.64 1 R4 8 1 0x7f3354d45500 8 0 
40 0 0 0 00f0 ffffffff 0 EXIT 0 0 0 
64 0 0 4 00a0 ffffffff 1 R4 LDG.E.64 1 R4 8 1 0x7f3354d43a00 8 0 
83 0 0 16 00f0 ffffffff 0 EXIT 0 0 0 
64 0 0 25 00e0 ffffffff 0 STG.E.64 2 R8 R6 8 1 0x7f3354e81900 8 0 
72 0 0 30 00f0 ffffffff 0 EXIT 0 0 0 
79 0 0 14 00e0 ffffffff 0 STG.E.64 2 R8 R6 8 1 0x7f3354e9ee00 8 0 
76 0 0 19 00f0 ffffffff 0 EXIT 0 0 0 
4 0 0 13 00e0 ffffffff 0 STG.E.64 2 R8 R6 8 1 0x7f3354e08d00 8 0 
36 0 0 9 00e0 ffffffff 0 STG.E.64 2 R8 R6 8 1 0x7f3354e48900 8 0 
72 0 0 5 00f0 ffffffff 0 EXIT 0 0 0 
32 0 0 29 00f0 ffffffff 0 EXIT 0 0 0 
39 0 0 22 00f0 ffffffff 0 EXIT 0 0 0 
87 0 0 31 00f0 ffffffff 0 EXIT 0 0 0 
4 0 0 31 00e0 ffffffff 0 STG.E.64 2 R8 R6 8 1 0x7f3354e09f00 8 0 
79 0 0 7 00e0 ffffffff 0 STG.E.64 2 R8 R6 8 1 0x7f3354e9e700 8 0 
76 0 0 15 00f0 ffffffff 0 EXIT 0 0 0 
39 0 0 31 00e0 ffffffff 0 STG.E.64 2 R8 R6 8 1 0x7f3354e4ff00 8 0 
72 0 0 22 00f0 ffffffff 0 EXIT 0 0 0 
40 0 0 5 00e0 ffffffff 0 STG.E.64 2 R8 R6 8 1 0x7f3354e50500 8 0 
91 0 0 17 00f0 ffffffff 0 EXIT 0 0 0 
84 0 0 29 00f0 ffffffff 0 EXIT 0 0 0 
79 0 0 2 00e0 ffffffff 0 STG.E.64 2 R8 R6 8 1 0x7f3354e9e200 8 0 
72 0 0 12 00f0 ffffffff 0 EXIT 0 0 0 
91 0 0 16 00e0 ffffffff 0 STG.E.64 2 R8 R6 8 1 0x7f3354eb7000 8 0 
76 0 0 25 00e0 ffffffff 0 STG.E.64 2 R8 R6 8 1 0x7f3354e99900 8 0 
56 0 0 23 00f0 ffffffff 0 EXIT 0 0 0 
96 0 0 15 00e0 ffffffff 0 STG.E.64 2 R8 R6 8 1 0x7f3354ec0f00 8 0 
84 0 0 0 00f0 ffffffff 0 EXIT 0 0 0 
64 0 0 21 00e0 ffffffff 0 STG.E.64 2 R8 R6 8 1 0x7f3354e81500 8 0 
56 0 0 10 00f0 ffffffff 0 EXIT 0 0 0 
4 0 0 19 00f0 ffffffff 0 EXIT 0 0 0 
96 0 0 21 00e0 ffffffff 0 STG.E.64 2 R8 R6 8 1 0x7f3354ec1500 8 0 
76 0 0 11 00e0 ffffffff 0 STG.E.64 2 R8 R6 8 1 0x7f3354e98b00 8 0 
96 0 0 31 00e0 ffffffff 0 STG.E.64 2 R8 R6 8 1 0x7f3354ec1f00 8 0 
76 0 0 26 00e0 ffffffff 0 STG.E.64 2 R8 R6 8 1 0x7f3354e99a00 8 0 
64 0 0 18 00a0 ffffffff 1 R4 LDG.E.64 1 R4 8 1 0x7f3354d44800 8 0 
68 0 0 31 00b0 ffffffff 1 R2 LDG.E.64 1 R2 8 1 0x7f3354c89f00 8 0 
91 0 0 12 00f0 ffffffff 0 EXIT 0 0 0 
7 0 0 31 00e0 ffffffff 0 STG.E.64 2 R8 R6 8 1 0x7f3354e0ff00 8 0 
96 0 0 27 00e0 ffffffff 0 STG.E.64 2 R8 R6 8 1 0x7f3354ec1b00 8 0 
4 0 0 7 00e0 ffffffff 0 STG.E.64 2 R8 R6 8 1 0x7f3354e08700 8 0 
36 0 0 13 00e0 ffffffff 0 STG.E.64 2 R8 R6 8 1 0x7f3354e48d00 8 0 
96 0 0 17 00f0 ffffffff 0 EXIT 0 0 0 
35 0 0 28 00e0 ffffffff 0 STG.E.64 2 R8 R6 8 1 0x7f3354e47c00 8 0 
32 0 0 4 00f0 ffffffff 0 EXIT 0 0 0 
35 0 0 23 00e0 ffffffff 0 STG.E.64 2 R8 R6 8 1 0x7f3354e47700 8 0 
64 0 0 1 00a0 ffffffff 1 R4 LDG.E.64 1 R4 8 1 0x7f3354d43700 8 0 
84 0 0 14 00f0 ffffffff 0 EXIT 0 0 0 
84 0 0 21 00f0 ffffffff 0 EXIT 0 0 0 
96 0 0 9 00e0 ffffffff 0 STG.E.64 2 R8 R6 8 1 0x7f3354ec0900 8 0 
64 0 0 3 00b0 ffffffff 1 R2 LDG.E.64 1 R2 8 1 0x7f3354c80300 8 0 
71 0 0 27 00e0 ffffffff 0 STG.E.64 2 R8 R6 8 1 0x7f3354e8fb00 8 0 
56 0 0 9 00f0 ffffffff 0 EXIT 0 0 0 
7 0 0 29 00e0 ffffffff 0 STG.E.64 2 R8 R6 8 1 0x7f3354e0fd00 8 0 
84 0 0 27 00f0 ffffffff 0 EXIT 0 0 0 
67 0 0 18 00e0 ffffffff 0 STG.E.64 2 R8 R6 8 1 0x7f3354e87200 8 0 
64 0 0 13 00b0 ffffffff 1 R2 LDG.E.64 1 R2 8 1 0x7f3354c80d00 8 0 
35 0 0 30 00e0 ffffffff 0 STG.E.64 2 R8 R6 8 1 0x7f3354e47e00 8 0 
76 0 0 17 00e0 ffffffff 0 STG.E.64 2 R8 R6 8 1 0x7f3354e99100 8 0 
64 0 0 10 00b0 ffffffff 1 R2 LDG.E.64 1 R2 8 1 0x7f3354c80a00 8 0 
35 0 0 29 00f0 ffffffff 0 EXIT 0 0 0 
64 0 0 15 00b0 ffffffff 1 R2 LDG.E.64 1 R2 8 1 0x7f3354c80f00 8 0 
7 0 0 27 00f0 ffffffff 0 EXIT 0 0 0 
35 0 0 24 00f0 ffffffff 0 EXIT 0 0 0 
39 0 0 13 00f0 ffffffff 0 EXIT 0 0 0 
36 0 0 10 00e0 ffffffff 0 STG.E.64 2 R8 R6 8 1 0x7f3354e48a00 8 0 
7 0 0 12 00e0 ffffffff 0 STG.E.64 2 R8 R6 8 1 0x7f3354e0ec00 8 0 
15 0 0 1 00e0 ffffffff 0 STG.E.64 2 R8 R6 8 1 0x7f3354e1e100 8 0 
56 0 0 25 00f0 ffffffff 0 EXIT 0 0 0 
56 0 0 26 00f0 ffffffff 0 EXIT 0 0 0 
11 0 0 14 00e0 ffffffff 0 STG.E.64 2 R8 R6 8 1 0x7f3354e16e00 8 0 
32 0 0 5 00f0 ffffffff 0 EXIT 0 0 0 
79 0 0 8 00e0 ffffffff 0 STG.E.64 2 R8 R6 8 1 0x7f3354e9e800 8 0 
76 0 0 13 00e0 ffffffff 0 STG.E.64 2 R8 R6 8 1 0x7f3354e98d00 8 0 
64 0 0 11 00a0 ffffffff 1 R4 LDG.E.64 1 R4 8 1 0x7f3354d44100 8 0 
12 0 0 1 00b0 ffffffff 1 R2 LDG.E.64 1 R2 8 1 0x7f3354c18100 8 0 
76 0 0 3 00a0 ffffffff 1 R4 LDG.E.64 1 R4 8 1 0x7f3354d5b900 8 0 
64 0 0 9 00a0 ffffffff 1 R4 LDG.E.64 1 R4 8 1 0x7f3354d43f00 8 0 
32 0 0 2 00e0 ffffffff 0 STG.E.64 2 R8 R6 8 1 0x7f3354e40200 8 0 
76 0 0 16 00e0 ffffffff 0 STG.E.64 2 R8 R6 8 1 0x7f3354e99000 8 0 
64 0 0 7 00b0 ffffffff 1 R2 LDG.E.64 1 R2 8 1 0x7f3354c80700 8 0 
92 0 0 25 00b0 ffffffff 1 R2 LDG.E.64 1 R2 8 1 0x7f3354cb9900 8 0 
4 0 0 6 00e0 ffffffff 0 STG.E.64 2 R8 R6 8 1 0x7f3354e08600 8 0 
76 0 0 9 00e0 ffffffff 0 STG.E.64 2 R8 R6 8 1 0x7f3354e98900 8 0 
84 0 0 28 00f0 ffffffff 0 EXIT 0 0 0 
96 0 0 24 00e0 ffffffff 0 STG.E.64 2 R8 R6 8 1 0x7f3354ec1800 8 0 
35 0 0 25 00e0 ffffffff 0 STG.E.64 2 R8 R6 8 1 0x7f3354e47900 8 0 
76 0 0 12 00e0 ffffffff 0 STG.E.64 2 R8 R6 8 1 0x7f3354e98c00 8 0 
79 0 0 3 00e0 ffffffff 0 STG.E.64 2 R8 R6 8 1 0x7f3354e9e300 8 0 
76 0 0 8 00e0 ffffffff 0 STG.E.64 2 R8 R6 8 1 0x7f3354e98800 8 0 
68 0 0 27 00e0 ffffffff 0 STG.E.64 2 R8 R6 8 1 0x7f3354e89b00 8 0 
32 0 0 0 00e0 ffffffff 0 STG.E.64 2 R8 R6 8 1 0x7f3354e40000 8 0 
76 0 0 10 00e0 ffffffff 0 STG.E.64 2 R8 R6 8 1 0x7f3354e98a00 8 0 
7 0 0 28 00f0 ffffffff 0 EXIT 0 0 0 
95 0 0 24 00f0 ffffffff 0 EXIT 0 0 0 
91 0 0 18 00e0 ffffffff 0 STG.E.64 2 R8 R6 8 1 0x7f3354eb7200 8 0 
35 0 0 0 00e0 ffffffff 0 STG.E.64 2 R8 R6 8 1 0x7f3354e46000 8 0 
15 0 0 2 00e0 ffffffff 0 STG.E.64 2 R8 R6 8 1 0x7f3354e1e200 8 0 
76 0 0 2 00a0 ffffffff 1 R4 LDG.E.64 1 R4 8 1 0x7f3354d5b800 8 0 
35 0 0 21 00e0 ffffffff 0 STG.E.64 2 R8 R6 8 1 0x7f3354e47500 8 0 
60 0 0 27 00f0 ffffffff 0 EXIT 0 0 0 
7 0 0 20 00f0 ffffffff 0 EXIT 0 0 0 
79 0 0 0 00e0 ffffffff 0 STG.E.64 2 R8 R6 8 1 0x7f3354e9e000 8 0 
35 0 0 26 00e0 ffffffff 0 STG.E.64 2 R8 R6 8 1 0x7f3354e47a00 8 0 
68 0 0 23 00e0 ffffffff 0 STG.E.64 2 R8 R6 8 1 0x7f3354e89700 8 0 
67 0 0 24 00e0 ffffffff 0 STG.E.64 2 R8 R6 8 1 0x7f3354e87800 8 0 
39 0 0 1 00f0 ffffffff 0 EXIT 0 0 0 
96 0 0 13 00e0 ffffffff 0 STG.E.64 2 R8 R6 8 1 0x7f3354ec0d00 8 0 
91 0 0 8 00e0 ffffffff 0 STG.E.64 2 R8 R6 8 1 0x7f3354eb6800 8 0 
7 0 0 18 00e0 ffffffff 0 STG.E.64 2 R8 R6 8 1 0x7f3354e0f200 8 0 
11 0 0 27 00f0 ffffffff 0 EXIT 0 0 0 
91 0 0 14 00e0 ffffffff 0 STG.E.64 2 R8 R6 8 1 0x7f3354eb6e00 8 0 
91 0 0 9 00e0 ffffffff 0 STG.E.64 2 R8 R6 8 1 0x7f3354eb6900 8 0 
36 0 0 3 00e0 ffffffff 0 STG.E.64 2 R8 R6 8 1 0x7f3354e48300 8 0 
7 0 0 11 00e0 ffffffff 0 STG.E.64 2 R8 R6 8 1 0x7f3354e0eb00 8 0 
60 0 0 23 00b0 ffffffff 1 R2 LDG.E.64 1 R2 8 1 0x7f3354c79700 8 0 
39 0 0 28 00f0 ffffffff 0 EXIT 0 0 0 
68 0 0 21 00a0 ffffffff 1 R4 LDG.E.64 1 R4 8 1 0x7f3354d4cb00 8 0 
11 0 0 21 00f0 ffffffff 0 EXIT 0 0 0 
7 0 0 25 00e0 ffffffff 0 STG.E.64 2 R8 R6 8 1 0x7f3354e0f900 8 0 
96 0 0 4 00e0 ffffffff 0 STG.E.64 2 R8 R6 8 1 0x7f3354ec0400 8 0 
91 0 0 4 00e0 ffffffff 0 STG.E.64 2 R8 R6 8 1 0x7f3354eb6400 8 0 
76 0 0 6 00a0 ffffffff 1 R4 LDG.E.64 1 R4 8 1 0x7f3354d5bc00 8 0 
11 0 0 23 00f0 ffffffff 0 EXIT 0 0 0 
91 0 0 5 00e0 ffffffff 0 STG.E.64 2 R8 R6 8 1 0x7f3354eb6500 8 0 
88 0 0 27 00e0 ffffffff 0 STG.E.64 2 R8 R6 8 1 0x7f3354eb1b00 8 0 
91 0 0 6 00b0 ffffffff 1 R2 LDG.E.64 1 R2 8 1 0x7f3354cb6600 8 0 
92 0 0 9 00a0 ffffffff 1 R4 LDG.E.64 1 R4 8 1 0x7f3354d7bf00 8 0 
11 0 0 28 00e0 ffffffff 0 STG.E.64 2 R8 R6 8 1 0x7f3354e17c00 8 0 
7 0 0 21 00e0 ffffffff 0 STG.E.64 2 R8 R6 8 1 0x7f3354e0f500 8 0 
92 0 0 28 00a0 ffffffff 1 R4 LDG.E.64 1 R4 8 1 0x7f3354d7d200 8 0 
8 0 0 5 00e0 ffffffff 0 STG.E.64 2 R8 R6 8 1 0x7f3354e10500 8 0 
23 0 0 29 00e0 ffffffff 0 STG.E.64 2 R8 R6 8 1 0x7f3354e2fd00 8 0 
88 0 0 18 00e0 ffffffff 0 STG.E.64 2 R8 R6 8 1 0x7f3354eb1200 8 0 
39 0 0 29 00e0 ffffffff 0 STG.E.64 2 R8 R6 8 1 0x7f3354e4fd00 8 0 
60 0 0 19 00b0 ffffffff 1 R2 LDG.E.64 1 R2 8 1 0x7f3354c79300 8 0 
7 0 0 7 00e0 ffffffff 0 STG.E.64 2 R8 R6 8 1 0x7f3354e0e700 8 0 
8 0 0 3 00a0 ffffffff 1 R4 LDG.E.64 1 R4 8 1 0x7f3354cd3900 8 0 
92 0 0 15 00a0 ffffffff 1 R4 LDG.E.64 1 R4 8 1 0x7f3354d7c500 8 0 
7 0 0 16 00f0 ffffffff 0 EXIT 0 0 0 
92 0 0 1 00b0 ffffffff 1 R2 LDG.E.64 1 R2 8 1 0x7f3354cb8100 8 0 
88 0 0 23 00b0 ffffffff 1 R2 LDG.E.64 1 R2 8 1 0x7f3354cb1700 8 0 
96 0 0 26 00a0 ffffffff 1 R4 LDG.E.64 1 R4 8 1 0x7f3354d85000 8 0 
11 0 0 30 00f0 ffffffff 0 EXIT 0 0 0 
39 0 0 11 00f0 ffffffff 0 EXIT 0 0 0 
11 0 0 29 00e0 ffffffff 0 STG.E.64 2 R8 R6 8 1 0x7f3354e17d00 8 0 
92 0 0 11 00a0 ffffffff 1 R4 LDG.E.64 1 R4 8 1 0x7f3354d7c100 8 0 
92 0 0 24 00b0 ffffffff 1 R2 LDG.E.64 1 R2 8 1 0x7f3354cb9800 8 0 
71 0 0 25 00e0 ffffffff 0 STG.E.64 2 R8 R6 8 1 0x7f3354e8f900 8 0 
68 0 0 26 00e0 ffffffff 0 STG.E.64 2 R8 R6 8 1 0x7f3354e89a00 8 0 
7 0 0 26 00f0 ffffffff 0 EXIT 0 0 0 
68 0 0 17 00e0 ffffffff 0 STG.E.64 2 R8 R6 8 1 0x7f3354e89100 8 0 
11 0 0 26 00e0 ffffffff 0 STG.E.64 2 R8 R6 8 1 0x7f3354e17a00 8 0 
8 0 0 23 00e0 ffffffff 0 STG.E.64 2 R8 R6 8 1 0x7f3354e11700 8 0 
88 0 0 17 00e0 ffffffff 0 STG.E.64 2 R8 R6 8 1 0x7f3354eb1100 8 0 
39 0 0 20 00e0 ffffffff 0 STG.E.64 2 R8 R6 8 1 0x7f3354e4f400 8 0 
20 0 0 16 00f0 ffffffff 0 EXIT 0 0 0 
68 0 0 13 00e0 ffffffff 0 STG.E.64 2 R8 R6 8 1 0x7f3354e88d00 8 0 
8 0 0 21 00f0 ffffffff 0 EXIT 0 0 0 
11 0 0 20 00e0 ffffffff 0 STG.E.64 2 R8 R6 8 1 0x7f3354e17400 8 0 
60 0 0 24 00f0 ffffffff 0 EXIT 0 0 0 
79 0 0 22 00e0 ffffffff 0 STG.E.64 2 R8 R6 8 1 0x7f3354e9f600 8 0 
8 0 0 6 00f0 ffffffff 0 EXIT 0 0 0 
39 0 0 21 00e0 ffffffff 0 STG.E.64 2 R8 R6 8 1 0x7f3354e4f500 8 0 
39 0 0 26 00e0 ffffffff 0 STG.E.64 2 R8 R6 8 1 0x7f3354e4fa00 8 0 
23 0 0 18 00f0 ffffffff 0 EXIT 0 0 0 
40 0 0 31 00b0 ffffffff 1 R2 LDG.E.64 1 R2 8 1 0x7f3354c51f00 8 0 
11 0 0 12 00f0 ffffffff 0 EXIT 0 0 0 
20 0 0 28 00b0 ffffffff 1 R2 LDG.E.64 1 R2 8 1 0x7f3354c29c00 8 0 
8 0 0 0 00e0 ffffffff 0 STG.E.64 2 R8 R6 8 1 0x7f3354e10000 8 0 
92 0 0 29 00b0 ffffffff 1 R2 LDG.E.64 1 R2 8 1 0x7f3354cb9d00 8 0 
11 0 0 11 00f0 ffffffff 0 EXIT 0 0 0 
20 0 0 18 00e0 ffffffff 0 STG.E.64 2 R8 R6 8 1 0x7f3354e29200 8 0 
7 0 0 3 00e0 ffffffff 0 STG.E.64 2 R8 R6 8 1 0x7f3354e0e300 8 0 
11 0 0 22 00e0 ffffffff 0 STG.E.64 2 R8 R6 8 1 0x7f3354e17600 8 0 
68 0 0 22 00e0 ffffffff 0 STG.E.64 2 R8 R6 8 1 0x7f3354e89600 8 0 
7 0 0 22 00f0 ffffffff 0 EXIT 0 0 0 
96 0 0 23 00e0 ffffffff 0 STG.E.64 2 R8 R6 8 1 0x7f3354ec1700 8 0 
39 0 0 9 00e0 ffffffff 0 STG.E.64 2 R8 R6 8 1 0x7f3354e4e900 8 0 
88 0 0 30 00b0 ffffffff 1 R2 LDG.E.64 1 R2 8 1 0x7f3354cb1e00 8 0 
11 0 0 7 00e0 ffffffff 0 STG.E.64 2 R8 R6 8 1 0x7f3354e16700 8 0 
39 0 0 14 00f0 ffffffff 0 EXIT 0 0 0 
88 0 0 13 00e0 ffffffff 0 STG.E.64 2 R8 R6 8 1 0x7f3354eb0d00 8 0 
39 0 0 16 00e0 ffffffff 0 STG.E.64 2 R8 R6 8 1 0x7f3354e4f000 8 0 
8 0 0 17 00e0 ffffffff 0 STG.E.64 2 R8 R6 8 1 0x7f3354e11100 8 0 
23 0 0 8 00e0 ffffffff 0 STG.E.64 2 R8 R6 8 1 0x7f3354e2e800 8 0 
23 0 0 30 00f0 ffffffff 0 EXIT 0 0 0 
40 0 0 27 00b0 ffffffff 1 R2 LDG.E.64 1 R2 8 1 0x7f3354c51b00 8 0 
40 0 0 28 00b0 ffffffff 1 R2 LDG.E.64 1 R2 8 1 0x7f3354c51c00 8 0 
60 0 0 11 00b0 ffffffff 1 R2 LDG.E.64 1 R2 8 1 0x7f3354c78b00 8 0 
20 0 0 23 00f0 ffffffff 0 EXIT 0 0 0 
92 0 0 16 00b0 ffffffff 1 R2 LDG.E.64 1 R2 8 1 0x7f3354cb9000 8 0 
88 0 0 4 00b0 ffffffff 1 R2 LDG.E.64 1 R2 8 1 0x7f3354cb0400 8 0 
23 0 0 28 00e0 ffffffff 0 STG.E.64 2 R8 R6 8 1 0x7f3354e2fc00 8 0 
39 0 0 15 00f0 ffffffff 0 EXIT 0 0 0 
11 0 0 3 00f0 ffffffff 0 EXIT 0 0 0 
23 0 0 31 00f0 ffffffff 0 EXIT 0 0 0 
8 0 0 28 00e0 ffffffff 0 STG.E.64 2 R8 R6 8 1 0x7f3354e11c00 8 0 
35 0 0 17 00e0 ffffffff 0 STG.E.64 2 R8 R6 8 1 0x7f3354e47100 8 0 
23 0 0 24 00b0 ffffffff 1 R2 LDG.E.64 1 R2 8 1 0x7f3354c2f800 8 0 
8 0 0 11 00e0 ffffffff 0 STG.E.64 2 R8 R6 8 1 0x7f3354e10b00 8 0 
71 0 0 17 00e0 ffffffff 0 STG.E.64 2 R8 R6 8 1 0x7f3354e8f100 8 0 
20 0 0 10 00e0 ffffffff 0 STG.E.64 2 R8 R6 8 1 0x7f3354e28a00 8 0 
23 0 0 27 00f0 ffffffff 0 EXIT 0 0 0 
35 0 0 19 00f0 ffffffff 0 EXIT 0 0 0 
39 0 0 5 00e0 ffffffff 0 STG.E.64 2 R8 R6 8 1 0x7f3354e4e500 8 0 
88 0 0 0 00b0 ffffffff 1 R2 LDG.E.64 1 R2 8 1 0x7f3354cb0000 8 0 
71 0 0 11 00e0 ffffffff 0 STG.E.64 2 R8 R6 8 1 0x7f3354e8eb00 8 0 
40 0 0 30 00e0 ffffffff 0 STG.E.64 2 R8 R6 8 1 0x7f3354e51e00 8 0 
11 0 0 10 00e0 ffffffff 0 STG.E.64 2 R8 R6 8 1 0x7f3354e16a00 8 0 
39 0 0 4 00e0 ffffffff 0 STG.E.64 2 R8 R6 8 1 0x7f3354e4e400 8 0 
8 0 0 30 00f0 ffffffff 0 EXIT 0 0 0 
7 0 0 6 00f0 ffffffff 0 EXIT 0 0 0 
23 0 0 20 00f0 ffffffff 0 EXIT 0 0 0 
11 0 0 16 00f0 ffffffff 0 EXIT 0 0 0 
92 0 0 17 00a0 ffffffff 1 R4 LDG.E.64 1 R4 8 1 0x7f3354d7c700 8 0 
39 0 0 25 00e0 ffffffff 0 STG.E.64 2 R8 R6 8 1 0x7f3354e4f900 8 0 
8 0 0 14 00e0 ffffffff 0 STG.E.64 2 R8 R6 8 1 0x7f3354e10e00 8 0 
71 0 0 21 00e0 ffffffff 0 STG.E.64 2 R8 R6 8 1 0x7f3354e8f500 8 0 
7 0 0 2 00e0 ffffffff 0 STG.E.64 2 R8 R6 8 1 0x7f3354e0e200 8 0 
71 0 0 10 00e0 ffffffff 0 STG.E.64 2 R8 R6 8 1 0x7f3354e8ea00 8 0 
40 0 0 24 00a0 ffffffff 1 R4 LDG.E.64 1 R4 8 1 0x7f3354d14e00 8 0 
23 0 0 23 00b0 ffffffff 1 R2 LDG.E.64 1 R2 8 1 0x7f3354c2f700 8 0 
11 0 0 13 00e0 ffffffff 0 STG.E.64 2 R8 R6 8 1 0x7f3354e16d00 8 0 
68 0 0 12 00b0 ffffffff 1 R2 LDG.E.64 1 R2 8 1 0x7f3354c88c00 8 0 
35 0 0 14 00e0 ffffffff 0 STG.E.64 2 R8 R6 8 1 0x7f3354e46e00 8 0 
92 0 0 7 00a0 ffffffff 1 R4 LDG.E.64 1 R4 8 1 0x7f3354d7bd00 8 0 
88 0 0 14 00b0 ffffffff 1 R2 LDG.E.64 1 R2 8 1 0x7f3354cb0e00 8 0 
71 0 0 0 00e0 ffffffff 0 STG.E.64 2 R8 R6 8 1 0x7f3354e8e000 8 0 
8 0 0 15 00e0 ffffffff 0 STG.E.64 2 R8 R6 8 1 0x7f3354e10f00 8 0 
40 0 0 19 00b0 ffffffff 1 R2 LDG.E.64 1 R2 8 1 0x7f3354c51300 8 0 
68 0 0 1 00e0 ffffffff 0 STG.E.64 2 R8 R6 8 1 0x7f3354e88100 8 0 
35 0 0 13 00f0 ffffffff 0 EXIT 0 0 0 
60 0 0 7 00b0 ffffffff 1 R2 LDG.E.64 1 R2 8 1 0x7f3354c78700 8 0 
39 0 0 2 00f0 ffffffff 0 EXIT 0 0 0 
88 0 0 11 00b0 ffffffff 1 R2 LDG.E.64 1 R2 8 1 0x7f3354cb0b00 8 0 
71 0 0 7 00e0 ffffffff 0 STG.E.64 2 R8 R6 8 1 0x7f3354e8e700 8 0 
23 0 0 15 00e0 ffffffff 0 STG.E.64 2 R8 R6 8 1 0x7f3354e2ef00 8 0 
40 0 0 21 00b0 ffffffff 1 R2 LDG.E.64 1 R2 8 1 0x7f3354c51500 8 0 
11 0 0 9 00e0 ffffffff 0 STG.E.64 2 R8 R6 8 1 0x7f3354e16900 8 0 
76 0 0 27 00e0 ffffffff 0 STG.E.64 2 R8 R6 8 1 0x7f3354e99b00 8 0 
39 0 0 7 00e0 ffffffff 0 STG.E.64 2 R8 R6 8 1 0x7f3354e4e700 8 0 
60 0 0 12 00e0 ffffffff 0 STG.E.64 2 R8 R6 8 1 0x7f3354e78c00 8 0 
71 0 0 2 00f0 ffffffff 0 EXIT 0 0 0 
92 0 0 4 00a0 ffffffff 1 R4 LDG.E.64 1 R4 8 1 0x7f3354d7ba00 8 0 
35 0 0 10 00f0 ffffffff 0 EXIT 0 0 0 
39 0 0 3 00e0 ffffffff 0 STG.E.64 2 R8 R6 8 1 0x7f3354e4e300 8 0 
20 0 0 21 00e0 ffffffff 0 STG.E.64 2 R8 R6 8 1 0x7f3354e29500 8 0 
63 0 0 28 00e0 ffffffff 0 STG.E.64 2 R8 R6 8 1 0x7f3354e7fc00 8 0 
12 0 0 16 00e0 ffffffff 0 STG.E.64 2 R8 R6 8 1 0x7f3354e19000 8 0 
71 0 0 30 00e0 ffffffff 0 STG.E.64 2 R8 R6 8 1 0x7f3354e8fe00 8 0 
79 0 0 5 00e0 ffffffff 0 STG.E.64 2 R8 R6 8 1 0x7f3354e9e500 8 0 
11 0 0 5 00e0 ffffffff 0 STG.E.64 2 R8 R6 8 1 0x7f3354e16500 8 0 
8 0 0 24 00f0 ffffffff 0 EXIT 0 0 0 
40 0 0 20 00b0 ffffffff 1 R2 LDG.E.64 1 R2 8 1 0x7f3354c51400 8 0 
71 0 0 3 00e0 ffffffff 0 STG.E.64 2 R8 R6 8 1 0x7f3354e8e300 8 0 
20 0 0 27 00e0 ffffffff 0 STG.E.64 2 R8 R6 8 1 0x7f3354e29b00 8 0 
12 0 0 8 00f0 ffffffff 0 EXIT 0 0 0 
67 0 0 30 00e0 ffffffff 0 STG.E.64 2 R8 R6 8 1 0x7f3354e87e00 8 0 
35 0 0 15 00e0 ffffffff 0 STG.E.64 2 R8 R6 8 1 0x7f3354e46f00 8 0 
92 0 0 10 00b0 ffffffff 1 R2 LDG.E.64 1 R2 8 1 0x7f3354cb8a00 8 0 
67 0 0 29 00e0 ffffffff 0 STG.E.64 2 R8 R6 8 1 0x7f3354e87d00 8 0 
36 0 0 8 00f0 ffffffff 0 EXIT 0 0 0 
88 0 0 3 00e0 ffffffff 0 STG.E.64 2 R8 R6 8 1 0x7f3354eb0300 8 0 
95 0 0 26 00f0 ffffffff 0 EXIT 0 0 0 
8 0 0 26 00e0 ffffffff 0 STG.E.64 2 R8 R6 8 1 0x7f3354e11a00 8 0 
40 0 0 26 00b0 ffffffff 1 R2 LDG.E.64 1 R2 8 1 0x7f3354c51a00 8 0 
71 0 0 8 00e0 ffffffff 0 STG.E.64 2 R8 R6 8 1 0x7f3354e8e800 8 0 
23 0 0 14 00e0 ffffffff 0 STG.E.64 2 R8 R6 8 1 0x7f3354e2ee00 8 0 
68 0 0 19 00f0 ffffffff 0 EXIT 0 0 0 
11 0 0 1 00f0 ffffffff 0 EXIT 0 0 0 
60 0 0 6 00e0 ffffffff 0 STG.E.64 2 R8 R6 8 1 0x7f3354e78600 8 0 
95 0 0 28 00f0 ffffffff 0 EXIT 0 0 0 
71 0 0 31 00b0 ffffffff 1 R2 LDG.E.64 1 R2 8 1 0x7f3354c8ff00 8 0 
40 0 0 16 00b0 ffffffff 1 R2 LDG.E.64 1 R2 8 1 0x7f3354c51000 8 0 
67 0 0 22 00e0 ffffffff 0 STG.E.64 2 R8 R6 8 1 0x7f3354e87600 8 0 
91 0 0 31 00e0 ffffffff 0 STG.E.64 2 R8 R6 8 1 0x7f3354eb7f00 8 0 
92 0 0 8 00a0 ffffffff 1 R4 LDG.E.64 1 R4 8 1 0x7f3354d7be00 8 0 
95 0 0 22 00e0 ffffffff 0 STG.E.64 2 R8 R6 8 1 0x7f3354ebf600 8 0 
8 0 0 1 00f0 ffffffff 0 EXIT 0 0 0 
40 0 0 17 00e0 ffffffff 0 STG.E.64 2 R8 R6 8 1 0x7f3354e51100 8 0 
23 0 0 16 00e0 ffffffff 0 STG.E.64 2 R8 R6 8 1 0x7f3354e2f000 8 0 
20 0 0 20 00e0 ffffffff 0 STG.E.64 2 R8 R6 8 1 0x7f3354e29400 8 0 
35 0 0 11 00e0 ffffffff 0 STG.E.64 2 R8 R6 8 1 0x7f3354e46b00 8 0 
36 0 0 26 00e0 ffffffff 0 STG.E.64 2 R8 R6 8 1 0x7f3354e49a00 8 0 
71 0 0 16 00e0 ffffffff 0 STG.E.64 2 R8 R6 8 1 0x7f3354e8f000 8 0 
8 0 0 20 00f0 ffffffff 0 EXIT 0 0 0 
40 0 0 22 00b0 ffffffff 1 R2 LDG.E.64 1 R2 8 1 0x7f3354c51600 8 0 
95 0 0 16 00f0 ffffffff 0 EXIT 0 0 0 
88 0 0 7 00b0 ffffffff 1 R2 LDG.E.64 1 R2 8 1 0x7f3354cb0700 8 0 
23 0 0 5 00f0 ffffffff 0 EXIT 0 0 0 
96 0 0 11 00e0 ffffffff 0 STG.E.64 2 R8 R6 8 1 0x7f3354ec0b00 8 0 
63 0 0 29 00e0 ffffffff 0 STG.E.64 2 R8 R6 8 1 0x7f3354e7fd00 8 0 
32 0 0 18 00f0 ffffffff 0 EXIT 0 0 0 
23 0 0 10 00e0 ffffffff 0 STG.E.64 2 R8 R6 8 1 0x7f3354e2ea00 8 0 
40 0 0 18 00e0 ffffffff 0 STG.E.64 2 R8 R6 8 1 0x7f3354e51200 8 0 
68 0 0 4 00f0 ffffffff 0 EXIT 0 0 0 
4 0 0 30 00f0 ffffffff 0 EXIT 0 0 0 
23 0 0 0 00f0 ffffffff 0 EXIT 0 0 0 
20 0 0 19 00f0 ffffffff 0 EXIT 0 0 0 
71 0 0 1 00e0 ffffffff 0 STG.E.64 2 R8 R6 8 1 0x7f3354e8e100 8 0 
23 0 0 3 00b0 ffffffff 1 R2 LDG.E.64 1 R2 8 1 0x7f3354c2e300 8 0 
4 0 0 28 00e0 ffffffff 0 STG.E.64 2 R8 R6 8 1 0x7f3354e09c00 8 0 
8 0 0 27 00f0 ffffffff 0 EXIT 0 0 0 
15 0 0 11 00e0 ffffffff 0 STG.E.64 2 R8 R6 8 1 0x7f3354e1eb00 8 0 
40 0 0 11 00b0 ffffffff 1 R2 LDG.E.64 1 R2 8 1 0x7f3354c50b00 8 0 
23 0 0 1 00e0 ffffffff 0 STG.E.64 2 R8 R6 8 1 0x7f3354e2e100 8 0 
35 0 0 5 00e0 ffffffff 0 STG.E.64 2 R8 R6 8 1 0x7f3354e46500 8 0 
95 0 0 14 00f0 ffffffff 0 EXIT 0 0 0 
63 0 0 10 00f0 ffffffff 0 EXIT 0 0 0 
15 0 0 30 00f0 ffffffff 0 EXIT 0 0 0 
35 0 0 3 00e0 ffffffff 0 STG.E.64 2 R8 R6 8 1 0x7f3354e46300 8 0 
32 0 0 12 00f0 ffffffff 0 EXIT 0 0 0 
8 0 0 18 00e0 ffffffff 0 STG.E.64 2 R8 R6 8 1 0x7f3354e11200 8 0 
95 0 0 17 00e0 ffffffff 0 STG.E.64 2 R8 R6 8 1 0x7f3354ebf100 8 0 
40 0 0 15 00b0 ffffffff 1 R2 LDG.E.64 1 R2 8 1 0x7f3354c50f00 8 0 
63 0 0 3 00f0 ffffffff 0 EXIT 0 0 0 
20 0 0 12 00f0 ffffffff 0 EXIT 0 0 0 
15 0 0 13 00f0 ffffffff 0 EXIT 0 0 0 
68 0 0 0 00e0 ffffffff 0 STG.E.64 2 R8 R6 8 1 0x7f3354e88000 8 0 
23 0 0 6 00e0 ffffffff 0 STG.E.64 2 R8 R6 8 1 0x7f3354e2e600 8 0 
60 0 0 4 00e0 ffffffff 0 STG.E.64 2 R8 R6 8 1 0x7f3354e78400 8 0 
91 0 0 23 00e0 ffffffff 0 STG.E.64 2 R8 R6 8 1 0x7f3354eb7700 8 0 
92 0 0 5 00a0 ffffffff 1 R4 LDG.E.64 1 R4 8 1 0x7f3354d7bb00 8 0 
95 0 0 27 00f0 ffffffff 0 EXIT 0 0 0 
32 0 0 19 00f0 ffffffff 0 EXIT 0 0 0 
63 0 0 17 00e0 ffffffff 0 STG.E.64 2 R8 R6 8 1 0x7f3354e7f100 8 0 
64 0 0 28 00e0 ffffffff 0 STG.E.64 2 R8 R6 8 1 0x7f3354e81c00 8 0 
15 0 0 4 00f0 ffffffff 0 EXIT 0 0 0 
40 0 0 13 00b0 ffffffff 1 R2 LDG.E.64 1 R2 8 1 0x7f3354c50d00 8 0 
20 0 0 22 00e0 ffffffff 0 STG.E.64 2 R8 R6 8 1 0x7f3354e29600 8 0 
35 0 0 31 00e0 ffffffff 0 STG.E.64 2 R8 R6 8 1 0x7f3354e47f00 8 0 
12 0 0 28 00e0 ffffffff 0 STG.E.64 2 R8 R6 8 1 0x7f3354e19c00 8 0 
95 0 0 6 00b0 ffffffff 1 R2 LDG.E.64 1 R2 8 1 0x7f3354cbe600 8 0 
4 0 0 27 00f0 ffffffff 0 EXIT 0 0 0 
36 0 0 31 00f0 ffffffff 0 EXIT 0 0 0 
32 0 0 31 00f0 ffffffff 0 EXIT 0 0 0 
8 0 0 12 00e0 ffffffff 0 STG.E.64 2 R8 R6 8 1 0x7f3354e10c00 8 0 
40 0 0 14 00b0 ffffffff 1 R2 LDG.E.64 1 R2 8 1 0x7f3354c50e00 8 0 
20 0 0 6 00e0 ffffffff 0 STG.E.64 2 R8 R6 8 1 0x7f3354e28600 8 0 
63 0 0 15 00e0 ffffffff 0 STG.E.64 2 R8 R6 8 1 0x7f3354e7ef00 8 0 
12 0 0 29 00b0 ffffffff 1 R2 LDG.E.64 1 R2 8 1 0x7f3354c19d00 8 0 
15 0 0 27 00f0 ffffffff 0 EXIT 0 0 0 
4 0 0 20 00e0 ffffffff 0 STG.E.64 2 R8 R6 8 1 0x7f3354e09400 8 0 
23 0 0 2 00e0 ffffffff 0 STG.E.64 2 R8 R6 8 1 0x7f3354e2e200 8 0 
95 0 0 4 00e0 ffffffff 0 STG.E.64 2 R8 R6 8 1 0x7f3354ebe400 8 0 
36 0 0 22 00b0 ffffffff 1 R2 LDG.E.64 1 R2 8 1 0x7f3354c49600 8 0 
63 0 0 6 00e0 ffffffff 0 STG.E.64 2 R8 R6 8 1 0x7f3354e7e600 8 0 
32 0 0 27 00e0 ffffffff 0 STG.E.64 2 R8 R6 8 1 0x7f3354e41b00 8 0 
15 0 0 26 00b0 ffffffff 1 R2 LDG.E.64 1 R2 8 1 0x7f3354c1fa00 8 0 
40 0 0 10 00b0 ffffffff 1 R2 LDG.E.64 1 R2 8 1 0x7f3354c50a00 8 0 
20 0 0 11 00b0 ffffffff 1 R2 LDG.E.64 1 R2 8 1 0x7f3354c28b00 8 0 
12 0 0 17 00f0 ffffffff 0 EXIT 0 0 0 
4 0 0 23 00f0 ffffffff 0 EXIT 0 0 0 
15 0 0 16 00e0 ffffffff 0 STG.E.64 2 R8 R6 8 1 0x7f3354e1f000 8 0 
15 0 0 21 00f0 ffffffff 0 EXIT 0 0 0 
8 0 0 10 00e0 ffffffff 0 STG.E.64 2 R8 R6 8 1 0x7f3354e10a00 8 0 
15 0 0 23 00e0 ffffffff 0 STG.E.64 2 R8 R6 8 1 0x7f3354e1f700 8 0 
4 0 0 26 00e0 ffffffff 0 STG.E.64 2 R8 R6 8 1 0x7f3354e09a00 8 0 
8 0 0 8 00e0 ffffffff 0 STG.E.64 2 R8 R6 8 1 0x7f3354e10800 8 0 
12 0 0 24 00e0 ffffffff 0 STG.E.64 2 R8 R6 8 1 0x7f3354e19800 8 0 
4 0 0 12 00a0 ffffffff 1 R4 LDG.E.64 1 R4 8 1 0x7f3354ccc200 8 0 
36 0 0 25 00e0 ffffffff 0 STG.E.64 2 R8 R6 8 1 0x7f3354e49900 8 0 
8 0 0 2 00f0 ffffffff 0 EXIT 0 0 0 
15 0 0 24 00f0 ffffffff 0 EXIT 0 0 0 
15 0 0 22 00e0 ffffffff 0 STG.E.64 2 R8 R6 8 1 0x7f3354e1f600 8 0 
12 0 0 31 00e0 ffffffff 0 STG.E.64 2 R8 R6 8 1 0x7f3354e19f00 8 0 
4 0 0 25 00e0 ffffffff 0 STG.E.64 2 R8 R6 8 1 0x7f3354e09900 8 0 
36 0 0 20 00e0 ffffffff 0 STG.E.64 2 R8 R6 8 1 0x7f3354e49400 8 0 
32 0 0 26 00e0 ffffffff 0 STG.E.64 2 R8 R6 8 1 0x7f3354e41a00 8 0 
20 0 0 7 00a0 ffffffff 1 R4 LDG.E.64 1 R4 8 1 0x7f3354cebd00 8 0 
4 0 0 29 00e0 ffffffff 0 STG.E.64 2 R8 R6 8 1 0x7f3354e09d00 8 0 
32 0 0 8 00e0 ffffffff 0 STG.E.64 2 R8 R6 8 1 0x7f3354e40800 8 0 
12 0 0 19 00e0 ffffffff 0 STG.E.64 2 R8 R6 8 1 0x7f3354e19300 8 0 
4 0 0 21 00e0 ffffffff 0 STG.E.64 2 R8 R6 8 1 0x7f3354e09500 8 0 
92 0 0 6 00b0 ffffffff 1 R2 LDG.E.64 1 R2 8 1 0x7f3354cb8600 8 0 
32 0 0 23 00e0 ffffffff 0 STG.E.64 2 R8 R6 8 1 0x7f3354e41700 8 0 
12 0 0 20 00f0 ffffffff 0 EXIT 0 0 0 
4 0 0 22 00e0 ffffffff 0 STG.E.64 2 R8 R6 8 1 0x7f3354e09600 8 0 
36 0 0 12 00f0 ffffffff 0 EXIT 0 0 0 
32 0 0 22 00f0 ffffffff 0 EXIT 0 0 0 
12 0 0 27 00e0 ffffffff 0 STG.E.64 2 R8 R6 8 1 0x7f3354e19b00 8 0 
32 0 0 28 00e0 ffffffff 0 STG.E.64 2 R8 R6 8 1 0x7f3354e41c00 8 0 
60 0 0 9 00b0 ffffffff 1 R2 LDG.E.64 1 R2 8 1 0x7f3354c78900 8 0 
36 0 0 17 00f0 ffffffff 0 EXIT 0 0 0 
12 0 0 25 00e0 ffffffff 0 STG.E.64 2 R8 R6 8 1 0x7f3354e19900 8 0 
36 0 0 19 00e0 ffffffff 0 STG.E.64 2 R8 R6 8 1 0x7f3354e49300 8 0 
11 0 0 10 00f0 ffffffff 0 EXIT 0 0 0 
11 0 0 9 00f0 ffffffff 0 EXIT 0 0 0 
11 0 0 13 00f0 ffffffff 0 EXIT 0 0 0 
11 0 0 28 00f0 ffffffff 0 EXIT 0 0 0 
11 0 0 5 00f0 ffffffff 0 EXIT 0 0 0 
11 0 0 14 00f0 ffffffff 0 EXIT 0 0 0 
11 0 0 29 00f0 ffffffff 0 EXIT 0 0 0 
7 0 0 29 00f0 ffffffff 0 EXIT 0 0 0 
7 0 0 11 00f0 ffffffff 0 EXIT 0 0 0 
39 0 0 5 00f0 ffffffff 0 EXIT 0 0 0 
11 0 0 7 00f0 ffffffff 0 EXIT 0 0 0 
11 0 0 20 00f0 ffffffff 0 EXIT 0 0 0 
11 0 0 22 00f0 ffffffff 0 EXIT 0 0 0 
11 0 0 26 00f0 ffffffff 0 EXIT 0 0 0 
39 0 0 31 00f0 ffffffff 0 EXIT 0 0 0 
39 0 0 29 00f0 ffffffff 0 EXIT 0 0 0 
39 0 0 21 00f0 ffffffff 0 EXIT 0 0 0 
35 0 0 0 00f0 ffffffff 0 EXIT 0 0 0 
35 0 0 25 00f0 ffffffff 0 EXIT 0 0 0 
7 0 0 31 00f0 ffffffff 0 EXIT 0 0 0 
39 0 0 25 00f0 ffffffff 0 EXIT 0 0 0 
39 0 0 20 00f0 ffffffff 0 EXIT 0 0 0 
35 0 0 30 00f0 ffffffff 0 EXIT 0 0 0 
35 0 0 28 00f0 ffffffff 0 EXIT 0 0 0 
7 0 0 7 00f0 ffffffff 0 EXIT 0 0 0 
7 0 0 12 00f0 ffffffff 0 EXIT 0 0 0 
7 0 0 3 00f0 ffffffff 0 EXIT 0 0 0 
7 0 0 18 00f0 ffffffff 0 EXIT 0 0 0 
35 0 0 1 00f0 ffffffff 0 EXIT 0 0 0 
39 0 0 26 00f0 ffffffff 0 EXIT 0 0 0 
7 0 0 21 00f0 ffffffff 0 EXIT 0 0 0 
35 0 0 21 00f0 ffffffff 0 EXIT 0 0 0 
35 0 0 26 00f0 ffffffff 0 EXIT 0 0 0 
15 0 0 17 00f0 ffffffff 0 EXIT 0 0 0 
15 0 0 20 00f0 ffffffff 0 EXIT 0 0 0 
7 0 0 2 00f0 ffffffff 0 EXIT 0 0 0 
7 0 0 25 00f0 ffffffff 0 EXIT 0 0 0 
23 0 0 29 00f0 ffffffff 0 EXIT 0 0 0 
35 0 0 17 00f0 ffffffff 0 EXIT 0 0 0 
15 0 0 23 00f0 ffffffff 0 EXIT 0 0 0 
15 0 0 6 00f0 ffffffff 0 EXIT 0 0 0 
39 0 0 7 00f0 ffffffff 0 EXIT 0 0 0 
15 0 0 11 00f0 ffffffff 0 EXIT 0 0 0 
39 0 0 9 00f0 ffffffff 0 EXIT 0 0 0 
15 0 0 9 00f0 ffffffff 0 EXIT 0 0 0 
36 0 0 20 00f0 ffffffff 0 EXIT 0 0 0 
15 0 0 18 00f0 ffffffff 0 EXIT 0 0 0 
15 0 0 22 00f0 ffffffff 0 EXIT 0 0 0 
36 0 0 26 00f0 ffffffff 0 EXIT 0 0 0 
35 0 0 31 00f0 ffffffff 0 EXIT 0 0 0 
39 0 0 16 00f0 ffffffff 0 EXIT 0 0 0 
39 0 0 4 00f0 ffffffff 0 EXIT 0 0 0 
36 0 0 10 00f0 ffffffff 0 EXIT 0 0 0 
35 0 0 5 00f0 ffffffff 0 EXIT 0 0 0 
35 0 0 23 00f0 ffffffff 0 EXIT 0 0 0 
15 0 0 3 00f0 ffffffff 0 EXIT 0 0 0 
36 0 0 0 00f0 ffffffff 0 EXIT 0 0 0 
15 0 0 2 00f0 ffffffff 0 EXIT 0 0 0 
35 0 0 15 00f0 ffffffff 0 EXIT 0 0 0 
8 0 0 17 00f0 ffffffff 0 EXIT 0 0 0 
4 0 0 28 00f0 ffffffff 0 EXIT 0 0 0 
35 0 0 3 00f0 ffffffff 0 EXIT 0 0 0 
23 0 0 28 00f0 ffffffff 0 EXIT 0 0 0 
35 0 0 14 00f0 ffffffff 0 EXIT 0 0 0 
15 0 0 16 00f0 ffffffff 0 EXIT 0 0 0 
23 0 0 10 00f0 ffffffff 0 EXIT 0 0 0 
15 0 0 5 00f0 ffffffff 0 EXIT 0 0 0 
23 0 0 8 00f0 ffffffff 0 EXIT 0 0 0 
23 0 0 6 00f0 ffffffff 0 EXIT 0 0 0 
15 0 0 1 00f0 ffffffff 0 EXIT 0 0 0 
15 0 0 8 00f0 ffffffff 0 EXIT 0 0 0 
35 0 0 11 00f0 ffffffff 0 EXIT 0 0 0 
8 0 0 14 00f0 ffffffff 0 EXIT 0 0 0 
8 0 0 5 00f0 ffffffff 0 EXIT 0 0 0 
39 0 0 3 00f0 ffffffff 0 EXIT 0 0 0 
12 0 0 25 00f0 ffffffff 0 EXIT 0 0 0 
15 0 0 0 00f0 ffffffff 0 EXIT 0 0 0 
23 0 0 14 00f0 ffffffff 0 EXIT 0 0 0 
23 0 0 2 00f0 ffffffff 0 EXIT 0 0 0 
23 0 0 1 00f0 ffffffff 0 EXIT 0 0 0 
23 0 0 16 00f0 ffffffff 0 EXIT 0 0 0 
23 0 0 15 00f0 ffffffff 0 EXIT 0 0 0 
12 0 0 28 00f0 ffffffff 0 EXIT 0 0 0 
8 0 0 26 00f0 ffffffff 0 EXIT 0 0 0 
8 0 0 11 00f0 ffffffff 0 EXIT 0 0 0 
12 0 0 16 00f0 ffffffff 0 EXIT 0 0 0 
32 0 0 26 00f0 ffffffff 0 EXIT 0 0 0 
36 0 0 13 00f0 ffffffff 0 EXIT 0 0 0 
12 0 0 22 00f0 ffffffff 0 EXIT 0 0 0 
32 0 0 8 00f0 ffffffff 0 EXIT 0 0 0 
36 0 0 25 00f0 ffffffff 0 EXIT 0 0 0 
40 0 0 5 00f0 ffffffff 0 EXIT 0 0 0 
36 0 0 11 00f0 ffffffff 0 EXIT 0 0 0 
32 0 0 2 00f0 ffffffff 0 EXIT 0 0 0 
36 0 0 19 00f0 ffffffff 0 EXIT 0 0 0 
8 0 0 12 00f0 ffffffff 0 EXIT 0 0 0 
40 0 0 8 00f0 ffffffff 0 EXIT 0 0 0 
32 0 0 13 00f0 ffffffff 0 EXIT 0 0 0 
36 0 0 9 00f0 ffffffff 0 EXIT 0 0 0 
32 0 0 28 00f0 ffffffff 0 EXIT 0 0 0 
8 0 0 15 00f0 ffffffff 0 EXIT 0 0 0 
67 0 0 30 00f0 ffffffff 0 EXIT 0 0 0 
67 0 0 18 00f0 ffffffff 0 EXIT 0 0 0 
8 0 0 10 00f0 ffffffff 0 EXIT 0 0 0 
67 0 0 10 00f0 ffffffff 0 EXIT 0 0 0 
67 0 0 2 00f0 ffffffff 0 EXIT 0 0 0 
67 0 0 22 00f0 ffffffff 0 EXIT 0 0 0 
8 0 0 18 00f0 ffffffff 0 EXIT 0 0 0 
12 0 0 23 00f0 ffffffff 0 EXIT 0 0 0 
4 0 0 20 00f0 ffffffff 0 EXIT 0 0 0 
36 0 0 3 00f0 ffffffff 0 EXIT 0 0 0 
8 0 0 23 00f0 ffffffff 0 EXIT 0 0 0 
12 0 0 27 00f0 ffffffff 0 EXIT 0 0 0 
12 0 0 24 00f0 ffffffff 0 EXIT 0 0 0 
8 0 0 28 00f0 ffffffff 0 EXIT 0 0 0 
8 0 0 0 00f0 ffffffff 0 EXIT 0 0 0 
20 0 0 20 00f0 ffffffff 0 EXIT 0 0 0 
32 0 0 0 00f0 ffffffff 0 EXIT 0 0 0 
32 0 0 23 00f0 ffffffff 0 EXIT 0 0 0 
40 0 0 18 00f0 ffffffff 0 EXIT 0 0 0 
32 0 0 27 00f0 ffffffff 0 EXIT 0 0 0 
8 0 0 8 00f0 ffffffff 0 EXIT 0 0 0 
12 0 0 19 00f0 ffffffff 0 EXIT 0 0 0 
20 0 0 22 00f0 ffffffff 0 EXIT 0 0 0 
4 0 0 13 00f0 ffffffff 0 EXIT 0 0 0 
4 0 0 29 00f0 ffffffff 0 EXIT 0 0 0 
95 0 0 17 00f0 ffffffff 0 EXIT 0 0 0 
12 0 0 31 00f0 ffffffff 0 EXIT 0 0 0 
4 0 0 21 00f0 ffffffff 0 EXIT 0 0 0 
11 0 0 4 00e0 ffffffff 0 STG.E.64 2 R8 R6 8 1 0x7f3354e16400 8 0 
12 0 0 10 00f0 ffffffff 0 EXIT 0 0 0 
12 0 0 9 00f0 ffffffff 0 EXIT 0 0 0 
4 0 0 31 00f0 ffffffff 0 EXIT 0 0 0 
4 0 0 22 00f0 ffffffff 0 EXIT 0 0 0 
20 0 0 27 00f0 ffffffff 0 EXIT 0 0 0 
67 0 0 16 00f0 ffffffff 0 EXIT 0 0 0 
40 0 0 30 00f0 ffffffff 0 EXIT 0 0 0 
4 0 0 7 00f0 ffffffff 0 EXIT 0 0 0 
40 0 0 17 00f0 ffffffff 0 EXIT 0 0 0 
4 0 0 25 00f0 ffffffff 0 EXIT 0 0 0 
40 0 0 3 00f0 ffffffff 0 EXIT 0 0 0 
63 0 0 15 00f0 ffffffff 0 EXIT 0 0 0 
4 0 0 6 00f0 ffffffff 0 EXIT 0 0 0 
4 0 0 26 00f0 ffffffff 0 EXIT 0 0 0 
20 0 0 10 00f0 ffffffff 0 EXIT 0 0 0 
20 0 0 6 00f0 ffffffff 0 EXIT 0 0 0 
20 0 0 18 00f0 ffffffff 0 EXIT 0 0 0 
20 0 0 21 00f0 ffffffff 0 EXIT 0 0 0 
11 0 0 8 00e0 ffffffff 0 STG.E.64 2 R8 R6 8 1 0x7f3354e16800 8 0 
71 0 0 30 00f0 ffffffff 0 EXIT 0 0 0 
15 0 0 28 00e0 ffffffff 0 STG.E.64 2 R8 R6 8 1 0x7f3354e1fc00 8 0 
67 0 0 24 00f0 ffffffff 0 EXIT 0 0 0 
67 0 0 23 00f0 ffffffff 0 EXIT 0 0 0 
63 0 0 6 00f0 ffffffff 0 EXIT 0 0 0 
91 0 0 19 00f0 ffffffff 0 EXIT 0 0 0 
15 0 0 12 00e0 ffffffff 0 STG.E.64 2 R8 R6 8 1 0x7f3354e1ec00 8 0 
63 0 0 29 00f0 ffffffff 0 EXIT 0 0 0 
63 0 0 17 00f0 ffffffff 0 EXIT 0 0 0 
36 0 0 24 00e0 ffffffff 0 STG.E.64 2 R8 R6 8 1 0x7f3354e49800 8 0 
95 0 0 30 00f0 ffffffff 0 EXIT 0 0 0 
7 0 0 13 00e0 ffffffff 0 STG.E.64 2 R8 R6 8 1 0x7f3354e0ed00 8 0 
95 0 0 4 00f0 ffffffff 0 EXIT 0 0 0 
71 0 0 10 00f0 ffffffff 0 EXIT 0 0 0 
95 0 0 18 00f0 ffffffff 0 EXIT 0 0 0 
95 0 0 22 00f0 ffffffff 0 EXIT 0 0 0 
63 0 0 13 00f0 ffffffff 0 EXIT 0 0 0 
35 0 0 2 00e0 ffffffff 0 STG.E.64 2 R8 R6 8 1 0x7f3354e46200 8 0 
67 0 0 29 00f0 ffffffff 0 EXIT 0 0 0 
39 0 0 30 00e0 ffffffff 0 STG.E.64 2 R8 R6 8 1 0x7f3354e4fe00 8 0 
35 0 0 9 00e0 ffffffff 0 STG.E.64 2 R8 R6 8 1 0x7f3354e46900 8 0 
39 0 0 0 00e0 ffffffff 0 STG.E.64 2 R8 R6 8 1 0x7f3354e4e000 8 0 
15 0 0 25 00e0 ffffffff 0 STG.E.64 2 R8 R6 8 1 0x7f3354e1f900 8 0 
35 0 0 4 00e0 ffffffff 0 STG.E.64 2 R8 R6 8 1 0x7f3354e46400 8 0 
91 0 0 16 00f0 ffffffff 0 EXIT 0 0 0 
91 0 0 23 00f0 ffffffff 0 EXIT 0 0 0 
95 0 0 13 00f0 ffffffff 0 EXIT 0 0 0 
91 0 0 31 00f0 ffffffff 0 EXIT 0 0 0 
95 0 0 0 00f0 ffffffff 0 EXIT 0 0 0 
36 0 0 15 00e0 ffffffff 0 STG.E.64 2 R8 R6 8 1 0x7f3354e48f00 8 0 
23 0 0 26 00e0 ffffffff 0 STG.E.64 2 R8 R6 8 1 0x7f3354e2fa00 8 0 
76 0 0 27 00f0 ffffffff 0 EXIT 0 0 0 
71 0 0 8 00f0 ffffffff 0 EXIT 0 0 0 
71 0 0 0 00f0 ffffffff 0 EXIT 0 0 0 
71 0 0 12 00f0 ffffffff 0 EXIT 0 0 0 
91 0 0 4 00f0 ffffffff 0 EXIT 0 0 0 
71 0 0 16 00f0 ffffffff 0 EXIT 0 0 0 
23 0 0 4 00e0 ffffffff 0 STG.E.64 2 R8 R6 8 1 0x7f3354e2e400 8 0 
91 0 0 8 00f0 ffffffff 0 EXIT 0 0 0 
7 0 0 17 00e0 ffffffff 0 STG.E.64 2 R8 R6 8 1 0x7f3354e0f100 8 0 
7 0 0 1 00e0 ffffffff 0 STG.E.64 2 R8 R6 8 1 0x7f3354e0e100 8 0 
7 0 0 14 00e0 ffffffff 0 STG.E.64 2 R8 R6 8 1 0x7f3354e0ee00 8 0 
64 0 0 28 00f0 ffffffff 0 EXIT 0 0 0 
39 0 0 24 00e0 ffffffff 0 STG.E.64 2 R8 R6 8 1 0x7f3354e4f800 8 0 
20 0 0 24 00a0 ffffffff 1 R4 LDG.E.64 1 R4 8 1 0x7f3354cece00 8 0 
7 0 0 19 00e0 ffffffff 0 STG.E.64 2 R8 R6 8 1 0x7f3354e0f300 8 0 
11 0 0 17 00e0 ffffffff 0 STG.E.64 2 R8 R6 8 1 0x7f3354e17100 8 0 
7 0 0 10 00e0 ffffffff 0 STG.E.64 2 R8 R6 8 1 0x7f3354e0ea00 8 0 
4 0 0 16 00e0 ffffffff 0 STG.E.64 2 R8 R6 8 1 0x7f3354e09000 8 0 
63 0 0 28 00f0 ffffffff 0 EXIT 0 0 0 
91 0 0 18 00f0 ffffffff 0 EXIT 0 0 0 
91 0 0 30 00f0 ffffffff 0 EXIT 0 0 0 
71 0 0 1 00f0 ffffffff 0 EXIT 0 0 0 
15 0 0 31 00e0 ffffffff 0 STG.E.64 2 R8 R6 8 1 0x7f3354e1ff00 8 0 
39 0 0 19 00e0 ffffffff 0 STG.E.64 2 R8 R6 8 1 0x7f3354e4f300 8 0 
71 0 0 11 00f0 ffffffff 0 EXIT 0 0 0 
7 0 0 4 00e0 ffffffff 0 STG.E.64 2 R8 R6 8 1 0x7f3354e0e400 8 0 
71 0 0 25 00f0 ffffffff 0 EXIT 0 0 0 
8 0 0 13 00e0 ffffffff 0 STG.E.64 2 R8 R6 8 1 0x7f3354e10d00 8 0 
63 0 0 0 00f0 ffffffff 0 EXIT 0 0 0 
15 0 0 14 00e0 ffffffff 0 STG.E.64 2 R8 R6 8 1 0x7f3354e1ee00 8 0 
7 0 0 9 00e0 ffffffff 0 STG.E.64 2 R8 R6 8 1 0x7f3354e0e900 8 0 
71 0 0 3 00f0 ffffffff 0 EXIT 0 0 0 
71 0 0 17 00f0 ffffffff 0 EXIT 0 0 0 
39 0 0 27 00e0 ffffffff 0 STG.E.64 2 R8 R6 8 1 0x7f3354e4fb00 8 0 
95 0 0 19 00f0 ffffffff 0 EXIT 0 0 0 
91 0 0 14 00f0 ffffffff 0 EXIT 0 0 0 
71 0 0 27 00f0 ffffffff 0 EXIT 0 0 0 
79 0 0 21 00f0 ffffffff 0 EXIT 0 0 0 
35 0 0 22 00e0 ffffffff 0 STG.E.64 2 R8 R6 8 1 0x7f3354e47600 8 0 
91 0 0 13 00f0 ffffffff 0 EXIT 0 0 0 
71 0 0 7 00f0 ffffffff 0 EXIT 0 0 0 
68 0 0 23 00f0 ffffffff 0 EXIT 0 0 0 
95 0 0 15 00f0 ffffffff 0 EXIT 0 0 0 
23 0 0 21 00e0 ffffffff 0 STG.E.64 2 R8 R6 8 1 0x7f3354e2f500 8 0 
39 0 0 6 00e0 ffffffff 0 STG.E.64 2 R8 R6 8 1 0x7f3354e4e600 8 0 
71 0 0 21 00f0 ffffffff 0 EXIT 0 0 0 
23 0 0 25 00e0 ffffffff 0 STG.E.64 2 R8 R6 8 1 0x7f3354e2f900 8 0 
79 0 0 14 00f0 ffffffff 0 EXIT 0 0 0 
79 0 0 11 00f0 ffffffff 0 EXIT 0 0 0 
23 0 0 22 00e0 ffffffff 0 STG.E.64 2 R8 R6 8 1 0x7f3354e2f600 8 0 
79 0 0 16 00f0 ffffffff 0 EXIT 0 0 0 
23 0 0 17 00e0 ffffffff 0 STG.E.64 2 R8 R6 8 1 0x7f3354e2f100 8 0 
79 0 0 8 00f0 ffffffff 0 EXIT 0 0 0 
35 0 0 7 00a0 ffffffff 1 R4 LDG.E.64 1 R4 8 1 0x7f3354d09d00 8 0 
79 0 0 15 00f0 ffffffff 0 EXIT 0 0 0 
40 0 0 7 00e0 ffffffff 0 STG.E.64 2 R8 R6 8 1 0x7f3354e50700 8 0 
36 0 0 2 00e0 ffffffff 0 STG.E.64 2 R8 R6 8 1 0x7f3354e48200 8 0 
79 0 0 20 00f0 ffffffff 0 EXIT 0 0 0 
79 0 0 0 00f0 ffffffff 0 EXIT 0 0 0 
32 0 0 30 00e0 ffffffff 0 STG.E.64 2 R8 R6 8 1 0x7f3354e41e00 8 0 
32 0 0 3 00e0 ffffffff 0 STG.E.64 2 R8 R6 8 1 0x7f3354e40300 8 0 
8 0 0 16 00e0 ffffffff 0 STG.E.64 2 R8 R6 8 1 0x7f3354e11000 8 0 
91 0 0 5 00f0 ffffffff 0 EXIT 0 0 0 
79 0 0 9 00f0 ffffffff 0 EXIT 0 0 0 
79 0 0 22 00f0 ffffffff 0 EXIT 0 0 0 
4 0 0 4 00e0 ffffffff 0 STG.E.64 2 R8 R6 8 1 0x7f3354e08400 8 0 
68 0 0 27 00f0 ffffffff 0 EXIT 0 0 0 
91 0 0 9 00f0 ffffffff 0 EXIT 0 0 0 
23 0 0 19 00e0 ffffffff 0 STG.E.64 2 R8 R6 8 1 0x7f3354e2f300 8 0 
79 0 0 2 00f0 ffffffff 0 EXIT 0 0 0 
8 0 0 4 00e0 ffffffff 0 STG.E.64 2 R8 R6 8 1 0x7f3354e10400 8 0 
79 0 0 5 00f0 ffffffff 0 EXIT 0 0 0 
23 0 0 11 00e0 ffffffff 0 STG.E.64 2 R8 R6 8 1 0x7f3354e2eb00 8 0 
79 0 0 3 00f0 ffffffff 0 EXIT 0 0 0 
8 0 0 22 00e0 ffffffff 0 STG.E.64 2 R8 R6 8 1 0x7f3354e11600 8 0 
79 0 0 7 00f0 ffffffff 0 EXIT 0 0 0 
32 0 0 15 00e0 ffffffff 0 STG.E.64 2 R8 R6 8 1 0x7f3354e40f00 8 0 
32 0 0 10 00e0 ffffffff 0 STG.E.64 2 R8 R6 8 1 0x7f3354e40a00 8 0 
32 0 0 6 00e0 ffffffff 0 STG.E.64 2 R8 R6 8 1 0x7f3354e40600 8 0 
23 0 0 9 00e0 ffffffff 0 STG.E.64 2 R8 R6 8 1 0x7f3354e2e900 8 0 
88 0 0 27 00f0 ffffffff 0 EXIT 0 0 0 
64 0 0 25 00f0 ffffffff 0 EXIT 0 0 0 
4 0 0 0 00e0 ffffffff 0 STG.E.64 2 R8 R6 8 1 0x7f3354e08000 8 0 
96 0 0 31 00f0 ffffffff 0 EXIT 0 0 0 
32 0 0 7 00e0 ffffffff 0 STG.E.64 2 R8 R6 8 1 0x7f3354e40700 8 0 
36 0 0 18 00e0 ffffffff 0 STG.E.64 2 R8 R6 8 1 0x7f3354e49200 8 0 
64 0 0 29 00f0 ffffffff 0 EXIT 0 0 0 
36 0 0 6 00e0 ffffffff 0 STG.E.64 2 R8 R6 8 1 0x7f3354e48600 8 0 
67 0 0 14 00e0 ffffffff 0 STG.E.64 2 R8 R6 8 1 0x7f3354e86e00 8 0 
88 0 0 17 00f0 ffffffff 0 EXIT 0 0 0 
36 0 0 21 00e0 ffffffff 0 STG.E.64 2 R8 R6 8 1 0x7f3354e49500 8 0 
32 0 0 25 00e0 ffffffff 0 STG.E.64 2 R8 R6 8 1 0x7f3354e41900 8 0 
32 0 0 17 00e0 ffffffff 0 STG.E.64 2 R8 R6 8 1 0x7f3354e41100 8 0 
32 0 0 24 00e0 ffffffff 0 STG.E.64 2 R8 R6 8 1 0x7f3354e41800 8 0 
64 0 0 21 00f0 ffffffff 0 EXIT 0 0 0 
88 0 0 13 00f0 ffffffff 0 EXIT 0 0 0 
8 0 0 19 00e0 ffffffff 0 STG.E.64 2 R8 R6 8 1 0x7f3354e11300 8 0 
88 0 0 3 00f0 ffffffff 0 EXIT 0 0 0 
12 0 0 15 00e0 ffffffff 0 STG.E.64 2 R8 R6 8 1 0x7f3354e18f00 8 0 
76 0 0 11 00f0 ffffffff 0 EXIT 0 0 0 
36 0 0 27 00e0 ffffffff 0 STG.E.64 2 R8 R6 8 1 0x7f3354e49b00 8 0 
96 0 0 27 00f0 ffffffff 0 EXIT 0 0 0 
96 0 0 15 00f0 ffffffff 0 EXIT 0 0 0 
8 0 0 9 00e0 ffffffff 0 STG.E.64 2 R8 R6 8 1 0x7f3354e10900 8 0 
40 0 0 2 00e0 ffffffff 0 STG.E.64 2 R8 R6 8 1 0x7f3354e50200 8 0 
36 0 0 5 00e0 ffffffff 0 STG.E.64 2 R8 R6 8 1 0x7f3354e48500 8 0 
88 0 0 18 00f0 ffffffff 0 EXIT 0 0 0 
20 0 0 0 00e0 ffffffff 0 STG.E.64 2 R8 R6 8 1 0x7f3354e28000 8 0 
36 0 0 29 00e0 ffffffff 0 STG.E.64 2 R8 R6 8 1 0x7f3354e49d00 8 0 
12 0 0 11 00e0 ffffffff 0 STG.E.64 2 R8 R6 8 1 0x7f3354e18b00 8 0 
4 0 0 3 00e0 ffffffff 0 STG.E.64 2 R8 R6 8 1 0x7f3354e08300 8 0 
20 0 0 14 00e0 ffffffff 0 STG.E.64 2 R8 R6 8 1 0x7f3354e28e00 8 0 
32 0 0 11 00e0 ffffffff 0 STG.E.64 2 R8 R6 8 1 0x7f3354e40b00 8 0 
20 0 0 15 00e0 ffffffff 0 STG.E.64 2 R8 R6 8 1 0x7f3354e28f00 8 0 
8 0 0 3 00b0 ffffffff 1 R2 LDG.E.64 1 R2 8 1 0x7f3354c10300 8 0 
96 0 0 23 00f0 ffffffff 0 EXIT 0 0 0 
60 0 0 6 00f0 ffffffff 0 EXIT 0 0 0 
76 0 0 26 00f0 ffffffff 0 EXIT 0 0 0 
68 0 0 26 00f0 ffffffff 0 EXIT 0 0 0 
20 0 0 26 00e0 ffffffff 0 STG.E.64 2 R8 R6 8 1 0x7f3354e29a00 8 0 
96 0 0 11 00f0 ffffffff 0 EXIT 0 0 0 
76 0 0 10 00f0 ffffffff 0 EXIT 0 0 0 
20 0 0 17 00e0 ffffffff 0 STG.E.64 2 R8 R6 8 1 0x7f3354e29100 8 0 
40 0 0 25 00e0 ffffffff 0 STG.E.64 2 R8 R6 8 1 0x7f3354e51900 8 0 
63 0 0 2 00e0 ffffffff 0 STG.E.64 2 R8 R6 8 1 0x7f3354e7e200 8 0 
96 0 0 24 00f0 ffffffff 0 EXIT 0 0 0 
4 0 0 14 00e0 ffffffff 0 STG.E.64 2 R8 R6 8 1 0x7f3354e08e00 8 0 
40 0 0 29 00a0 ffffffff 1 R4 LDG.E.64 1 R4 8 1 0x7f3354d15300 8 0 
68 0 0 13 00f0 ffffffff 0 EXIT 0 0 0 
68 0 0 17 00f0 ffffffff 0 EXIT 0 0 0 
4 0 0 1 00e0 ffffffff 0 STG.E.64 2 R8 R6 8 1 0x7f3354e08100 8 0 
4 0 0 10 00e0 ffffffff 0 STG.E.64 2 R8 R6 8 1 0x7f3354e08a00 8 0 
67 0 0 12 00e0 ffffffff 0 STG.E.64 2 R8 R6 8 1 0x7f3354e86c00 8 0 
67 0 0 28 00e0 ffffffff 0 STG.E.64 2 R8 R6 8 1 0x7f3354e87c00 8 0 
12 0 0 18 00e0 ffffffff 0 STG.E.64 2 R8 R6 8 1 0x7f3354e19200 8 0 
12 0 0 5 00e0 ffffffff 0 STG.E.64 2 R8 R6 8 1 0x7f3354e18500 8 0 
12 0 0 6 00e0 ffffffff 0 STG.E.64 2 R8 R6 8 1 0x7f3354e18600 8 0 
4 0 0 5 00e0 ffffffff 0 STG.E.64 2 R8 R6 8 1 0x7f3354e08500 8 0 
68 0 0 22 00f0 ffffffff 0 EXIT 0 0 0 
20 0 0 31 00a0 ffffffff 1 R4 LDG.E.64 1 R4 8 1 0x7f3354ced500 8 0 
4 0 0 15 00e0 ffffffff 0 STG.E.64 2 R8 R6 8 1 0x7f3354e08f00 8 0 
63 0 0 30 00e0 ffffffff 0 STG.E.64 2 R8 R6 8 1 0x7f3354e7fe00 8 0 
4 0 0 2 00e0 ffffffff 0 STG.E.64 2 R8 R6 8 1 0x7f3354e08200 8 0 
67 0 0 1 00e0 ffffffff 0 STG.E.64 2 R8 R6 8 1 0x7f3354e86100 8 0 
63 0 0 31 00e0 ffffffff 0 STG.E.64 2 R8 R6 8 1 0x7f3354e7ff00 8 0 
96 0 0 4 00f0 ffffffff 0 EXIT 0 0 0 
4 0 0 11 00b0 ffffffff 1 R2 LDG.E.64 1 R2 8 1 0x7f3354c08b00 8 0 
40 0 0 1 00e0 ffffffff 0 STG.E.64 2 R8 R6 8 1 0x7f3354e50100 8 0 
95 0 0 2 00b0 ffffffff 1 R2 LDG.E.64 1 R2 8 1 0x7f3354cbe200 8 0 
76 0 0 8 00f0 ffffffff 0 EXIT 0 0 0 
95 0 0 12 00e0 ffffffff 0 STG.E.64 2 R8 R6 8 1 0x7f3354ebec00 8 0 
20 0 0 1 00e0 ffffffff 0 STG.E.64 2 R8 R6 8 1 0x7f3354e28100 8 0 
12 0 0 2 00e0 ffffffff 0 STG.E.64 2 R8 R6 8 1 0x7f3354e18200 8 0 
12 0 0 3 00e0 ffffffff 0 STG.E.64 2 R8 R6 8 1 0x7f3354e18300 8 0 
4 0 0 12 00b0 ffffffff 1 R2 LDG.E.64 1 R2 8 1 0x7f3354c08c00 8 0 
67 0 0 27 00e0 ffffffff 0 STG.E.64 2 R8 R6 8 1 0x7f3354e87b00 8 0 
40 0 0 6 00b0 ffffffff 1 R2 LDG.E.64 1 R2 8 1 0x7f3354c50600 8 0 
20 0 0 25 00e0 ffffffff 0 STG.E.64 2 R8 R6 8 1 0x7f3354e29900 8 0 
63 0 0 14 00e0 ffffffff 0 STG.E.64 2 R8 R6 8 1 0x7f3354e7ee00 8 0 
20 0 0 7 00b0 ffffffff 1 R2 LDG.E.64 1 R2 8 1 0x7f3354c28700 8 0 
76 0 0 9 00f0 ffffffff 0 EXIT 0 0 0 
63 0 0 11 00e0 ffffffff 0 STG.E.64 2 R8 R6 8 1 0x7f3354e7eb00 8 0 
95 0 0 25 00e0 ffffffff 0 STG.E.64 2 R8 R6 8 1 0x7f3354ebf900 8 0 
20 0 0 2 00e0 ffffffff 0 STG.E.64 2 R8 R6 8 1 0x7f3354e28200 8 0 
40 0 0 24 00b0 ffffffff 1 R2 LDG.E.64 1 R2 8 1 0x7f3354c51800 8 0 
68 0 0 1 00f0 ffffffff 0 EXIT 0 0 0 
63 0 0 18 00e0 ffffffff 0 STG.E.64 2 R8 R6 8 1 0x7f3354e7f200 8 0 
95 0 0 29 00e0 ffffffff 0 STG.E.64 2 R8 R6 8 1 0x7f3354ebfd00 8 0 
96 0 0 21 00f0 ffffffff 0 EXIT 0 0 0 
12 0 0 14 00e0 ffffffff 0 STG.E.64 2 R8 R6 8 1 0x7f3354e18e00 8 0 
63 0 0 1 00e0 ffffffff 0 STG.E.64 2 R8 R6 8 1 0x7f3354e7e100 8 0 
96 0 0 9 00f0 ffffffff 0 EXIT 0 0 0 
96 0 0 29 00f0 ffffffff 0 EXIT 0 0 0 
95 0 0 7 00e0 ffffffff 0 STG.E.64 2 R8 R6 8 1 0x7f3354ebe700 8 0 
63 0 0 27 00e0 ffffffff 0 STG.E.64 2 R8 R6 8 1 0x7f3354e7fb00 8 0 
67 0 0 17 00e0 ffffffff 0 STG.E.64 2 R8 R6 8 1 0x7f3354e87100 8 0 
71 0 0 26 00e0 ffffffff 0 STG.E.64 2 R8 R6 8 1 0x7f3354e8fa00 8 0 
63 0 0 23 00e0 ffffffff 0 STG.E.64 2 R8 R6 8 1 0x7f3354e7f700 8 0 
96 0 0 18 00f0 ffffffff 0 EXIT 0 0 0 
67 0 0 19 00e0 ffffffff 0 STG.E.64 2 R8 R6 8 1 0x7f3354e87300 8 0 
63 0 0 21 00e0 ffffffff 0 STG.E.64 2 R8 R6 8 1 0x7f3354e7f500 8 0 
67 0 0 8 00e0 ffffffff 0 STG.E.64 2 R8 R6 8 1 0x7f3354e86800 8 0 
96 0 0 13 00f0 ffffffff 0 EXIT 0 0 0 
95 0 0 20 00e0 ffffffff 0 STG.E.64 2 R8 R6 8 1 0x7f3354ebf400 8 0 
67 0 0 20 00e0 ffffffff 0 STG.E.64 2 R8 R6 8 1 0x7f3354e87400 8 0 
76 0 0 21 00f0 ffffffff 0 EXIT 0 0 0 
95 0 0 31 00e0 ffffffff 0 STG.E.64 2 R8 R6 8 1 0x7f3354ebff00 8 0 
60 0 0 12 00f0 ffffffff 0 EXIT 0 0 0 
67 0 0 21 00e0 ffffffff 0 STG.E.64 2 R8 R6 8 1 0x7f3354e87500 8 0 
67 0 0 11 00e0 ffffffff 0 STG.E.64 2 R8 R6 8 1 0x7f3354e86b00 8 0 
63 0 0 5 00e0 ffffffff 0 STG.E.64 2 R8 R6 8 1 0x7f3354e7e500 8 0 
95 0 0 1 00b0 ffffffff 1 R2 LDG.E.64 1 R2 8 1 0x7f3354cbe100 8 0 
76 0 0 25 00f0 ffffffff 0 EXIT 0 0 0 
95 0 0 3 00b0 ffffffff 1 R2 LDG.E.64 1 R2 8 1 0x7f3354cbe300 8 0 
63 0 0 25 00e0 ffffffff 0 STG.E.64 2 R8 R6 8 1 0x7f3354e7f900 8 0 
95 0 0 21 00e0 ffffffff 0 STG.E.64 2 R8 R6 8 1 0x7f3354ebf500 8 0 
95 0 0 5 00e0 ffffffff 0 STG.E.64 2 R8 R6 8 1 0x7f3354ebe500 8 0 
91 0 0 0 00e0 ffffffff 0 STG.E.64 2 R8 R6 8 1 0x7f3354eb6000 8 0 
4 0 0 17 00e0 ffffffff 0 STG.E.64 2 R8 R6 8 1 0x7f3354e09100 8 0 
91 0 0 27 00e0 ffffffff 0 STG.E.64 2 R8 R6 8 1 0x7f3354eb7b00 8 0 
67 0 0 9 00e0 ffffffff 0 STG.E.64 2 R8 R6 8 1 0x7f3354e86900 8 0 
67 0 0 15 00e0 ffffffff 0 STG.E.64 2 R8 R6 8 1 0x7f3354e86f00 8 0 
71 0 0 6 00e0 ffffffff 0 STG.E.64 2 R8 R6 8 1 0x7f3354e8e600 8 0 
67 0 0 4 00e0 ffffffff 0 STG.E.64 2 R8 R6 8 1 0x7f3354e86400 8 0 
76 0 0 13 00f0 ffffffff 0 EXIT 0 0 0 
76 0 0 17 00f0 ffffffff 0 EXIT 0 0 0 
63 0 0 20 00e0 ffffffff 0 STG.E.64 2 R8 R6 8 1 0x7f3354e7f400 8 0 
91 0 0 26 00e0 ffffffff 0 STG.E.64 2 R8 R6 8 1 0x7f3354eb7a00 8 0 
71 0 0 28 00e0 ffffffff 0 STG.E.64 2 R8 R6 8 1 0x7f3354e8fc00 8 0 
91 0 0 15 00e0 ffffffff 0 STG.E.64 2 R8 R6 8 1 0x7f3354eb6f00 8 0 
71 0 0 13 00e0 ffffffff 0 STG.E.64 2 R8 R6 8 1 0x7f3354e8ed00 8 0 
76 0 0 16 00f0 ffffffff 0 EXIT 0 0 0 
68 0 0 0 00f0 ffffffff 0 EXIT 0 0 0 
91 0 0 7 00e0 ffffffff 0 STG.E.64 2 R8 R6 8 1 0x7f3354eb6700 8 0 
71 0 0 5 00e0 ffffffff 0 STG.E.64 2 R8 R6 8 1 0x7f3354e8e500 8 0 
76 0 0 12 00f0 ffffffff 0 EXIT 0 0 0 
91 0 0 22 00e0 ffffffff 0 STG.E.64 2 R8 R6 8 1 0x7f3354eb7600 8 0 
71 0 0 29 00e0 ffffffff 0 STG.E.64 2 R8 R6 8 1 0x7f3354e8fd00 8 0 
63 0 0 24 00e0 ffffffff 0 STG.E.64 2 R8 R6 8 1 0x7f3354e7f800 8 0 
63 0 0 12 00e0 ffffffff 0 STG.E.64 2 R8 R6 8 1 0x7f3354e7ec00 8 0 
63 0 0 4 00e0 ffffffff 0 STG.E.64 2 R8 R6 8 1 0x7f3354e7e400 8 0 
91 0 0 21 00e0 ffffffff 0 STG.E.64 2 R8 R6 8 1 0x7f3354eb7500 8 0 
60 0 0 4 00f0 ffffffff 0 EXIT 0 0 0 
91 0 0 2 00e0 ffffffff 0 STG.E.64 2 R8 R6 8 1 0x7f3354eb6200 8 0 
91 0 0 1 00e0 ffffffff 0 STG.E.64 2 R8 R6 8 1 0x7f3354eb6100 8 0 
79 0 0 27 00e0 ffffffff 0 STG.E.64 2 R8 R6 8 1 0x7f3354e9fb00 8 0 
88 0 0 16 00e0 ffffffff 0 STG.E.64 2 R8 R6 8 1 0x7f3354eb1000 8 0 
71 0 0 19 00e0 ffffffff 0 STG.E.64 2 R8 R6 8 1 0x7f3354e8f300 8 0 
71 0 0 15 00e0 ffffffff 0 STG.E.64 2 R8 R6 8 1 0x7f3354e8ef00 8 0 
79 0 0 19 00e0 ffffffff 0 STG.E.64 2 R8 R6 8 1 0x7f3354e9f300 8 0 
91 0 0 25 00e0 ffffffff 0 STG.E.64 2 R8 R6 8 1 0x7f3354eb7900 8 0 
79 0 0 29 00e0 ffffffff 0 STG.E.64 2 R8 R6 8 1 0x7f3354e9fd00 8 0 
79 0 0 17 00e0 ffffffff 0 STG.E.64 2 R8 R6 8 1 0x7f3354e9f100 8 0 
79 0 0 13 00e0 ffffffff 0 STG.E.64 2 R8 R6 8 1 0x7f3354e9ed00 8 0 
79 0 0 25 00e0 ffffffff 0 STG.E.64 2 R8 R6 8 1 0x7f3354e9f900 8 0 
79 0 0 23 00e0 ffffffff 0 STG.E.64 2 R8 R6 8 1 0x7f3354e9f700 8 0 
79 0 0 1 00e0 ffffffff 0 STG.E.64 2 R8 R6 8 1 0x7f3354e9e100 8 0 
79 0 0 26 00e0 ffffffff 0 STG.E.64 2 R8 R6 8 1 0x7f3354e9fa00 8 0 
79 0 0 18 00e0 ffffffff 0 STG.E.64 2 R8 R6 8 1 0x7f3354e9f200 8 0 
76 0 0 7 00e0 ffffffff 0 STG.E.64 2 R8 R6 8 1 0x7f3354e98700 8 0 
92 0 0 23 00a0 ffffffff 1 R4 LDG.E.64 1 R4 8 1 0x7f3354d7cd00 8 0 
64 0 0 16 00b0 ffffffff 1 R2 LDG.E.64 1 R2 8 1 0x7f3354c81000 8 0 
11 0 0 2 00e0 ffffffff 0 STG.E.64 2 R8 R6 8 1 0x7f3354e16200 8 0 
76 0 0 31 00e0 ffffffff 0 STG.E.64 2 R8 R6 8 1 0x7f3354e99f00 8 0 
11 0 0 0 00e0 ffffffff 0 STG.E.64 2 R8 R6 8 1 0x7f3354e16000 8 0 
79 0 0 12 00e0 ffffffff 0 STG.E.64 2 R8 R6 8 1 0x7f3354e9ec00 8 0 
64 0 0 4 00b0 ffffffff 1 R2 LDG.E.64 1 R2 8 1 0x7f3354c80400 8 0 
68 0 0 7 00e0 ffffffff 0 STG.E.64 2 R8 R6 8 1 0x7f3354e88700 8 0 
68 0 0 15 00e0 ffffffff 0 STG.E.64 2 R8 R6 8 1 0x7f3354e88f00 8 0 
39 0 0 0 00f0 ffffffff 0 EXIT 0 0 0 
68 0 0 3 00e0 ffffffff 0 STG.E.64 2 R8 R6 8 1 0x7f3354e88300 8 0 
11 0 0 17 00f0 ffffffff 0 EXIT 0 0 0 
76 0 0 23 00e0 ffffffff 0 STG.E.64 2 R8 R6 8 1 0x7f3354e99700 8 0 
39 0 0 8 00e0 ffffffff 0 STG.E.64 2 R8 R6 8 1 0x7f3354e4e800 8 0 
96 0 0 19 00e0 ffffffff 0 STG.E.64 2 R8 R6 8 1 0x7f3354ec1300 8 0 
39 0 0 18 00e0 ffffffff 0 STG.E.64 2 R8 R6 8 1 0x7f3354e4f200 8 0 
11 0 0 8 00f0 ffffffff 0 EXIT 0 0 0 
79 0 0 4 00e0 ffffffff 0 STG.E.64 2 R8 R6 8 1 0x7f3354e9e400 8 0 
11 0 0 4 00f0 ffffffff 0 EXIT 0 0 0 
88 0 0 31 00e0 ffffffff 0 STG.E.64 2 R8 R6 8 1 0x7f3354eb1f00 8 0 
88 0 0 24 00e0 ffffffff 0 STG.E.64 2 R8 R6 8 1 0x7f3354eb1800 8 0 
64 0 0 9 00b0 ffffffff 1 R2 LDG.E.64 1 R2 8 1 0x7f3354c80900 8 0 
76 0 0 3 00b0 ffffffff 1 R2 LDG.E.64 1 R2 8 1 0x7f3354c98300 8 0 
39 0 0 12 00e0 ffffffff 0 STG.E.64 2 R8 R6 8 1 0x7f3354e4ec00 8 0 
88 0 0 20 00e0 ffffffff 0 STG.E.64 2 R8 R6 8 1 0x7f3354eb1400 8 0 
7 0 0 0 00e0 ffffffff 0 STG.E.64 2 R8 R6 8 1 0x7f3354e0e000 8 0 
39 0 0 10 00e0 ffffffff 0 STG.E.64 2 R8 R6 8 1 0x7f3354e4ea00 8 0 
7 0 0 30 00e0 ffffffff 0 STG.E.64 2 R8 R6 8 1 0x7f3354e0fe00 8 0 
39 0 0 19 00f0 ffffffff 0 EXIT 0 0 0 
64 0 0 1 00b0 ffffffff 1 R2 LDG.E.64 1 R2 8 1 0x7f3354c80100 8 0 
88 0 0 29 00e0 ffffffff 0 STG.E.64 2 R8 R6 8 1 0x7f3354eb1d00 8 0 
60 0 0 22 00a0 ffffffff 1 R4 LDG.E.64 1 R4 8 1 0x7f3354d3cc00 8 0 
64 0 0 18 00b0 ffffffff 1 R2 LDG.E.64 1 R2 8 1 0x7f3354c81200 8 0 
64 0 0 26 00e0 ffffffff 0 STG.E.64 2 R8 R6 8 1 0x7f3354e81a00 8 0 
7 0 0 8 00e0 ffffffff 0 STG.E.64 2 R8 R6 8 1 0x7f3354e0e800 8 0 
39 0 0 6 00f0 ffffffff 0 EXIT 0 0 0 
64 0 0 30 00a0 ffffffff 1 R4 LDG.E.64 1 R4 8 1 0x7f3354d45400 8 0 
7 0 0 19 00f0 ffffffff 0 EXIT 0 0 0 
7 0 0 4 00f0 ffffffff 0 EXIT 0 0 0 
88 0 0 12 00a0 ffffffff 1 R4 LDG.E.64 1 R4 8 1 0x7f3354d74200 8 0 
39 0 0 30 00f0 ffffffff 0 EXIT 0 0 0 
7 0 0 17 00f0 ffffffff 0 EXIT 0 0 0 
7 0 0 10 00f0 ffffffff 0 EXIT 0 0 0 
7 0 0 13 00f0 ffffffff 0 EXIT 0 0 0 
7 0 0 14 00f0 ffffffff 0 EXIT 0 0 0 
7 0 0 9 00f0 ffffffff 0 EXIT 0 0 0 
92 0 0 27 00e0 ffffffff 0 STG.E.64 2 R8 R6 8 1 0x7f3354eb9b00 8 0 
39 0 0 27 00f0 ffffffff 0 EXIT 0 0 0 
92 0 0 15 00b0 ffffffff 1 R2 LDG.E.64 1 R2 8 1 0x7f3354cb8f00 8 0 
39 0 0 24 00f0 ffffffff 0 EXIT 0 0 0 
92 0 0 9 00b0 ffffffff 1 R2 LDG.E.64 1 R2 8 1 0x7f3354cb8900 8 0 
64 0 0 6 00b0 ffffffff 1 R2 LDG.E.64 1 R2 8 1 0x7f3354c80600 8 0 
92 0 0 31 00a0 ffffffff 1 R4 LDG.E.64 1 R4 8 1 0x7f3354d7d500 8 0 
15 0 0 28 00f0 ffffffff 0 EXIT 0 0 0 
64 0 0 22 00e0 ffffffff 0 STG.E.64 2 R8 R6 8 1 0x7f3354e81600 8 0 
92 0 0 22 00a0 ffffffff 1 R4 LDG.E.64 1 R4 8 1 0x7f3354d7cc00 8 0 
92 0 0 11 00b0 ffffffff 1 R2 LDG.E.64 1 R2 8 1 0x7f3354cb8b00 8 0 
15 0 0 12 00f0 ffffffff 0 EXIT 0 0 0 
67 0 0 14 00f0 ffffffff 0 EXIT 0 0 0 
64 0 0 31 00b0 ffffffff 1 R2 LDG.E.64 1 R2 8 1 0x7f3354c81f00 8 0 
64 0 0 23 00e0 ffffffff 0 STG.E.64 2 R8 R6 8 1 0x7f3354e81700 8 0 
64 0 0 27 00e0 ffffffff 0 STG.E.64 2 R8 R6 8 1 0x7f3354e81b00 8 0 
15 0 0 25 00f0 ffffffff 0 EXIT 0 0 0 
35 0 0 8 00e0 ffffffff 0 STG.E.64 2 R8 R6 8 1 0x7f3354e46800 8 0 
92 0 0 2 00e0 ffffffff 0 STG.E.64 2 R8 R6 8 1 0x7f3354eb8200 8 0 
92 0 0 7 00b0 ffffffff 1 R2 LDG.E.64 1 R2 8 1 0x7f3354cb8700 8 0 
35 0 0 18 00e0 ffffffff 0 STG.E.64 2 R8 R6 8 1 0x7f3354e47200 8 0 
92 0 0 3 00e0 ffffffff 0 STG.E.64 2 R8 R6 8 1 0x7f3354eb8300 8 0 
64 0 0 11 00b0 ffffffff 1 R2 LDG.E.64 1 R2 8 1 0x7f3354c80b00 8 0 
35 0 0 9 00f0 ffffffff 0 EXIT 0 0 0 
76 0 0 30 00e0 ffffffff 0 STG.E.64 2 R8 R6 8 1 0x7f3354e99e00 8 0 
35 0 0 4 00f0 ffffffff 0 EXIT 0 0 0 
35 0 0 22 00f0 ffffffff 0 EXIT 0 0 0 
7 0 0 1 00f0 ffffffff 0 EXIT 0 0 0 
35 0 0 20 00e0 ffffffff 0 STG.E.64 2 R8 R6 8 1 0x7f3354e47400 8 0 
35 0 0 2 00f0 ffffffff 0 EXIT 0 0 0 
68 0 0 24 00e0 ffffffff 0 STG.E.64 2 R8 R6 8 1 0x7f3354e89800 8 0 
92 0 0 17 00b0 ffffffff 1 R2 LDG.E.64 1 R2 8 1 0x7f3354cb9100 8 0 
15 0 0 31 00f0 ffffffff 0 EXIT 0 0 0 
35 0 0 6 00e0 ffffffff 0 STG.E.64 2 R8 R6 8 1 0x7f3354e46600 8 0 
67 0 0 6 00e0 ffffffff 0 STG.E.64 2 R8 R6 8 1 0x7f3354e86600 8 0 
67 0 0 26 00e0 ffffffff 0 STG.E.64 2 R8 R6 8 1 0x7f3354e87a00 8 0 
67 0 0 25 00e0 ffffffff 0 STG.E.64 2 R8 R6 8 1 0x7f3354e87900 8 0 
68 0 0 20 00e0 ffffffff 0 STG.E.64 2 R8 R6 8 1 0x7f3354e89400 8 0 
68 0 0 16 00e0 ffffffff 0 STG.E.64 2 R8 R6 8 1 0x7f3354e89000 8 0 
95 0 0 8 00e0 ffffffff 0 STG.E.64 2 R8 R6 8 1 0x7f3354ebe800 8 0 
15 0 0 14 00f0 ffffffff 0 EXIT 0 0 0 
23 0 0 26 00f0 ffffffff 0 EXIT 0 0 0 
95 0 0 10 00e0 ffffffff 0 STG.E.64 2 R8 R6 8 1 0x7f3354ebea00 8 0 
92 0 0 5 00b0 ffffffff 1 R2 LDG.E.64 1 R2 8 1 0x7f3354cb8500 8 0 
88 0 0 22 00e0 ffffffff 0 STG.E.64 2 R8 R6 8 1 0x7f3354eb1600 8 0 
88 0 0 2 00e0 ffffffff 0 STG.E.64 2 R8 R6 8 1 0x7f3354eb0200 8 0 
88 0 0 6 00a0 ffffffff 1 R4 LDG.E.64 1 R4 8 1 0x7f3354d73c00 8 0 
96 0 0 3 00e0 ffffffff 0 STG.E.64 2 R8 R6 8 1 0x7f3354ec0300 8 0 
67 0 0 13 00e0 ffffffff 0 STG.E.64 2 R8 R6 8 1 0x7f3354e86d00 8 0 
92 0 0 20 00a0 ffffffff 1 R4 LDG.E.64 1 R4 8 1 0x7f3354d7ca00 8 0 
23 0 0 4 00f0 ffffffff 0 EXIT 0 0 0 
23 0 0 12 00e0 ffffffff 0 STG.E.64 2 R8 R6 8 1 0x7f3354e2ec00 8 0 
95 0 0 12 00f0 ffffffff 0 EXIT 0 0 0 
67 0 0 0 00e0 ffffffff 0 STG.E.64 2 R8 R6 8 1 0x7f3354e86000 8 0 
23 0 0 7 00e0 ffffffff 0 STG.E.64 2 R8 R6 8 1 0x7f3354e2e700 8 0 
60 0 0 30 00e0 ffffffff 0 STG.E.64 2 R8 R6 8 1 0x7f3354e79e00 8 0 
60 0 0 10 00e0 ffffffff 0 STG.E.64 2 R8 R6 8 1 0x7f3354e78a00 8 0 
67 0 0 7 00a0 ffffffff 1 R4 LDG.E.64 1 R4 8 1 0x7f3354d49d00 8 0 
60 0 0 14 00e0 ffffffff 0 STG.E.64 2 R8 R6 8 1 0x7f3354e78e00 8 0 
92 0 0 28 00b0 ffffffff 1 R2 LDG.E.64 1 R2 8 1 0x7f3354cb9c00 8 0 
96 0 0 30 00e0 ffffffff 0 STG.E.64 2 R8 R6 8 1 0x7f3354ec1e00 8 0 
67 0 0 3 00e0 ffffffff 0 STG.E.64 2 R8 R6 8 1 0x7f3354e86300 8 0 
23 0 0 22 00f0 ffffffff 0 EXIT 0 0 0 
23 0 0 21 00f0 ffffffff 0 EXIT 0 0 0 
23 0 0 25 00f0 ffffffff 0 EXIT 0 0 0 
23 0 0 11 00f0 ffffffff 0 EXIT 0 0 0 
67 0 0 12 00f0 ffffffff 0 EXIT 0 0 0 
67 0 0 28 00f0 ffffffff 0 EXIT 0 0 0 
67 0 0 9 00f0 ffffffff 0 EXIT 0 0 0 
95 0 0 7 00f0 ffffffff 0 EXIT 0 0 0 
23 0 0 19 00f0 ffffffff 0 EXIT 0 0 0 
23 0 0 13 00e0 ffffffff 0 STG.E.64 2 R8 R6 8 1 0x7f3354e2ed00 8 0 
68 0 0 30 00e0 ffffffff 0 STG.E.64 2 R8 R6 8 1 0x7f3354e89e00 8 0 
63 0 0 2 00f0 ffffffff 0 EXIT 0 0 0 
95 0 0 25 00f0 ffffffff 0 EXIT 0 0 0 
71 0 0 26 00f0 ffffffff 0 EXIT 0 0 0 
92 0 0 4 00b0 ffffffff 1 R2 LDG.E.64 1 R2 8 1 0x7f3354cb8400 8 0 
63 0 0 22 00e0 ffffffff 0 STG.E.64 2 R8 R6 8 1 0x7f3354e7f600 8 0 
92 0 0 8 00b0 ffffffff 1 R2 LDG.E.64 1 R2 8 1 0x7f3354cb8800 8 0 
67 0 0 11 00f0 ffffffff 0 EXIT 0 0 0 
67 0 0 4 00f0 ffffffff 0 EXIT 0 0 0 
71 0 0 4 00e0 ffffffff 0 STG.E.64 2 R8 R6 8 1 0x7f3354e8e400 8 0 
68 0 0 9 00e0 ffffffff 0 STG.E.64 2 R8 R6 8 1 0x7f3354e88900 8 0 
76 0 0 14 00e0 ffffffff 0 STG.E.64 2 R8 R6 8 1 0x7f3354e98e00 8 0 
76 0 0 2 00b0 ffffffff 1 R2 LDG.E.64 1 R2 8 1 0x7f3354c98200 8 0 
68 0 0 14 00e0 ffffffff 0 STG.E.64 2 R8 R6 8 1 0x7f3354e88e00 8 0 
95 0 0 20 00f0 ffffffff 0 EXIT 0 0 0 
67 0 0 17 00f0 ffffffff 0 EXIT 0 0 0 
63 0 0 30 00f0 ffffffff 0 EXIT 0 0 0 
76 0 0 18 00e0 ffffffff 0 STG.E.64 2 R8 R6 8 1 0x7f3354e99200 8 0 
76 0 0 6 00b0 ffffffff 1 R2 LDG.E.64 1 R2 8 1 0x7f3354c98600 8 0 
63 0 0 7 00e0 ffffffff 0 STG.E.64 2 R8 R6 8 1 0x7f3354e7e700 8 0 
23 0 0 17 00f0 ffffffff 0 EXIT 0 0 0 
71 0 0 24 00e0 ffffffff 0 STG.E.64 2 R8 R6 8 1 0x7f3354e8f800 8 0 
71 0 0 22 00e0 ffffffff 0 STG.E.64 2 R8 R6 8 1 0x7f3354e8f600 8 0 
60 0 0 1 00e0 ffffffff 0 STG.E.64 2 R8 R6 8 1 0x7f3354e78100 8 0 
95 0 0 31 00f0 ffffffff 0 EXIT 0 0 0 
63 0 0 26 00e0 ffffffff 0 STG.E.64 2 R8 R6 8 1 0x7f3354e7fa00 8 0 
71 0 0 5 00f0 ffffffff 0 EXIT 0 0 0 
71 0 0 6 00f0 ffffffff 0 EXIT 0 0 0 
91 0 0 24 00e0 ffffffff 0 STG.E.64 2 R8 R6 8 1 0x7f3354eb7800 8 0 
91 0 0 28 00e0 ffffffff 0 STG.E.64 2 R8 R6 8 1 0x7f3354eb7c00 8 0 
68 0 0 10 00e0 ffffffff 0 STG.E.64 2 R8 R6 8 1 0x7f3354e88a00 8 0 
95 0 0 29 00f0 ffffffff 0 EXIT 0 0 0 
67 0 0 21 00f0 ffffffff 0 EXIT 0 0 0 
91 0 0 0 00f0 ffffffff 0 EXIT 0 0 0 
23 0 0 9 00f0 ffffffff 0 EXIT 0 0 0 
71 0 0 28 00f0 ffffffff 0 EXIT 0 0 0 
63 0 0 11 00f0 ffffffff 0 EXIT 0 0 0 
63 0 0 19 00e0 ffffffff 0 STG.E.64 2 R8 R6 8 1 0x7f3354e7f300 8 0 
76 0 0 5 00e0 ffffffff 0 STG.E.64 2 R8 R6 8 1 0x7f3354e98500 8 0 
67 0 0 15 00f0 ffffffff 0 EXIT 0 0 0 
60 0 0 13 00e0 ffffffff 0 STG.E.64 2 R8 R6 8 1 0x7f3354e78d00 8 0 
71 0 0 23 00e0 ffffffff 0 STG.E.64 2 R8 R6 8 1 0x7f3354e8f700 8 0 
67 0 0 1 00f0 ffffffff 0 EXIT 0 0 0 
68 0 0 6 00e0 ffffffff 0 STG.E.64 2 R8 R6 8 1 0x7f3354e88600 8 0 
68 0 0 18 00e0 ffffffff 0 STG.E.64 2 R8 R6 8 1 0x7f3354e89200 8 0 
63 0 0 18 00f0 ffffffff 0 EXIT 0 0 0 
63 0 0 31 00f0 ffffffff 0 EXIT 0 0 0 
96 0 0 14 00e0 ffffffff 0 STG.E.64 2 R8 R6 8 1 0x7f3354ec0e00 8 0 
67 0 0 8 00f0 ffffffff 0 EXIT 0 0 0 
67 0 0 19 00f0 ffffffff 0 EXIT 0 0 0 
63 0 0 27 00f0 ffffffff 0 EXIT 0 0 0 
71 0 0 13 00f0 ffffffff 0 EXIT 0 0 0 
71 0 0 29 00f0 ffffffff 0 EXIT 0 0 0 
96 0 0 6 00e0 ffffffff 0 STG.E.64 2 R8 R6 8 1 0x7f3354ec0600 8 0 
32 0 0 14 00e0 ffffffff 0 STG.E.64 2 R8 R6 8 1 0x7f3354e40e00 8 0 
76 0 0 29 00e0 ffffffff 0 STG.E.64 2 R8 R6 8 1 0x7f3354e99d00 8 0 
71 0 0 18 00e0 ffffffff 0 STG.E.64 2 R8 R6 8 1 0x7f3354e8f200 8 0 
63 0 0 16 00e0 ffffffff 0 STG.E.64 2 R8 R6 8 1 0x7f3354e7f000 8 0 
63 0 0 20 00f0 ffffffff 0 EXIT 0 0 0 
68 0 0 21 00b0 ffffffff 1 R2 LDG.E.64 1 R2 8 1 0x7f3354c89500 8 0 
76 0 0 22 00e0 ffffffff 0 STG.E.64 2 R8 R6 8 1 0x7f3354e99600 8 0 
71 0 0 9 00e0 ffffffff 0 STG.E.64 2 R8 R6 8 1 0x7f3354e8e900 8 0 
71 0 0 19 00f0 ffffffff 0 EXIT 0 0 0 
71 0 0 15 00f0 ffffffff 0 EXIT 0 0 0 
63 0 0 14 00f0 ffffffff 0 EXIT 0 0 0 
60 0 0 25 00e0 ffffffff 0 STG.E.64 2 R8 R6 8 1 0x7f3354e79900 8 0 
68 0 0 25 00e0 ffffffff 0 STG.E.64 2 R8 R6 8 1 0x7f3354e89900 8 0 
95 0 0 5 00f0 ffffffff 0 EXIT 0 0 0 
67 0 0 20 00f0 ffffffff 0 EXIT 0 0 0 
96 0 0 26 00b0 ffffffff 1 R2 LDG.E.64 1 R2 8 1 0x7f3354cc1a00 8 0 
32 0 0 9 00e0 ffffffff 0 STG.E.64 2 R8 R6 8 1 0x7f3354e40900 8 0 
67 0 0 27 00f0 ffffffff 0 EXIT 0 0 0 
32 0 0 21 00e0 ffffffff 0 STG.E.64 2 R8 R6 8 1 0x7f3354e41500 8 0 
68 0 0 5 00e0 ffffffff 0 STG.E.64 2 R8 R6 8 1 0x7f3354e88500 8 0 
36 0 0 24 00f0 ffffffff 0 EXIT 0 0 0 
60 0 0 5 00e0 ffffffff 0 STG.E.64 2 R8 R6 8 1 0x7f3354e78500 8 0 
76 0 0 28 00e0 ffffffff 0 STG.E.64 2 R8 R6 8 1 0x7f3354e99c00 8 0 
71 0 0 20 00e0 ffffffff 0 STG.E.64 2 R8 R6 8 1 0x7f3354e8f400 8 0 
63 0 0 25 00f0 ffffffff 0 EXIT 0 0 0 
63 0 0 1 00f0 ffffffff 0 EXIT 0 0 0 
91 0 0 27 00f0 ffffffff 0 EXIT 0 0 0 
60 0 0 0 00e0 ffffffff 0 STG.E.64 2 R8 R6 8 1 0x7f3354e78000 8 0 
60 0 0 28 00e0 ffffffff 0 STG.E.64 2 R8 R6 8 1 0x7f3354e79c00 8 0 
63 0 0 23 00f0 ffffffff 0 EXIT 0 0 0 
91 0 0 3 00e0 ffffffff 0 STG.E.64 2 R8 R6 8 1 0x7f3354eb6300 8 0 
60 0 0 16 00e0 ffffffff 0 STG.E.64 2 R8 R6 8 1 0x7f3354e79000 8 0 
76 0 0 1 00a0 ffffffff 1 R4 LDG.E.64 1 R4 8 1 0x7f3354d5b700 8 0 
91 0 0 1 00f0 ffffffff 0 EXIT 0 0 0 
60 0 0 8 00e0 ffffffff 0 STG.E.64 2 R8 R6 8 1 0x7f3354e78800 8 0 
95 0 0 21 00f0 ffffffff 0 EXIT 0 0 0 
8 0 0 13 00f0 ffffffff 0 EXIT 0 0 0 
60 0 0 17 00e0 ffffffff 0 STG.E.64 2 R8 R6 8 1 0x7f3354e79100 8 0 
8 0 0 16 00f0 ffffffff 0 EXIT 0 0 0 
35 0 0 7 00b0 ffffffff 1 R2 LDG.E.64 1 R2 8 1 0x7f3354c46700 8 0 
91 0 0 22 00f0 ffffffff 0 EXIT 0 0 0 
91 0 0 26 00f0 ffffffff 0 EXIT 0 0 0 
71 0 0 14 00e0 ffffffff 0 STG.E.64 2 R8 R6 8 1 0x7f3354e8ee00 8 0 
76 0 0 4 00e0 ffffffff 0 STG.E.64 2 R8 R6 8 1 0x7f3354e98400 8 0 
63 0 0 8 00e0 ffffffff 0 STG.E.64 2 R8 R6 8 1 0x7f3354e7e800 8 0 
8 0 0 22 00f0 ffffffff 0 EXIT 0 0 0 
63 0 0 21 00f0 ffffffff 0 EXIT 0 0 0 
91 0 0 21 00f0 ffffffff 0 EXIT 0 0 0 
91 0 0 2 00f0 ffffffff 0 EXIT 0 0 0 
76 0 0 0 00e0 ffffffff 0 STG.E.64 2 R8 R6 8 1 0x7f3354e98000 8 0 
63 0 0 5 00f0 ffffffff 0 EXIT 0 0 0 
36 0 0 28 00e0 ffffffff 0 STG.E.64 2 R8 R6 8 1 0x7f3354e49c00 8 0 
91 0 0 11 00e0 ffffffff 0 STG.E.64 2 R8 R6 8 1 0x7f3354eb6b00 8 0 
91 0 0 15 00f0 ffffffff 0 EXIT 0 0 0 
91 0 0 25 00f0 ffffffff 0 EXIT 0 0 0 
96 0 0 8 00e0 ffffffff 0 STG.E.64 2 R8 R6 8 1 0x7f3354ec0800 8 0 
96 0 0 16 00e0 ffffffff 0 STG.E.64 2 R8 R6 8 1 0x7f3354ec1000 8 0 
91 0 0 10 00e0 ffffffff 0 STG.E.64 2 R8 R6 8 1 0x7f3354eb6a00 8 0 
36 0 0 15 00f0 ffffffff 0 EXIT 0 0 0 
8 0 0 9 00f0 ffffffff 0 EXIT 0 0 0 
96 0 0 5 00e0 ffffffff 0 STG.E.64 2 R8 R6 8 1 0x7f3354ec0500 8 0 
32 0 0 24 00f0 ffffffff 0 EXIT 0 0 0 
96 0 0 28 00e0 ffffffff 0 STG.E.64 2 R8 R6 8 1 0x7f3354ec1c00 8 0 
32 0 0 3 00f0 ffffffff 0 EXIT 0 0 0 
8 0 0 4 00f0 ffffffff 0 EXIT 0 0 0 
91 0 0 7 00f0 ffffffff 0 EXIT 0 0 0 
32 0 0 16 00e0 ffffffff 0 STG.E.64 2 R8 R6 8 1 0x7f3354e41000 8 0 
32 0 0 6 00f0 ffffffff 0 EXIT 0 0 0 
32 0 0 30 00f0 ffffffff 0 EXIT 0 0 0 
32 0 0 17 00f0 ffffffff 0 EXIT 0 0 0 
32 0 0 25 00f0 ffffffff 0 EXIT 0 0 0 
76 0 0 24 00e0 ffffffff 0 STG.E.64 2 R8 R6 8 1 0x7f3354e99800 8 0 
32 0 0 15 00f0 ffffffff 0 EXIT 0 0 0 
32 0 0 10 00f0 ffffffff 0 EXIT 0 0 0 
32 0 0 7 00f0 ffffffff 0 EXIT 0 0 0 
76 0 0 20 00e0 ffffffff 0 STG.E.64 2 R8 R6 8 1 0x7f3354e99400 8 0 
4 0 0 8 00e0 ffffffff 0 STG.E.64 2 R8 R6 8 1 0x7f3354e08800 8 0 
11 0 0 2 00f0 ffffffff 0 EXIT 0 0 0 
12 0 0 21 00e0 ffffffff 0 STG.E.64 2 R8 R6 8 1 0x7f3354e19500 8 0 
8 0 0 7 00e0 ffffffff 0 STG.E.64 2 R8 R6 8 1 0x7f3354e10700 8 0 
63 0 0 4 00f0 ffffffff 0 EXIT 0 0 0 
79 0 0 31 00e0 ffffffff 0 STG.E.64 2 R8 R6 8 1 0x7f3354e9ff00 8 0 
63 0 0 12 00f0 ffffffff 0 EXIT 0 0 0 
63 0 0 24 00f0 ffffffff 0 EXIT 0 0 0 
39 0 0 12 00f0 ffffffff 0 EXIT 0 0 0 
36 0 0 2 00f0 ffffffff 0 EXIT 0 0 0 
4 0 0 16 00f0 ffffffff 0 EXIT 0 0 0 
15 0 0 26 00e0 ffffffff 0 STG.E.64 2 R8 R6 8 1 0x7f3354e1fa00 8 0 
32 0 0 11 00f0 ffffffff 0 EXIT 0 0 0 
36 0 0 1 00e0 ffffffff 0 STG.E.64 2 R8 R6 8 1 0x7f3354e48100 8 0 
8 0 0 19 00f0 ffffffff 0 EXIT 0 0 0 
4 0 0 4 00f0 ffffffff 0 EXIT 0 0 0 
39 0 0 8 00f0 ffffffff 0 EXIT 0 0 0 
12 0 0 30 00e0 ffffffff 0 STG.E.64 2 R8 R6 8 1 0x7f3354e19e00 8 0 
36 0 0 27 00f0 ffffffff 0 EXIT 0 0 0 
79 0 0 25 00f0 ffffffff 0 EXIT 0 0 0 
12 0 0 0 00e0 ffffffff 0 STG.E.64 2 R8 R6 8 1 0x7f3354e18000 8 0 
12 0 0 7 00e0 ffffffff 0 STG.E.64 2 R8 R6 8 1 0x7f3354e18700 8 0 
79 0 0 6 00e0 ffffffff 0 STG.E.64 2 R8 R6 8 1 0x7f3354e9e600 8 0 
11 0 0 0 00f0 ffffffff 0 EXIT 0 0 0 
20 0 0 30 00e0 ffffffff 0 STG.E.64 2 R8 R6 8 1 0x7f3354e29e00 8 0 
36 0 0 4 00e0 ffffffff 0 STG.E.64 2 R8 R6 8 1 0x7f3354e48400 8 0 
79 0 0 19 00f0 ffffffff 0 EXIT 0 0 0 
36 0 0 18 00f0 ffffffff 0 EXIT 0 0 0 
36 0 0 6 00f0 ffffffff 0 EXIT 0 0 0 
4 0 0 0 00f0 ffffffff 0 EXIT 0 0 0 
79 0 0 24 00e0 ffffffff 0 STG.E.64 2 R8 R6 8 1 0x7f3354e9f800 8 0 
36 0 0 7 00e0 ffffffff 0 STG.E.64 2 R8 R6 8 1 0x7f3354e48700 8 0 
36 0 0 21 00f0 ffffffff 0 EXIT 0 0 0 
79 0 0 10 00e0 ffffffff 0 STG.E.64 2 R8 R6 8 1 0x7f3354e9ea00 8 0 
39 0 0 18 00f0 ffffffff 0 EXIT 0 0 0 
39 0 0 10 00f0 ffffffff 0 EXIT 0 0 0 
7 0 0 30 00f0 ffffffff 0 EXIT 0 0 0 
12 0 0 13 00e0 ffffffff 0 STG.E.64 2 R8 R6 8 1 0x7f3354e18d00 8 0 
79 0 0 29 00f0 ffffffff 0 EXIT 0 0 0 
36 0 0 29 00f0 ffffffff 0 EXIT 0 0 0 
36 0 0 5 00f0 ffffffff 0 EXIT 0 0 0 
12 0 0 15 00f0 ffffffff 0 EXIT 0 0 0 
20 0 0 0 00f0 ffffffff 0 EXIT 0 0 0 
20 0 0 4 00e0 ffffffff 0 STG.E.64 2 R8 R6 8 1 0x7f3354e28400 8 0 
79 0 0 26 00f0 ffffffff 0 EXIT 0 0 0 
79 0 0 23 00f0 ffffffff 0 EXIT 0 0 0 
79 0 0 27 00f0 ffffffff 0 EXIT 0 0 0 
79 0 0 30 00e0 ffffffff 0 STG.E.64 2 R8 R6 8 1 0x7f3354e9fe00 8 0 
95 0 0 10 00f0 ffffffff 0 EXIT 0 0 0 
12 0 0 11 00f0 ffffffff 0 EXIT 0 0 0 
95 0 0 8 00f0 ffffffff 0 EXIT 0 0 0 
95 0 0 6 00e0 ffffffff 0 STG.E.64 2 R8 R6 8 1 0x7f3354ebe600 8 0 
35 0 0 20 00f0 ffffffff 0 EXIT 0 0 0 
20 0 0 15 00f0 ffffffff 0 EXIT 0 0 0 
79 0 0 17 00f0 ffffffff 0 EXIT 0 0 0 
40 0 0 7 00f0 ffffffff 0 EXIT 0 0 0 
12 0 0 26 00e0 ffffffff 0 STG.E.64 2 R8 R6 8 1 0x7f3354e19a00 8 0 
4 0 0 1 00f0 ffffffff 0 EXIT 0 0 0 
40 0 0 2 00f0 ffffffff 0 EXIT 0 0 0 
20 0 0 29 00e0 ffffffff 0 STG.E.64 2 R8 R6 8 1 0x7f3354e29d00 8 0 
35 0 0 6 00f0 ffffffff 0 EXIT 0 0 0 
79 0 0 1 00f0 ffffffff 0 EXIT 0 0 0 
12 0 0 18 00f0 ffffffff 0 EXIT 0 0 0 
79 0 0 28 00e0 ffffffff 0 STG.E.64 2 R8 R6 8 1 0x7f3354e9fc00 8 0 
4 0 0 3 00f0 ffffffff 0 EXIT 0 0 0 
7 0 0 0 00f0 ffffffff 0 EXIT 0 0 0 
35 0 0 8 00f0 ffffffff 0 EXIT 0 0 0 
67 0 0 25 00f0 ffffffff 0 EXIT 0 0 0 
67 0 0 13 00f0 ffffffff 0 EXIT 0 0 0 
35 0 0 18 00f0 ffffffff 0 EXIT 0 0 0 
79 0 0 13 00f0 ffffffff 0 EXIT 0 0 0 
79 0 0 4 00f0 ffffffff 0 EXIT 0 0 0 
79 0 0 18 00f0 ffffffff 0 EXIT 0 0 0 
12 0 0 3 00f0 ffffffff 0 EXIT 0 0 0 
7 0 0 8 00f0 ffffffff 0 EXIT 0 0 0 
12 0 0 5 00f0 ffffffff 0 EXIT 0 0 0 
12 0 0 14 00f0 ffffffff 0 EXIT 0 0 0 
20 0 0 13 00e0 ffffffff 0 STG.E.64 2 R8 R6 8 1 0x7f3354e28d00 8 0 
67 0 0 26 00f0 ffffffff 0 EXIT 0 0 0 
67 0 0 6 00f0 ffffffff 0 EXIT 0 0 0 
79 0 0 12 00f0 ffffffff 0 EXIT 0 0 0 
12 0 0 6 00f0 ffffffff 0 EXIT 0 0 0 
64 0 0 20 00e0 ffffffff 0 STG.E.64 2 R8 R6 8 1 0x7f3354e81400 8 0 
12 0 0 2 00f0 ffffffff 0 EXIT 0 0 0 
64 0 0 0 00e0 ffffffff 0 STG.E.64 2 R8 R6 8 1 0x7f3354e80000 8 0 
71 0 0 24 00f0 ffffffff 0 EXIT 0 0 0 
71 0 0 4 00f0 ffffffff 0 EXIT 0 0 0 
71 0 0 23 00f0 ffffffff 0 EXIT 0 0 0 
4 0 0 14 00f0 ffffffff 0 EXIT 0 0 0 
40 0 0 23 00e0 ffffffff 0 STG.E.64 2 R8 R6 8 1 0x7f3354e51700 8 0 
4 0 0 15 00f0 ffffffff 0 EXIT 0 0 0 
23 0 0 23 00e0 ffffffff 0 STG.E.64 2 R8 R6 8 1 0x7f3354e2f700 8 0 
4 0 0 5 00f0 ffffffff 0 EXIT 0 0 0 
20 0 0 26 00f0 ffffffff 0 EXIT 0 0 0 
4 0 0 2 00f0 ffffffff 0 EXIT 0 0 0 
71 0 0 20 00f0 ffffffff 0 EXIT 0 0 0 
20 0 0 14 00f0 ffffffff 0 EXIT 0 0 0 
67 0 0 0 00f0 ffffffff 0 EXIT 0 0 0 
91 0 0 28 00f0 ffffffff 0 EXIT 0 0 0 
4 0 0 10 00f0 ffffffff 0 EXIT 0 0 0 
67 0 0 5 00e0 ffffffff 0 STG.E.64 2 R8 R6 8 1 0x7f3354e86500 8 0 
71 0 0 9 00f0 ffffffff 0 EXIT 0 0 0 
91 0 0 6 00e0 ffffffff 0 STG.E.64 2 R8 R6 8 1 0x7f3354eb6600 8 0 
71 0 0 22 00f0 ffffffff 0 EXIT 0 0 0 
71 0 0 18 00f0 ffffffff 0 EXIT 0 0 0 
71 0 0 14 00f0 ffffffff 0 EXIT 0 0 0 
91 0 0 24 00f0 ffffffff 0 EXIT 0 0 0 
20 0 0 17 00f0 ffffffff 0 EXIT 0 0 0 
71 0 0 31 00e0 ffffffff 0 STG.E.64 2 R8 R6 8 1 0x7f3354e8ff00 8 0 
67 0 0 3 00f0 ffffffff 0 EXIT 0 0 0 
23 0 0 12 00f0 ffffffff 0 EXIT 0 0 0 
23 0 0 7 00f0 ffffffff 0 EXIT 0 0 0 
63 0 0 22 00f0 ffffffff 0 EXIT 0 0 0 
20 0 0 2 00f0 ffffffff 0 EXIT 0 0 0 
67 0 0 31 00e0 ffffffff 0 STG.E.64 2 R8 R6 8 1 0x7f3354e87f00 8 0 
88 0 0 16 00f0 ffffffff 0 EXIT 0 0 0 
88 0 0 19 00e0 ffffffff 0 STG.E.64 2 R8 R6 8 1 0x7f3354eb1300 8 0 
40 0 0 25 00f0 ffffffff 0 EXIT 0 0 0 
20 0 0 1 00f0 ffffffff 0 EXIT 0 0 0 
20 0 0 5 00e0 ffffffff 0 STG.E.64 2 R8 R6 8 1 0x7f3354e28500 8 0 
15 0 0 26 00f0 ffffffff 0 EXIT 0 0 0 
64 0 0 8 00a0 ffffffff 1 R4 LDG.E.64 1 R4 8 1 0x7f3354d43e00 8 0 
67 0 0 7 00b0 ffffffff 1 R2 LDG.E.64 1 R2 8 1 0x7f3354c86700 8 0 
4 0 0 9 00e0 ffffffff 0 STG.E.64 2 R8 R6 8 1 0x7f3354e08900 8 0 
20 0 0 24 00b0 ffffffff 1 R2 LDG.E.64 1 R2 8 1 0x7f3354c29800 8 0 
23 0 0 13 00f0 ffffffff 0 EXIT 0 0 0 
40 0 0 12 00e0 ffffffff 0 STG.E.64 2 R8 R6 8 1 0x7f3354e50c00 8 0 
95 0 0 6 00f0 ffffffff 0 EXIT 0 0 0 
91 0 0 29 00e0 ffffffff 0 STG.E.64 2 R8 R6 8 1 0x7f3354eb7d00 8 0 
4 0 0 17 00f0 ffffffff 0 EXIT 0 0 0 
63 0 0 7 00f0 ffffffff 0 EXIT 0 0 0 
64 0 0 26 00f0 ffffffff 0 EXIT 0 0 0 
40 0 0 1 00f0 ffffffff 0 EXIT 0 0 0 
63 0 0 26 00f0 ffffffff 0 EXIT 0 0 0 
91 0 0 3 00f0 ffffffff 0 EXIT 0 0 0 
91 0 0 11 00f0 ffffffff 0 EXIT 0 0 0 
20 0 0 25 00f0 ffffffff 0 EXIT 0 0 0 
20 0 0 9 00e0 ffffffff 0 STG.E.64 2 R8 R6 8 1 0x7f3354e28900 8 0 
64 0 0 19 00e0 ffffffff 0 STG.E.64 2 R8 R6 8 1 0x7f3354e81300 8 0 
63 0 0 19 00f0 ffffffff 0 EXIT 0 0 0 
91 0 0 10 00f0 ffffffff 0 EXIT 0 0 0 
40 0 0 9 00e0 ffffffff 0 STG.E.64 2 R8 R6 8 1 0x7f3354e50900 8 0 
63 0 0 8 00f0 ffffffff 0 EXIT 0 0 0 
63 0 0 16 00f0 ffffffff 0 EXIT 0 0 0 
23 0 0 24 00e0 ffffffff 0 STG.E.64 2 R8 R6 8 1 0x7f3354e2f800 8 0 
68 0 0 11 00e0 ffffffff 0 STG.E.64 2 R8 R6 8 1 0x7f3354e88b00 8 0 
64 0 0 27 00f0 ffffffff 0 EXIT 0 0 0 
88 0 0 20 00f0 ffffffff 0 EXIT 0 0 0 
64 0 0 5 00a0 ffffffff 1 R4 LDG.E.64 1 R4 8 1 0x7f3354d43b00 8 0 
64 0 0 14 00e0 ffffffff 0 STG.E.64 2 R8 R6 8 1 0x7f3354e80e00 8 0 
88 0 0 29 00f0 ffffffff 0 EXIT 0 0 0 
88 0 0 24 00f0 ffffffff 0 EXIT 0 0 0 
23 0 0 3 00e0 ffffffff 0 STG.E.64 2 R8 R6 8 1 0x7f3354e2e300 8 0 
88 0 0 31 00f0 ffffffff 0 EXIT 0 0 0 
95 0 0 2 00e0 ffffffff 0 STG.E.64 2 R8 R6 8 1 0x7f3354ebe200 8 0 
64 0 0 23 00f0 ffffffff 0 EXIT 0 0 0 
68 0 0 3 00f0 ffffffff 0 EXIT 0 0 0 
95 0 0 3 00e0 ffffffff 0 STG.E.64 2 R8 R6 8 1 0x7f3354ebe300 8 0 
68 0 0 7 00f0 ffffffff 0 EXIT 0 0 0 
64 0 0 22 00f0 ffffffff 0 EXIT 0 0 0 
95 0 0 1 00e0 ffffffff 0 STG.E.64 2 R8 R6 8 1 0x7f3354ebe100 8 0 
68 0 0 15 00f0 ffffffff 0 EXIT 0 0 0 
76 0 0 31 00f0 ffffffff 0 EXIT 0 0 0 
67 0 0 5 00f0 ffffffff 0 EXIT 0 0 0 
71 0 0 31 00f0 ffffffff 0 EXIT 0 0 0 
91 0 0 6 00f0 ffffffff 0 EXIT 0 0 0 
64 0 0 2 00e0 ffffffff 0 STG.E.64 2 R8 R6 8 1 0x7f3354e80200 8 0 
88 0 0 21 00e0 ffffffff 0 STG.E.64 2 R8 R6 8 1 0x7f3354eb1500 8 0 
67 0 0 31 00f0 ffffffff 0 EXIT 0 0 0 
79 0 0 31 00f0 ffffffff 0 EXIT 0 0 0 
79 0 0 6 00f0 ffffffff 0 EXIT 0 0 0 
76 0 0 7 00f0 ffffffff 0 EXIT 0 0 0 
95 0 0 2 00f0 ffffffff 0 EXIT 0 0 0 
68 0 0 8 00e0 ffffffff 0 STG.E.64 2 R8 R6 8 1 0x7f3354e88800 8 0 
91 0 0 29 00f0 ffffffff 0 EXIT 0 0 0 
79 0 0 24 00f0 ffffffff 0 EXIT 0 0 0 
68 0 0 28 00e0 ffffffff 0 STG.E.64 2 R8 R6 8 1 0x7f3354e89c00 8 0 
79 0 0 28 00f0 ffffffff 0 EXIT 0 0 0 
95 0 0 3 00f0 ffffffff 0 EXIT 0 0 0 
92 0 0 19 00a0 ffffffff 1 R4 LDG.E.64 1 R4 8 1 0x7f3354d7c900 8 0 
95 0 0 1 00f0 ffffffff 0 EXIT 0 0 0 
92 0 0 14 00e0 ffffffff 0 STG.E.64 2 R8 R6 8 1 0x7f3354eb8e00 8 0 
92 0 0 30 00a0 ffffffff 1 R4 LDG.E.64 1 R4 8 1 0x7f3354d7d400 8 0 
79 0 0 30 00f0 ffffffff 0 EXIT 0 0 0 
79 0 0 10 00f0 ffffffff 0 EXIT 0 0 0 
23 0 0 23 00f0 ffffffff 0 EXIT 0 0 0 
88 0 0 15 00e0 ffffffff 0 STG.E.64 2 R8 R6 8 1 0x7f3354eb0f00 8 0 
68 0 0 24 00f0 ffffffff 0 EXIT 0 0 0 
76 0 0 23 00f0 ffffffff 0 EXIT 0 0 0 
88 0 0 8 00e0 ffffffff 0 STG.E.64 2 R8 R6 8 1 0x7f3354eb0800 8 0 
96 0 0 19 00f0 ffffffff 0 EXIT 0 0 0 
68 0 0 20 00f0 ffffffff 0 EXIT 0 0 0 
88 0 0 5 00e0 ffffffff 0 STG.E.64 2 R8 R6 8 1 0x7f3354eb0500 8 0 
68 0 0 2 00e0 ffffffff 0 STG.E.64 2 R8 R6 8 1 0x7f3354e88200 8 0 
88 0 0 1 00e0 ffffffff 0 STG.E.64 2 R8 R6 8 1 0x7f3354eb0100 8 0 
20 0 0 31 00b0 ffffffff 1 R2 LDG.E.64 1 R2 8 1 0x7f3354c29f00 8 0 
23 0 0 24 00f0 ffffffff 0 EXIT 0 0 0 
68 0 0 10 00f0 ffffffff 0 EXIT 0 0 0 
88 0 0 25 00e0 ffffffff 0 STG.E.64 2 R8 R6 8 1 0x7f3354eb1900 8 0 
68 0 0 16 00f0 ffffffff 0 EXIT 0 0 0 
40 0 0 29 00b0 ffffffff 1 R2 LDG.E.64 1 R2 8 1 0x7f3354c51d00 8 0 
92 0 0 13 00a0 ffffffff 1 R4 LDG.E.64 1 R4 8 1 0x7f3354d7c300 8 0 
23 0 0 3 00f0 ffffffff 0 EXIT 0 0 0 
88 0 0 10 00e0 ffffffff 0 STG.E.64 2 R8 R6 8 1 0x7f3354eb0a00 8 0 
96 0 0 7 00e0 ffffffff 0 STG.E.64 2 R8 R6 8 1 0x7f3354ec0700 8 0 
68 0 0 14 00f0 ffffffff 0 EXIT 0 0 0 
92 0 0 27 00f0 ffffffff 0 EXIT 0 0 0 
32 0 0 21 00f0 ffffffff 0 EXIT 0 0 0 
64 0 0 30 00b0 ffffffff 1 R2 LDG.E.64 1 R2 8 1 0x7f3354c81e00 8 0 
60 0 0 15 00e0 ffffffff 0 STG.E.64 2 R8 R6 8 1 0x7f3354e78f00 8 0 
88 0 0 22 00f0 ffffffff 0 EXIT 0 0 0 
92 0 0 2 00f0 ffffffff 0 EXIT 0 0 0 
76 0 0 30 00f0 ffffffff 0 EXIT 0 0 0 
60 0 0 26 00e0 ffffffff 0 STG.E.64 2 R8 R6 8 1 0x7f3354e79a00 8 0 
88 0 0 2 00f0 ffffffff 0 EXIT 0 0 0 
92 0 0 3 00f0 ffffffff 0 EXIT 0 0 0 
35 0 0 7 00e0 ffffffff 0 STG.E.64 2 R8 R6 8 1 0x7f3354e46700 8 0 
92 0 0 21 00e0 ffffffff 0 STG.E.64 2 R8 R6 8 1 0x7f3354eb9500 8 0 
68 0 0 30 00f0 ffffffff 0 EXIT 0 0 0 
60 0 0 18 00e0 ffffffff 0 STG.E.64 2 R8 R6 8 1 0x7f3354e79200 8 0 
68 0 0 6 00f0 ffffffff 0 EXIT 0 0 0 
60 0 0 2 00e0 ffffffff 0 STG.E.64 2 R8 R6 8 1 0x7f3354e78200 8 0 
60 0 0 30 00f0 ffffffff 0 EXIT 0 0 0 
60 0 0 14 00f0 ffffffff 0 EXIT 0 0 0 
88 0 0 26 00e0 ffffffff 0 STG.E.64 2 R8 R6 8 1 0x7f3354eb1a00 8 0 
32 0 0 9 00f0 ffffffff 0 EXIT 0 0 0 
32 0 0 14 00f0 ffffffff 0 EXIT 0 0 0 
68 0 0 18 00f0 ffffffff 0 EXIT 0 0 0 
67 0 0 7 00e0 ffffffff 0 STG.E.64 2 R8 R6 8 1 0x7f3354e86700 8 0 
60 0 0 10 00f0 ffffffff 0 EXIT 0 0 0 
92 0 0 23 00b0 ffffffff 1 R2 LDG.E.64 1 R2 8 1 0x7f3354cb9700 8 0 
92 0 0 18 00a0 ffffffff 1 R4 LDG.E.64 1 R4 8 1 0x7f3354d7c800 8 0 
92 0 0 0 00e0 ffffffff 0 STG.E.64 2 R8 R6 8 1 0x7f3354eb8000 8 0 
68 0 0 9 00f0 ffffffff 0 EXIT 0 0 0 
68 0 0 25 00f0 ffffffff 0 EXIT 0 0 0 
68 0 0 5 00f0 ffffffff 0 EXIT 0 0 0 
60 0 0 31 00e0 ffffffff 0 STG.E.64 2 R8 R6 8 1 0x7f3354e79f00 8 0 
60 0 0 20 00e0 ffffffff 0 STG.E.64 2 R8 R6 8 1 0x7f3354e79400 8 0 
88 0 0 12 00b0 ffffffff 1 R2 LDG.E.64 1 R2 8 1 0x7f3354cb0c00 8 0 
35 0 0 7 00f0 ffffffff 0 EXIT 0 0 0 
12 0 0 30 00f0 ffffffff 0 EXIT 0 0 0 
8 0 0 7 00f0 ffffffff 0 EXIT 0 0 0 
20 0 0 28 00e0 ffffffff 0 STG.E.64 2 R8 R6 8 1 0x7f3354e29c00 8 0 
60 0 0 22 00b0 ffffffff 1 R2 LDG.E.64 1 R2 8 1 0x7f3354c79600 8 0 
96 0 0 3 00f0 ffffffff 0 EXIT 0 0 0 
60 0 0 29 00e0 ffffffff 0 STG.E.64 2 R8 R6 8 1 0x7f3354e79d00 8 0 
60 0 0 21 00e0 ffffffff 0 STG.E.64 2 R8 R6 8 1 0x7f3354e79500 8 0 
60 0 0 3 00e0 ffffffff 0 STG.E.64 2 R8 R6 8 1 0x7f3354e78300 8 0 
12 0 0 21 00f0 ffffffff 0 EXIT 0 0 0 
67 0 0 7 00f0 ffffffff 0 EXIT 0 0 0 
64 0 0 12 00a0 ffffffff 1 R4 LDG.E.64 1 R4 8 1 0x7f3354d44200 8 0 
12 0 0 7 00f0 ffffffff 0 EXIT 0 0 0 
32 0 0 16 00f0 ffffffff 0 EXIT 0 0 0 
12 0 0 29 00e0 ffffffff 0 STG.E.64 2 R8 R6 8 1 0x7f3354e19d00 8 0 
20 0 0 3 00e0 ffffffff 0 STG.E.64 2 R8 R6 8 1 0x7f3354e28300 8 0 
12 0 0 13 00f0 ffffffff 0 EXIT 0 0 0 
76 0 0 18 00f0 ffffffff 0 EXIT 0 0 0 
96 0 0 1 00e0 ffffffff 0 STG.E.64 2 R8 R6 8 1 0x7f3354ec0100 8 0 
76 0 0 14 00f0 ffffffff 0 EXIT 0 0 0 
76 0 0 5 00f0 ffffffff 0 EXIT 0 0 0 
12 0 0 0 00f0 ffffffff 0 EXIT 0 0 0 
96 0 0 0 00e0 ffffffff 0 STG.E.64 2 R8 R6 8 1 0x7f3354ec0000 8 0 
76 0 0 29 00f0 ffffffff 0 EXIT 0 0 0 
60 0 0 13 00f0 ffffffff 0 EXIT 0 0 0 
76 0 0 22 00f0 ffffffff 0 EXIT 0 0 0 
20 0 0 30 00f0 ffffffff 0 EXIT 0 0 0 
20 0 0 11 00e0 ffffffff 0 STG.E.64 2 R8 R6 8 1 0x7f3354e28b00 8 0 
88 0 0 6 00b0 ffffffff 1 R2 LDG.E.64 1 R2 8 1 0x7f3354cb0600 8 0 
64 0 0 0 00f0 ffffffff 0 EXIT 0 0 0 
36 0 0 28 00f0 ffffffff 0 EXIT 0 0 0 
12 0 0 1 00e0 ffffffff 0 STG.E.64 2 R8 R6 8 1 0x7f3354e18100 8 0 
60 0 0 16 00f0 ffffffff 0 EXIT 0 0 0 
12 0 0 26 00f0 ffffffff 0 EXIT 0 0 0 
60 0 0 28 00f0 ffffffff 0 EXIT 0 0 0 
64 0 0 17 00e0 ffffffff 0 STG.E.64 2 R8 R6 8 1 0x7f3354e81100 8 0 
64 0 0 20 00f0 ffffffff 0 EXIT 0 0 0 
40 0 0 16 00e0 ffffffff 0 STG.E.64 2 R8 R6 8 1 0x7f3354e51000 8 0 
60 0 0 0 00f0 ffffffff 0 EXIT 0 0 0 
96 0 0 12 00e0 ffffffff 0 STG.E.64 2 R8 R6 8 1 0x7f3354ec0c00 8 0 
60 0 0 1 00f0 ffffffff 0 EXIT 0 0 0 
96 0 0 30 00f0 ffffffff 0 EXIT 0 0 0 
60 0 0 17 00f0 ffffffff 0 EXIT 0 0 0 
60 0 0 25 00f0 ffffffff 0 EXIT 0 0 0 
60 0 0 5 00f0 ffffffff 0 EXIT 0 0 0 
60 0 0 8 00f0 ffffffff 0 EXIT 0 0 0 
64 0 0 7 00e0 ffffffff 0 STG.E.64 2 R8 R6 8 1 0x7f3354e80700 8 0 
64 0 0 13 00e0 ffffffff 0 STG.E.64 2 R8 R6 8 1 0x7f3354e80d00 8 0 
96 0 0 20 00e0 ffffffff 0 STG.E.64 2 R8 R6 8 1 0x7f3354ec1400 8 0 
4 0 0 8 00f0 ffffffff 0 EXIT 0 0 0 
88 0 0 23 00e0 ffffffff 0 STG.E.64 2 R8 R6 8 1 0x7f3354eb1700 8 0 
40 0 0 21 00e0 ffffffff 0 STG.E.64 2 R8 R6 8 1 0x7f3354e51500 8 0 
96 0 0 16 00f0 ffffffff 0 EXIT 0 0 0 
88 0 0 19 00f0 ffffffff 0 EXIT 0 0 0 
4 0 0 18 00e0 ffffffff 0 STG.E.64 2 R8 R6 8 1 0x7f3354e09200 8 0 
64 0 0 3 00e0 ffffffff 0 STG.E.64 2 R8 R6 8 1 0x7f3354e80300 8 0 
96 0 0 10 00e0 ffffffff 0 STG.E.64 2 R8 R6 8 1 0x7f3354ec0a00 8 0 
96 0 0 2 00e0 ffffffff 0 STG.E.64 2 R8 R6 8 1 0x7f3354ec0200 8 0 
96 0 0 14 00f0 ffffffff 0 EXIT 0 0 0 
64 0 0 19 00f0 ffffffff 0 EXIT 0 0 0 
76 0 0 28 00f0 ffffffff 0 EXIT 0 0 0 
76 0 0 4 00f0 ffffffff 0 EXIT 0 0 0 
40 0 0 20 00e0 ffffffff 0 STG.E.64 2 R8 R6 8 1 0x7f3354e51400 8 0 
64 0 0 14 00f0 ffffffff 0 EXIT 0 0 0 
36 0 0 1 00f0 ffffffff 0 EXIT 0 0 0 
76 0 0 24 00f0 ffffffff 0 EXIT 0 0 0 
96 0 0 5 00f0 ffffffff 0 EXIT 0 0 0 
64 0 0 2 00f0 ffffffff 0 EXIT 0 0 0 
68 0 0 11 00f0 ffffffff 0 EXIT 0 0 0 
20 0 0 4 00f0 ffffffff 0 EXIT 0 0 0 
64 0 0 15 00e0 ffffffff 0 STG.E.64 2 R8 R6 8 1 0x7f3354e80f00 8 0 
96 0 0 28 00f0 ffffffff 0 EXIT 0 0 0 
76 0 0 0 00f0 ffffffff 0 EXIT 0 0 0 
40 0 0 27 00e0 ffffffff 0 STG.E.64 2 R8 R6 8 1 0x7f3354e51b00 8 0 
20 0 0 13 00f0 ffffffff 0 EXIT 0 0 0 
20 0 0 29 00f0 ffffffff 0 EXIT 0 0 0 
36 0 0 4 00f0 ffffffff 0 EXIT 0 0 0 
88 0 0 11 00e0 ffffffff 0 STG.E.64 2 R8 R6 8 1 0x7f3354eb0b00 8 0 
96 0 0 8 00f0 ffffffff 0 EXIT 0 0 0 
76 0 0 20 00f0 ffffffff 0 EXIT 0 0 0 
36 0 0 22 00e0 ffffffff 0 STG.E.64 2 R8 R6 8 1 0x7f3354e49600 8 0 
40 0 0 23 00f0 ffffffff 0 EXIT 0 0 0 
40 0 0 12 00f0 ffffffff 0 EXIT 0 0 0 
76 0 0 1 00b0 ffffffff 1 R2 LDG.E.64 1 R2 8 1 0x7f3354c98100 8 0 
36 0 0 7 00f0 ffffffff 0 EXIT 0 0 0 
20 0 0 9 00f0 ffffffff 0 EXIT 0 0 0 
40 0 0 31 00e0 ffffffff 0 STG.E.64 2 R8 R6 8 1 0x7f3354e51f00 8 0 
68 0 0 31 00e0 ffffffff 0 STG.E.64 2 R8 R6 8 1 0x7f3354e89f00 8 0 
40 0 0 22 00e0 ffffffff 0 STG.E.64 2 R8 R6 8 1 0x7f3354e51600 8 0 
68 0 0 12 00e0 ffffffff 0 STG.E.64 2 R8 R6 8 1 0x7f3354e88c00 8 0 
40 0 0 9 00f0 ffffffff 0 EXIT 0 0 0 
88 0 0 30 00e0 ffffffff 0 STG.E.64 2 R8 R6 8 1 0x7f3354eb1e00 8 0 
92 0 0 31 00b0 ffffffff 1 R2 LDG.E.64 1 R2 8 1 0x7f3354cb9f00 8 0 
20 0 0 5 00f0 ffffffff 0 EXIT 0 0 0 
92 0 0 22 00b0 ffffffff 1 R2 LDG.E.64 1 R2 8 1 0x7f3354cb9600 8 0 
88 0 0 4 00e0 ffffffff 0 STG.E.64 2 R8 R6 8 1 0x7f3354eb0400 8 0 
88 0 0 7 00e0 ffffffff 0 STG.E.64 2 R8 R6 8 1 0x7f3354eb0700 8 0 
88 0 0 21 00f0 ffffffff 0 EXIT 0 0 0 
92 0 0 20 00b0 ffffffff 1 R2 LDG.E.64 1 R2 8 1 0x7f3354cb9400 8 0 
96 0 0 6 00f0 ffffffff 0 EXIT 0 0 0 
64 0 0 10 00e0 ffffffff 0 STG.E.64 2 R8 R6 8 1 0x7f3354e80a00 8 0 
64 0 0 8 00b0 ffffffff 1 R2 LDG.E.64 1 R2 8 1 0x7f3354c80800 8 0 
68 0 0 8 00f0 ffffffff 0 EXIT 0 0 0 
4 0 0 9 00f0 ffffffff 0 EXIT 0 0 0 
88 0 0 14 00e0 ffffffff 0 STG.E.64 2 R8 R6 8 1 0x7f3354eb0e00 8 0 
88 0 0 15 00f0 ffffffff 0 EXIT 0 0 0 
40 0 0 28 00e0 ffffffff 0 STG.E.64 2 R8 R6 8 1 0x7f3354e51c00 8 0 
40 0 0 14 00e0 ffffffff 0 STG.E.64 2 R8 R6 8 1 0x7f3354e50e00 8 0 
88 0 0 5 00f0 ffffffff 0 EXIT 0 0 0 
88 0 0 0 00e0 ffffffff 0 STG.E.64 2 R8 R6 8 1 0x7f3354eb0000 8 0 
40 0 0 26 00e0 ffffffff 0 STG.E.64 2 R8 R6 8 1 0x7f3354e51a00 8 0 
88 0 0 8 00f0 ffffffff 0 EXIT 0 0 0 
88 0 0 25 00f0 ffffffff 0 EXIT 0 0 0 
40 0 0 10 00e0 ffffffff 0 STG.E.64 2 R8 R6 8 1 0x7f3354e50a00 8 0 
88 0 0 26 00f0 ffffffff 0 EXIT 0 0 0 
88 0 0 1 00f0 ffffffff 0 EXIT 0 0 0 
40 0 0 19 00e0 ffffffff 0 STG.E.64 2 R8 R6 8 1 0x7f3354e51300 8 0 
40 0 0 13 00e0 ffffffff 0 STG.E.64 2 R8 R6 8 1 0x7f3354e50d00 8 0 
68 0 0 28 00f0 ffffffff 0 EXIT 0 0 0 
40 0 0 11 00e0 ffffffff 0 STG.E.64 2 R8 R6 8 1 0x7f3354e50b00 8 0 
64 0 0 5 00b0 ffffffff 1 R2 LDG.E.64 1 R2 8 1 0x7f3354c80500 8 0 
68 0 0 2 00f0 ffffffff 0 EXIT 0 0 0 
88 0 0 10 00f0 ffffffff 0 EXIT 0 0 0 
40 0 0 15 00e0 ffffffff 0 STG.E.64 2 R8 R6 8 1 0x7f3354e50f00 8 0 
60 0 0 19 00e0 ffffffff 0 STG.E.64 2 R8 R6 8 1 0x7f3354e79300 8 0 
12 0 0 29 00f0 ffffffff 0 EXIT 0 0 0 
12 0 0 1 00f0 ffffffff 0 EXIT 0 0 0 
60 0 0 11 00e0 ffffffff 0 STG.E.64 2 R8 R6 8 1 0x7f3354e78b00 8 0 
60 0 0 7 00e0 ffffffff 0 STG.E.64 2 R8 R6 8 1 0x7f3354e78700 8 0 
60 0 0 23 00e0 ffffffff 0 STG.E.64 2 R8 R6 8 1 0x7f3354e79700 8 0 
68 0 0 31 00f0 ffffffff 0 EXIT 0 0 0 
88 0 0 23 00f0 ffffffff 0 EXIT 0 0 0 
68 0 0 12 00f0 ffffffff 0 EXIT 0 0 0 
64 0 0 12 00b0 ffffffff 1 R2 LDG.E.64 1 R2 8 1 0x7f3354c80c00 8 0 
60 0 0 18 00f0 ffffffff 0 EXIT 0 0 0 
20 0 0 28 00f0 ffffffff 0 EXIT 0 0 0 
60 0 0 15 00f0 ffffffff 0 EXIT 0 0 0 
60 0 0 9 00e0 ffffffff 0 STG.E.64 2 R8 R6 8 1 0x7f3354e78900 8 0 
20 0 0 3 00f0 ffffffff 0 EXIT 0 0 0 
60 0 0 20 00f0 ffffffff 0 EXIT 0 0 0 
60 0 0 26 00f0 ffffffff 0 EXIT 0 0 0 
88 0 0 30 00f0 ffffffff 0 EXIT 0 0 0 
92 0 0 14 00f0 ffffffff 0 EXIT 0 0 0 
60 0 0 31 00f0 ffffffff 0 EXIT 0 0 0 
92 0 0 10 00e0 ffffffff 0 STG.E.64 2 R8 R6 8 1 0x7f3354eb8a00 8 0 
88 0 0 11 00f0 ffffffff 0 EXIT 0 0 0 
60 0 0 2 00f0 ffffffff 0 EXIT 0 0 0 
96 0 0 7 00f0 ffffffff 0 EXIT 0 0 0 
20 0 0 11 00f0 ffffffff 0 EXIT 0 0 0 
60 0 0 3 00f0 ffffffff 0 EXIT 0 0 0 
60 0 0 29 00f0 ffffffff 0 EXIT 0 0 0 
8 0 0 3 00e0 ffffffff 0 STG.E.64 2 R8 R6 8 1 0x7f3354e10300 8 0 
92 0 0 6 00e0 ffffffff 0 STG.E.64 2 R8 R6 8 1 0x7f3354eb8600 8 0 
64 0 0 17 00f0 ffffffff 0 EXIT 0 0 0 
92 0 0 26 00a0 ffffffff 1 R4 LDG.E.64 1 R4 8 1 0x7f3354d7d000 8 0 
60 0 0 21 00f0 ffffffff 0 EXIT 0 0 0 
68 0 0 21 00e0 ffffffff 0 STG.E.64 2 R8 R6 8 1 0x7f3354e89500 8 0 
88 0 0 4 00f0 ffffffff 0 EXIT 0 0 0 
88 0 0 14 00f0 ffffffff 0 EXIT 0 0 0 
92 0 0 25 00e0 ffffffff 0 STG.E.64 2 R8 R6 8 1 0x7f3354eb9900 8 0 
88 0 0 0 00f0 ffffffff 0 EXIT 0 0 0 
64 0 0 13 00f0 ffffffff 0 EXIT 0 0 0 
92 0 0 29 00e0 ffffffff 0 STG.E.64 2 R8 R6 8 1 0x7f3354eb9d00 8 0 
20 0 0 7 00e0 ffffffff 0 STG.E.64 2 R8 R6 8 1 0x7f3354e28700 8 0 
64 0 0 15 00f0 ffffffff 0 EXIT 0 0 0 
64 0 0 7 00f0 ffffffff 0 EXIT 0 0 0 
88 0 0 7 00f0 ffffffff 0 EXIT 0 0 0 
92 0 0 1 00e0 ffffffff 0 STG.E.64 2 R8 R6 8 1 0x7f3354eb8100 8 0 
64 0 0 3 00f0 ffffffff 0 EXIT 0 0 0 
4 0 0 18 00f0 ffffffff 0 EXIT 0 0 0 
64 0 0 10 00f0 ffffffff 0 EXIT 0 0 0 
68 0 0 21 00f0 ffffffff 0 EXIT 0 0 0 
92 0 0 16 00e0 ffffffff 0 STG.E.64 2 R8 R6 8 1 0x7f3354eb9000 8 0 
76 0 0 3 00e0 ffffffff 0 STG.E.64 2 R8 R6 8 1 0x7f3354e98300 8 0 
92 0 0 21 00f0 ffffffff 0 EXIT 0 0 0 
92 0 0 30 00b0 ffffffff 1 R2 LDG.E.64 1 R2 8 1 0x7f3354cb9e00 8 0 
92 0 0 12 00a0 ffffffff 1 R4 LDG.E.64 1 R4 8 1 0x7f3354d7c200 8 0 
92 0 0 24 00e0 ffffffff 0 STG.E.64 2 R8 R6 8 1 0x7f3354eb9800 8 0 
96 0 0 1 00f0 ffffffff 0 EXIT 0 0 0 
92 0 0 19 00b0 ffffffff 1 R2 LDG.E.64 1 R2 8 1 0x7f3354cb9300 8 0 
64 0 0 11 00e0 ffffffff 0 STG.E.64 2 R8 R6 8 1 0x7f3354e80b00 8 0 
92 0 0 0 00f0 ffffffff 0 EXIT 0 0 0 
4 0 0 11 00e0 ffffffff 0 STG.E.64 2 R8 R6 8 1 0x7f3354e08b00 8 0 
40 0 0 16 00f0 ffffffff 0 EXIT 0 0 0 
64 0 0 16 00e0 ffffffff 0 STG.E.64 2 R8 R6 8 1 0x7f3354e81000 8 0 
64 0 0 1 00e0 ffffffff 0 STG.E.64 2 R8 R6 8 1 0x7f3354e80100 8 0 
4 0 0 12 00e0 ffffffff 0 STG.E.64 2 R8 R6 8 1 0x7f3354e08c00 8 0 
64 0 0 31 00e0 ffffffff 0 STG.E.64 2 R8 R6 8 1 0x7f3354e81f00 8 0 
64 0 0 18 00e0 ffffffff 0 STG.E.64 2 R8 R6 8 1 0x7f3354e81200 8 0 
40 0 0 21 00f0 ffffffff 0 EXIT 0 0 0 
40 0 0 20 00f0 ffffffff 0 EXIT 0 0 0 
60 0 0 19 00f0 ffffffff 0 EXIT 0 0 0 
60 0 0 7 00f0 ffffffff 0 EXIT 0 0 0 
96 0 0 0 00f0 ffffffff 0 EXIT 0 0 0 
64 0 0 6 00e0 ffffffff 0 STG.E.64 2 R8 R6 8 1 0x7f3354e80600 8 0 
64 0 0 9 00e0 ffffffff 0 STG.E.64 2 R8 R6 8 1 0x7f3354e80900 8 0 
36 0 0 22 00f0 ffffffff 0 EXIT 0 0 0 
64 0 0 4 00e0 ffffffff 0 STG.E.64 2 R8 R6 8 1 0x7f3354e80400 8 0 
60 0 0 11 00f0 ffffffff 0 EXIT 0 0 0 
40 0 0 22 00f0 ffffffff 0 EXIT 0 0 0 
96 0 0 12 00f0 ffffffff 0 EXIT 0 0 0 
76 0 0 3 00f0 ffffffff 0 EXIT 0 0 0 
40 0 0 14 00f0 ffffffff 0 EXIT 0 0 0 
20 0 0 7 00f0 ffffffff 0 EXIT 0 0 0 
96 0 0 20 00f0 ffffffff 0 EXIT 0 0 0 
40 0 0 31 00f0 ffffffff 0 EXIT 0 0 0 
40 0 0 27 00f0 ffffffff 0 EXIT 0 0 0 
40 0 0 28 00f0 ffffffff 0 EXIT 0 0 0 
60 0 0 23 00f0 ffffffff 0 EXIT 0 0 0 
40 0 0 26 00f0 ffffffff 0 EXIT 0 0 0 
40 0 0 13 00f0 ffffffff 0 EXIT 0 0 0 
92 0 0 18 00b0 ffffffff 1 R2 LDG.E.64 1 R2 8 1 0x7f3354cb9200 8 0 
20 0 0 24 00e0 ffffffff 0 STG.E.64 2 R8 R6 8 1 0x7f3354e29800 8 0 
40 0 0 19 00f0 ffffffff 0 EXIT 0 0 0 
88 0 0 12 00e0 ffffffff 0 STG.E.64 2 R8 R6 8 1 0x7f3354eb0c00 8 0 
60 0 0 9 00f0 ffffffff 0 EXIT 0 0 0 
88 0 0 6 00e0 ffffffff 0 STG.E.64 2 R8 R6 8 1 0x7f3354eb0600 8 0 
76 0 0 6 00e0 ffffffff 0 STG.E.64 2 R8 R6 8 1 0x7f3354e98600 8 0 
92 0 0 13 00b0 ffffffff 1 R2 LDG.E.64 1 R2 8 1 0x7f3354cb8d00 8 0 
76 0 0 2 00e0 ffffffff 0 STG.E.64 2 R8 R6 8 1 0x7f3354e98200 8 0 
20 0 0 31 00e0 ffffffff 0 STG.E.64 2 R8 R6 8 1 0x7f3354e29f00 8 0 
96 0 0 2 00f0 ffffffff 0 EXIT 0 0 0 
40 0 0 15 00f0 ffffffff 0 EXIT 0 0 0 
40 0 0 11 00f0 ffffffff 0 EXIT 0 0 0 
40 0 0 10 00f0 ffffffff 0 EXIT 0 0 0 
96 0 0 10 00f0 ffffffff 0 EXIT 0 0 0 
8 0 0 3 00f0 ffffffff 0 EXIT 0 0 0 
4 0 0 11 00f0 ffffffff 0 EXIT 0 0 0 
4 0 0 12 00f0 ffffffff 0 EXIT 0 0 0 
88 0 0 12 00f0 ffffffff 0 EXIT 0 0 0 
40 0 0 24 00e0 ffffffff 0 STG.E.64 2 R8 R6 8 1 0x7f3354e51800 8 0 
20 0 0 24 00f0 ffffffff 0 EXIT 0 0 0 
88 0 0 6 00f0 ffffffff 0 EXIT 0 0 0 
40 0 0 6 00e0 ffffffff 0 STG.E.64 2 R8 R6 8 1 0x7f3354e50600 8 0 
64 0 0 1 00f0 ffffffff 0 EXIT 0 0 0 
64 0 0 31 00f0 ffffffff 0 EXIT 0 0 0 
64 0 0 18 00f0 ffffffff 0 EXIT 0 0 0 
64 0 0 16 00f0 ffffffff 0 EXIT 0 0 0 
76 0 0 1 00e0 ffffffff 0 STG.E.64 2 R8 R6 8 1 0x7f3354e98100 8 0 
20 0 0 31 00f0 ffffffff 0 EXIT 0 0 0 
64 0 0 30 00e0 ffffffff 0 STG.E.64 2 R8 R6 8 1 0x7f3354e81e00 8 0 
64 0 0 9 00f0 ffffffff 0 EXIT 0 0 0 
76 0 0 6 00f0 ffffffff 0 EXIT 0 0 0 
64 0 0 11 00f0 ffffffff 0 EXIT 0 0 0 
64 0 0 4 00f0 ffffffff 0 EXIT 0 0 0 
64 0 0 6 00f0 ffffffff 0 EXIT 0 0 0 
76 0 0 2 00f0 ffffffff 0 EXIT 0 0 0 
60 0 0 22 00e0 ffffffff 0 STG.E.64 2 R8 R6 8 1 0x7f3354e79600 8 0 
92 0 0 10 00f0 ffffffff 0 EXIT 0 0 0 
92 0 0 6 00f0 ffffffff 0 EXIT 0 0 0 
92 0 0 29 00f0 ffffffff 0 EXIT 0 0 0 
76 0 0 1 00f0 ffffffff 0 EXIT 0 0 0 
92 0 0 25 00f0 ffffffff 0 EXIT 0 0 0 
92 0 0 16 00f0 ffffffff 0 EXIT 0 0 0 
92 0 0 24 00f0 ffffffff 0 EXIT 0 0 0 
92 0 0 1 00f0 ffffffff 0 EXIT 0 0 0 
40 0 0 24 00f0 ffffffff 0 EXIT 0 0 0 
60 0 0 22 00f0 ffffffff 0 EXIT 0 0 0 
40 0 0 29 00e0 ffffffff 0 STG.E.64 2 R8 R6 8 1 0x7f3354e51d00 8 0 
40 0 0 6 00f0 ffffffff 0 EXIT 0 0 0 
64 0 0 30 00f0 ffffffff 0 EXIT 0 0 0 
92 0 0 26 00b0 ffffffff 1 R2 LDG.E.64 1 R2 8 1 0x7f3354cb9a00 8 0 
96 0 0 26 00e0 ffffffff 0 STG.E.64 2 R8 R6 8 1 0x7f3354ec1a00 8 0 
64 0 0 5 00e0 ffffffff 0 STG.E.64 2 R8 R6 8 1 0x7f3354e80500 8 0 
92 0 0 11 00e0 ffffffff 0 STG.E.64 2 R8 R6 8 1 0x7f3354eb8b00 8 0 
64 0 0 8 00e0 ffffffff 0 STG.E.64 2 R8 R6 8 1 0x7f3354e80800 8 0 
64 0 0 12 00e0 ffffffff 0 STG.E.64 2 R8 R6 8 1 0x7f3354e80c00 8 0 
92 0 0 15 00e0 ffffffff 0 STG.E.64 2 R8 R6 8 1 0x7f3354eb8f00 8 0 
92 0 0 4 00e0 ffffffff 0 STG.E.64 2 R8 R6 8 1 0x7f3354eb8400 8 0 
92 0 0 7 00e0 ffffffff 0 STG.E.64 2 R8 R6 8 1 0x7f3354eb8700 8 0 
92 0 0 8 00e0 ffffffff 0 STG.E.64 2 R8 R6 8 1 0x7f3354eb8800 8 0 
40 0 0 29 00f0 ffffffff 0 EXIT 0 0 0 
92 0 0 12 00b0 ffffffff 1 R2 LDG.E.64 1 R2 8 1 0x7f3354cb8c00 8 0 
96 0 0 26 00f0 ffffffff 0 EXIT 0 0 0 
92 0 0 28 00e0 ffffffff 0 STG.E.64 2 R8 R6 8 1 0x7f3354eb9c00 8 0 
92 0 0 9 00e0 ffffffff 0 STG.E.64 2 R8 R6 8 1 0x7f3354eb8900 8 0 
92 0 0 5 00e0 ffffffff 0 STG.E.64 2 R8 R6 8 1 0x7f3354eb8500 8 0 
92 0 0 17 00e0 ffffffff 0 STG.E.64 2 R8 R6 8 1 0x7f3354eb9100 8 0 
64 0 0 5 00f0 ffffffff 0 EXIT 0 0 0 
64 0 0 8 00f0 ffffffff 0 EXIT 0 0 0 
64 0 0 12 00f0 ffffffff 0 EXIT 0 0 0 
92 0 0 23 00e0 ffffffff 0 STG.E.64 2 R8 R6 8 1 0x7f3354eb9700 8 0 
92 0 0 31 00e0 ffffffff 0 STG.E.64 2 R8 R6 8 1 0x7f3354eb9f00 8 0 
92 0 0 22 00e0 ffffffff 0 STG.E.64 2 R8 R6 8 1 0x7f3354eb9600 8 0 
92 0 0 11 00f0 ffffffff 0 EXIT 0 0 0 
92 0 0 7 00f0 ffffffff 0 EXIT 0 0 0 
92 0 0 8 00f0 ffffffff 0 EXIT 0 0 0 
92 0 0 4 00f0 ffffffff 0 EXIT 0 0 0 
92 0 0 15 00f0 ffffffff 0 EXIT 0 0 0 
92 0 0 9 00f0 ffffffff 0 EXIT 0 0 0 
92 0 0 5 00f0 ffffffff 0 EXIT 0 0 0 
92 0 0 17 00f0 ffffffff 0 EXIT 0 0 0 
92 0 0 28 00f0 ffffffff 0 EXIT 0 0 0 
92 0 0 20 00e0 ffffffff 0 STG.E.64 2 R8 R6 8 1 0x7f3354eb9400 8 0 
92 0 0 30 00e0 ffffffff 0 STG.E.64 2 R8 R6 8 1 0x7f3354eb9e00 8 0 
92 0 0 23 00f0 ffffffff 0 EXIT 0 0 0 
92 0 0 18 00e0 ffffffff 0 STG.E.64 2 R8 R6 8 1 0x7f3354eb9200 8 0 
92 0 0 22 00f0 ffffffff 0 EXIT 0 0 0 
92 0 0 19 00e0 ffffffff 0 STG.E.64 2 R8 R6 8 1 0x7f3354eb9300 8 0 
92 0 0 31 00f0 ffffffff 0 EXIT 0 0 0 
92 0 0 13 00e0 ffffffff 0 STG.E.64 2 R8 R6 8 1 0x7f3354eb8d00 8 0 
92 0 0 20 00f0 ffffffff 0 EXIT 0 0 0 
92 0 0 30 00f0 ffffffff 0 EXIT 0 0 0 
92 0 0 13 00f0 ffffffff 0 EXIT 0 0 0 
92 0 0 18 00f0 ffffffff 0 EXIT 0 0 0 
92 0 0 19 00f0 ffffffff 0 EXIT 0 0 0 
92 0 0 26 00e0 ffffffff 0 STG.E.64 2 R8 R6 8 1 0x7f3354eb9a00 8 0 
92 0 0 12 00e0 ffffffff 0 STG.E.64 2 R8 R6 8 1 0x7f3354eb8c00 8 0 
92 0 0 26 00f0 ffffffff 0 EXIT 0 0 0 
92 0 0 12 00f0 ffffffff 0 EXIT 0 0 0 
